>------===[ D A T A   F R O M   O F F S E T   34772   O F   F I L E ]===------<
  8693 - [ 469c4000 ][ 20000.000000 ] [ 1184645120 ] [ 16384 18076 ] [ 0 64 156 70 ] [.@.F]
  8694 - [ 461c4000 ][ 10000.000000 ] [ 1176256512 ] [ 16384 17948 ] [ 0 64 28 70 ] [.@.F]
  8695 - [ 000000a0 ][ 0.000000 ] [ 160 ] [ 160 0 ] [ 160 0 0 0 ] [....]
  8696 - [ 00000730 ][ 0.000000 ] [ 1840 ] [ 1840 0 ] [ 48 7 0 0 ] [0...]
  8697 - [ 00000f00 ][ 0.000000 ] [ 3840 ] [ 3840 0 ] [ 0 15 0 0 ] [....]
  8698 - [ 00000050 ][ 0.000000 ] [ 80 ] [ 80 0 ] [ 80 0 0 0 ] [P...]
  8699 - [ 00000030 ][ 0.000000 ] [ 48 ] [ 48 0 ] [ 48 0 0 0 ] [0...]
  8700 - [ 00000000 ][ 0.000000 ] [ 0 ] [ 0 0 ] [ 0 0 0 0 ] [....]
  8701 - [ 00000174 ][ 0.000000 ] [ 372 ] [ 372 0 ] [ 116 1 0 0 ] [t...]
  8702 - [ 0000017c ][ 0.000000 ] [ 380 ] [ 380 0 ] [ 124 1 0 0 ] [|...]
  8703 - [ 00000180 ][ 0.000000 ] [ 384 ] [ 384 0 ] [ 128 1 0 0 ] [....]
  8704 - [ 00000184 ][ 0.000000 ] [ 388 ] [ 388 0 ] [ 132 1 0 0 ] [....]
  8705 - [ 00000188 ][ 0.000000 ] [ 392 ] [ 392 0 ] [ 136 1 0 0 ] [....]
  8706 - [ 0000018c ][ 0.000000 ] [ 396 ] [ 396 0 ] [ 140 1 0 0 ] [....]
  8707 - [ 00000190 ][ 0.000000 ] [ 400 ] [ 400 0 ] [ 144 1 0 0 ] [....]
  8708 - [ 00000194 ][ 0.000000 ] [ 404 ] [ 404 0 ] [ 148 1 0 0 ] [....]
  8709 - [ 00000198 ][ 0.000000 ] [ 408 ] [ 408 0 ] [ 152 1 0 0 ] [....]
  8710 - [ 0000019c ][ 0.000000 ] [ 412 ] [ 412 0 ] [ 156 1 0 0 ] [....]
  8711 - [ 000001a0 ][ 0.000000 ] [ 416 ] [ 416 0 ] [ 160 1 0 0 ] [....]
  8712 - [ 000001a4 ][ 0.000000 ] [ 420 ] [ 420 0 ] [ 164 1 0 0 ] [....]
  8713 - [ 000001a8 ][ 0.000000 ] [ 424 ] [ 424 0 ] [ 168 1 0 0 ] [....]
  8714 - [ 000001ac ][ 0.000000 ] [ 428 ] [ 428 0 ] [ 172 1 0 0 ] [....]
  8715 - [ 000001b0 ][ 0.000000 ] [ 432 ] [ 432 0 ] [ 176 1 0 0 ] [....]
  8716 - [ 000001b4 ][ 0.000000 ] [ 436 ] [ 436 0 ] [ 180 1 0 0 ] [....]
  8717 - [ 000001b8 ][ 0.000000 ] [ 440 ] [ 440 0 ] [ 184 1 0 0 ] [....]
  8718 - [ 00000214 ][ 0.000000 ] [ 532 ] [ 532 0 ] [ 20 2 0 0 ] [....]
  8719 - [ 00000218 ][ 0.000000 ] [ 536 ] [ 536 0 ] [ 24 2 0 0 ] [....]
  8720 - [ 0000021c ][ 0.000000 ] [ 540 ] [ 540 0 ] [ 28 2 0 0 ] [....]
  8721 - [ 00000220 ][ 0.000000 ] [ 544 ] [ 544 0 ] [ 32 2 0 0 ] [....]
  8722 - [ 00000224 ][ 0.000000 ] [ 548 ] [ 548 0 ] [ 36 2 0 0 ] [$...]
  8723 - [ 00000228 ][ 0.000000 ] [ 552 ] [ 552 0 ] [ 40 2 0 0 ] [(...]
  8724 - [ 0000022c ][ 0.000000 ] [ 556 ] [ 556 0 ] [ 44 2 0 0 ] [,...]
  8725 - [ 00000230 ][ 0.000000 ] [ 560 ] [ 560 0 ] [ 48 2 0 0 ] [0...]
  8726 - [ 00000234 ][ 0.000000 ] [ 564 ] [ 564 0 ] [ 52 2 0 0 ] [4...]
  8727 - [ 00000238 ][ 0.000000 ] [ 568 ] [ 568 0 ] [ 56 2 0 0 ] [8...]
  8728 - [ 0000023c ][ 0.000000 ] [ 572 ] [ 572 0 ] [ 60 2 0 0 ] [<...]
  8729 - [ 00000240 ][ 0.000000 ] [ 576 ] [ 576 0 ] [ 64 2 0 0 ] [@...]
  8730 - [ 00000244 ][ 0.000000 ] [ 580 ] [ 580 0 ] [ 68 2 0 0 ] [D...]
  8731 - [ 00000248 ][ 0.000000 ] [ 584 ] [ 584 0 ] [ 72 2 0 0 ] [H...]
  8732 - [ 0000024c ][ 0.000000 ] [ 588 ] [ 588 0 ] [ 76 2 0 0 ] [L...]
  8733 - [ 00000250 ][ 0.000000 ] [ 592 ] [ 592 0 ] [ 80 2 0 0 ] [P...]
  8734 - [ 00000310 ][ 0.000000 ] [ 784 ] [ 784 0 ] [ 16 3 0 0 ] [....]
  8735 - [ 00000314 ][ 0.000000 ] [ 788 ] [ 788 0 ] [ 20 3 0 0 ] [....]
  8736 - [ 00000318 ][ 0.000000 ] [ 792 ] [ 792 0 ] [ 24 3 0 0 ] [....]
  8737 - [ 0000031c ][ 0.000000 ] [ 796 ] [ 796 0 ] [ 28 3 0 0 ] [....]
  8738 - [ 00000320 ][ 0.000000 ] [ 800 ] [ 800 0 ] [ 32 3 0 0 ] [....]
  8739 - [ 00000324 ][ 0.000000 ] [ 804 ] [ 804 0 ] [ 36 3 0 0 ] [$...]
  8740 - [ 00000328 ][ 0.000000 ] [ 808 ] [ 808 0 ] [ 40 3 0 0 ] [(...]
  8741 - [ 0000032c ][ 0.000000 ] [ 812 ] [ 812 0 ] [ 44 3 0 0 ] [,...]
  8742 - [ 00000330 ][ 0.000000 ] [ 816 ] [ 816 0 ] [ 48 3 0 0 ] [0...]
  8743 - [ 00000334 ][ 0.000000 ] [ 820 ] [ 820 0 ] [ 52 3 0 0 ] [4...]
  8744 - [ 00000338 ][ 0.000000 ] [ 824 ] [ 824 0 ] [ 56 3 0 0 ] [8...]
  8745 - [ 0000033c ][ 0.000000 ] [ 828 ] [ 828 0 ] [ 60 3 0 0 ] [<...]
  8746 - [ 00000340 ][ 0.000000 ] [ 832 ] [ 832 0 ] [ 64 3 0 0 ] [@...]
  8747 - [ 00000344 ][ 0.000000 ] [ 836 ] [ 836 0 ] [ 68 3 0 0 ] [D...]
  8748 - [ 00000348 ][ 0.000000 ] [ 840 ] [ 840 0 ] [ 72 3 0 0 ] [H...]
  8749 - [ 0000034c ][ 0.000000 ] [ 844 ] [ 844 0 ] [ 76 3 0 0 ] [L...]
  8750 - [ 00000350 ][ 0.000000 ] [ 848 ] [ 848 0 ] [ 80 3 0 0 ] [P...]
  8751 - [ 00000354 ][ 0.000000 ] [ 852 ] [ 852 0 ] [ 84 3 0 0 ] [T...]
  8752 - [ 00000358 ][ 0.000000 ] [ 856 ] [ 856 0 ] [ 88 3 0 0 ] [X...]
  8753 - [ 0000035c ][ 0.000000 ] [ 860 ] [ 860 0 ] [ 92 3 0 0 ] [\...]
  8754 - [ 00000360 ][ 0.000000 ] [ 864 ] [ 864 0 ] [ 96 3 0 0 ] [`...]
  8755 - [ 00000364 ][ 0.000000 ] [ 868 ] [ 868 0 ] [ 100 3 0 0 ] [d...]
  8756 - [ 00000368 ][ 0.000000 ] [ 872 ] [ 872 0 ] [ 104 3 0 0 ] [h...]
  8757 - [ 0000036c ][ 0.000000 ] [ 876 ] [ 876 0 ] [ 108 3 0 0 ] [l...]
  8758 - [ 00000370 ][ 0.000000 ] [ 880 ] [ 880 0 ] [ 112 3 0 0 ] [p...]
  8759 - [ 00000374 ][ 0.000000 ] [ 884 ] [ 884 0 ] [ 116 3 0 0 ] [t...]
  8760 - [ 00000378 ][ 0.000000 ] [ 888 ] [ 888 0 ] [ 120 3 0 0 ] [x...]
  8761 - [ 0000037c ][ 0.000000 ] [ 892 ] [ 892 0 ] [ 124 3 0 0 ] [|...]
  8762 - [ 00000380 ][ 0.000000 ] [ 896 ] [ 896 0 ] [ 128 3 0 0 ] [....]
  8763 - [ 00000384 ][ 0.000000 ] [ 900 ] [ 900 0 ] [ 132 3 0 0 ] [....]
  8764 - [ 00000388 ][ 0.000000 ] [ 904 ] [ 904 0 ] [ 136 3 0 0 ] [....]
  8765 - [ 0000038c ][ 0.000000 ] [ 908 ] [ 908 0 ] [ 140 3 0 0 ] [....]
  8766 - [ 00000390 ][ 0.000000 ] [ 912 ] [ 912 0 ] [ 144 3 0 0 ] [....]
  8767 - [ 00000394 ][ 0.000000 ] [ 916 ] [ 916 0 ] [ 148 3 0 0 ] [....]
  8768 - [ 00000398 ][ 0.000000 ] [ 920 ] [ 920 0 ] [ 152 3 0 0 ] [....]
  8769 - [ 0000039c ][ 0.000000 ] [ 924 ] [ 924 0 ] [ 156 3 0 0 ] [....]
  8770 - [ 000003a0 ][ 0.000000 ] [ 928 ] [ 928 0 ] [ 160 3 0 0 ] [....]
  8771 - [ 000003a4 ][ 0.000000 ] [ 932 ] [ 932 0 ] [ 164 3 0 0 ] [....]
  8772 - [ 000003a8 ][ 0.000000 ] [ 936 ] [ 936 0 ] [ 168 3 0 0 ] [....]
  8773 - [ 000003ac ][ 0.000000 ] [ 940 ] [ 940 0 ] [ 172 3 0 0 ] [....]
  8774 - [ 000003b0 ][ 0.000000 ] [ 944 ] [ 944 0 ] [ 176 3 0 0 ] [....]
  8775 - [ 000003b4 ][ 0.000000 ] [ 948 ] [ 948 0 ] [ 180 3 0 0 ] [....]
  8776 - [ 000003b8 ][ 0.000000 ] [ 952 ] [ 952 0 ] [ 184 3 0 0 ] [....]
  8777 - [ 000003bc ][ 0.000000 ] [ 956 ] [ 956 0 ] [ 188 3 0 0 ] [....]
  8778 - [ 000003c0 ][ 0.000000 ] [ 960 ] [ 960 0 ] [ 192 3 0 0 ] [....]
  8779 - [ 000003c4 ][ 0.000000 ] [ 964 ] [ 964 0 ] [ 196 3 0 0 ] [....]
  8780 - [ 000003c8 ][ 0.000000 ] [ 968 ] [ 968 0 ] [ 200 3 0 0 ] [....]
  8781 - [ 000003d0 ][ 0.000000 ] [ 976 ] [ 976 0 ] [ 208 3 0 0 ] [....]	-Points to line 8937
  8782 - [ 00000470 ][ 0.000000 ] [ 1136 ] [ 1136 0 ] [ 112 4 0 0 ] [p...]
  8783 - [ 00000ba0 ][ 0.000000 ] [ 2976 ] [ 2976 0 ] [ 160 11 0 0 ] [....]
  8784 - [ 00001aa0 ][ 0.000000 ] [ 6816 ] [ 6816 0 ] [ 160 26 0 0 ] [....]
  8785 - [ 00001af0 ][ 0.000000 ] [ 6896 ] [ 6896 0 ] [ 240 26 0 0 ] [....]
  8786 - [ 00000000 ][ 0.000000 ] [ 0 ] [ 0 0 ] [ 0 0 0 0 ] [....]
  8787 - [ ffffffff ][ -nan ] [ 4294967295 ] [ 65535 65535 ] [ 255 255 255 255 ] [....]
  8788 - [ ffffffff ][ -nan ] [ 4294967295 ] [ 65535 65535 ] [ 255 255 255 255 ] [....]
  8789 - [ ffffffff ][ -nan ] [ 4294967295 ] [ 65535 65535 ] [ 255 255 255 255 ] [....]
  8790 - [ ffffffff ][ -nan ] [ 4294967295 ] [ 65535 65535 ] [ 255 255 255 255 ] [....]
  8791 - [ ffffffff ][ -nan ] [ 4294967295 ] [ 65535 65535 ] [ 255 255 255 255 ] [....]
  8792 - [ ffffffff ][ -nan ] [ 4294967295 ] [ 65535 65535 ] [ 255 255 255 255 ] [....]
  8793 - [ ffffffff ][ -nan ] [ 4294967295 ] [ 65535 65535 ] [ 255 255 255 255 ] [....]
  8794 - [ ffffffff ][ -nan ] [ 4294967295 ] [ 65535 65535 ] [ 255 255 255 255 ] [....]
  8795 - [ ffffffff ][ -nan ] [ 4294967295 ] [ 65535 65535 ] [ 255 255 255 255 ] [....]
  8796 - [ ffffffff ][ -nan ] [ 4294967295 ] [ 65535 65535 ] [ 255 255 255 255 ] [....]
  8797 - [ ffffffff ][ -nan ] [ 4294967295 ] [ 65535 65535 ] [ 255 255 255 255 ] [....]
  8798 - [ ffffffff ][ -nan ] [ 4294967295 ] [ 65535 65535 ] [ 255 255 255 255 ] [....]
  8799 - [ ffffffff ][ -nan ] [ 4294967295 ] [ 65535 65535 ] [ 255 255 255 255 ] [....]
  8800 - [ ffffffff ][ -nan ] [ 4294967295 ] [ 65535 65535 ] [ 255 255 255 255 ] [....]
  8801 - [ ffffffff ][ -nan ] [ 4294967295 ] [ 65535 65535 ] [ 255 255 255 255 ] [....]
  8802 - [ ffffffff ][ -nan ] [ 4294967295 ] [ 65535 65535 ] [ 255 255 255 255 ] [....]
  8803 - [ 00000000 ][ 0.000000 ] [ 0 ] [ 0 0 ] [ 0 0 0 0 ] [....]
  8804 - [ 00000001 ][ 0.000000 ] [ 1 ] [ 1 0 ] [ 1 0 0 0 ] [....]
  8805 - [ 00000002 ][ 0.000000 ] [ 2 ] [ 2 0 ] [ 2 0 0 0 ] [....]
  8806 - [ 00000003 ][ 0.000000 ] [ 3 ] [ 3 0 ] [ 3 0 0 0 ] [....]
  8807 - [ 00000004 ][ 0.000000 ] [ 4 ] [ 4 0 ] [ 4 0 0 0 ] [....]
  8808 - [ 00000005 ][ 0.000000 ] [ 5 ] [ 5 0 ] [ 5 0 0 0 ] [....]
  8809 - [ 00000006 ][ 0.000000 ] [ 6 ] [ 6 0 ] [ 6 0 0 0 ] [....]
  8810 - [ 00000007 ][ 0.000000 ] [ 7 ] [ 7 0 ] [ 7 0 0 0 ] [....]
  8811 - [ 00000008 ][ 0.000000 ] [ 8 ] [ 8 0 ] [ 8 0 0 0 ] [....]
  8812 - [ 00000009 ][ 0.000000 ] [ 9 ] [ 9 0 ] [ 9 0 0 0 ] [....]
  8813 - [ 0000000a ][ 0.000000 ] [ 10 ] [ 10 0 ] [ 10 0 0 0 ] [....]
  8814 - [ 0000000b ][ 0.000000 ] [ 11 ] [ 11 0 ] [ 11 0 0 0 ] [....]
  8815 - [ 0000000c ][ 0.000000 ] [ 12 ] [ 12 0 ] [ 12 0 0 0 ] [....]
  8816 - [ 0000000d ][ 0.000000 ] [ 13 ] [ 13 0 ] [ 13 0 0 0 ] [....]
  8817 - [ 0000000e ][ 0.000000 ] [ 14 ] [ 14 0 ] [ 14 0 0 0 ] [....]
  8818 - [ 0000000f ][ 0.000000 ] [ 15 ] [ 15 0 ] [ 15 0 0 0 ] [....]
  8819 - [ 00000010 ][ 0.000000 ] [ 16 ] [ 16 0 ] [ 16 0 0 0 ] [....]
  8820 - [ 00000011 ][ 0.000000 ] [ 17 ] [ 17 0 ] [ 17 0 0 0 ] [....]
  8821 - [ 00000012 ][ 0.000000 ] [ 18 ] [ 18 0 ] [ 18 0 0 0 ] [....]
  8822 - [ 00000013 ][ 0.000000 ] [ 19 ] [ 19 0 ] [ 19 0 0 0 ] [....]
  8823 - [ 00000014 ][ 0.000000 ] [ 20 ] [ 20 0 ] [ 20 0 0 0 ] [....]
  8824 - [ 00000015 ][ 0.000000 ] [ 21 ] [ 21 0 ] [ 21 0 0 0 ] [....]
  8825 - [ ffffffff ][ -nan ] [ 4294967295 ] [ 65535 65535 ] [ 255 255 255 255 ] [....]
  8826 - [ ffffffff ][ -nan ] [ 4294967295 ] [ 65535 65535 ] [ 255 255 255 255 ] [....]
  8827 - [ ffffffff ][ -nan ] [ 4294967295 ] [ 65535 65535 ] [ 255 255 255 255 ] [....]
  8828 - [ ffffffff ][ -nan ] [ 4294967295 ] [ 65535 65535 ] [ 255 255 255 255 ] [....]
  8829 - [ ffffffff ][ -nan ] [ 4294967295 ] [ 65535 65535 ] [ 255 255 255 255 ] [....]
  8830 - [ ffffffff ][ -nan ] [ 4294967295 ] [ 65535 65535 ] [ 255 255 255 255 ] [....]
  8831 - [ ffffffff ][ -nan ] [ 4294967295 ] [ 65535 65535 ] [ 255 255 255 255 ] [....]
  8832 - [ ffffffff ][ -nan ] [ 4294967295 ] [ 65535 65535 ] [ 255 255 255 255 ] [....]
  8833 - [ ffffffff ][ -nan ] [ 4294967295 ] [ 65535 65535 ] [ 255 255 255 255 ] [....]
  8834 - [ ffffffff ][ -nan ] [ 4294967295 ] [ 65535 65535 ] [ 255 255 255 255 ] [....]
  8835 - [ ffffffff ][ -nan ] [ 4294967295 ] [ 65535 65535 ] [ 255 255 255 255 ] [....]
  8836 - [ ffffffff ][ -nan ] [ 4294967295 ] [ 65535 65535 ] [ 255 255 255 255 ] [....]
  8837 - [ ffffffff ][ -nan ] [ 4294967295 ] [ 65535 65535 ] [ 255 255 255 255 ] [....]
  8838 - [ ffffffff ][ -nan ] [ 4294967295 ] [ 65535 65535 ] [ 255 255 255 255 ] [....]
  8839 - [ ffffffff ][ -nan ] [ 4294967295 ] [ 65535 65535 ] [ 255 255 255 255 ] [....]
  8840 - [ ffffffff ][ -nan ] [ 4294967295 ] [ 65535 65535 ] [ 255 255 255 255 ] [....]
  8841 - [ 00000000 ][ 0.000000 ] [ 0 ] [ 0 0 ] [ 0 0 0 0 ] [....]
  8842 - [ 00000001 ][ 0.000000 ] [ 1 ] [ 1 0 ] [ 1 0 0 0 ] [....]
  8843 - [ 00000002 ][ 0.000000 ] [ 2 ] [ 2 0 ] [ 2 0 0 0 ] [....]
  8844 - [ 00000003 ][ 0.000000 ] [ 3 ] [ 3 0 ] [ 3 0 0 0 ] [....]
  8845 - [ 00000004 ][ 0.000000 ] [ 4 ] [ 4 0 ] [ 4 0 0 0 ] [....]
  8846 - [ 00000005 ][ 0.000000 ] [ 5 ] [ 5 0 ] [ 5 0 0 0 ] [....]
  8847 - [ 00000006 ][ 0.000000 ] [ 6 ] [ 6 0 ] [ 6 0 0 0 ] [....]
  8848 - [ 00000007 ][ 0.000000 ] [ 7 ] [ 7 0 ] [ 7 0 0 0 ] [....]
  8849 - [ 00000008 ][ 0.000000 ] [ 8 ] [ 8 0 ] [ 8 0 0 0 ] [....]
  8850 - [ 00000009 ][ 0.000000 ] [ 9 ] [ 9 0 ] [ 9 0 0 0 ] [....]
  8851 - [ 0000000a ][ 0.000000 ] [ 10 ] [ 10 0 ] [ 10 0 0 0 ] [....]
  8852 - [ 0000000b ][ 0.000000 ] [ 11 ] [ 11 0 ] [ 11 0 0 0 ] [....]
  8853 - [ 0000000c ][ 0.000000 ] [ 12 ] [ 12 0 ] [ 12 0 0 0 ] [....]
  8854 - [ 0000000d ][ 0.000000 ] [ 13 ] [ 13 0 ] [ 13 0 0 0 ] [....]
  8855 - [ 0000000e ][ 0.000000 ] [ 14 ] [ 14 0 ] [ 14 0 0 0 ] [....]
  8856 - [ 0000000f ][ 0.000000 ] [ 15 ] [ 15 0 ] [ 15 0 0 0 ] [....]
  8857 - [ 00000010 ][ 0.000000 ] [ 16 ] [ 16 0 ] [ 16 0 0 0 ] [....]
  8858 - [ 00000011 ][ 0.000000 ] [ 17 ] [ 17 0 ] [ 17 0 0 0 ] [....]
  8859 - [ 00000012 ][ 0.000000 ] [ 18 ] [ 18 0 ] [ 18 0 0 0 ] [....]
  8860 - [ 00000013 ][ 0.000000 ] [ 19 ] [ 19 0 ] [ 19 0 0 0 ] [....]
  8861 - [ 00000014 ][ 0.000000 ] [ 20 ] [ 20 0 ] [ 20 0 0 0 ] [....]
  8862 - [ 00000015 ][ 0.000000 ] [ 21 ] [ 21 0 ] [ 21 0 0 0 ] [....]
  8863 - [ 00000016 ][ 0.000000 ] [ 22 ] [ 22 0 ] [ 22 0 0 0 ] [....]
  8864 - [ 00000017 ][ 0.000000 ] [ 23 ] [ 23 0 ] [ 23 0 0 0 ] [....]
  8865 - [ 00000018 ][ 0.000000 ] [ 24 ] [ 24 0 ] [ 24 0 0 0 ] [....]
  8866 - [ 00000019 ][ 0.000000 ] [ 25 ] [ 25 0 ] [ 25 0 0 0 ] [....]
  8867 - [ 0000001a ][ 0.000000 ] [ 26 ] [ 26 0 ] [ 26 0 0 0 ] [....]
  8868 - [ 0000001b ][ 0.000000 ] [ 27 ] [ 27 0 ] [ 27 0 0 0 ] [....]
  8869 - [ 0000001c ][ 0.000000 ] [ 28 ] [ 28 0 ] [ 28 0 0 0 ] [....]
  8870 - [ 0000001d ][ 0.000000 ] [ 29 ] [ 29 0 ] [ 29 0 0 0 ] [....]
  8871 - [ 0000001e ][ 0.000000 ] [ 30 ] [ 30 0 ] [ 30 0 0 0 ] [....]
  8872 - [ 0000001f ][ 0.000000 ] [ 31 ] [ 31 0 ] [ 31 0 0 0 ] [....]
  8873 - [ 00000020 ][ 0.000000 ] [ 32 ] [ 32 0 ] [ 32 0 0 0 ] [....]
  8874 - [ 00000021 ][ 0.000000 ] [ 33 ] [ 33 0 ] [ 33 0 0 0 ] [!...]
  8875 - [ 00000022 ][ 0.000000 ] [ 34 ] [ 34 0 ] [ 34 0 0 0 ] ["...]
  8876 - [ 00000023 ][ 0.000000 ] [ 35 ] [ 35 0 ] [ 35 0 0 0 ] [#...]
  8877 - [ 00000024 ][ 0.000000 ] [ 36 ] [ 36 0 ] [ 36 0 0 0 ] [$...]
  8878 - [ 00000025 ][ 0.000000 ] [ 37 ] [ 37 0 ] [ 37 0 0 0 ] [%...]
  8879 - [ 00000026 ][ 0.000000 ] [ 38 ] [ 38 0 ] [ 38 0 0 0 ] [&...]
  8880 - [ 00000027 ][ 0.000000 ] [ 39 ] [ 39 0 ] [ 39 0 0 0 ] ['...]
  8881 - [ 00000028 ][ 0.000000 ] [ 40 ] [ 40 0 ] [ 40 0 0 0 ] [(...]
  8882 - [ 00000029 ][ 0.000000 ] [ 41 ] [ 41 0 ] [ 41 0 0 0 ] [)...]
  8883 - [ 0000002a ][ 0.000000 ] [ 42 ] [ 42 0 ] [ 42 0 0 0 ] [*...]
  8884 - [ 0000002b ][ 0.000000 ] [ 43 ] [ 43 0 ] [ 43 0 0 0 ] [+...]
  8885 - [ 0000002c ][ 0.000000 ] [ 44 ] [ 44 0 ] [ 44 0 0 0 ] [,...]
  8886 - [ 0000002d ][ 0.000000 ] [ 45 ] [ 45 0 ] [ 45 0 0 0 ] [-...]
  8887 - [ 0000002e ][ 0.000000 ] [ 46 ] [ 46 0 ] [ 46 0 0 0 ] [....]
  8888 - [ ffffffff ][ -nan ] [ 4294967295 ] [ 65535 65535 ] [ 255 255 255 255 ] [....]
  8889 - [ ffffffff ][ -nan ] [ 4294967295 ] [ 65535 65535 ] [ 255 255 255 255 ] [....]
  8890 - [ ffffffff ][ -nan ] [ 4294967295 ] [ 65535 65535 ] [ 255 255 255 255 ] [....]
  8891 - [ ffffffff ][ -nan ] [ 4294967295 ] [ 65535 65535 ] [ 255 255 255 255 ] [....]
  8892 - [ ffffffff ][ -nan ] [ 4294967295 ] [ 65535 65535 ] [ 255 255 255 255 ] [....]
  8893 - [ ffffffff ][ -nan ] [ 4294967295 ] [ 65535 65535 ] [ 255 255 255 255 ] [....]
  8894 - [ ffffffff ][ -nan ] [ 4294967295 ] [ 65535 65535 ] [ 255 255 255 255 ] [....]
  8895 - [ ffffffff ][ -nan ] [ 4294967295 ] [ 65535 65535 ] [ 255 255 255 255 ] [....]
  8896 - [ ffffffff ][ -nan ] [ 4294967295 ] [ 65535 65535 ] [ 255 255 255 255 ] [....]
  8897 - [ ffffffff ][ -nan ] [ 4294967295 ] [ 65535 65535 ] [ 255 255 255 255 ] [....]
  8898 - [ ffffffff ][ -nan ] [ 4294967295 ] [ 65535 65535 ] [ 255 255 255 255 ] [....]
  8899 - [ ffffffff ][ -nan ] [ 4294967295 ] [ 65535 65535 ] [ 255 255 255 255 ] [....]
  8900 - [ ffffffff ][ -nan ] [ 4294967295 ] [ 65535 65535 ] [ 255 255 255 255 ] [....]
  8901 - [ ffffffff ][ -nan ] [ 4294967295 ] [ 65535 65535 ] [ 255 255 255 255 ] [....]
  8902 - [ ffffffff ][ -nan ] [ 4294967295 ] [ 65535 65535 ] [ 255 255 255 255 ] [....]
  8903 - [ ffffffff ][ -nan ] [ 4294967295 ] [ 65535 65535 ] [ 255 255 255 255 ] [....]
  8904 - [ ffffffff ][ -nan ] [ 4294967295 ] [ 65535 65535 ] [ 255 255 255 255 ] [....]
  8905 - [ ffffffff ][ -nan ] [ 4294967295 ] [ 65535 65535 ] [ 255 255 255 255 ] [....]
  8906 - [ ffffffff ][ -nan ] [ 4294967295 ] [ 65535 65535 ] [ 255 255 255 255 ] [....]
  8907 - [ ffffffff ][ -nan ] [ 4294967295 ] [ 65535 65535 ] [ 255 255 255 255 ] [....]
  8908 - [ ffffffff ][ -nan ] [ 4294967295 ] [ 65535 65535 ] [ 255 255 255 255 ] [....]
  8909 - [ ffffffff ][ -nan ] [ 4294967295 ] [ 65535 65535 ] [ 255 255 255 255 ] [....]
  8910 - [ ffffffff ][ -nan ] [ 4294967295 ] [ 65535 65535 ] [ 255 255 255 255 ] [....]
  8911 - [ ffffffff ][ -nan ] [ 4294967295 ] [ 65535 65535 ] [ 255 255 255 255 ] [....]
  8912 - [ ffffffff ][ -nan ] [ 4294967295 ] [ 65535 65535 ] [ 255 255 255 255 ] [....]
  8913 - [ ffffffff ][ -nan ] [ 4294967295 ] [ 65535 65535 ] [ 255 255 255 255 ] [....]
  8914 - [ ffffffff ][ -nan ] [ 4294967295 ] [ 65535 65535 ] [ 255 255 255 255 ] [....]
  8915 - [ ffffffff ][ -nan ] [ 4294967295 ] [ 65535 65535 ] [ 255 255 255 255 ] [....]
  8916 - [ ffffffff ][ -nan ] [ 4294967295 ] [ 65535 65535 ] [ 255 255 255 255 ] [....]
  8917 - [ ffffffff ][ -nan ] [ 4294967295 ] [ 65535 65535 ] [ 255 255 255 255 ] [....]
  8918 - [ ffffffff ][ -nan ] [ 4294967295 ] [ 65535 65535 ] [ 255 255 255 255 ] [....]
  8919 - [ ffffffff ][ -nan ] [ 4294967295 ] [ 65535 65535 ] [ 255 255 255 255 ] [....]
  8920 - [ ffffffff ][ -nan ] [ 4294967295 ] [ 65535 65535 ] [ 255 255 255 255 ] [....]
  8921 - [ ffffffff ][ -nan ] [ 4294967295 ] [ 65535 65535 ] [ 255 255 255 255 ] [....]
  8922 - [ ffffffff ][ -nan ] [ 4294967295 ] [ 65535 65535 ] [ 255 255 255 255 ] [....]
  8923 - [ ffffffff ][ -nan ] [ 4294967295 ] [ 65535 65535 ] [ 255 255 255 255 ] [....]
  8924 - [ ffffffff ][ -nan ] [ 4294967295 ] [ 65535 65535 ] [ 255 255 255 255 ] [....]
  8925 - [ ffffffff ][ -nan ] [ 4294967295 ] [ 65535 65535 ] [ 255 255 255 255 ] [....]
  8926 - [ ffffffff ][ -nan ] [ 4294967295 ] [ 65535 65535 ] [ 255 255 255 255 ] [....]
  8927 - [ ffffffff ][ -nan ] [ 4294967295 ] [ 65535 65535 ] [ 255 255 255 255 ] [....]
  8928 - [ ffffffff ][ -nan ] [ 4294967295 ] [ 65535 65535 ] [ 255 255 255 255 ] [....]
  8929 - [ ffffffff ][ -nan ] [ 4294967295 ] [ 65535 65535 ] [ 255 255 255 255 ] [....]
  8930 - [ ffffffff ][ -nan ] [ 4294967295 ] [ 65535 65535 ] [ 255 255 255 255 ] [....]
  8931 - [ ffffffff ][ -nan ] [ 4294967295 ] [ 65535 65535 ] [ 255 255 255 255 ] [....]
  8932 - [ ffffffff ][ -nan ] [ 4294967295 ] [ 65535 65535 ] [ 255 255 255 255 ] [....]
  8933 - [ ffffffff ][ -nan ] [ 4294967295 ] [ 65535 65535 ] [ 255 255 255 255 ] [....]
  8934 - [ ffffffff ][ -nan ] [ 4294967295 ] [ 65535 65535 ] [ 255 255 255 255 ] [....]
  8935 - [ ffffffff ][ -nan ] [ 4294967295 ] [ 65535 65535 ] [ 255 255 255 255 ] [....]
  8936 - [ 00000000 ][ 0.000000 ] [ 0 ] [ 0 0 ] [ 0 0 0 0 ] [....]
  8937 - [ 00000101 ][ 0.000000 ] [ 257 ] [ 257 0 ] [ 1 1 0 0 ] [....]
  8938 - [ 00000004 ][ 0.000000 ] [ 4 ] [ 4 0 ] [ 4 0 0 0 ] [....]
  8939 - [ 00000080 ][ 0.000000 ] [ 128 ] [ 128 0 ] [ 128 0 0 0 ] [....]
  8940 - [ 00000000 ][ 0.000000 ] [ 0 ] [ 0 0 ] [ 0 0 0 0 ] [....]
  8941 - [ 469c4000 ][ 20000.000000 ] [ 1184645120 ] [ 16384 18076 ] [ 0 64 156 70 ] [.@.F]
  8942 - [ 80000000 ][ -0.000000 ] [ 2147483648 ] [ 0 32768 ] [ 0 0 0 128 ] [....]
  8943 - [ 46992000 ][ 19600.000000 ] [ 1184440320 ] [ 8192 18073 ] [ 0 32 153 70 ] [...F]
  8944 - [ 3f800000 ][ 1.000000 ] [ 1065353216 ] [ 0 16256 ] [ 0 0 128 63 ] [...?]
  8945 - [ 46c1c000 ][ 24800.000000 ] [ 1187102720 ] [ 49152 18113 ] [ 0 192 193 70 ] [...F]
  8946 - [ 80000000 ][ -0.000000 ] [ 2147483648 ] [ 0 32768 ] [ 0 0 0 128 ] [....]
  8947 - [ 46992000 ][ 19600.000000 ] [ 1184440320 ] [ 8192 18073 ] [ 0 32 153 70 ] [...F]
  8948 - [ 3f800000 ][ 1.000000 ] [ 1065353216 ] [ 0 16256 ] [ 0 0 128 63 ] [...?]
  8949 - [ 46c1c000 ][ 24800.000000 ] [ 1187102720 ] [ 49152 18113 ] [ 0 192 193 70 ] [...F]
  8950 - [ 80000000 ][ -0.000000 ] [ 2147483648 ] [ 0 32768 ] [ 0 0 0 128 ] [....]
  8951 - [ 46802000 ][ 16400.000000 ] [ 1182801920 ] [ 8192 18048 ] [ 0 32 128 70 ] [...F]
  8952 - [ 3f800000 ][ 1.000000 ] [ 1065353216 ] [ 0 16256 ] [ 0 0 128 63 ] [...?]
  8953 - [ 469c4000 ][ 20000.000000 ] [ 1184645120 ] [ 16384 18076 ] [ 0 64 156 70 ] [.@.F]
  8954 - [ 80000000 ][ -0.000000 ] [ 2147483648 ] [ 0 32768 ] [ 0 0 0 128 ] [....]
  8955 - [ 46802000 ][ 16400.000000 ] [ 1182801920 ] [ 8192 18048 ] [ 0 32 128 70 ] [...F]
  8956 - [ 3f800000 ][ 1.000000 ] [ 1065353216 ] [ 0 16256 ] [ 0 0 128 63 ] [...?]
  8957 - [ 00000000 ][ 0.000000 ] [ 0 ] [ 0 0 ] [ 0 0 0 0 ] [....]
  8958 - [ 00000000 ][ 0.000000 ] [ 0 ] [ 0 0 ] [ 0 0 0 0 ] [....]
  8959 - [ 00000000 ][ 0.000000 ] [ 0 ] [ 0 0 ] [ 0 0 0 0 ] [....]
  8960 - [ 00000000 ][ 0.000000 ] [ 0 ] [ 0 0 ] [ 0 0 0 0 ] [....]
  8961 - [ 00000000 ][ 0.000000 ] [ 0 ] [ 0 0 ] [ 0 0 0 0 ] [....]
  8962 - [ 00000000 ][ 0.000000 ] [ 0 ] [ 0 0 ] [ 0 0 0 0 ] [....]
  8963 - [ 00000000 ][ 0.000000 ] [ 0 ] [ 0 0 ] [ 0 0 0 0 ] [....]
  8964 - [ 00000000 ][ 0.000000 ] [ 0 ] [ 0 0 ] [ 0 0 0 0 ] [....]
  8965 - [ 00000000 ][ 0.000000 ] [ 0 ] [ 0 0 ] [ 0 0 0 0 ] [....]
  8966 - [ 00000000 ][ 0.000000 ] [ 0 ] [ 0 0 ] [ 0 0 0 0 ] [....]
  8967 - [ 00000000 ][ 0.000000 ] [ 0 ] [ 0 0 ] [ 0 0 0 0 ] [....]
  8968 - [ 00000000 ][ 0.000000 ] [ 0 ] [ 0 0 ] [ 0 0 0 0 ] [....]
  8969 - [ 00000000 ][ 0.000000 ] [ 0 ] [ 0 0 ] [ 0 0 0 0 ] [....]
  8970 - [ 00000000 ][ 0.000000 ] [ 0 ] [ 0 0 ] [ 0 0 0 0 ] [....]
  8971 - [ 00000000 ][ 0.000000 ] [ 0 ] [ 0 0 ] [ 0 0 0 0 ] [....]
  8972 - [ 00000000 ][ 0.000000 ] [ 0 ] [ 0 0 ] [ 0 0 0 0 ] [....]
  8973 - [ 00000000 ][ 0.000000 ] [ 0 ] [ 0 0 ] [ 0 0 0 0 ] [....]
  8974 - [ 00000000 ][ 0.000000 ] [ 0 ] [ 0 0 ] [ 0 0 0 0 ] [....]
  8975 - [ 00000000 ][ 0.000000 ] [ 0 ] [ 0 0 ] [ 0 0 0 0 ] [....]
  8976 - [ 00000000 ][ 0.000000 ] [ 0 ] [ 0 0 ] [ 0 0 0 0 ] [....]
  8977 - [ 00000101 ][ 0.000000 ] [ 257 ] [ 257 0 ] [ 1 1 0 0 ] [....]
  8978 - [ 00000004 ][ 0.000000 ] [ 4 ] [ 4 0 ] [ 4 0 0 0 ] [....]
  8979 - [ 00001000 ][ 0.000000 ] [ 4096 ] [ 4096 0 ] [ 0 16 0 0 ] [....]
  8980 - [ 00000000 ][ 0.000000 ] [ 0 ] [ 0 0 ] [ 0 0 0 0 ] [....]
  8981 - [ 46bcd400 ][ 24170.000000 ] [ 1186780160 ] [ 54272 18108 ] [ 0 212 188 70 ] [...F]
  8982 - [ c3480000 ][ -200.000000 ] [ 3276275712 ] [ 0 49992 ] [ 0 0 72 195 ] [..H.]
  8983 - [ 46885400 ][ 17450.000000 ] [ 1183339520 ] [ 21504 18056 ] [ 0 84 136 70 ] [.T.F]
  8984 - [ 3f800000 ][ 1.000000 ] [ 1065353216 ] [ 0 16256 ] [ 0 0 128 63 ] [...?]
  8985 - [ 46bcd400 ][ 24170.000000 ] [ 1186780160 ] [ 54272 18108 ] [ 0 212 188 70 ] [...F]
  8986 - [ 80000000 ][ -0.000000 ] [ 2147483648 ] [ 0 32768 ] [ 0 0 0 128 ] [....]
  8987 - [ 46885400 ][ 17450.000000 ] [ 1183339520 ] [ 21504 18056 ] [ 0 84 136 70 ] [.T.F]
  8988 - [ 3f800000 ][ 1.000000 ] [ 1065353216 ] [ 0 16256 ] [ 0 0 128 63 ] [...?]
  8989 - [ 46bcd400 ][ 24170.000000 ] [ 1186780160 ] [ 54272 18108 ] [ 0 212 188 70 ] [...F]
  8990 - [ 80000000 ][ -0.000000 ] [ 2147483648 ] [ 0 32768 ] [ 0 0 0 128 ] [....]
  8991 - [ 468d6800 ][ 18100.000000 ] [ 1183672320 ] [ 26624 18061 ] [ 0 104 141 70 ] [.h.F]
  8992 - [ 3f800000 ][ 1.000000 ] [ 1065353216 ] [ 0 16256 ] [ 0 0 128 63 ] [...?]
  8993 - [ 46bcd400 ][ 24170.000000 ] [ 1186780160 ] [ 54272 18108 ] [ 0 212 188 70 ] [...F]
  8994 - [ c3480000 ][ -200.000000 ] [ 3276275712 ] [ 0 49992 ] [ 0 0 72 195 ] [..H.]
  8995 - [ 468d6800 ][ 18100.000000 ] [ 1183672320 ] [ 26624 18061 ] [ 0 104 141 70 ] [.h.F]
  8996 - [ 3f800000 ][ 1.000000 ] [ 1065353216 ] [ 0 16256 ] [ 0 0 128 63 ] [...?]
  8997 - [ 00000101 ][ 0.000000 ] [ 257 ] [ 257 0 ] [ 1 1 0 0 ] [....]
  8998 - [ 00000004 ][ 0.000000 ] [ 4 ] [ 4 0 ] [ 4 0 0 0 ] [....]
  8999 - [ 00001000 ][ 0.000000 ] [ 4096 ] [ 4096 0 ] [ 0 16 0 0 ] [....]
  9000 - [ 00000000 ][ 0.000000 ] [ 0 ] [ 0 0 ] [ 0 0 0 0 ] [....]
  9001 - [ 46b27000 ][ 22840.000000 ] [ 1186099200 ] [ 28672 18098 ] [ 0 112 178 70 ] [.p.F]
  9002 - [ c3480000 ][ -200.000000 ] [ 3276275712 ] [ 0 49992 ] [ 0 0 72 195 ] [..H.]
  9003 - [ 4692b800 ][ 18780.000000 ] [ 1184020480 ] [ 47104 18066 ] [ 0 184 146 70 ] [...F]
  9004 - [ 3f800000 ][ 1.000000 ] [ 1065353216 ] [ 0 16256 ] [ 0 0 128 63 ] [...?]
  9005 - [ 46b27000 ][ 22840.000000 ] [ 1186099200 ] [ 28672 18098 ] [ 0 112 178 70 ] [.p.F]
  9006 - [ 80000000 ][ -0.000000 ] [ 2147483648 ] [ 0 32768 ] [ 0 0 0 128 ] [....]
  9007 - [ 4692b800 ][ 18780.000000 ] [ 1184020480 ] [ 47104 18066 ] [ 0 184 146 70 ] [...F]
  9008 - [ 3f800000 ][ 1.000000 ] [ 1065353216 ] [ 0 16256 ] [ 0 0 128 63 ] [...?]
  9009 - [ 46b13100 ][ 22680.500000 ] [ 1186017536 ] [ 12544 18097 ] [ 0 49 177 70 ] [.1.F]
  9010 - [ 80000000 ][ -0.000000 ] [ 2147483648 ] [ 0 32768 ] [ 0 0 0 128 ] [....]
  9011 - [ 46937600 ][ 18875.000000 ] [ 1184069120 ] [ 30208 18067 ] [ 0 118 147 70 ] [.v.F]
  9012 - [ 3f800000 ][ 1.000000 ] [ 1065353216 ] [ 0 16256 ] [ 0 0 128 63 ] [...?]
  9013 - [ 46b13100 ][ 22680.500000 ] [ 1186017536 ] [ 12544 18097 ] [ 0 49 177 70 ] [.1.F]
  9014 - [ c3480000 ][ -200.000000 ] [ 3276275712 ] [ 0 49992 ] [ 0 0 72 195 ] [..H.]
  9015 - [ 46937600 ][ 18875.000000 ] [ 1184069120 ] [ 30208 18067 ] [ 0 118 147 70 ] [.v.F]
  9016 - [ 3f800000 ][ 1.000000 ] [ 1065353216 ] [ 0 16256 ] [ 0 0 128 63 ] [...?]
  9017 - [ 00000101 ][ 0.000000 ] [ 257 ] [ 257 0 ] [ 1 1 0 0 ] [....]
  9018 - [ 00000004 ][ 0.000000 ] [ 4 ] [ 4 0 ] [ 4 0 0 0 ] [....]
  9019 - [ 00000080 ][ 0.000000 ] [ 128 ] [ 128 0 ] [ 128 0 0 0 ] [....]
  9020 - [ 00000000 ][ 0.000000 ] [ 0 ] [ 0 0 ] [ 0 0 0 0 ] [....]
  9021 - [ 46ae9c00 ][ 22350.000000 ] [ 1185848320 ] [ 39936 18094 ] [ 0 156 174 70 ] [...F]
  9022 - [ c4ce4000 ][ -1650.000000 ] [ 3301851136 ] [ 16384 50382 ] [ 0 64 206 196 ] [.@..]
  9023 - [ 46902400 ][ 18450.000000 ] [ 1183851520 ] [ 9216 18064 ] [ 0 36 144 70 ] [.$.F]
  9024 - [ 3f800000 ][ 1.000000 ] [ 1065353216 ] [ 0 16256 ] [ 0 0 128 63 ] [...?]
  9025 - [ 46ae9c00 ][ 22350.000000 ] [ 1185848320 ] [ 39936 18094 ] [ 0 156 174 70 ] [...F]
  9026 - [ 80000000 ][ -0.000000 ] [ 2147483648 ] [ 0 32768 ] [ 0 0 0 128 ] [....]
  9027 - [ 46902400 ][ 18450.000000 ] [ 1183851520 ] [ 9216 18064 ] [ 0 36 144 70 ] [.$.F]
  9028 - [ 3f800000 ][ 1.000000 ] [ 1065353216 ] [ 0 16256 ] [ 0 0 128 63 ] [...?]
  9029 - [ 46ae9c00 ][ 22350.000000 ] [ 1185848320 ] [ 39936 18094 ] [ 0 156 174 70 ] [...F]
  9030 - [ 80000000 ][ -0.000000 ] [ 2147483648 ] [ 0 32768 ] [ 0 0 0 128 ] [....]
  9031 - [ 4686c400 ][ 17250.000000 ] [ 1183237120 ] [ 50176 18054 ] [ 0 196 134 70 ] [...F]
  9032 - [ 3f800000 ][ 1.000000 ] [ 1065353216 ] [ 0 16256 ] [ 0 0 128 63 ] [...?]
  9033 - [ 46ae9c00 ][ 22350.000000 ] [ 1185848320 ] [ 39936 18094 ] [ 0 156 174 70 ] [...F]
  9034 - [ c4ce4000 ][ -1650.000000 ] [ 3301851136 ] [ 16384 50382 ] [ 0 64 206 196 ] [.@..]
  9035 - [ 4686c400 ][ 17250.000000 ] [ 1183237120 ] [ 50176 18054 ] [ 0 196 134 70 ] [...F]
  9036 - [ 3f800000 ][ 1.000000 ] [ 1065353216 ] [ 0 16256 ] [ 0 0 128 63 ] [...?]
  9037 - [ 00000101 ][ 0.000000 ] [ 257 ] [ 257 0 ] [ 1 1 0 0 ] [....]
  9038 - [ 00000004 ][ 0.000000 ] [ 4 ] [ 4 0 ] [ 4 0 0 0 ] [....]
  9039 - [ 00001000 ][ 0.000000 ] [ 4096 ] [ 4096 0 ] [ 0 16 0 0 ] [....]
  9040 - [ 00000000 ][ 0.000000 ] [ 0 ] [ 0 0 ] [ 0 0 0 0 ] [....]
  9041 - [ 46b73400 ][ 23450.000000 ] [ 1186411520 ] [ 13312 18103 ] [ 0 52 183 70 ] [.4.F]
  9042 - [ c3480000 ][ -200.000000 ] [ 3276275712 ] [ 0 49992 ] [ 0 0 72 195 ] [..H.]
  9043 - [ 468d6800 ][ 18100.000000 ] [ 1183672320 ] [ 26624 18061 ] [ 0 104 141 70 ] [.h.F]
  9044 - [ 3f800000 ][ 1.000000 ] [ 1065353216 ] [ 0 16256 ] [ 0 0 128 63 ] [...?]
  9045 - [ 46b73400 ][ 23450.000000 ] [ 1186411520 ] [ 13312 18103 ] [ 0 52 183 70 ] [.4.F]
  9046 - [ 80000000 ][ -0.000000 ] [ 2147483648 ] [ 0 32768 ] [ 0 0 0 128 ] [....]
  9047 - [ 468d6800 ][ 18100.000000 ] [ 1183672320 ] [ 26624 18061 ] [ 0 104 141 70 ] [.h.F]
  9048 - [ 3f800000 ][ 1.000000 ] [ 1065353216 ] [ 0 16256 ] [ 0 0 128 63 ] [...?]
  9049 - [ 46b73400 ][ 23450.000000 ] [ 1186411520 ] [ 13312 18103 ] [ 0 52 183 70 ] [.4.F]
  9050 - [ 80000000 ][ -0.000000 ] [ 2147483648 ] [ 0 32768 ] [ 0 0 0 128 ] [....]
  9051 - [ 46938a00 ][ 18885.000000 ] [ 1184074240 ] [ 35328 18067 ] [ 0 138 147 70 ] [...F]
  9052 - [ 3f800000 ][ 1.000000 ] [ 1065353216 ] [ 0 16256 ] [ 0 0 128 63 ] [...?]
  9053 - [ 46b73400 ][ 23450.000000 ] [ 1186411520 ] [ 13312 18103 ] [ 0 52 183 70 ] [.4.F]
  9054 - [ c3480000 ][ -200.000000 ] [ 3276275712 ] [ 0 49992 ] [ 0 0 72 195 ] [..H.]
  9055 - [ 46938a00 ][ 18885.000000 ] [ 1184074240 ] [ 35328 18067 ] [ 0 138 147 70 ] [...F]
  9056 - [ 3f800000 ][ 1.000000 ] [ 1065353216 ] [ 0 16256 ] [ 0 0 128 63 ] [...?]
  9057 - [ 00000101 ][ 0.000000 ] [ 257 ] [ 257 0 ] [ 1 1 0 0 ] [....]
  9058 - [ 00000004 ][ 0.000000 ] [ 4 ] [ 4 0 ] [ 4 0 0 0 ] [....]
  9059 - [ 00001000 ][ 0.000000 ] [ 4096 ] [ 4096 0 ] [ 0 16 0 0 ] [....]
  9060 - [ 00000000 ][ 0.000000 ] [ 0 ] [ 0 0 ] [ 0 0 0 0 ] [....]
  9061 - [ 46b53b00 ][ 23197.500000 ] [ 1186282240 ] [ 15104 18101 ] [ 0 59 181 70 ] [.;.F]
  9062 - [ c3480000 ][ -200.000000 ] [ 3276275712 ] [ 0 49992 ] [ 0 0 72 195 ] [..H.]
  9063 - [ 46938a00 ][ 18885.000000 ] [ 1184074240 ] [ 35328 18067 ] [ 0 138 147 70 ] [...F]
  9064 - [ 3f800000 ][ 1.000000 ] [ 1065353216 ] [ 0 16256 ] [ 0 0 128 63 ] [...?]
  9065 - [ 46b53b00 ][ 23197.500000 ] [ 1186282240 ] [ 15104 18101 ] [ 0 59 181 70 ] [.;.F]
  9066 - [ 80000000 ][ -0.000000 ] [ 2147483648 ] [ 0 32768 ] [ 0 0 0 128 ] [....]
  9067 - [ 46938a00 ][ 18885.000000 ] [ 1184074240 ] [ 35328 18067 ] [ 0 138 147 70 ] [...F]
  9068 - [ 3f800000 ][ 1.000000 ] [ 1065353216 ] [ 0 16256 ] [ 0 0 128 63 ] [...?]
  9069 - [ 46b27000 ][ 22840.000000 ] [ 1186099200 ] [ 28672 18098 ] [ 0 112 178 70 ] [.p.F]
  9070 - [ 80000000 ][ -0.000000 ] [ 2147483648 ] [ 0 32768 ] [ 0 0 0 128 ] [....]
  9071 - [ 4692b800 ][ 18780.000000 ] [ 1184020480 ] [ 47104 18066 ] [ 0 184 146 70 ] [...F]
  9072 - [ 3f800000 ][ 1.000000 ] [ 1065353216 ] [ 0 16256 ] [ 0 0 128 63 ] [...?]
  9073 - [ 46b27000 ][ 22840.000000 ] [ 1186099200 ] [ 28672 18098 ] [ 0 112 178 70 ] [.p.F]
  9074 - [ c3480000 ][ -200.000000 ] [ 3276275712 ] [ 0 49992 ] [ 0 0 72 195 ] [..H.]
  9075 - [ 4692b800 ][ 18780.000000 ] [ 1184020480 ] [ 47104 18066 ] [ 0 184 146 70 ] [...F]
  9076 - [ 3f800000 ][ 1.000000 ] [ 1065353216 ] [ 0 16256 ] [ 0 0 128 63 ] [...?]
  9077 - [ 00000101 ][ 0.000000 ] [ 257 ] [ 257 0 ] [ 1 1 0 0 ] [....]
  9078 - [ 00000004 ][ 0.000000 ] [ 4 ] [ 4 0 ] [ 4 0 0 0 ] [....]
  9079 - [ 00000080 ][ 0.000000 ] [ 128 ] [ 128 0 ] [ 128 0 0 0 ] [....]
  9080 - [ 00000000 ][ 0.000000 ] [ 0 ] [ 0 0 ] [ 0 0 0 0 ] [....]
  9081 - [ 46ae9c00 ][ 22350.000000 ] [ 1185848320 ] [ 39936 18094 ] [ 0 156 174 70 ] [...F]
  9082 - [ c4ce4000 ][ -1650.000000 ] [ 3301851136 ] [ 16384 50382 ] [ 0 64 206 196 ] [.@..]
  9083 - [ 4686c400 ][ 17250.000000 ] [ 1183237120 ] [ 50176 18054 ] [ 0 196 134 70 ] [...F]
  9084 - [ 3f800000 ][ 1.000000 ] [ 1065353216 ] [ 0 16256 ] [ 0 0 128 63 ] [...?]
  9085 - [ 46ae9c00 ][ 22350.000000 ] [ 1185848320 ] [ 39936 18094 ] [ 0 156 174 70 ] [...F]
  9086 - [ 80000000 ][ -0.000000 ] [ 2147483648 ] [ 0 32768 ] [ 0 0 0 128 ] [....]
  9087 - [ 4686c400 ][ 17250.000000 ] [ 1183237120 ] [ 50176 18054 ] [ 0 196 134 70 ] [...F]
  9088 - [ 3f800000 ][ 1.000000 ] [ 1065353216 ] [ 0 16256 ] [ 0 0 128 63 ] [...?]
  9089 - [ 46be3c00 ][ 24350.000000 ] [ 1186872320 ] [ 15360 18110 ] [ 0 60 190 70 ] [.<.F]
  9090 - [ 80000000 ][ -0.000000 ] [ 2147483648 ] [ 0 32768 ] [ 0 0 0 128 ] [....]
  9091 - [ 4686c400 ][ 17250.000000 ] [ 1183237120 ] [ 50176 18054 ] [ 0 196 134 70 ] [...F]
  9092 - [ 3f800000 ][ 1.000000 ] [ 1065353216 ] [ 0 16256 ] [ 0 0 128 63 ] [...?]
  9093 - [ 46be3c00 ][ 24350.000000 ] [ 1186872320 ] [ 15360 18110 ] [ 0 60 190 70 ] [.<.F]
  9094 - [ c4ce4000 ][ -1650.000000 ] [ 3301851136 ] [ 16384 50382 ] [ 0 64 206 196 ] [.@..]
  9095 - [ 4686c400 ][ 17250.000000 ] [ 1183237120 ] [ 50176 18054 ] [ 0 196 134 70 ] [...F]
  9096 - [ 3f800000 ][ 1.000000 ] [ 1065353216 ] [ 0 16256 ] [ 0 0 128 63 ] [...?]
  9097 - [ 00000101 ][ 0.000000 ] [ 257 ] [ 257 0 ] [ 1 1 0 0 ] [....]
  9098 - [ 00000004 ][ 0.000000 ] [ 4 ] [ 4 0 ] [ 4 0 0 0 ] [....]
  9099 - [ 00001000 ][ 0.000000 ] [ 4096 ] [ 4096 0 ] [ 0 16 0 0 ] [....]
  9100 - [ 00000000 ][ 0.000000 ] [ 0 ] [ 0 0 ] [ 0 0 0 0 ] [....]
  9101 - [ 46a58c00 ][ 21190.000000 ] [ 1185254400 ] [ 35840 18085 ] [ 0 140 165 70 ] [...F]
  9102 - [ c3480000 ][ -200.000000 ] [ 3276275712 ] [ 0 49992 ] [ 0 0 72 195 ] [..H.]
  9103 - [ 4694a200 ][ 19025.000000 ] [ 1184145920 ] [ 41472 18068 ] [ 0 162 148 70 ] [...F]
  9104 - [ 3f800000 ][ 1.000000 ] [ 1065353216 ] [ 0 16256 ] [ 0 0 128 63 ] [...?]
  9105 - [ 46a58c00 ][ 21190.000000 ] [ 1185254400 ] [ 35840 18085 ] [ 0 140 165 70 ] [...F]
  9106 - [ 80000000 ][ -0.000000 ] [ 2147483648 ] [ 0 32768 ] [ 0 0 0 128 ] [....]
  9107 - [ 4694a200 ][ 19025.000000 ] [ 1184145920 ] [ 41472 18068 ] [ 0 162 148 70 ] [...F]
  9108 - [ 3f800000 ][ 1.000000 ] [ 1065353216 ] [ 0 16256 ] [ 0 0 128 63 ] [...?]
  9109 - [ 46a58c00 ][ 21190.000000 ] [ 1185254400 ] [ 35840 18085 ] [ 0 140 165 70 ] [...F]
  9110 - [ 80000000 ][ -0.000000 ] [ 2147483648 ] [ 0 32768 ] [ 0 0 0 128 ] [....]
  9111 - [ 46911400 ][ 18570.000000 ] [ 1183912960 ] [ 5120 18065 ] [ 0 20 145 70 ] [...F]
  9112 - [ 3f800000 ][ 1.000000 ] [ 1065353216 ] [ 0 16256 ] [ 0 0 128 63 ] [...?]
  9113 - [ 46a58c00 ][ 21190.000000 ] [ 1185254400 ] [ 35840 18085 ] [ 0 140 165 70 ] [...F]
  9114 - [ c3480000 ][ -200.000000 ] [ 3276275712 ] [ 0 49992 ] [ 0 0 72 195 ] [..H.]
  9115 - [ 46911400 ][ 18570.000000 ] [ 1183912960 ] [ 5120 18065 ] [ 0 20 145 70 ] [...F]
  9116 - [ 3f800000 ][ 1.000000 ] [ 1065353216 ] [ 0 16256 ] [ 0 0 128 63 ] [...?]
  9117 - [ 00000101 ][ 0.000000 ] [ 257 ] [ 257 0 ] [ 1 1 0 0 ] [....]
  9118 - [ 00000004 ][ 0.000000 ] [ 4 ] [ 4 0 ] [ 4 0 0 0 ] [....]
  9119 - [ 00001000 ][ 0.000000 ] [ 4096 ] [ 4096 0 ] [ 0 16 0 0 ] [....]
  9120 - [ 00000000 ][ 0.000000 ] [ 0 ] [ 0 0 ] [ 0 0 0 0 ] [....]
  9121 - [ 46aa6900 ][ 21812.500000 ] [ 1185573120 ] [ 26880 18090 ] [ 0 105 170 70 ] [.i.F]
  9122 - [ 80000000 ][ -0.000000 ] [ 2147483648 ] [ 0 32768 ] [ 0 0 0 128 ] [....]
  9123 - [ 46911400 ][ 18570.000000 ] [ 1183912960 ] [ 5120 18065 ] [ 0 20 145 70 ] [...F]
  9124 - [ 3f800000 ][ 1.000000 ] [ 1065353216 ] [ 0 16256 ] [ 0 0 128 63 ] [...?]
  9125 - [ 46aa6900 ][ 21812.500000 ] [ 1185573120 ] [ 26880 18090 ] [ 0 105 170 70 ] [.i.F]
  9126 - [ c3480000 ][ -200.000000 ] [ 3276275712 ] [ 0 49992 ] [ 0 0 72 195 ] [..H.]
  9127 - [ 46911400 ][ 18570.000000 ] [ 1183912960 ] [ 5120 18065 ] [ 0 20 145 70 ] [...F]
  9128 - [ 3f800000 ][ 1.000000 ] [ 1065353216 ] [ 0 16256 ] [ 0 0 128 63 ] [...?]
  9129 - [ 46a58c00 ][ 21190.000000 ] [ 1185254400 ] [ 35840 18085 ] [ 0 140 165 70 ] [...F]
  9130 - [ c3480000 ][ -200.000000 ] [ 3276275712 ] [ 0 49992 ] [ 0 0 72 195 ] [..H.]
  9131 - [ 46911400 ][ 18570.000000 ] [ 1183912960 ] [ 5120 18065 ] [ 0 20 145 70 ] [...F]
  9132 - [ 3f800000 ][ 1.000000 ] [ 1065353216 ] [ 0 16256 ] [ 0 0 128 63 ] [...?]
  9133 - [ 46a58c00 ][ 21190.000000 ] [ 1185254400 ] [ 35840 18085 ] [ 0 140 165 70 ] [...F]
  9134 - [ 80000000 ][ -0.000000 ] [ 2147483648 ] [ 0 32768 ] [ 0 0 0 128 ] [....]
  9135 - [ 46911400 ][ 18570.000000 ] [ 1183912960 ] [ 5120 18065 ] [ 0 20 145 70 ] [...F]
  9136 - [ 3f800000 ][ 1.000000 ] [ 1065353216 ] [ 0 16256 ] [ 0 0 128 63 ] [...?]
  9137 - [ 00000101 ][ 0.000000 ] [ 257 ] [ 257 0 ] [ 1 1 0 0 ] [....]
  9138 - [ 00000004 ][ 0.000000 ] [ 4 ] [ 4 0 ] [ 4 0 0 0 ] [....]
  9139 - [ 00000080 ][ 0.000000 ] [ 128 ] [ 128 0 ] [ 128 0 0 0 ] [....]
  9140 - [ 00000000 ][ 0.000000 ] [ 0 ] [ 0 0 ] [ 0 0 0 0 ] [....]
  9141 - [ 46ac4400 ][ 22050.000000 ] [ 1185694720 ] [ 17408 18092 ] [ 0 68 172 70 ] [.D.F]
  9142 - [ 80000000 ][ -0.000000 ] [ 2147483648 ] [ 0 32768 ] [ 0 0 0 128 ] [....]
  9143 - [ 4691e600 ][ 18675.000000 ] [ 1183966720 ] [ 58880 18065 ] [ 0 230 145 70 ] [...F]
  9144 - [ 3f800000 ][ 1.000000 ] [ 1065353216 ] [ 0 16256 ] [ 0 0 128 63 ] [...?]
  9145 - [ 46ac4400 ][ 22050.000000 ] [ 1185694720 ] [ 17408 18092 ] [ 0 68 172 70 ] [.D.F]
  9146 - [ c4ce4000 ][ -1650.000000 ] [ 3301851136 ] [ 16384 50382 ] [ 0 64 206 196 ] [.@..]
  9147 - [ 4691e600 ][ 18675.000000 ] [ 1183966720 ] [ 58880 18065 ] [ 0 230 145 70 ] [...F]
  9148 - [ 3f800000 ][ 1.000000 ] [ 1065353216 ] [ 0 16256 ] [ 0 0 128 63 ] [...?]
  9149 - [ 46ab0e00 ][ 21895.000000 ] [ 1185615360 ] [ 3584 18091 ] [ 0 14 171 70 ] [...F]
  9150 - [ c4ce4000 ][ -1650.000000 ] [ 3301851136 ] [ 16384 50382 ] [ 0 64 206 196 ] [.@..]
  9151 - [ 46918200 ][ 18625.000000 ] [ 1183941120 ] [ 33280 18065 ] [ 0 130 145 70 ] [...F]
  9152 - [ 3f800000 ][ 1.000000 ] [ 1065353216 ] [ 0 16256 ] [ 0 0 128 63 ] [...?]
  9153 - [ 46ab0e00 ][ 21895.000000 ] [ 1185615360 ] [ 3584 18091 ] [ 0 14 171 70 ] [...F]
  9154 - [ 80000000 ][ -0.000000 ] [ 2147483648 ] [ 0 32768 ] [ 0 0 0 128 ] [....]
  9155 - [ 46918200 ][ 18625.000000 ] [ 1183941120 ] [ 33280 18065 ] [ 0 130 145 70 ] [...F]
  9156 - [ 3f800000 ][ 1.000000 ] [ 1065353216 ] [ 0 16256 ] [ 0 0 128 63 ] [...?]
  9157 - [ 00000101 ][ 0.000000 ] [ 257 ] [ 257 0 ] [ 1 1 0 0 ] [....]
  9158 - [ 00000004 ][ 0.000000 ] [ 4 ] [ 4 0 ] [ 4 0 0 0 ] [....]
  9159 - [ 00000080 ][ 0.000000 ] [ 128 ] [ 128 0 ] [ 128 0 0 0 ] [....]
  9160 - [ 00000000 ][ 0.000000 ] [ 0 ] [ 0 0 ] [ 0 0 0 0 ] [....]
  9161 - [ 46be3c00 ][ 24350.000000 ] [ 1186872320 ] [ 15360 18110 ] [ 0 60 190 70 ] [.<.F]
  9162 - [ 80000000 ][ -0.000000 ] [ 2147483648 ] [ 0 32768 ] [ 0 0 0 128 ] [....]
  9163 - [ 46959c00 ][ 19150.000000 ] [ 1184209920 ] [ 39936 18069 ] [ 0 156 149 70 ] [...F]
  9164 - [ 3f800000 ][ 1.000000 ] [ 1065353216 ] [ 0 16256 ] [ 0 0 128 63 ] [...?]
  9165 - [ 46be3c00 ][ 24350.000000 ] [ 1186872320 ] [ 15360 18110 ] [ 0 60 190 70 ] [.<.F]
  9166 - [ c4ce4000 ][ -1650.000000 ] [ 3301851136 ] [ 16384 50382 ] [ 0 64 206 196 ] [.@..]
  9167 - [ 46959c00 ][ 19150.000000 ] [ 1184209920 ] [ 39936 18069 ] [ 0 156 149 70 ] [...F]
  9168 - [ 3f800000 ][ 1.000000 ] [ 1065353216 ] [ 0 16256 ] [ 0 0 128 63 ] [...?]
  9169 - [ 46be3c00 ][ 24350.000000 ] [ 1186872320 ] [ 15360 18110 ] [ 0 60 190 70 ] [.<.F]
  9170 - [ c4ce4000 ][ -1650.000000 ] [ 3301851136 ] [ 16384 50382 ] [ 0 64 206 196 ] [.@..]
  9171 - [ 4686c400 ][ 17250.000000 ] [ 1183237120 ] [ 50176 18054 ] [ 0 196 134 70 ] [...F]
  9172 - [ 3f800000 ][ 1.000000 ] [ 1065353216 ] [ 0 16256 ] [ 0 0 128 63 ] [...?]
  9173 - [ 46be3c00 ][ 24350.000000 ] [ 1186872320 ] [ 15360 18110 ] [ 0 60 190 70 ] [.<.F]
  9174 - [ 80000000 ][ -0.000000 ] [ 2147483648 ] [ 0 32768 ] [ 0 0 0 128 ] [....]
  9175 - [ 4686c400 ][ 17250.000000 ] [ 1183237120 ] [ 50176 18054 ] [ 0 196 134 70 ] [...F]
  9176 - [ 3f800000 ][ 1.000000 ] [ 1065353216 ] [ 0 16256 ] [ 0 0 128 63 ] [...?]
  9177 - [ 00000101 ][ 0.000000 ] [ 257 ] [ 257 0 ] [ 1 1 0 0 ] [....]
  9178 - [ 00000004 ][ 0.000000 ] [ 4 ] [ 4 0 ] [ 4 0 0 0 ] [....]
  9179 - [ 00001000 ][ 0.000000 ] [ 4096 ] [ 4096 0 ] [ 0 16 0 0 ] [....]
  9180 - [ 00000000 ][ 0.000000 ] [ 0 ] [ 0 0 ] [ 0 0 0 0 ] [....]
  9181 - [ 46b12600 ][ 22675.000000 ] [ 1186014720 ] [ 9728 18097 ] [ 0 38 177 70 ] [.&.F]
  9182 - [ 80000000 ][ -0.000000 ] [ 2147483648 ] [ 0 32768 ] [ 0 0 0 128 ] [....]
  9183 - [ 46960000 ][ 19200.000000 ] [ 1184235520 ] [ 0 18070 ] [ 0 0 150 70 ] [...F]
  9184 - [ 3f800000 ][ 1.000000 ] [ 1065353216 ] [ 0 16256 ] [ 0 0 128 63 ] [...?]
  9185 - [ 46b12600 ][ 22675.000000 ] [ 1186014720 ] [ 9728 18097 ] [ 0 38 177 70 ] [.&.F]
  9186 - [ c3480000 ][ -200.000000 ] [ 3276275712 ] [ 0 49992 ] [ 0 0 72 195 ] [..H.]
  9187 - [ 46960000 ][ 19200.000000 ] [ 1184235520 ] [ 0 18070 ] [ 0 0 150 70 ] [...F]
  9188 - [ 3f800000 ][ 1.000000 ] [ 1065353216 ] [ 0 16256 ] [ 0 0 128 63 ] [...?]
  9189 - [ 46b13100 ][ 22680.500000 ] [ 1186017536 ] [ 12544 18097 ] [ 0 49 177 70 ] [.1.F]
  9190 - [ c3480000 ][ -200.000000 ] [ 3276275712 ] [ 0 49992 ] [ 0 0 72 195 ] [..H.]
  9191 - [ 46937600 ][ 18875.000000 ] [ 1184069120 ] [ 30208 18067 ] [ 0 118 147 70 ] [.v.F]
  9192 - [ 3f800000 ][ 1.000000 ] [ 1065353216 ] [ 0 16256 ] [ 0 0 128 63 ] [...?]
  9193 - [ 46b13100 ][ 22680.500000 ] [ 1186017536 ] [ 12544 18097 ] [ 0 49 177 70 ] [.1.F]
  9194 - [ 80000000 ][ -0.000000 ] [ 2147483648 ] [ 0 32768 ] [ 0 0 0 128 ] [....]
  9195 - [ 46937600 ][ 18875.000000 ] [ 1184069120 ] [ 30208 18067 ] [ 0 118 147 70 ] [.v.F]
  9196 - [ 3f800000 ][ 1.000000 ] [ 1065353216 ] [ 0 16256 ] [ 0 0 128 63 ] [...?]
  9197 - [ 00000101 ][ 0.000000 ] [ 257 ] [ 257 0 ] [ 1 1 0 0 ] [....]
  9198 - [ 00000004 ][ 0.000000 ] [ 4 ] [ 4 0 ] [ 4 0 0 0 ] [....]
  9199 - [ 00001000 ][ 0.000000 ] [ 4096 ] [ 4096 0 ] [ 0 16 0 0 ] [....]
  9200 - [ 00000000 ][ 0.000000 ] [ 0 ] [ 0 0 ] [ 0 0 0 0 ] [....]
  9201 - [ 46b73400 ][ 23450.000000 ] [ 1186411520 ] [ 13312 18103 ] [ 0 52 183 70 ] [.4.F]
  9202 - [ 80000000 ][ -0.000000 ] [ 2147483648 ] [ 0 32768 ] [ 0 0 0 128 ] [....]
  9203 - [ 468d6800 ][ 18100.000000 ] [ 1183672320 ] [ 26624 18061 ] [ 0 104 141 70 ] [.h.F]
  9204 - [ 3f800000 ][ 1.000000 ] [ 1065353216 ] [ 0 16256 ] [ 0 0 128 63 ] [...?]
  9205 - [ 46b73400 ][ 23450.000000 ] [ 1186411520 ] [ 13312 18103 ] [ 0 52 183 70 ] [.4.F]
  9206 - [ c3480000 ][ -200.000000 ] [ 3276275712 ] [ 0 49992 ] [ 0 0 72 195 ] [..H.]
  9207 - [ 468d6800 ][ 18100.000000 ] [ 1183672320 ] [ 26624 18061 ] [ 0 104 141 70 ] [.h.F]
  9208 - [ 3f800000 ][ 1.000000 ] [ 1065353216 ] [ 0 16256 ] [ 0 0 128 63 ] [...?]
  9209 - [ 46bcd400 ][ 24170.000000 ] [ 1186780160 ] [ 54272 18108 ] [ 0 212 188 70 ] [...F]
  9210 - [ c3480000 ][ -200.000000 ] [ 3276275712 ] [ 0 49992 ] [ 0 0 72 195 ] [..H.]
  9211 - [ 468d6800 ][ 18100.000000 ] [ 1183672320 ] [ 26624 18061 ] [ 0 104 141 70 ] [.h.F]
  9212 - [ 3f800000 ][ 1.000000 ] [ 1065353216 ] [ 0 16256 ] [ 0 0 128 63 ] [...?]
  9213 - [ 46bcd400 ][ 24170.000000 ] [ 1186780160 ] [ 54272 18108 ] [ 0 212 188 70 ] [...F]
  9214 - [ 80000000 ][ -0.000000 ] [ 2147483648 ] [ 0 32768 ] [ 0 0 0 128 ] [....]
  9215 - [ 468d6800 ][ 18100.000000 ] [ 1183672320 ] [ 26624 18061 ] [ 0 104 141 70 ] [.h.F]
  9216 - [ 3f800000 ][ 1.000000 ] [ 1065353216 ] [ 0 16256 ] [ 0 0 128 63 ] [...?]
  9217 - [ 00000101 ][ 0.000000 ] [ 257 ] [ 257 0 ] [ 1 1 0 0 ] [....]
  9218 - [ 00000004 ][ 0.000000 ] [ 4 ] [ 4 0 ] [ 4 0 0 0 ] [....]
  9219 - [ 00001000 ][ 0.000000 ] [ 4096 ] [ 4096 0 ] [ 0 16 0 0 ] [....]
  9220 - [ 00000000 ][ 0.000000 ] [ 0 ] [ 0 0 ] [ 0 0 0 0 ] [....]
  9221 - [ 46b2ac00 ][ 22870.000000 ] [ 1186114560 ] [ 44032 18098 ] [ 0 172 178 70 ] [...F]
  9222 - [ 80000000 ][ -0.000000 ] [ 2147483648 ] [ 0 32768 ] [ 0 0 0 128 ] [....]
  9223 - [ 46885400 ][ 17450.000000 ] [ 1183339520 ] [ 21504 18056 ] [ 0 84 136 70 ] [.T.F]
  9224 - [ 3f800000 ][ 1.000000 ] [ 1065353216 ] [ 0 16256 ] [ 0 0 128 63 ] [...?]
  9225 - [ 46b2ac00 ][ 22870.000000 ] [ 1186114560 ] [ 44032 18098 ] [ 0 172 178 70 ] [...F]
  9226 - [ c3480000 ][ -200.000000 ] [ 3276275712 ] [ 0 49992 ] [ 0 0 72 195 ] [..H.]
  9227 - [ 46885400 ][ 17450.000000 ] [ 1183339520 ] [ 21504 18056 ] [ 0 84 136 70 ] [.T.F]
  9228 - [ 3f800000 ][ 1.000000 ] [ 1065353216 ] [ 0 16256 ] [ 0 0 128 63 ] [...?]
  9229 - [ 46b2ac00 ][ 22870.000000 ] [ 1186114560 ] [ 44032 18098 ] [ 0 172 178 70 ] [...F]
  9230 - [ c3480000 ][ -200.000000 ] [ 3276275712 ] [ 0 49992 ] [ 0 0 72 195 ] [..H.]
  9231 - [ 46866000 ][ 17200.000000 ] [ 1183211520 ] [ 24576 18054 ] [ 0 96 134 70 ] [.`.F]
  9232 - [ 3f800000 ][ 1.000000 ] [ 1065353216 ] [ 0 16256 ] [ 0 0 128 63 ] [...?]
  9233 - [ 46b2ac00 ][ 22870.000000 ] [ 1186114560 ] [ 44032 18098 ] [ 0 172 178 70 ] [...F]
  9234 - [ 80000000 ][ -0.000000 ] [ 2147483648 ] [ 0 32768 ] [ 0 0 0 128 ] [....]
  9235 - [ 46866000 ][ 17200.000000 ] [ 1183211520 ] [ 24576 18054 ] [ 0 96 134 70 ] [.`.F]
  9236 - [ 3f800000 ][ 1.000000 ] [ 1065353216 ] [ 0 16256 ] [ 0 0 128 63 ] [...?]
  9237 - [ 00000101 ][ 0.000000 ] [ 257 ] [ 257 0 ] [ 1 1 0 0 ] [....]
  9238 - [ 00000004 ][ 0.000000 ] [ 4 ] [ 4 0 ] [ 4 0 0 0 ] [....]
  9239 - [ 00001000 ][ 0.000000 ] [ 4096 ] [ 4096 0 ] [ 0 16 0 0 ] [....]
  9240 - [ 00000000 ][ 0.000000 ] [ 0 ] [ 0 0 ] [ 0 0 0 0 ] [....]
  9241 - [ 46b2ac00 ][ 22870.000000 ] [ 1186114560 ] [ 44032 18098 ] [ 0 172 178 70 ] [...F]
  9242 - [ c3480000 ][ -200.000000 ] [ 3276275712 ] [ 0 49992 ] [ 0 0 72 195 ] [..H.]
  9243 - [ 46885400 ][ 17450.000000 ] [ 1183339520 ] [ 21504 18056 ] [ 0 84 136 70 ] [.T.F]
  9244 - [ 3f800000 ][ 1.000000 ] [ 1065353216 ] [ 0 16256 ] [ 0 0 128 63 ] [...?]
  9245 - [ 46b2ac00 ][ 22870.000000 ] [ 1186114560 ] [ 44032 18098 ] [ 0 172 178 70 ] [...F]
  9246 - [ 80000000 ][ -0.000000 ] [ 2147483648 ] [ 0 32768 ] [ 0 0 0 128 ] [....]
  9247 - [ 46885400 ][ 17450.000000 ] [ 1183339520 ] [ 21504 18056 ] [ 0 84 136 70 ] [.T.F]
  9248 - [ 3f800000 ][ 1.000000 ] [ 1065353216 ] [ 0 16256 ] [ 0 0 128 63 ] [...?]
  9249 - [ 46bcd400 ][ 24170.000000 ] [ 1186780160 ] [ 54272 18108 ] [ 0 212 188 70 ] [...F]
  9250 - [ 80000000 ][ -0.000000 ] [ 2147483648 ] [ 0 32768 ] [ 0 0 0 128 ] [....]
  9251 - [ 46885400 ][ 17450.000000 ] [ 1183339520 ] [ 21504 18056 ] [ 0 84 136 70 ] [.T.F]
  9252 - [ 3f800000 ][ 1.000000 ] [ 1065353216 ] [ 0 16256 ] [ 0 0 128 63 ] [...?]
  9253 - [ 46bcd400 ][ 24170.000000 ] [ 1186780160 ] [ 54272 18108 ] [ 0 212 188 70 ] [...F]
  9254 - [ c3480000 ][ -200.000000 ] [ 3276275712 ] [ 0 49992 ] [ 0 0 72 195 ] [..H.]
  9255 - [ 46885400 ][ 17450.000000 ] [ 1183339520 ] [ 21504 18056 ] [ 0 84 136 70 ] [.T.F]
  9256 - [ 3f800000 ][ 1.000000 ] [ 1065353216 ] [ 0 16256 ] [ 0 0 128 63 ] [...?]
  9257 - [ 00000101 ][ 0.000000 ] [ 257 ] [ 257 0 ] [ 1 1 0 0 ] [....]
  9258 - [ 00000004 ][ 0.000000 ] [ 4 ] [ 4 0 ] [ 4 0 0 0 ] [....]
  9259 - [ 00000080 ][ 0.000000 ] [ 128 ] [ 128 0 ] [ 128 0 0 0 ] [....]
  9260 - [ 00000000 ][ 0.000000 ] [ 0 ] [ 0 0 ] [ 0 0 0 0 ] [....]
  9261 - [ 46abae00 ][ 21975.000000 ] [ 1185656320 ] [ 44544 18091 ] [ 0 174 171 70 ] [...F]
  9262 - [ c4ce4000 ][ -1650.000000 ] [ 3301851136 ] [ 16384 50382 ] [ 0 64 206 196 ] [.@..]
  9263 - [ 46959c00 ][ 19150.000000 ] [ 1184209920 ] [ 39936 18069 ] [ 0 156 149 70 ] [...F]
  9264 - [ 3f800000 ][ 1.000000 ] [ 1065353216 ] [ 0 16256 ] [ 0 0 128 63 ] [...?]
  9265 - [ 46be3c00 ][ 24350.000000 ] [ 1186872320 ] [ 15360 18110 ] [ 0 60 190 70 ] [.<.F]
  9266 - [ c4ce4000 ][ -1650.000000 ] [ 3301851136 ] [ 16384 50382 ] [ 0 64 206 196 ] [.@..]
  9267 - [ 46959c00 ][ 19150.000000 ] [ 1184209920 ] [ 39936 18069 ] [ 0 156 149 70 ] [...F]
  9268 - [ 3f800000 ][ 1.000000 ] [ 1065353216 ] [ 0 16256 ] [ 0 0 128 63 ] [...?]
  9269 - [ 46be3c00 ][ 24350.000000 ] [ 1186872320 ] [ 15360 18110 ] [ 0 60 190 70 ] [.<.F]
  9270 - [ 80000000 ][ -0.000000 ] [ 2147483648 ] [ 0 32768 ] [ 0 0 0 128 ] [....]
  9271 - [ 46959c00 ][ 19150.000000 ] [ 1184209920 ] [ 39936 18069 ] [ 0 156 149 70 ] [...F]
  9272 - [ 3f800000 ][ 1.000000 ] [ 1065353216 ] [ 0 16256 ] [ 0 0 128 63 ] [...?]
  9273 - [ 46abae00 ][ 21975.000000 ] [ 1185656320 ] [ 44544 18091 ] [ 0 174 171 70 ] [...F]
  9274 - [ 80000000 ][ -0.000000 ] [ 2147483648 ] [ 0 32768 ] [ 0 0 0 128 ] [....]
  9275 - [ 46959c00 ][ 19150.000000 ] [ 1184209920 ] [ 39936 18069 ] [ 0 156 149 70 ] [...F]
  9276 - [ 3f800000 ][ 1.000000 ] [ 1065353216 ] [ 0 16256 ] [ 0 0 128 63 ] [...?]
  9277 - [ 00000101 ][ 0.000000 ] [ 257 ] [ 257 0 ] [ 1 1 0 0 ] [....]
  9278 - [ 00000004 ][ 0.000000 ] [ 4 ] [ 4 0 ] [ 4 0 0 0 ] [....]
  9279 - [ 00001000 ][ 0.000000 ] [ 4096 ] [ 4096 0 ] [ 0 16 0 0 ] [....]
  9280 - [ 00000000 ][ 0.000000 ] [ 0 ] [ 0 0 ] [ 0 0 0 0 ] [....]
  9281 - [ 46a7ee00 ][ 21495.000000 ] [ 1185410560 ] [ 60928 18087 ] [ 0 238 167 70 ] [...F]
  9282 - [ 80000000 ][ -0.000000 ] [ 2147483648 ] [ 0 32768 ] [ 0 0 0 128 ] [....]
  9283 - [ 4694a200 ][ 19025.000000 ] [ 1184145920 ] [ 41472 18068 ] [ 0 162 148 70 ] [...F]
  9284 - [ 3f800000 ][ 1.000000 ] [ 1065353216 ] [ 0 16256 ] [ 0 0 128 63 ] [...?]
  9285 - [ 46a7ee00 ][ 21495.000000 ] [ 1185410560 ] [ 60928 18087 ] [ 0 238 167 70 ] [...F]
  9286 - [ c3480000 ][ -200.000000 ] [ 3276275712 ] [ 0 49992 ] [ 0 0 72 195 ] [..H.]
  9287 - [ 4694a200 ][ 19025.000000 ] [ 1184145920 ] [ 41472 18068 ] [ 0 162 148 70 ] [...F]
  9288 - [ 3f800000 ][ 1.000000 ] [ 1065353216 ] [ 0 16256 ] [ 0 0 128 63 ] [...?]
  9289 - [ 46af6400 ][ 22450.000000 ] [ 1185899520 ] [ 25600 18095 ] [ 0 100 175 70 ] [.d.F]
  9290 - [ c3480000 ][ -200.000000 ] [ 3276275712 ] [ 0 49992 ] [ 0 0 72 195 ] [..H.]
  9291 - [ 46960000 ][ 19200.000000 ] [ 1184235520 ] [ 0 18070 ] [ 0 0 150 70 ] [...F]
  9292 - [ 3f800000 ][ 1.000000 ] [ 1065353216 ] [ 0 16256 ] [ 0 0 128 63 ] [...?]
  9293 - [ 46af6400 ][ 22450.000000 ] [ 1185899520 ] [ 25600 18095 ] [ 0 100 175 70 ] [.d.F]
  9294 - [ 80000000 ][ -0.000000 ] [ 2147483648 ] [ 0 32768 ] [ 0 0 0 128 ] [....]
  9295 - [ 46960000 ][ 19200.000000 ] [ 1184235520 ] [ 0 18070 ] [ 0 0 150 70 ] [...F]
  9296 - [ 3f800000 ][ 1.000000 ] [ 1065353216 ] [ 0 16256 ] [ 0 0 128 63 ] [...?]
  9297 - [ 00000101 ][ 0.000000 ] [ 257 ] [ 257 0 ] [ 1 1 0 0 ] [....]
  9298 - [ 00000004 ][ 0.000000 ] [ 4 ] [ 4 0 ] [ 4 0 0 0 ] [....]
  9299 - [ 00001000 ][ 0.000000 ] [ 4096 ] [ 4096 0 ] [ 0 16 0 0 ] [....]
  9300 - [ 00000000 ][ 0.000000 ] [ 0 ] [ 0 0 ] [ 0 0 0 0 ] [....]
  9301 - [ 46a7ee00 ][ 21495.000000 ] [ 1185410560 ] [ 60928 18087 ] [ 0 238 167 70 ] [...F]
  9302 - [ c3480000 ][ -200.000000 ] [ 3276275712 ] [ 0 49992 ] [ 0 0 72 195 ] [..H.]
  9303 - [ 4694a200 ][ 19025.000000 ] [ 1184145920 ] [ 41472 18068 ] [ 0 162 148 70 ] [...F]
  9304 - [ 3f800000 ][ 1.000000 ] [ 1065353216 ] [ 0 16256 ] [ 0 0 128 63 ] [...?]
  9305 - [ 46a7ee00 ][ 21495.000000 ] [ 1185410560 ] [ 60928 18087 ] [ 0 238 167 70 ] [...F]
  9306 - [ 80000000 ][ -0.000000 ] [ 2147483648 ] [ 0 32768 ] [ 0 0 0 128 ] [....]
  9307 - [ 4694a200 ][ 19025.000000 ] [ 1184145920 ] [ 41472 18068 ] [ 0 162 148 70 ] [...F]
  9308 - [ 3f800000 ][ 1.000000 ] [ 1065353216 ] [ 0 16256 ] [ 0 0 128 63 ] [...?]
  9309 - [ 46a58c00 ][ 21190.000000 ] [ 1185254400 ] [ 35840 18085 ] [ 0 140 165 70 ] [...F]
  9310 - [ 80000000 ][ -0.000000 ] [ 2147483648 ] [ 0 32768 ] [ 0 0 0 128 ] [....]
  9311 - [ 4694a200 ][ 19025.000000 ] [ 1184145920 ] [ 41472 18068 ] [ 0 162 148 70 ] [...F]
  9312 - [ 3f800000 ][ 1.000000 ] [ 1065353216 ] [ 0 16256 ] [ 0 0 128 63 ] [...?]
  9313 - [ 46a58c00 ][ 21190.000000 ] [ 1185254400 ] [ 35840 18085 ] [ 0 140 165 70 ] [...F]
  9314 - [ c3480000 ][ -200.000000 ] [ 3276275712 ] [ 0 49992 ] [ 0 0 72 195 ] [..H.]
  9315 - [ 4694a200 ][ 19025.000000 ] [ 1184145920 ] [ 41472 18068 ] [ 0 162 148 70 ] [...F]
  9316 - [ 3f800000 ][ 1.000000 ] [ 1065353216 ] [ 0 16256 ] [ 0 0 128 63 ] [...?]
  9317 - [ 00000101 ][ 0.000000 ] [ 257 ] [ 257 0 ] [ 1 1 0 0 ] [....]
  9318 - [ 00000004 ][ 0.000000 ] [ 4 ] [ 4 0 ] [ 4 0 0 0 ] [....]
  9319 - [ 00000080 ][ 0.000000 ] [ 128 ] [ 128 0 ] [ 128 0 0 0 ] [....]
  9320 - [ 00000000 ][ 0.000000 ] [ 0 ] [ 0 0 ] [ 0 0 0 0 ] [....]
  9321 - [ 46ac4400 ][ 22050.000000 ] [ 1185694720 ] [ 17408 18092 ] [ 0 68 172 70 ] [.D.F]
  9322 - [ c4ce4000 ][ -1650.000000 ] [ 3301851136 ] [ 16384 50382 ] [ 0 64 206 196 ] [.@..]
  9323 - [ 46902400 ][ 18450.000000 ] [ 1183851520 ] [ 9216 18064 ] [ 0 36 144 70 ] [.$.F]
  9324 - [ 3f800000 ][ 1.000000 ] [ 1065353216 ] [ 0 16256 ] [ 0 0 128 63 ] [...?]
  9325 - [ 46ac4400 ][ 22050.000000 ] [ 1185694720 ] [ 17408 18092 ] [ 0 68 172 70 ] [.D.F]
  9326 - [ 80000000 ][ -0.000000 ] [ 2147483648 ] [ 0 32768 ] [ 0 0 0 128 ] [....]
  9327 - [ 46902400 ][ 18450.000000 ] [ 1183851520 ] [ 9216 18064 ] [ 0 36 144 70 ] [.$.F]
  9328 - [ 3f800000 ][ 1.000000 ] [ 1065353216 ] [ 0 16256 ] [ 0 0 128 63 ] [...?]
  9329 - [ 46ae9c00 ][ 22350.000000 ] [ 1185848320 ] [ 39936 18094 ] [ 0 156 174 70 ] [...F]
  9330 - [ 80000000 ][ -0.000000 ] [ 2147483648 ] [ 0 32768 ] [ 0 0 0 128 ] [....]
  9331 - [ 46902400 ][ 18450.000000 ] [ 1183851520 ] [ 9216 18064 ] [ 0 36 144 70 ] [.$.F]
  9332 - [ 3f800000 ][ 1.000000 ] [ 1065353216 ] [ 0 16256 ] [ 0 0 128 63 ] [...?]
  9333 - [ 46ae9c00 ][ 22350.000000 ] [ 1185848320 ] [ 39936 18094 ] [ 0 156 174 70 ] [...F]
  9334 - [ c4ce4000 ][ -1650.000000 ] [ 3301851136 ] [ 16384 50382 ] [ 0 64 206 196 ] [.@..]
  9335 - [ 46902400 ][ 18450.000000 ] [ 1183851520 ] [ 9216 18064 ] [ 0 36 144 70 ] [.$.F]
  9336 - [ 3f800000 ][ 1.000000 ] [ 1065353216 ] [ 0 16256 ] [ 0 0 128 63 ] [...?]
  9337 - [ 00000101 ][ 0.000000 ] [ 257 ] [ 257 0 ] [ 1 1 0 0 ] [....]
  9338 - [ 00000004 ][ 0.000000 ] [ 4 ] [ 4 0 ] [ 4 0 0 0 ] [....]
  9339 - [ 00000080 ][ 0.000000 ] [ 128 ] [ 128 0 ] [ 128 0 0 0 ] [....]
  9340 - [ 00000000 ][ 0.000000 ] [ 0 ] [ 0 0 ] [ 0 0 0 0 ] [....]
  9341 - [ 46ac4400 ][ 22050.000000 ] [ 1185694720 ] [ 17408 18092 ] [ 0 68 172 70 ] [.D.F]
  9342 - [ c4ce4000 ][ -1650.000000 ] [ 3301851136 ] [ 16384 50382 ] [ 0 64 206 196 ] [.@..]
  9343 - [ 4691e600 ][ 18675.000000 ] [ 1183966720 ] [ 58880 18065 ] [ 0 230 145 70 ] [...F]
  9344 - [ 3f800000 ][ 1.000000 ] [ 1065353216 ] [ 0 16256 ] [ 0 0 128 63 ] [...?]
  9345 - [ 46ac4400 ][ 22050.000000 ] [ 1185694720 ] [ 17408 18092 ] [ 0 68 172 70 ] [.D.F]
  9346 - [ 80000000 ][ -0.000000 ] [ 2147483648 ] [ 0 32768 ] [ 0 0 0 128 ] [....]
  9347 - [ 4691e600 ][ 18675.000000 ] [ 1183966720 ] [ 58880 18065 ] [ 0 230 145 70 ] [...F]
  9348 - [ 3f800000 ][ 1.000000 ] [ 1065353216 ] [ 0 16256 ] [ 0 0 128 63 ] [...?]
  9349 - [ 46ac4400 ][ 22050.000000 ] [ 1185694720 ] [ 17408 18092 ] [ 0 68 172 70 ] [.D.F]
  9350 - [ 80000000 ][ -0.000000 ] [ 2147483648 ] [ 0 32768 ] [ 0 0 0 128 ] [....]
  9351 - [ 46902400 ][ 18450.000000 ] [ 1183851520 ] [ 9216 18064 ] [ 0 36 144 70 ] [.$.F]
  9352 - [ 3f800000 ][ 1.000000 ] [ 1065353216 ] [ 0 16256 ] [ 0 0 128 63 ] [...?]
  9353 - [ 46ac4400 ][ 22050.000000 ] [ 1185694720 ] [ 17408 18092 ] [ 0 68 172 70 ] [.D.F]
  9354 - [ c4ce4000 ][ -1650.000000 ] [ 3301851136 ] [ 16384 50382 ] [ 0 64 206 196 ] [.@..]
  9355 - [ 46902400 ][ 18450.000000 ] [ 1183851520 ] [ 9216 18064 ] [ 0 36 144 70 ] [.$.F]
  9356 - [ 3f800000 ][ 1.000000 ] [ 1065353216 ] [ 0 16256 ] [ 0 0 128 63 ] [...?]
  9357 - [ 00000101 ][ 0.000000 ] [ 257 ] [ 257 0 ] [ 1 1 0 0 ] [....]
  9358 - [ 00000004 ][ 0.000000 ] [ 4 ] [ 4 0 ] [ 4 0 0 0 ] [....]
  9359 - [ 00001000 ][ 0.000000 ] [ 4096 ] [ 4096 0 ] [ 0 16 0 0 ] [....]
  9360 - [ 00000000 ][ 0.000000 ] [ 0 ] [ 0 0 ] [ 0 0 0 0 ] [....]
  9361 - [ 46b53b00 ][ 23197.500000 ] [ 1186282240 ] [ 15104 18101 ] [ 0 59 181 70 ] [.;.F]
  9362 - [ c3480000 ][ -200.000000 ] [ 3276275712 ] [ 0 49992 ] [ 0 0 72 195 ] [..H.]
  9363 - [ 46938a00 ][ 18885.000000 ] [ 1184074240 ] [ 35328 18067 ] [ 0 138 147 70 ] [...F]
  9364 - [ 3f800000 ][ 1.000000 ] [ 1065353216 ] [ 0 16256 ] [ 0 0 128 63 ] [...?]
  9365 - [ 46b73400 ][ 23450.000000 ] [ 1186411520 ] [ 13312 18103 ] [ 0 52 183 70 ] [.4.F]
  9366 - [ c3480000 ][ -200.000000 ] [ 3276275712 ] [ 0 49992 ] [ 0 0 72 195 ] [..H.]
  9367 - [ 46938a00 ][ 18885.000000 ] [ 1184074240 ] [ 35328 18067 ] [ 0 138 147 70 ] [...F]
  9368 - [ 3f800000 ][ 1.000000 ] [ 1065353216 ] [ 0 16256 ] [ 0 0 128 63 ] [...?]
  9369 - [ 46b73400 ][ 23450.000000 ] [ 1186411520 ] [ 13312 18103 ] [ 0 52 183 70 ] [.4.F]
  9370 - [ 80000000 ][ -0.000000 ] [ 2147483648 ] [ 0 32768 ] [ 0 0 0 128 ] [....]
  9371 - [ 46938a00 ][ 18885.000000 ] [ 1184074240 ] [ 35328 18067 ] [ 0 138 147 70 ] [...F]
  9372 - [ 3f800000 ][ 1.000000 ] [ 1065353216 ] [ 0 16256 ] [ 0 0 128 63 ] [...?]
  9373 - [ 46b53b00 ][ 23197.500000 ] [ 1186282240 ] [ 15104 18101 ] [ 0 59 181 70 ] [.;.F]
  9374 - [ 80000000 ][ -0.000000 ] [ 2147483648 ] [ 0 32768 ] [ 0 0 0 128 ] [....]
  9375 - [ 46938a00 ][ 18885.000000 ] [ 1184074240 ] [ 35328 18067 ] [ 0 138 147 70 ] [...F]
  9376 - [ 3f800000 ][ 1.000000 ] [ 1065353216 ] [ 0 16256 ] [ 0 0 128 63 ] [...?]
  9377 - [ 00000101 ][ 0.000000 ] [ 257 ] [ 257 0 ] [ 1 1 0 0 ] [....]
  9378 - [ 00000004 ][ 0.000000 ] [ 4 ] [ 4 0 ] [ 4 0 0 0 ] [....]
  9379 - [ 00001000 ][ 0.000000 ] [ 4096 ] [ 4096 0 ] [ 0 16 0 0 ] [....]
  9380 - [ 00000000 ][ 0.000000 ] [ 0 ] [ 0 0 ] [ 0 0 0 0 ] [....]
  9381 - [ 46aad200 ][ 21865.000000 ] [ 1185600000 ] [ 53760 18090 ] [ 0 210 170 70 ] [...F]
  9382 - [ c3480000 ][ -200.000000 ] [ 3276275712 ] [ 0 49992 ] [ 0 0 72 195 ] [..H.]
  9383 - [ 4691b400 ][ 18650.000000 ] [ 1183953920 ] [ 46080 18065 ] [ 0 180 145 70 ] [...F]
  9384 - [ 3f800000 ][ 1.000000 ] [ 1065353216 ] [ 0 16256 ] [ 0 0 128 63 ] [...?]
  9385 - [ 46aad200 ][ 21865.000000 ] [ 1185600000 ] [ 53760 18090 ] [ 0 210 170 70 ] [...F]
  9386 - [ 80000000 ][ -0.000000 ] [ 2147483648 ] [ 0 32768 ] [ 0 0 0 128 ] [....]
  9387 - [ 4691b400 ][ 18650.000000 ] [ 1183953920 ] [ 46080 18065 ] [ 0 180 145 70 ] [...F]
  9388 - [ 3f800000 ][ 1.000000 ] [ 1065353216 ] [ 0 16256 ] [ 0 0 128 63 ] [...?]
  9389 - [ 46abe000 ][ 22000.000000 ] [ 1185669120 ] [ 57344 18091 ] [ 0 224 171 70 ] [...F]
  9390 - [ 80000000 ][ -0.000000 ] [ 2147483648 ] [ 0 32768 ] [ 0 0 0 128 ] [....]
  9391 - [ 4691b400 ][ 18650.000000 ] [ 1183953920 ] [ 46080 18065 ] [ 0 180 145 70 ] [...F]
  9392 - [ 3f800000 ][ 1.000000 ] [ 1065353216 ] [ 0 16256 ] [ 0 0 128 63 ] [...?]
  9393 - [ 46abe000 ][ 22000.000000 ] [ 1185669120 ] [ 57344 18091 ] [ 0 224 171 70 ] [...F]
  9394 - [ c3480000 ][ -200.000000 ] [ 3276275712 ] [ 0 49992 ] [ 0 0 72 195 ] [..H.]
  9395 - [ 4691b400 ][ 18650.000000 ] [ 1183953920 ] [ 46080 18065 ] [ 0 180 145 70 ] [...F]
  9396 - [ 3f800000 ][ 1.000000 ] [ 1065353216 ] [ 0 16256 ] [ 0 0 128 63 ] [...?]
  9397 - [ 00000101 ][ 0.000000 ] [ 257 ] [ 257 0 ] [ 1 1 0 0 ] [....]
  9398 - [ 00000004 ][ 0.000000 ] [ 4 ] [ 4 0 ] [ 4 0 0 0 ] [....]
  9399 - [ 00001000 ][ 0.000000 ] [ 4096 ] [ 4096 0 ] [ 0 16 0 0 ] [....]
  9400 - [ 00000000 ][ 0.000000 ] [ 0 ] [ 0 0 ] [ 0 0 0 0 ] [....]
  9401 - [ 46aa6900 ][ 21812.500000 ] [ 1185573120 ] [ 26880 18090 ] [ 0 105 170 70 ] [.i.F]
  9402 - [ c3480000 ][ -200.000000 ] [ 3276275712 ] [ 0 49992 ] [ 0 0 72 195 ] [..H.]
  9403 - [ 46911400 ][ 18570.000000 ] [ 1183912960 ] [ 5120 18065 ] [ 0 20 145 70 ] [...F]
  9404 - [ 3f800000 ][ 1.000000 ] [ 1065353216 ] [ 0 16256 ] [ 0 0 128 63 ] [...?]
  9405 - [ 46aa6900 ][ 21812.500000 ] [ 1185573120 ] [ 26880 18090 ] [ 0 105 170 70 ] [.i.F]
  9406 - [ 80000000 ][ -0.000000 ] [ 2147483648 ] [ 0 32768 ] [ 0 0 0 128 ] [....]
  9407 - [ 46911400 ][ 18570.000000 ] [ 1183912960 ] [ 5120 18065 ] [ 0 20 145 70 ] [...F]
  9408 - [ 3f800000 ][ 1.000000 ] [ 1065353216 ] [ 0 16256 ] [ 0 0 128 63 ] [...?]
  9409 - [ 46aad200 ][ 21865.000000 ] [ 1185600000 ] [ 53760 18090 ] [ 0 210 170 70 ] [...F]
  9410 - [ 80000000 ][ -0.000000 ] [ 2147483648 ] [ 0 32768 ] [ 0 0 0 128 ] [....]
  9411 - [ 4691b400 ][ 18650.000000 ] [ 1183953920 ] [ 46080 18065 ] [ 0 180 145 70 ] [...F]
  9412 - [ 3f800000 ][ 1.000000 ] [ 1065353216 ] [ 0 16256 ] [ 0 0 128 63 ] [...?]
  9413 - [ 46aad200 ][ 21865.000000 ] [ 1185600000 ] [ 53760 18090 ] [ 0 210 170 70 ] [...F]
  9414 - [ c3480000 ][ -200.000000 ] [ 3276275712 ] [ 0 49992 ] [ 0 0 72 195 ] [..H.]
  9415 - [ 4691b400 ][ 18650.000000 ] [ 1183953920 ] [ 46080 18065 ] [ 0 180 145 70 ] [...F]
  9416 - [ 3f800000 ][ 1.000000 ] [ 1065353216 ] [ 0 16256 ] [ 0 0 128 63 ] [...?]
  9417 - [ 00000000 ][ 0.000000 ] [ 0 ] [ 0 0 ] [ 0 0 0 0 ] [....]
  9418 - [ 00000000 ][ 0.000000 ] [ 0 ] [ 0 0 ] [ 0 0 0 0 ] [....]
  9419 - [ 00000000 ][ 0.000000 ] [ 0 ] [ 0 0 ] [ 0 0 0 0 ] [....]
  9420 - [ 00000000 ][ 0.000000 ] [ 0 ] [ 0 0 ] [ 0 0 0 0 ] [....]
  9421 - [ 00000000 ][ 0.000000 ] [ 0 ] [ 0 0 ] [ 0 0 0 0 ] [....]
  9422 - [ 00000000 ][ 0.000000 ] [ 0 ] [ 0 0 ] [ 0 0 0 0 ] [....]
  9423 - [ 00000000 ][ 0.000000 ] [ 0 ] [ 0 0 ] [ 0 0 0 0 ] [....]
  9424 - [ 00000000 ][ 0.000000 ] [ 0 ] [ 0 0 ] [ 0 0 0 0 ] [....]
  9425 - [ 00000000 ][ 0.000000 ] [ 0 ] [ 0 0 ] [ 0 0 0 0 ] [....]
  9426 - [ 00000000 ][ 0.000000 ] [ 0 ] [ 0 0 ] [ 0 0 0 0 ] [....]
  9427 - [ 00000000 ][ 0.000000 ] [ 0 ] [ 0 0 ] [ 0 0 0 0 ] [....]
  9428 - [ 00000000 ][ 0.000000 ] [ 0 ] [ 0 0 ] [ 0 0 0 0 ] [....]
  9429 - [ 00000000 ][ 0.000000 ] [ 0 ] [ 0 0 ] [ 0 0 0 0 ] [....]
  9430 - [ 00000000 ][ 0.000000 ] [ 0 ] [ 0 0 ] [ 0 0 0 0 ] [....]
  9431 - [ 00000000 ][ 0.000000 ] [ 0 ] [ 0 0 ] [ 0 0 0 0 ] [....]
  9432 - [ 00000000 ][ 0.000000 ] [ 0 ] [ 0 0 ] [ 0 0 0 0 ] [....]
  9433 - [ 00000000 ][ 0.000000 ] [ 0 ] [ 0 0 ] [ 0 0 0 0 ] [....]
  9434 - [ 00000000 ][ 0.000000 ] [ 0 ] [ 0 0 ] [ 0 0 0 0 ] [....]
  9435 - [ 00000000 ][ 0.000000 ] [ 0 ] [ 0 0 ] [ 0 0 0 0 ] [....]
  9436 - [ 00000000 ][ 0.000000 ] [ 0 ] [ 0 0 ] [ 0 0 0 0 ] [....]
  9437 - [ 00000101 ][ 0.000000 ] [ 257 ] [ 257 0 ] [ 1 1 0 0 ] [....]
  9438 - [ 00000004 ][ 0.000000 ] [ 4 ] [ 4 0 ] [ 4 0 0 0 ] [....]
  9439 - [ 00000020 ][ 0.000000 ] [ 32 ] [ 32 0 ] [ 32 0 0 0 ] [....]
  9440 - [ 00000000 ][ 0.000000 ] [ 0 ] [ 0 0 ] [ 0 0 0 0 ] [....]
  9441 - [ 46abe000 ][ 22000.000000 ] [ 1185669120 ] [ 57344 18091 ] [ 0 224 171 70 ] [...F]
  9442 - [ c4bb8000 ][ -1500.000000 ] [ 3300622336 ] [ 32768 50363 ] [ 0 128 187 196 ] [....]
  9443 - [ 468ca000 ][ 18000.000000 ] [ 1183621120 ] [ 40960 18060 ] [ 0 160 140 70 ] [...F]
  9444 - [ 3f800000 ][ 1.000000 ] [ 1065353216 ] [ 0 16256 ] [ 0 0 128 63 ] [...?]
  9445 - [ 46abe000 ][ 22000.000000 ] [ 1185669120 ] [ 57344 18091 ] [ 0 224 171 70 ] [...F]
  9446 - [ c4bb8000 ][ -1500.000000 ] [ 3300622336 ] [ 32768 50363 ] [ 0 128 187 196 ] [....]
  9447 - [ 46992000 ][ 19600.000000 ] [ 1184440320 ] [ 8192 18073 ] [ 0 32 153 70 ] [...F]
  9448 - [ 3f800000 ][ 1.000000 ] [ 1065353216 ] [ 0 16256 ] [ 0 0 128 63 ] [...?]
  9449 - [ 469c4000 ][ 20000.000000 ] [ 1184645120 ] [ 16384 18076 ] [ 0 64 156 70 ] [.@.F]
  9450 - [ c4bb8000 ][ -1500.000000 ] [ 3300622336 ] [ 32768 50363 ] [ 0 128 187 196 ] [....]
  9451 - [ 46992000 ][ 19600.000000 ] [ 1184440320 ] [ 8192 18073 ] [ 0 32 153 70 ] [...F]
  9452 - [ 3f800000 ][ 1.000000 ] [ 1065353216 ] [ 0 16256 ] [ 0 0 128 63 ] [...?]
  9453 - [ 469c4000 ][ 20000.000000 ] [ 1184645120 ] [ 16384 18076 ] [ 0 64 156 70 ] [.@.F]
  9454 - [ c4bb8000 ][ -1500.000000 ] [ 3300622336 ] [ 32768 50363 ] [ 0 128 187 196 ] [....]
  9455 - [ 468ca000 ][ 18000.000000 ] [ 1183621120 ] [ 40960 18060 ] [ 0 160 140 70 ] [...F]
  9456 - [ 3f800000 ][ 1.000000 ] [ 1065353216 ] [ 0 16256 ] [ 0 0 128 63 ] [...?]
  9457 - [ 00000101 ][ 0.000000 ] [ 257 ] [ 257 0 ] [ 1 1 0 0 ] [....]
  9458 - [ 00000004 ][ 0.000000 ] [ 4 ] [ 4 0 ] [ 4 0 0 0 ] [....]
  9459 - [ 00000020 ][ 0.000000 ] [ 32 ] [ 32 0 ] [ 32 0 0 0 ] [....]
  9460 - [ 00000000 ][ 0.000000 ] [ 0 ] [ 0 0 ] [ 0 0 0 0 ] [....]
  9461 - [ 46abe000 ][ 22000.000000 ] [ 1185669120 ] [ 57344 18091 ] [ 0 224 171 70 ] [...F]
  9462 - [ c4c80000 ][ -1600.000000 ] [ 3301441536 ] [ 0 50376 ] [ 0 0 200 196 ] [....]
  9463 - [ 46992000 ][ 19600.000000 ] [ 1184440320 ] [ 8192 18073 ] [ 0 32 153 70 ] [...F]
  9464 - [ 3f800000 ][ 1.000000 ] [ 1065353216 ] [ 0 16256 ] [ 0 0 128 63 ] [...?]
  9465 - [ 46abe000 ][ 22000.000000 ] [ 1185669120 ] [ 57344 18091 ] [ 0 224 171 70 ] [...F]
  9466 - [ c4c80000 ][ -1600.000000 ] [ 3301441536 ] [ 0 50376 ] [ 0 0 200 196 ] [....]
  9467 - [ 46802000 ][ 16400.000000 ] [ 1182801920 ] [ 8192 18048 ] [ 0 32 128 70 ] [...F]
  9468 - [ 3f800000 ][ 1.000000 ] [ 1065353216 ] [ 0 16256 ] [ 0 0 128 63 ] [...?]
  9469 - [ 46c1c000 ][ 24800.000000 ] [ 1187102720 ] [ 49152 18113 ] [ 0 192 193 70 ] [...F]
  9470 - [ c4c80000 ][ -1600.000000 ] [ 3301441536 ] [ 0 50376 ] [ 0 0 200 196 ] [....]
  9471 - [ 46802000 ][ 16400.000000 ] [ 1182801920 ] [ 8192 18048 ] [ 0 32 128 70 ] [...F]
  9472 - [ 3f800000 ][ 1.000000 ] [ 1065353216 ] [ 0 16256 ] [ 0 0 128 63 ] [...?]
  9473 - [ 46c1c000 ][ 24800.000000 ] [ 1187102720 ] [ 49152 18113 ] [ 0 192 193 70 ] [...F]
  9474 - [ c4c80000 ][ -1600.000000 ] [ 3301441536 ] [ 0 50376 ] [ 0 0 200 196 ] [....]
  9475 - [ 46992000 ][ 19600.000000 ] [ 1184440320 ] [ 8192 18073 ] [ 0 32 153 70 ] [...F]
  9476 - [ 3f800000 ][ 1.000000 ] [ 1065353216 ] [ 0 16256 ] [ 0 0 128 63 ] [...?]
  9477 - [ 00000101 ][ 0.000000 ] [ 257 ] [ 257 0 ] [ 1 1 0 0 ] [....]
  9478 - [ 00000004 ][ 0.000000 ] [ 4 ] [ 4 0 ] [ 4 0 0 0 ] [....]
  9479 - [ 00000080 ][ 0.000000 ] [ 128 ] [ 128 0 ] [ 128 0 0 0 ] [....]
  9480 - [ 00000000 ][ 0.000000 ] [ 0 ] [ 0 0 ] [ 0 0 0 0 ] [....]
  9481 - [ 46b6fce6 ][ 23422.449219 ] [ 1186397414 ] [ 64742 18102 ] [ 230 252 182 70 ] [...F]
  9482 - [ c3cf8031 ][ -415.001495 ] [ 3285155889 ] [ 32817 50127 ] [ 49 128 207 195 ] [1...]
  9483 - [ 46866680 ][ 17203.250000 ] [ 1183213184 ] [ 26240 18054 ] [ 128 102 134 70 ] [.f.F]
  9484 - [ 3f800000 ][ 1.000000 ] [ 1065353216 ] [ 0 16256 ] [ 0 0 128 63 ] [...?]
  9485 - [ 46b55400 ][ 23210.000000 ] [ 1186288640 ] [ 21504 18101 ] [ 0 84 181 70 ] [.T.F]
  9486 - [ c3cf8031 ][ -415.001495 ] [ 3285155889 ] [ 32817 50127 ] [ 49 128 207 195 ] [1...]
  9487 - [ 46867400 ][ 17210.000000 ] [ 1183216640 ] [ 29696 18054 ] [ 0 116 134 70 ] [.t.F]
  9488 - [ 3f800000 ][ 1.000000 ] [ 1065353216 ] [ 0 16256 ] [ 0 0 128 63 ] [...?]
  9489 - [ 46b5674d ][ 23219.650391 ] [ 1186293581 ] [ 26445 18101 ] [ 77 103 181 70 ] [Mg.F]
  9490 - [ c3cf8031 ][ -415.001495 ] [ 3285155889 ] [ 32817 50127 ] [ 49 128 207 195 ] [1...]
  9491 - [ 46879ee6 ][ 17359.449219 ] [ 1183293158 ] [ 40678 18055 ] [ 230 158 135 70 ] [...F]
  9492 - [ 3f800000 ][ 1.000000 ] [ 1065353216 ] [ 0 16256 ] [ 0 0 128 63 ] [...?]
  9493 - [ 46b70a4d ][ 23429.150391 ] [ 1186400845 ] [ 2637 18103 ] [ 77 10 183 70 ] [M..F]
  9494 - [ c3cf8031 ][ -415.001495 ] [ 3285155889 ] [ 32817 50127 ] [ 49 128 207 195 ] [1...]
  9495 - [ 46878780 ][ 17347.750000 ] [ 1183287168 ] [ 34688 18055 ] [ 128 135 135 70 ] [...F]
  9496 - [ 3f800000 ][ 1.000000 ] [ 1065353216 ] [ 0 16256 ] [ 0 0 128 63 ] [...?]
  9497 - [ 00000001 ][ 0.000000 ] [ 1 ] [ 1 0 ] [ 1 0 0 0 ] [....]
  9498 - [ 00000004 ][ 0.000000 ] [ 4 ] [ 4 0 ] [ 4 0 0 0 ] [....]
  9499 - [ 00000100 ][ 0.000000 ] [ 256 ] [ 256 0 ] [ 0 1 0 0 ] [....]
  9500 - [ 00000000 ][ 0.000000 ] [ 0 ] [ 0 0 ] [ 0 0 0 0 ] [....]
  9501 - [ 46bc7a00 ][ 24125.000000 ] [ 1186757120 ] [ 31232 18108 ] [ 0 122 188 70 ] [.z.F]
  9502 - [ c35c0000 ][ -220.000000 ] [ 3277586432 ] [ 0 50012 ] [ 0 0 92 195 ] [..\.]
  9503 - [ 46959c00 ][ 19150.000000 ] [ 1184209920 ] [ 39936 18069 ] [ 0 156 149 70 ] [...F]
  9504 - [ 3f800000 ][ 1.000000 ] [ 1065353216 ] [ 0 16256 ] [ 0 0 128 63 ] [...?]
  9505 - [ 46b90a00 ][ 23685.000000 ] [ 1186531840 ] [ 2560 18105 ] [ 0 10 185 70 ] [...F]
  9506 - [ c3a28010 ][ -325.000488 ] [ 3282206736 ] [ 32784 50082 ] [ 16 128 162 195 ] [....]
  9507 - [ 46948e00 ][ 19015.000000 ] [ 1184140800 ] [ 36352 18068 ] [ 0 142 148 70 ] [...F]
  9508 - [ 3f800000 ][ 1.000000 ] [ 1065353216 ] [ 0 16256 ] [ 0 0 128 63 ] [...?]
  9509 - [ 46b76600 ][ 23475.000000 ] [ 1186424320 ] [ 26112 18103 ] [ 0 102 183 70 ] [.f.F]
  9510 - [ c35c0021 ][ -220.000504 ] [ 3277586465 ] [ 33 50012 ] [ 33 0 92 195 ] [!.\.]
  9511 - [ 46959c00 ][ 19150.000000 ] [ 1184209920 ] [ 39936 18069 ] [ 0 156 149 70 ] [...F]
  9512 - [ 3f800000 ][ 1.000000 ] [ 1065353216 ] [ 0 16256 ] [ 0 0 128 63 ] [...?]
  9513 - [ 46bc7a00 ][ 24125.000000 ] [ 1186757120 ] [ 31232 18108 ] [ 0 122 188 70 ] [.z.F]
  9514 - [ c35c0000 ][ -220.000000 ] [ 3277586432 ] [ 0 50012 ] [ 0 0 92 195 ] [..\.]
  9515 - [ 46959c00 ][ 19150.000000 ] [ 1184209920 ] [ 39936 18069 ] [ 0 156 149 70 ] [...F]
  9516 - [ 3f800000 ][ 1.000000 ] [ 1065353216 ] [ 0 16256 ] [ 0 0 128 63 ] [...?]
  9517 - [ 00000101 ][ 0.000000 ] [ 257 ] [ 257 0 ] [ 1 1 0 0 ] [....]
  9518 - [ 00000004 ][ 0.000000 ] [ 4 ] [ 4 0 ] [ 4 0 0 0 ] [....]
  9519 - [ 00000001 ][ 0.000000 ] [ 1 ] [ 1 0 ] [ 1 0 0 0 ] [....]
  9520 - [ 00000000 ][ 0.000000 ] [ 0 ] [ 0 0 ] [ 0 0 0 0 ] [....]
  9521 - [ 46a87f00 ][ 21567.500000 ] [ 1185447680 ] [ 32512 18088 ] [ 0 127 168 70 ] [...F]
  9522 - [ c3ec4010 ][ -472.500488 ] [ 3287040016 ] [ 16400 50156 ] [ 16 64 236 195 ] [.@..]
  9523 - [ 468e9e00 ][ 18255.000000 ] [ 1183751680 ] [ 40448 18062 ] [ 0 158 142 70 ] [...F]
  9524 - [ 3f800000 ][ 1.000000 ] [ 1065353216 ] [ 0 16256 ] [ 0 0 128 63 ] [...?]
  9525 - [ 46a87f00 ][ 21567.500000 ] [ 1185447680 ] [ 32512 18088 ] [ 0 127 168 70 ] [...F]
  9526 - [ c3ec4010 ][ -472.500488 ] [ 3287040016 ] [ 16400 50156 ] [ 16 64 236 195 ] [.@..]
  9527 - [ 46909200 ][ 18505.000000 ] [ 1183879680 ] [ 37376 18064 ] [ 0 146 144 70 ] [...F]
  9528 - [ 3f800000 ][ 1.000000 ] [ 1065353216 ] [ 0 16256 ] [ 0 0 128 63 ] [...?]
  9529 - [ 46aa8c00 ][ 21830.000000 ] [ 1185582080 ] [ 35840 18090 ] [ 0 140 170 70 ] [...F]
  9530 - [ c3ec4010 ][ -472.500488 ] [ 3287040016 ] [ 16400 50156 ] [ 16 64 236 195 ] [.@..]
  9531 - [ 46909200 ][ 18505.000000 ] [ 1183879680 ] [ 37376 18064 ] [ 0 146 144 70 ] [...F]
  9532 - [ 3f800000 ][ 1.000000 ] [ 1065353216 ] [ 0 16256 ] [ 0 0 128 63 ] [...?]
  9533 - [ 46aa8c00 ][ 21830.000000 ] [ 1185582080 ] [ 35840 18090 ] [ 0 140 170 70 ] [...F]
  9534 - [ c3ec4010 ][ -472.500488 ] [ 3287040016 ] [ 16400 50156 ] [ 16 64 236 195 ] [.@..]
  9535 - [ 468e9e00 ][ 18255.000000 ] [ 1183751680 ] [ 40448 18062 ] [ 0 158 142 70 ] [...F]
  9536 - [ 3f800000 ][ 1.000000 ] [ 1065353216 ] [ 0 16256 ] [ 0 0 128 63 ] [...?]
  9537 - [ 00000101 ][ 0.000000 ] [ 257 ] [ 257 0 ] [ 1 1 0 0 ] [....]
  9538 - [ 00000004 ][ 0.000000 ] [ 4 ] [ 4 0 ] [ 4 0 0 0 ] [....]
  9539 - [ 00000080 ][ 0.000000 ] [ 128 ] [ 128 0 ] [ 128 0 0 0 ] [....]
  9540 - [ 00000000 ][ 0.000000 ] [ 0 ] [ 0 0 ] [ 0 0 0 0 ] [....]
  9541 - [ 46b14e00 ][ 22695.000000 ] [ 1186024960 ] [ 19968 18097 ] [ 0 78 177 70 ] [.N.F]
  9542 - [ c3ca8021 ][ -405.001007 ] [ 3284828193 ] [ 32801 50122 ] [ 33 128 202 195 ] [!...]
  9543 - [ 46938a00 ][ 18885.000000 ] [ 1184074240 ] [ 35328 18067 ] [ 0 138 147 70 ] [...F]
  9544 - [ 3f800000 ][ 1.000000 ] [ 1065353216 ] [ 0 16256 ] [ 0 0 128 63 ] [...?]
  9545 - [ 46b52c00 ][ 23190.000000 ] [ 1186278400 ] [ 11264 18101 ] [ 0 44 181 70 ] [.,.F]
  9546 - [ c3ca8021 ][ -405.001007 ] [ 3284828193 ] [ 32801 50122 ] [ 33 128 202 195 ] [!...]
  9547 - [ 46939e00 ][ 18895.000000 ] [ 1184079360 ] [ 40448 18067 ] [ 0 158 147 70 ] [...F]
  9548 - [ 3f800000 ][ 1.000000 ] [ 1065353216 ] [ 0 16256 ] [ 0 0 128 63 ] [...?]
  9549 - [ 46b3b780 ][ 23003.750000 ] [ 1186183040 ] [ 46976 18099 ] [ 128 183 179 70 ] [...F]
  9550 - [ c3f28031 ][ -485.001495 ] [ 3287449649 ] [ 32817 50162 ] [ 49 128 242 195 ] [1...]
  9551 - [ 46934900 ][ 18852.500000 ] [ 1184057600 ] [ 18688 18067 ] [ 0 73 147 70 ] [.I.F]
  9552 - [ 3f800000 ][ 1.000000 ] [ 1065353216 ] [ 0 16256 ] [ 0 0 128 63 ] [...?]
  9553 - [ 46b24300 ][ 22817.500000 ] [ 1186087680 ] [ 17152 18098 ] [ 0 67 178 70 ] [.C.F]
  9554 - [ c3f28031 ][ -485.001495 ] [ 3287449649 ] [ 32817 50162 ] [ 49 128 242 195 ] [1...]
  9555 - [ 4692f400 ][ 18810.000000 ] [ 1184035840 ] [ 62464 18066 ] [ 0 244 146 70 ] [...F]
  9556 - [ 3f800000 ][ 1.000000 ] [ 1065353216 ] [ 0 16256 ] [ 0 0 128 63 ] [...?]
  9557 - [ 00000101 ][ 0.000000 ] [ 257 ] [ 257 0 ] [ 1 1 0 0 ] [....]
  9558 - [ 00000004 ][ 0.000000 ] [ 4 ] [ 4 0 ] [ 4 0 0 0 ] [....]
  9559 - [ 00000080 ][ 0.000000 ] [ 128 ] [ 128 0 ] [ 128 0 0 0 ] [....]
  9560 - [ 00000000 ][ 0.000000 ] [ 0 ] [ 0 0 ] [ 0 0 0 0 ] [....]
  9561 - [ 46bd2866 ][ 24212.199219 ] [ 1186801766 ] [ 10342 18109 ] [ 102 40 189 70 ] [f(.F]
  9562 - [ c4778000 ][ -990.000000 ] [ 3296165888 ] [ 32768 50295 ] [ 0 128 119 196 ] [..w.]
  9563 - [ 46878fe6 ][ 17351.949219 ] [ 1183289318 ] [ 36838 18055 ] [ 230 143 135 70 ] [...F]
  9564 - [ 3f800000 ][ 1.000000 ] [ 1065353216 ] [ 0 16256 ] [ 0 0 128 63 ] [...?]
  9565 - [ 46bd3d80 ][ 24222.750000 ] [ 1186807168 ] [ 15744 18109 ] [ 128 61 189 70 ] [.=.F]
  9566 - [ c4778000 ][ -990.000000 ] [ 3296165888 ] [ 32768 50295 ] [ 0 128 119 196 ] [..w.]
  9567 - [ 468be51a ][ 17906.550781 ] [ 1183573274 ] [ 58650 18059 ] [ 26 229 139 70 ] [...F]
  9568 - [ 3f800000 ][ 1.000000 ] [ 1065353216 ] [ 0 16256 ] [ 0 0 128 63 ] [...?]
  9569 - [ 46be914d ][ 24392.650391 ] [ 1186894157 ] [ 37197 18110 ] [ 77 145 190 70 ] [M..F]
  9570 - [ c4778000 ][ -990.000000 ] [ 3296165888 ] [ 32768 50295 ] [ 0 128 119 196 ] [..w.]
  9571 - [ 468bdc9a ][ 17902.300781 ] [ 1183571098 ] [ 56474 18059 ] [ 154 220 139 70 ] [...F]
  9572 - [ 3f800000 ][ 1.000000 ] [ 1065353216 ] [ 0 16256 ] [ 0 0 128 63 ] [...?]
  9573 - [ 46be7233 ][ 24377.099609 ] [ 1186886195 ] [ 29235 18110 ] [ 51 114 190 70 ] [3r.F]
  9574 - [ c4778000 ][ -990.000000 ] [ 3296165888 ] [ 32768 50295 ] [ 0 128 119 196 ] [..w.]
  9575 - [ 46878766 ][ 17347.699219 ] [ 1183287142 ] [ 34662 18055 ] [ 102 135 135 70 ] [f..F]
  9576 - [ 3f800000 ][ 1.000000 ] [ 1065353216 ] [ 0 16256 ] [ 0 0 128 63 ] [...?]
  9577 - [ 00000101 ][ 0.000000 ] [ 257 ] [ 257 0 ] [ 1 1 0 0 ] [....]
  9578 - [ 00000004 ][ 0.000000 ] [ 4 ] [ 4 0 ] [ 4 0 0 0 ] [....]
  9579 - [ 00000080 ][ 0.000000 ] [ 128 ] [ 128 0 ] [ 128 0 0 0 ] [....]
  9580 - [ 00000000 ][ 0.000000 ] [ 0 ] [ 0 0 ] [ 0 0 0 0 ] [....]
  9581 - [ 46b9f500 ][ 23802.500000 ] [ 1186592000 ] [ 62720 18105 ] [ 0 245 185 70 ] [...F]
  9582 - [ c3d20031 ][ -420.001495 ] [ 3285319729 ] [ 49 50130 ] [ 49 0 210 195 ] [1...]
  9583 - [ 46869700 ][ 17227.500000 ] [ 1183225600 ] [ 38656 18054 ] [ 0 151 134 70 ] [...F]
  9584 - [ 3f800000 ][ 1.000000 ] [ 1065353216 ] [ 0 16256 ] [ 0 0 128 63 ] [...?]
  9585 - [ 46b9f000 ][ 23800.000000 ] [ 1186590720 ] [ 61440 18105 ] [ 0 240 185 70 ] [...F]
  9586 - [ c3d20031 ][ -420.001495 ] [ 3285319729 ] [ 49 50130 ] [ 49 0 210 195 ] [1...]
  9587 - [ 4687f500 ][ 17402.500000 ] [ 1183315200 ] [ 62720 18055 ] [ 0 245 135 70 ] [...F]
  9588 - [ 3f800000 ][ 1.000000 ] [ 1065353216 ] [ 0 16256 ] [ 0 0 128 63 ] [...?]
  9589 - [ 46bbe400 ][ 24050.000000 ] [ 1186718720 ] [ 58368 18107 ] [ 0 228 187 70 ] [...F]
  9590 - [ c39b0031 ][ -310.001495 ] [ 3281715249 ] [ 49 50075 ] [ 49 0 155 195 ] [1...]
  9591 - [ 46880400 ][ 17410.000000 ] [ 1183319040 ] [ 1024 18056 ] [ 0 4 136 70 ] [...F]
  9592 - [ 3f800000 ][ 1.000000 ] [ 1065353216 ] [ 0 16256 ] [ 0 0 128 63 ] [...?]
  9593 - [ 46bbee00 ][ 24055.000000 ] [ 1186721280 ] [ 60928 18107 ] [ 0 238 187 70 ] [...F]
  9594 - [ c39b0031 ][ -310.001495 ] [ 3281715249 ] [ 49 50075 ] [ 49 0 155 195 ] [1...]
  9595 - [ 46869c00 ][ 17230.000000 ] [ 1183226880 ] [ 39936 18054 ] [ 0 156 134 70 ] [...F]
  9596 - [ 3f800000 ][ 1.000000 ] [ 1065353216 ] [ 0 16256 ] [ 0 0 128 63 ] [...?]
  9597 - [ 00000101 ][ 0.000000 ] [ 257 ] [ 257 0 ] [ 1 1 0 0 ] [....]
  9598 - [ 00000004 ][ 0.000000 ] [ 4 ] [ 4 0 ] [ 4 0 0 0 ] [....]
  9599 - [ 00000001 ][ 0.000000 ] [ 1 ] [ 1 0 ] [ 1 0 0 0 ] [....]
  9600 - [ 00000000 ][ 0.000000 ] [ 0 ] [ 0 0 ] [ 0 0 0 0 ] [....]
  9601 - [ 46ab1800 ][ 21900.000000 ] [ 1185617920 ] [ 6144 18091 ] [ 0 24 171 70 ] [...F]
  9602 - [ c4bb8000 ][ -1500.000000 ] [ 3300622336 ] [ 32768 50363 ] [ 0 128 187 196 ] [....]
  9603 - [ 468ef800 ][ 18300.000000 ] [ 1183774720 ] [ 63488 18062 ] [ 0 248 142 70 ] [...F]
  9604 - [ 3f800000 ][ 1.000000 ] [ 1065353216 ] [ 0 16256 ] [ 0 0 128 63 ] [...?]
  9605 - [ 46ab1800 ][ 21900.000000 ] [ 1185617920 ] [ 6144 18091 ] [ 0 24 171 70 ] [...F]
  9606 - [ 37cb2007 ][ 0.000024 ] [ 936058887 ] [ 8199 14283 ] [ 7 32 203 55 ] [...7]
  9607 - [ 468ef800 ][ 18300.000000 ] [ 1183774720 ] [ 63488 18062 ] [ 0 248 142 70 ] [...F]
  9608 - [ 3f800000 ][ 1.000000 ] [ 1065353216 ] [ 0 16256 ] [ 0 0 128 63 ] [...?]
  9609 - [ 46ab1800 ][ 21900.000000 ] [ 1185617920 ] [ 6144 18091 ] [ 0 24 171 70 ] [...F]
  9610 - [ 37cb2007 ][ 0.000024 ] [ 936058887 ] [ 8199 14283 ] [ 7 32 203 55 ] [...7]
  9611 - [ 4691b400 ][ 18650.000000 ] [ 1183953920 ] [ 46080 18065 ] [ 0 180 145 70 ] [...F]
  9612 - [ 3f800000 ][ 1.000000 ] [ 1065353216 ] [ 0 16256 ] [ 0 0 128 63 ] [...?]
  9613 - [ 46ab1800 ][ 21900.000000 ] [ 1185617920 ] [ 6144 18091 ] [ 0 24 171 70 ] [...F]
  9614 - [ c4bb8000 ][ -1500.000000 ] [ 3300622336 ] [ 32768 50363 ] [ 0 128 187 196 ] [....]
  9615 - [ 4691b400 ][ 18650.000000 ] [ 1183953920 ] [ 46080 18065 ] [ 0 180 145 70 ] [...F]
  9616 - [ 3f800000 ][ 1.000000 ] [ 1065353216 ] [ 0 16256 ] [ 0 0 128 63 ] [...?]
  9617 - [ 00000101 ][ 0.000000 ] [ 257 ] [ 257 0 ] [ 1 1 0 0 ] [....]
  9618 - [ 00000004 ][ 0.000000 ] [ 4 ] [ 4 0 ] [ 4 0 0 0 ] [....]
  9619 - [ 00000001 ][ 0.000000 ] [ 1 ] [ 1 0 ] [ 1 0 0 0 ] [....]
  9620 - [ 00000000 ][ 0.000000 ] [ 0 ] [ 0 0 ] [ 0 0 0 0 ] [....]
  9621 - [ 46a58c9a ][ 21190.300781 ] [ 1185254554 ] [ 35994 18085 ] [ 154 140 165 70 ] [...F]
  9622 - [ c36d8000 ][ -237.500000 ] [ 3278733312 ] [ 32768 50029 ] [ 0 128 109 195 ] [..m.]
  9623 - [ 468e9e00 ][ 18255.000000 ] [ 1183751680 ] [ 40448 18062 ] [ 0 158 142 70 ] [...F]
  9624 - [ 3f800000 ][ 1.000000 ] [ 1065353216 ] [ 0 16256 ] [ 0 0 128 63 ] [...?]
  9625 - [ 46a58c9a ][ 21190.300781 ] [ 1185254554 ] [ 35994 18085 ] [ 154 140 165 70 ] [...F]
  9626 - [ c36d8000 ][ -237.500000 ] [ 3278733312 ] [ 32768 50029 ] [ 0 128 109 195 ] [..m.]
  9627 - [ 4690ec00 ][ 18550.000000 ] [ 1183902720 ] [ 60416 18064 ] [ 0 236 144 70 ] [...F]
  9628 - [ 3f800000 ][ 1.000000 ] [ 1065353216 ] [ 0 16256 ] [ 0 0 128 63 ] [...?]
  9629 - [ 46a6fb80 ][ 21373.750000 ] [ 1185348480 ] [ 64384 18086 ] [ 128 251 166 70 ] [...F]
  9630 - [ c36d8000 ][ -237.500000 ] [ 3278733312 ] [ 32768 50029 ] [ 0 128 109 195 ] [..m.]
  9631 - [ 4690ec00 ][ 18550.000000 ] [ 1183902720 ] [ 60416 18064 ] [ 0 236 144 70 ] [...F]
  9632 - [ 3f800000 ][ 1.000000 ] [ 1065353216 ] [ 0 16256 ] [ 0 0 128 63 ] [...?]
  9633 - [ 46a6fb80 ][ 21373.750000 ] [ 1185348480 ] [ 64384 18086 ] [ 128 251 166 70 ] [...F]
  9634 - [ c36d8000 ][ -237.500000 ] [ 3278733312 ] [ 32768 50029 ] [ 0 128 109 195 ] [..m.]
  9635 - [ 468e9e00 ][ 18255.000000 ] [ 1183751680 ] [ 40448 18062 ] [ 0 158 142 70 ] [...F]
  9636 - [ 3f800000 ][ 1.000000 ] [ 1065353216 ] [ 0 16256 ] [ 0 0 128 63 ] [...?]
  9637 - [ 00000101 ][ 0.000000 ] [ 257 ] [ 257 0 ] [ 1 1 0 0 ] [....]
  9638 - [ 00000004 ][ 0.000000 ] [ 4 ] [ 4 0 ] [ 4 0 0 0 ] [....]
  9639 - [ 00000001 ][ 0.000000 ] [ 1 ] [ 1 0 ] [ 1 0 0 0 ] [....]
  9640 - [ 00000000 ][ 0.000000 ] [ 0 ] [ 0 0 ] [ 0 0 0 0 ] [....]
  9641 - [ 46a7ee00 ][ 21495.000000 ] [ 1185410560 ] [ 60928 18087 ] [ 0 238 167 70 ] [...F]
  9642 - [ 80000000 ][ -0.000000 ] [ 2147483648 ] [ 0 32768 ] [ 0 0 0 128 ] [....]
  9643 - [ 4694ca00 ][ 19045.000000 ] [ 1184156160 ] [ 51712 18068 ] [ 0 202 148 70 ] [...F]
  9644 - [ 3f800000 ][ 1.000000 ] [ 1065353216 ] [ 0 16256 ] [ 0 0 128 63 ] [...?]
  9645 - [ 46a7ee00 ][ 21495.000000 ] [ 1185410560 ] [ 60928 18087 ] [ 0 238 167 70 ] [...F]
  9646 - [ c4bb8000 ][ -1500.000000 ] [ 3300622336 ] [ 32768 50363 ] [ 0 128 187 196 ] [....]
  9647 - [ 4694ca00 ][ 19045.000000 ] [ 1184156160 ] [ 51712 18068 ] [ 0 202 148 70 ] [...F]
  9648 - [ 3f800000 ][ 1.000000 ] [ 1065353216 ] [ 0 16256 ] [ 0 0 128 63 ] [...?]
  9649 - [ 46abc200 ][ 21985.000000 ] [ 1185661440 ] [ 49664 18091 ] [ 0 194 171 70 ] [...F]
  9650 - [ c4bb8000 ][ -1500.000000 ] [ 3300622336 ] [ 32768 50363 ] [ 0 128 187 196 ] [....]
  9651 - [ 46957400 ][ 19130.000000 ] [ 1184199680 ] [ 29696 18069 ] [ 0 116 149 70 ] [.t.F]
  9652 - [ 3f800000 ][ 1.000000 ] [ 1065353216 ] [ 0 16256 ] [ 0 0 128 63 ] [...?]
  9653 - [ 46abc200 ][ 21985.000000 ] [ 1185661440 ] [ 49664 18091 ] [ 0 194 171 70 ] [...F]
  9654 - [ 80000000 ][ -0.000000 ] [ 2147483648 ] [ 0 32768 ] [ 0 0 0 128 ] [....]
  9655 - [ 46957400 ][ 19130.000000 ] [ 1184199680 ] [ 29696 18069 ] [ 0 116 149 70 ] [.t.F]
  9656 - [ 3f800000 ][ 1.000000 ] [ 1065353216 ] [ 0 16256 ] [ 0 0 128 63 ] [...?]
  9657 - [ 00000101 ][ 0.000000 ] [ 257 ] [ 257 0 ] [ 1 1 0 0 ] [....]
  9658 - [ 00000004 ][ 0.000000 ] [ 4 ] [ 4 0 ] [ 4 0 0 0 ] [....]
  9659 - [ 00000001 ][ 0.000000 ] [ 1 ] [ 1 0 ] [ 1 0 0 0 ] [....]
  9660 - [ 00000000 ][ 0.000000 ] [ 0 ] [ 0 0 ] [ 0 0 0 0 ] [....]
  9661 - [ 46ab1800 ][ 21900.000000 ] [ 1185617920 ] [ 6144 18091 ] [ 0 24 171 70 ] [...F]
  9662 - [ 37cb2007 ][ 0.000024 ] [ 936058887 ] [ 8199 14283 ] [ 7 32 203 55 ] [...7]
  9663 - [ 468ef800 ][ 18300.000000 ] [ 1183774720 ] [ 63488 18062 ] [ 0 248 142 70 ] [...F]
  9664 - [ 3f800000 ][ 1.000000 ] [ 1065353216 ] [ 0 16256 ] [ 0 0 128 63 ] [...?]
  9665 - [ 46ab1800 ][ 21900.000000 ] [ 1185617920 ] [ 6144 18091 ] [ 0 24 171 70 ] [...F]
  9666 - [ c4bb8000 ][ -1500.000000 ] [ 3300622336 ] [ 32768 50363 ] [ 0 128 187 196 ] [....]
  9667 - [ 468ef800 ][ 18300.000000 ] [ 1183774720 ] [ 63488 18062 ] [ 0 248 142 70 ] [...F]
  9668 - [ 3f800000 ][ 1.000000 ] [ 1065353216 ] [ 0 16256 ] [ 0 0 128 63 ] [...?]
  9669 - [ 46a05a00 ][ 20525.000000 ] [ 1184913920 ] [ 23040 18080 ] [ 0 90 160 70 ] [.Z.F]
  9670 - [ c4bb8000 ][ -1500.000000 ] [ 3300622336 ] [ 32768 50363 ] [ 0 128 187 196 ] [....]
  9671 - [ 468ef800 ][ 18300.000000 ] [ 1183774720 ] [ 63488 18062 ] [ 0 248 142 70 ] [...F]
  9672 - [ 3f800000 ][ 1.000000 ] [ 1065353216 ] [ 0 16256 ] [ 0 0 128 63 ] [...?]
  9673 - [ 46a05a00 ][ 20525.000000 ] [ 1184913920 ] [ 23040 18080 ] [ 0 90 160 70 ] [.Z.F]
  9674 - [ 37cb2007 ][ 0.000024 ] [ 936058887 ] [ 8199 14283 ] [ 7 32 203 55 ] [...7]
  9675 - [ 468ef800 ][ 18300.000000 ] [ 1183774720 ] [ 63488 18062 ] [ 0 248 142 70 ] [...F]
  9676 - [ 3f800000 ][ 1.000000 ] [ 1065353216 ] [ 0 16256 ] [ 0 0 128 63 ] [...?]
  9677 - [ 00000101 ][ 0.000000 ] [ 257 ] [ 257 0 ] [ 1 1 0 0 ] [....]
  9678 - [ 00000004 ][ 0.000000 ] [ 4 ] [ 4 0 ] [ 4 0 0 0 ] [....]
  9679 - [ 00000001 ][ 0.000000 ] [ 1 ] [ 1 0 ] [ 1 0 0 0 ] [....]
  9680 - [ 00000000 ][ 0.000000 ] [ 0 ] [ 0 0 ] [ 0 0 0 0 ] [....]
  9681 - [ 46a4a600 ][ 21075.000000 ] [ 1185195520 ] [ 42496 18084 ] [ 0 166 164 70 ] [...F]
  9682 - [ c3960000 ][ -300.000000 ] [ 3281387520 ] [ 0 50070 ] [ 0 0 150 195 ] [....]
  9683 - [ 46959c00 ][ 19150.000000 ] [ 1184209920 ] [ 39936 18069 ] [ 0 156 149 70 ] [...F]
  9684 - [ 3f800000 ][ 1.000000 ] [ 1065353216 ] [ 0 16256 ] [ 0 0 128 63 ] [...?]
  9685 - [ 46a4a600 ][ 21075.000000 ] [ 1185195520 ] [ 42496 18084 ] [ 0 166 164 70 ] [...F]
  9686 - [ c3960000 ][ -300.000000 ] [ 3281387520 ] [ 0 50070 ] [ 0 0 150 195 ] [....]
  9687 - [ 468ef800 ][ 18300.000000 ] [ 1183774720 ] [ 63488 18062 ] [ 0 248 142 70 ] [...F]
  9688 - [ 3f800000 ][ 1.000000 ] [ 1065353216 ] [ 0 16256 ] [ 0 0 128 63 ] [...?]
  9689 - [ 46a02800 ][ 20500.000000 ] [ 1184901120 ] [ 10240 18080 ] [ 0 40 160 70 ] [.(.F]
  9690 - [ c3960000 ][ -300.000000 ] [ 3281387520 ] [ 0 50070 ] [ 0 0 150 195 ] [....]
  9691 - [ 468ef800 ][ 18300.000000 ] [ 1183774720 ] [ 63488 18062 ] [ 0 248 142 70 ] [...F]
  9692 - [ 3f800000 ][ 1.000000 ] [ 1065353216 ] [ 0 16256 ] [ 0 0 128 63 ] [...?]
  9693 - [ 46a02800 ][ 20500.000000 ] [ 1184901120 ] [ 10240 18080 ] [ 0 40 160 70 ] [.(.F]
  9694 - [ c3960000 ][ -300.000000 ] [ 3281387520 ] [ 0 50070 ] [ 0 0 150 195 ] [....]
  9695 - [ 46959c00 ][ 19150.000000 ] [ 1184209920 ] [ 39936 18069 ] [ 0 156 149 70 ] [...F]
  9696 - [ 3f800000 ][ 1.000000 ] [ 1065353216 ] [ 0 16256 ] [ 0 0 128 63 ] [...?]
  9697 - [ 00000101 ][ 0.000000 ] [ 257 ] [ 257 0 ] [ 1 1 0 0 ] [....]
  9698 - [ 00000004 ][ 0.000000 ] [ 4 ] [ 4 0 ] [ 4 0 0 0 ] [....]
  9699 - [ 00000001 ][ 0.000000 ] [ 1 ] [ 1 0 ] [ 1 0 0 0 ] [....]
  9700 - [ 00000000 ][ 0.000000 ] [ 0 ] [ 0 0 ] [ 0 0 0 0 ] [....]
  9701 - [ 46a4a600 ][ 21075.000000 ] [ 1185195520 ] [ 42496 18084 ] [ 0 166 164 70 ] [...F]
  9702 - [ c3960000 ][ -300.000000 ] [ 3281387520 ] [ 0 50070 ] [ 0 0 150 195 ] [....]
  9703 - [ 468ef800 ][ 18300.000000 ] [ 1183774720 ] [ 63488 18062 ] [ 0 248 142 70 ] [...F]
  9704 - [ 3f800000 ][ 1.000000 ] [ 1065353216 ] [ 0 16256 ] [ 0 0 128 63 ] [...?]
  9705 - [ 46a4a600 ][ 21075.000000 ] [ 1185195520 ] [ 42496 18084 ] [ 0 166 164 70 ] [...F]
  9706 - [ c3960000 ][ -300.000000 ] [ 3281387520 ] [ 0 50070 ] [ 0 0 150 195 ] [....]
  9707 - [ 46959c00 ][ 19150.000000 ] [ 1184209920 ] [ 39936 18069 ] [ 0 156 149 70 ] [...F]
  9708 - [ 3f800000 ][ 1.000000 ] [ 1065353216 ] [ 0 16256 ] [ 0 0 128 63 ] [...?]
  9709 - [ 46a4a600 ][ 21075.000000 ] [ 1185195520 ] [ 42496 18084 ] [ 0 166 164 70 ] [...F]
  9710 - [ 80000000 ][ -0.000000 ] [ 2147483648 ] [ 0 32768 ] [ 0 0 0 128 ] [....]
  9711 - [ 46959c00 ][ 19150.000000 ] [ 1184209920 ] [ 39936 18069 ] [ 0 156 149 70 ] [...F]
  9712 - [ 3f800000 ][ 1.000000 ] [ 1065353216 ] [ 0 16256 ] [ 0 0 128 63 ] [...?]
  9713 - [ 46a4a600 ][ 21075.000000 ] [ 1185195520 ] [ 42496 18084 ] [ 0 166 164 70 ] [...F]
  9714 - [ 80000000 ][ -0.000000 ] [ 2147483648 ] [ 0 32768 ] [ 0 0 0 128 ] [....]
  9715 - [ 468ef800 ][ 18300.000000 ] [ 1183774720 ] [ 63488 18062 ] [ 0 248 142 70 ] [...F]
  9716 - [ 3f800000 ][ 1.000000 ] [ 1065353216 ] [ 0 16256 ] [ 0 0 128 63 ] [...?]
  9717 - [ 00000101 ][ 0.000000 ] [ 257 ] [ 257 0 ] [ 1 1 0 0 ] [....]
  9718 - [ 00000004 ][ 0.000000 ] [ 4 ] [ 4 0 ] [ 4 0 0 0 ] [....]
  9719 - [ 00000001 ][ 0.000000 ] [ 1 ] [ 1 0 ] [ 1 0 0 0 ] [....]
  9720 - [ 00000000 ][ 0.000000 ] [ 0 ] [ 0 0 ] [ 0 0 0 0 ] [....]
  9721 - [ 46a6fb80 ][ 21373.750000 ] [ 1185348480 ] [ 64384 18086 ] [ 128 251 166 70 ] [...F]
  9722 - [ c3070000 ][ -135.000000 ] [ 3272015872 ] [ 0 49927 ] [ 0 0 7 195 ] [....]
  9723 - [ 4690ec00 ][ 18550.000000 ] [ 1183902720 ] [ 60416 18064 ] [ 0 236 144 70 ] [...F]
  9724 - [ 3f800000 ][ 1.000000 ] [ 1065353216 ] [ 0 16256 ] [ 0 0 128 63 ] [...?]
  9725 - [ 46a6fb80 ][ 21373.750000 ] [ 1185348480 ] [ 64384 18086 ] [ 128 251 166 70 ] [...F]
  9726 - [ c36d8000 ][ -237.500000 ] [ 3278733312 ] [ 32768 50029 ] [ 0 128 109 195 ] [..m.]
  9727 - [ 4690ec00 ][ 18550.000000 ] [ 1183902720 ] [ 60416 18064 ] [ 0 236 144 70 ] [...F]
  9728 - [ 3f800000 ][ 1.000000 ] [ 1065353216 ] [ 0 16256 ] [ 0 0 128 63 ] [...?]
  9729 - [ 46a58c9a ][ 21190.300781 ] [ 1185254554 ] [ 35994 18085 ] [ 154 140 165 70 ] [...F]
  9730 - [ c36d8000 ][ -237.500000 ] [ 3278733312 ] [ 32768 50029 ] [ 0 128 109 195 ] [..m.]
  9731 - [ 4690ec00 ][ 18550.000000 ] [ 1183902720 ] [ 60416 18064 ] [ 0 236 144 70 ] [...F]
  9732 - [ 3f800000 ][ 1.000000 ] [ 1065353216 ] [ 0 16256 ] [ 0 0 128 63 ] [...?]
  9733 - [ 46a58c9a ][ 21190.300781 ] [ 1185254554 ] [ 35994 18085 ] [ 154 140 165 70 ] [...F]
  9734 - [ c3070000 ][ -135.000000 ] [ 3272015872 ] [ 0 49927 ] [ 0 0 7 195 ] [....]
  9735 - [ 4690ec00 ][ 18550.000000 ] [ 1183902720 ] [ 60416 18064 ] [ 0 236 144 70 ] [...F]
  9736 - [ 3f800000 ][ 1.000000 ] [ 1065353216 ] [ 0 16256 ] [ 0 0 128 63 ] [...?]
  9737 - [ 00000101 ][ 0.000000 ] [ 257 ] [ 257 0 ] [ 1 1 0 0 ] [....]
  9738 - [ 00000004 ][ 0.000000 ] [ 4 ] [ 4 0 ] [ 4 0 0 0 ] [....]
  9739 - [ 00000001 ][ 0.000000 ] [ 1 ] [ 1 0 ] [ 1 0 0 0 ] [....]
  9740 - [ 00000000 ][ 0.000000 ] [ 0 ] [ 0 0 ] [ 0 0 0 0 ] [....]
  9741 - [ 46a58c9a ][ 21190.300781 ] [ 1185254554 ] [ 35994 18085 ] [ 154 140 165 70 ] [...F]
  9742 - [ c3070000 ][ -135.000000 ] [ 3272015872 ] [ 0 49927 ] [ 0 0 7 195 ] [....]
  9743 - [ 468e9e00 ][ 18255.000000 ] [ 1183751680 ] [ 40448 18062 ] [ 0 158 142 70 ] [...F]
  9744 - [ 3f800000 ][ 1.000000 ] [ 1065353216 ] [ 0 16256 ] [ 0 0 128 63 ] [...?]
  9745 - [ 46a58c9a ][ 21190.300781 ] [ 1185254554 ] [ 35994 18085 ] [ 154 140 165 70 ] [...F]
  9746 - [ c36d8000 ][ -237.500000 ] [ 3278733312 ] [ 32768 50029 ] [ 0 128 109 195 ] [..m.]
  9747 - [ 468e9e00 ][ 18255.000000 ] [ 1183751680 ] [ 40448 18062 ] [ 0 158 142 70 ] [...F]
  9748 - [ 3f800000 ][ 1.000000 ] [ 1065353216 ] [ 0 16256 ] [ 0 0 128 63 ] [...?]
  9749 - [ 46a6fb80 ][ 21373.750000 ] [ 1185348480 ] [ 64384 18086 ] [ 128 251 166 70 ] [...F]
  9750 - [ c36d8000 ][ -237.500000 ] [ 3278733312 ] [ 32768 50029 ] [ 0 128 109 195 ] [..m.]
  9751 - [ 468e9e00 ][ 18255.000000 ] [ 1183751680 ] [ 40448 18062 ] [ 0 158 142 70 ] [...F]
  9752 - [ 3f800000 ][ 1.000000 ] [ 1065353216 ] [ 0 16256 ] [ 0 0 128 63 ] [...?]
  9753 - [ 46a6fb80 ][ 21373.750000 ] [ 1185348480 ] [ 64384 18086 ] [ 128 251 166 70 ] [...F]
  9754 - [ c3070000 ][ -135.000000 ] [ 3272015872 ] [ 0 49927 ] [ 0 0 7 195 ] [....]
  9755 - [ 468e9e00 ][ 18255.000000 ] [ 1183751680 ] [ 40448 18062 ] [ 0 158 142 70 ] [...F]
  9756 - [ 3f800000 ][ 1.000000 ] [ 1065353216 ] [ 0 16256 ] [ 0 0 128 63 ] [...?]
  9757 - [ 00000101 ][ 0.000000 ] [ 257 ] [ 257 0 ] [ 1 1 0 0 ] [....]
  9758 - [ 00000004 ][ 0.000000 ] [ 4 ] [ 4 0 ] [ 4 0 0 0 ] [....]
  9759 - [ 00000001 ][ 0.000000 ] [ 1 ] [ 1 0 ] [ 1 0 0 0 ] [....]
  9760 - [ 00000000 ][ 0.000000 ] [ 0 ] [ 0 0 ] [ 0 0 0 0 ] [....]
  9761 - [ 46a6fb80 ][ 21373.750000 ] [ 1185348480 ] [ 64384 18086 ] [ 128 251 166 70 ] [...F]
  9762 - [ c3070000 ][ -135.000000 ] [ 3272015872 ] [ 0 49927 ] [ 0 0 7 195 ] [....]
  9763 - [ 468e9e00 ][ 18255.000000 ] [ 1183751680 ] [ 40448 18062 ] [ 0 158 142 70 ] [...F]
  9764 - [ 3f800000 ][ 1.000000 ] [ 1065353216 ] [ 0 16256 ] [ 0 0 128 63 ] [...?]
  9765 - [ 46a6fb80 ][ 21373.750000 ] [ 1185348480 ] [ 64384 18086 ] [ 128 251 166 70 ] [...F]
  9766 - [ c36d8000 ][ -237.500000 ] [ 3278733312 ] [ 32768 50029 ] [ 0 128 109 195 ] [..m.]
  9767 - [ 468e9e00 ][ 18255.000000 ] [ 1183751680 ] [ 40448 18062 ] [ 0 158 142 70 ] [...F]
  9768 - [ 3f800000 ][ 1.000000 ] [ 1065353216 ] [ 0 16256 ] [ 0 0 128 63 ] [...?]
  9769 - [ 46a6fb80 ][ 21373.750000 ] [ 1185348480 ] [ 64384 18086 ] [ 128 251 166 70 ] [...F]
  9770 - [ c36d8000 ][ -237.500000 ] [ 3278733312 ] [ 32768 50029 ] [ 0 128 109 195 ] [..m.]
  9771 - [ 4690ec00 ][ 18550.000000 ] [ 1183902720 ] [ 60416 18064 ] [ 0 236 144 70 ] [...F]
  9772 - [ 3f800000 ][ 1.000000 ] [ 1065353216 ] [ 0 16256 ] [ 0 0 128 63 ] [...?]
  9773 - [ 46a6fb80 ][ 21373.750000 ] [ 1185348480 ] [ 64384 18086 ] [ 128 251 166 70 ] [...F]
  9774 - [ c3070000 ][ -135.000000 ] [ 3272015872 ] [ 0 49927 ] [ 0 0 7 195 ] [....]
  9775 - [ 4690ec00 ][ 18550.000000 ] [ 1183902720 ] [ 60416 18064 ] [ 0 236 144 70 ] [...F]
  9776 - [ 3f800000 ][ 1.000000 ] [ 1065353216 ] [ 0 16256 ] [ 0 0 128 63 ] [...?]
  9777 - [ 00000101 ][ 0.000000 ] [ 257 ] [ 257 0 ] [ 1 1 0 0 ] [....]
  9778 - [ 00000004 ][ 0.000000 ] [ 4 ] [ 4 0 ] [ 4 0 0 0 ] [....]
  9779 - [ 00000001 ][ 0.000000 ] [ 1 ] [ 1 0 ] [ 1 0 0 0 ] [....]
  9780 - [ 00000000 ][ 0.000000 ] [ 0 ] [ 0 0 ] [ 0 0 0 0 ] [....]
  9781 - [ 46a58c9a ][ 21190.300781 ] [ 1185254554 ] [ 35994 18085 ] [ 154 140 165 70 ] [...F]
  9782 - [ c3070000 ][ -135.000000 ] [ 3272015872 ] [ 0 49927 ] [ 0 0 7 195 ] [....]
  9783 - [ 4690ec00 ][ 18550.000000 ] [ 1183902720 ] [ 60416 18064 ] [ 0 236 144 70 ] [...F]
  9784 - [ 3f800000 ][ 1.000000 ] [ 1065353216 ] [ 0 16256 ] [ 0 0 128 63 ] [...?]
  9785 - [ 46a58c9a ][ 21190.300781 ] [ 1185254554 ] [ 35994 18085 ] [ 154 140 165 70 ] [...F]
  9786 - [ c36d8000 ][ -237.500000 ] [ 3278733312 ] [ 32768 50029 ] [ 0 128 109 195 ] [..m.]
  9787 - [ 4690ec00 ][ 18550.000000 ] [ 1183902720 ] [ 60416 18064 ] [ 0 236 144 70 ] [...F]
  9788 - [ 3f800000 ][ 1.000000 ] [ 1065353216 ] [ 0 16256 ] [ 0 0 128 63 ] [...?]
  9789 - [ 46a58c9a ][ 21190.300781 ] [ 1185254554 ] [ 35994 18085 ] [ 154 140 165 70 ] [...F]
  9790 - [ c36d8000 ][ -237.500000 ] [ 3278733312 ] [ 32768 50029 ] [ 0 128 109 195 ] [..m.]
  9791 - [ 468e9e00 ][ 18255.000000 ] [ 1183751680 ] [ 40448 18062 ] [ 0 158 142 70 ] [...F]
  9792 - [ 3f800000 ][ 1.000000 ] [ 1065353216 ] [ 0 16256 ] [ 0 0 128 63 ] [...?]
  9793 - [ 46a58c9a ][ 21190.300781 ] [ 1185254554 ] [ 35994 18085 ] [ 154 140 165 70 ] [...F]
  9794 - [ c3070000 ][ -135.000000 ] [ 3272015872 ] [ 0 49927 ] [ 0 0 7 195 ] [....]
  9795 - [ 468e9e00 ][ 18255.000000 ] [ 1183751680 ] [ 40448 18062 ] [ 0 158 142 70 ] [...F]
  9796 - [ 3f800000 ][ 1.000000 ] [ 1065353216 ] [ 0 16256 ] [ 0 0 128 63 ] [...?]
  9797 - [ 00000101 ][ 0.000000 ] [ 257 ] [ 257 0 ] [ 1 1 0 0 ] [....]
  9798 - [ 00000004 ][ 0.000000 ] [ 4 ] [ 4 0 ] [ 4 0 0 0 ] [....]
  9799 - [ 00000001 ][ 0.000000 ] [ 1 ] [ 1 0 ] [ 1 0 0 0 ] [....]
  9800 - [ 00000000 ][ 0.000000 ] [ 0 ] [ 0 0 ] [ 0 0 0 0 ] [....]
  9801 - [ 46aa8c00 ][ 21830.000000 ] [ 1185582080 ] [ 35840 18090 ] [ 0 140 170 70 ] [...F]
  9802 - [ c3ac8000 ][ -345.000000 ] [ 3282862080 ] [ 32768 50092 ] [ 0 128 172 195 ] [....]
  9803 - [ 468e9e00 ][ 18255.000000 ] [ 1183751680 ] [ 40448 18062 ] [ 0 158 142 70 ] [...F]
  9804 - [ 3f800000 ][ 1.000000 ] [ 1065353216 ] [ 0 16256 ] [ 0 0 128 63 ] [...?]
  9805 - [ 46aa8c00 ][ 21830.000000 ] [ 1185582080 ] [ 35840 18090 ] [ 0 140 170 70 ] [...F]
  9806 - [ c3ec4010 ][ -472.500488 ] [ 3287040016 ] [ 16400 50156 ] [ 16 64 236 195 ] [.@..]
  9807 - [ 468e9e00 ][ 18255.000000 ] [ 1183751680 ] [ 40448 18062 ] [ 0 158 142 70 ] [...F]
  9808 - [ 3f800000 ][ 1.000000 ] [ 1065353216 ] [ 0 16256 ] [ 0 0 128 63 ] [...?]
  9809 - [ 46aa8c00 ][ 21830.000000 ] [ 1185582080 ] [ 35840 18090 ] [ 0 140 170 70 ] [...F]
  9810 - [ c3ec4010 ][ -472.500488 ] [ 3287040016 ] [ 16400 50156 ] [ 16 64 236 195 ] [.@..]
  9811 - [ 46909200 ][ 18505.000000 ] [ 1183879680 ] [ 37376 18064 ] [ 0 146 144 70 ] [...F]
  9812 - [ 3f800000 ][ 1.000000 ] [ 1065353216 ] [ 0 16256 ] [ 0 0 128 63 ] [...?]
  9813 - [ 46aa8c00 ][ 21830.000000 ] [ 1185582080 ] [ 35840 18090 ] [ 0 140 170 70 ] [...F]
  9814 - [ c3ac8000 ][ -345.000000 ] [ 3282862080 ] [ 32768 50092 ] [ 0 128 172 195 ] [....]
  9815 - [ 46909200 ][ 18505.000000 ] [ 1183879680 ] [ 37376 18064 ] [ 0 146 144 70 ] [...F]
  9816 - [ 3f800000 ][ 1.000000 ] [ 1065353216 ] [ 0 16256 ] [ 0 0 128 63 ] [...?]
  9817 - [ 00000101 ][ 0.000000 ] [ 257 ] [ 257 0 ] [ 1 1 0 0 ] [....]
  9818 - [ 00000004 ][ 0.000000 ] [ 4 ] [ 4 0 ] [ 4 0 0 0 ] [....]
  9819 - [ 00000001 ][ 0.000000 ] [ 1 ] [ 1 0 ] [ 1 0 0 0 ] [....]
  9820 - [ 00000000 ][ 0.000000 ] [ 0 ] [ 0 0 ] [ 0 0 0 0 ] [....]
  9821 - [ 46a87f00 ][ 21567.500000 ] [ 1185447680 ] [ 32512 18088 ] [ 0 127 168 70 ] [...F]
  9822 - [ c3ac8000 ][ -345.000000 ] [ 3282862080 ] [ 32768 50092 ] [ 0 128 172 195 ] [....]
  9823 - [ 468e9e00 ][ 18255.000000 ] [ 1183751680 ] [ 40448 18062 ] [ 0 158 142 70 ] [...F]
  9824 - [ 3f800000 ][ 1.000000 ] [ 1065353216 ] [ 0 16256 ] [ 0 0 128 63 ] [...?]
  9825 - [ 46a87f00 ][ 21567.500000 ] [ 1185447680 ] [ 32512 18088 ] [ 0 127 168 70 ] [...F]
  9826 - [ c3ec4010 ][ -472.500488 ] [ 3287040016 ] [ 16400 50156 ] [ 16 64 236 195 ] [.@..]
  9827 - [ 468e9e00 ][ 18255.000000 ] [ 1183751680 ] [ 40448 18062 ] [ 0 158 142 70 ] [...F]
  9828 - [ 3f800000 ][ 1.000000 ] [ 1065353216 ] [ 0 16256 ] [ 0 0 128 63 ] [...?]
  9829 - [ 46aa8c00 ][ 21830.000000 ] [ 1185582080 ] [ 35840 18090 ] [ 0 140 170 70 ] [...F]
  9830 - [ c3ec4010 ][ -472.500488 ] [ 3287040016 ] [ 16400 50156 ] [ 16 64 236 195 ] [.@..]
  9831 - [ 468e9e00 ][ 18255.000000 ] [ 1183751680 ] [ 40448 18062 ] [ 0 158 142 70 ] [...F]
  9832 - [ 3f800000 ][ 1.000000 ] [ 1065353216 ] [ 0 16256 ] [ 0 0 128 63 ] [...?]
  9833 - [ 46aa8c00 ][ 21830.000000 ] [ 1185582080 ] [ 35840 18090 ] [ 0 140 170 70 ] [...F]
  9834 - [ c3ac8000 ][ -345.000000 ] [ 3282862080 ] [ 32768 50092 ] [ 0 128 172 195 ] [....]
  9835 - [ 468e9e00 ][ 18255.000000 ] [ 1183751680 ] [ 40448 18062 ] [ 0 158 142 70 ] [...F]
  9836 - [ 3f800000 ][ 1.000000 ] [ 1065353216 ] [ 0 16256 ] [ 0 0 128 63 ] [...?]
  9837 - [ 00000101 ][ 0.000000 ] [ 257 ] [ 257 0 ] [ 1 1 0 0 ] [....]
  9838 - [ 00000004 ][ 0.000000 ] [ 4 ] [ 4 0 ] [ 4 0 0 0 ] [....]
  9839 - [ 00000001 ][ 0.000000 ] [ 1 ] [ 1 0 ] [ 1 0 0 0 ] [....]
  9840 - [ 00000000 ][ 0.000000 ] [ 0 ] [ 0 0 ] [ 0 0 0 0 ] [....]
  9841 - [ 46a87f00 ][ 21567.500000 ] [ 1185447680 ] [ 32512 18088 ] [ 0 127 168 70 ] [...F]
  9842 - [ c3ac8000 ][ -345.000000 ] [ 3282862080 ] [ 32768 50092 ] [ 0 128 172 195 ] [....]
  9843 - [ 46909200 ][ 18505.000000 ] [ 1183879680 ] [ 37376 18064 ] [ 0 146 144 70 ] [...F]
  9844 - [ 3f800000 ][ 1.000000 ] [ 1065353216 ] [ 0 16256 ] [ 0 0 128 63 ] [...?]
  9845 - [ 46a87f00 ][ 21567.500000 ] [ 1185447680 ] [ 32512 18088 ] [ 0 127 168 70 ] [...F]
  9846 - [ c3ec4010 ][ -472.500488 ] [ 3287040016 ] [ 16400 50156 ] [ 16 64 236 195 ] [.@..]
  9847 - [ 46909200 ][ 18505.000000 ] [ 1183879680 ] [ 37376 18064 ] [ 0 146 144 70 ] [...F]
  9848 - [ 3f800000 ][ 1.000000 ] [ 1065353216 ] [ 0 16256 ] [ 0 0 128 63 ] [...?]
  9849 - [ 46a87f00 ][ 21567.500000 ] [ 1185447680 ] [ 32512 18088 ] [ 0 127 168 70 ] [...F]
  9850 - [ c3ec4010 ][ -472.500488 ] [ 3287040016 ] [ 16400 50156 ] [ 16 64 236 195 ] [.@..]
  9851 - [ 468e9e00 ][ 18255.000000 ] [ 1183751680 ] [ 40448 18062 ] [ 0 158 142 70 ] [...F]
  9852 - [ 3f800000 ][ 1.000000 ] [ 1065353216 ] [ 0 16256 ] [ 0 0 128 63 ] [...?]
  9853 - [ 46a87f00 ][ 21567.500000 ] [ 1185447680 ] [ 32512 18088 ] [ 0 127 168 70 ] [...F]
  9854 - [ c3ac8000 ][ -345.000000 ] [ 3282862080 ] [ 32768 50092 ] [ 0 128 172 195 ] [....]
  9855 - [ 468e9e00 ][ 18255.000000 ] [ 1183751680 ] [ 40448 18062 ] [ 0 158 142 70 ] [...F]
  9856 - [ 3f800000 ][ 1.000000 ] [ 1065353216 ] [ 0 16256 ] [ 0 0 128 63 ] [...?]
  9857 - [ 00000101 ][ 0.000000 ] [ 257 ] [ 257 0 ] [ 1 1 0 0 ] [....]
  9858 - [ 00000004 ][ 0.000000 ] [ 4 ] [ 4 0 ] [ 4 0 0 0 ] [....]
  9859 - [ 00000001 ][ 0.000000 ] [ 1 ] [ 1 0 ] [ 1 0 0 0 ] [....]
  9860 - [ 00000000 ][ 0.000000 ] [ 0 ] [ 0 0 ] [ 0 0 0 0 ] [....]
  9861 - [ 46aa8c00 ][ 21830.000000 ] [ 1185582080 ] [ 35840 18090 ] [ 0 140 170 70 ] [...F]
  9862 - [ c3ac8000 ][ -345.000000 ] [ 3282862080 ] [ 32768 50092 ] [ 0 128 172 195 ] [....]
  9863 - [ 46909200 ][ 18505.000000 ] [ 1183879680 ] [ 37376 18064 ] [ 0 146 144 70 ] [...F]
  9864 - [ 3f800000 ][ 1.000000 ] [ 1065353216 ] [ 0 16256 ] [ 0 0 128 63 ] [...?]
  9865 - [ 46aa8c00 ][ 21830.000000 ] [ 1185582080 ] [ 35840 18090 ] [ 0 140 170 70 ] [...F]
  9866 - [ c3ec4010 ][ -472.500488 ] [ 3287040016 ] [ 16400 50156 ] [ 16 64 236 195 ] [.@..]
  9867 - [ 46909200 ][ 18505.000000 ] [ 1183879680 ] [ 37376 18064 ] [ 0 146 144 70 ] [...F]
  9868 - [ 3f800000 ][ 1.000000 ] [ 1065353216 ] [ 0 16256 ] [ 0 0 128 63 ] [...?]
  9869 - [ 46a87f00 ][ 21567.500000 ] [ 1185447680 ] [ 32512 18088 ] [ 0 127 168 70 ] [...F]
  9870 - [ c3ec4010 ][ -472.500488 ] [ 3287040016 ] [ 16400 50156 ] [ 16 64 236 195 ] [.@..]
  9871 - [ 46909200 ][ 18505.000000 ] [ 1183879680 ] [ 37376 18064 ] [ 0 146 144 70 ] [...F]
  9872 - [ 3f800000 ][ 1.000000 ] [ 1065353216 ] [ 0 16256 ] [ 0 0 128 63 ] [...?]
  9873 - [ 46a87f00 ][ 21567.500000 ] [ 1185447680 ] [ 32512 18088 ] [ 0 127 168 70 ] [...F]
  9874 - [ c3ac8000 ][ -345.000000 ] [ 3282862080 ] [ 32768 50092 ] [ 0 128 172 195 ] [....]
  9875 - [ 46909200 ][ 18505.000000 ] [ 1183879680 ] [ 37376 18064 ] [ 0 146 144 70 ] [...F]
  9876 - [ 3f800000 ][ 1.000000 ] [ 1065353216 ] [ 0 16256 ] [ 0 0 128 63 ] [...?]
  9877 - [ 00000101 ][ 0.000000 ] [ 257 ] [ 257 0 ] [ 1 1 0 0 ] [....]
  9878 - [ 00000004 ][ 0.000000 ] [ 4 ] [ 4 0 ] [ 4 0 0 0 ] [....]
  9879 - [ 00000001 ][ 0.000000 ] [ 1 ] [ 1 0 ] [ 1 0 0 0 ] [....]
  9880 - [ 00000000 ][ 0.000000 ] [ 0 ] [ 0 0 ] [ 0 0 0 0 ] [....]
  9881 - [ 46a7ee00 ][ 21495.000000 ] [ 1185410560 ] [ 60928 18087 ] [ 0 238 167 70 ] [...F]
  9882 - [ c4bb8000 ][ -1500.000000 ] [ 3300622336 ] [ 32768 50363 ] [ 0 128 187 196 ] [....]
  9883 - [ 4694ca00 ][ 19045.000000 ] [ 1184156160 ] [ 51712 18068 ] [ 0 202 148 70 ] [...F]
  9884 - [ 3f800000 ][ 1.000000 ] [ 1065353216 ] [ 0 16256 ] [ 0 0 128 63 ] [...?]
  9885 - [ 46a7ee00 ][ 21495.000000 ] [ 1185410560 ] [ 60928 18087 ] [ 0 238 167 70 ] [...F]
  9886 - [ 80000000 ][ -0.000000 ] [ 2147483648 ] [ 0 32768 ] [ 0 0 0 128 ] [....]
  9887 - [ 4694ca00 ][ 19045.000000 ] [ 1184156160 ] [ 51712 18068 ] [ 0 202 148 70 ] [...F]
  9888 - [ 3f800000 ][ 1.000000 ] [ 1065353216 ] [ 0 16256 ] [ 0 0 128 63 ] [...?]
  9889 - [ 46a79400 ][ 21450.000000 ] [ 1185387520 ] [ 37888 18087 ] [ 0 148 167 70 ] [...F]
  9890 - [ 80000000 ][ -0.000000 ] [ 2147483648 ] [ 0 32768 ] [ 0 0 0 128 ] [....]
  9891 - [ 4695ce00 ][ 19175.000000 ] [ 1184222720 ] [ 52736 18069 ] [ 0 206 149 70 ] [...F]
  9892 - [ 3f800000 ][ 1.000000 ] [ 1065353216 ] [ 0 16256 ] [ 0 0 128 63 ] [...?]
  9893 - [ 46a79400 ][ 21450.000000 ] [ 1185387520 ] [ 37888 18087 ] [ 0 148 167 70 ] [...F]
  9894 - [ c4bb8000 ][ -1500.000000 ] [ 3300622336 ] [ 32768 50363 ] [ 0 128 187 196 ] [....]
  9895 - [ 4695ce00 ][ 19175.000000 ] [ 1184222720 ] [ 52736 18069 ] [ 0 206 149 70 ] [...F]
  9896 - [ 3f800000 ][ 1.000000 ] [ 1065353216 ] [ 0 16256 ] [ 0 0 128 63 ] [...?]
  9897 - [ 00000101 ][ 0.000000 ] [ 257 ] [ 257 0 ] [ 1 1 0 0 ] [....]
  9898 - [ 00000004 ][ 0.000000 ] [ 4 ] [ 4 0 ] [ 4 0 0 0 ] [....]
  9899 - [ 00000001 ][ 0.000000 ] [ 1 ] [ 1 0 ] [ 1 0 0 0 ] [....]
  9900 - [ 00000000 ][ 0.000000 ] [ 0 ] [ 0 0 ] [ 0 0 0 0 ] [....]
  9901 - [ 46a05a00 ][ 20525.000000 ] [ 1184913920 ] [ 23040 18080 ] [ 0 90 160 70 ] [.Z.F]
  9902 - [ 37cb2007 ][ 0.000024 ] [ 936058887 ] [ 8199 14283 ] [ 7 32 203 55 ] [...7]
  9903 - [ 4695ce00 ][ 19175.000000 ] [ 1184222720 ] [ 52736 18069 ] [ 0 206 149 70 ] [...F]
  9904 - [ 3f800000 ][ 1.000000 ] [ 1065353216 ] [ 0 16256 ] [ 0 0 128 63 ] [...?]
  9905 - [ 46a05a00 ][ 20525.000000 ] [ 1184913920 ] [ 23040 18080 ] [ 0 90 160 70 ] [.Z.F]
  9906 - [ c4bb8000 ][ -1500.000000 ] [ 3300622336 ] [ 32768 50363 ] [ 0 128 187 196 ] [....]
  9907 - [ 4695ce00 ][ 19175.000000 ] [ 1184222720 ] [ 52736 18069 ] [ 0 206 149 70 ] [...F]
  9908 - [ 3f800000 ][ 1.000000 ] [ 1065353216 ] [ 0 16256 ] [ 0 0 128 63 ] [...?]
  9909 - [ 46a79400 ][ 21450.000000 ] [ 1185387520 ] [ 37888 18087 ] [ 0 148 167 70 ] [...F]
  9910 - [ c4bb8000 ][ -1500.000000 ] [ 3300622336 ] [ 32768 50363 ] [ 0 128 187 196 ] [....]
  9911 - [ 4695ce00 ][ 19175.000000 ] [ 1184222720 ] [ 52736 18069 ] [ 0 206 149 70 ] [...F]
  9912 - [ 3f800000 ][ 1.000000 ] [ 1065353216 ] [ 0 16256 ] [ 0 0 128 63 ] [...?]
  9913 - [ 46a79400 ][ 21450.000000 ] [ 1185387520 ] [ 37888 18087 ] [ 0 148 167 70 ] [...F]
  9914 - [ 80000000 ][ -0.000000 ] [ 2147483648 ] [ 0 32768 ] [ 0 0 0 128 ] [....]
  9915 - [ 4695ce00 ][ 19175.000000 ] [ 1184222720 ] [ 52736 18069 ] [ 0 206 149 70 ] [...F]
  9916 - [ 3f800000 ][ 1.000000 ] [ 1065353216 ] [ 0 16256 ] [ 0 0 128 63 ] [...?]
  9917 - [ 00000101 ][ 0.000000 ] [ 257 ] [ 257 0 ] [ 1 1 0 0 ] [....]
  9918 - [ 00000004 ][ 0.000000 ] [ 4 ] [ 4 0 ] [ 4 0 0 0 ] [....]
  9919 - [ 00000080 ][ 0.000000 ] [ 128 ] [ 128 0 ] [ 128 0 0 0 ] [....]
  9920 - [ 00000000 ][ 0.000000 ] [ 0 ] [ 0 0 ] [ 0 0 0 0 ] [....]
  9921 - [ 46be914d ][ 24392.650391 ] [ 1186894157 ] [ 37197 18110 ] [ 77 145 190 70 ] [M..F]
  9922 - [ 37ca429f ][ 0.000024 ] [ 936002207 ] [ 17055 14282 ] [ 159 66 202 55 ] [.B.7]
  9923 - [ 468bdc9a ][ 17902.300781 ] [ 1183571098 ] [ 56474 18059 ] [ 154 220 139 70 ] [...F]
  9924 - [ 3f800000 ][ 1.000000 ] [ 1065353216 ] [ 0 16256 ] [ 0 0 128 63 ] [...?]
  9925 - [ 46be914d ][ 24392.650391 ] [ 1186894157 ] [ 37197 18110 ] [ 77 145 190 70 ] [M..F]
  9926 - [ c4778000 ][ -990.000000 ] [ 3296165888 ] [ 32768 50295 ] [ 0 128 119 196 ] [..w.]
  9927 - [ 468bdc9a ][ 17902.300781 ] [ 1183571098 ] [ 56474 18059 ] [ 154 220 139 70 ] [...F]
  9928 - [ 3f800000 ][ 1.000000 ] [ 1065353216 ] [ 0 16256 ] [ 0 0 128 63 ] [...?]
  9929 - [ 46bd3d80 ][ 24222.750000 ] [ 1186807168 ] [ 15744 18109 ] [ 128 61 189 70 ] [.=.F]
  9930 - [ c4778000 ][ -990.000000 ] [ 3296165888 ] [ 32768 50295 ] [ 0 128 119 196 ] [..w.]
  9931 - [ 468be51a ][ 17906.550781 ] [ 1183573274 ] [ 58650 18059 ] [ 26 229 139 70 ] [...F]
  9932 - [ 3f800000 ][ 1.000000 ] [ 1065353216 ] [ 0 16256 ] [ 0 0 128 63 ] [...?]
  9933 - [ 46bd3d80 ][ 24222.750000 ] [ 1186807168 ] [ 15744 18109 ] [ 128 61 189 70 ] [.=.F]
  9934 - [ 3811519c ][ 0.000035 ] [ 940659100 ] [ 20892 14353 ] [ 156 81 17 56 ] [.Q.8]
  9935 - [ 468be51a ][ 17906.550781 ] [ 1183573274 ] [ 58650 18059 ] [ 26 229 139 70 ] [...F]
  9936 - [ 3f800000 ][ 1.000000 ] [ 1065353216 ] [ 0 16256 ] [ 0 0 128 63 ] [...?]
  9937 - [ 00000101 ][ 0.000000 ] [ 257 ] [ 257 0 ] [ 1 1 0 0 ] [....]
  9938 - [ 00000004 ][ 0.000000 ] [ 4 ] [ 4 0 ] [ 4 0 0 0 ] [....]
  9939 - [ 00000080 ][ 0.000000 ] [ 128 ] [ 128 0 ] [ 128 0 0 0 ] [....]
  9940 - [ 00000000 ][ 0.000000 ] [ 0 ] [ 0 0 ] [ 0 0 0 0 ] [....]
  9941 - [ 46bd3d80 ][ 24222.750000 ] [ 1186807168 ] [ 15744 18109 ] [ 128 61 189 70 ] [.=.F]
  9942 - [ 3811519c ][ 0.000035 ] [ 940659100 ] [ 20892 14353 ] [ 156 81 17 56 ] [.Q.8]
  9943 - [ 468be51a ][ 17906.550781 ] [ 1183573274 ] [ 58650 18059 ] [ 26 229 139 70 ] [...F]
  9944 - [ 3f800000 ][ 1.000000 ] [ 1065353216 ] [ 0 16256 ] [ 0 0 128 63 ] [...?]
  9945 - [ 46bd3d80 ][ 24222.750000 ] [ 1186807168 ] [ 15744 18109 ] [ 128 61 189 70 ] [.=.F]
  9946 - [ c4778000 ][ -990.000000 ] [ 3296165888 ] [ 32768 50295 ] [ 0 128 119 196 ] [..w.]
  9947 - [ 468be51a ][ 17906.550781 ] [ 1183573274 ] [ 58650 18059 ] [ 26 229 139 70 ] [...F]
  9948 - [ 3f800000 ][ 1.000000 ] [ 1065353216 ] [ 0 16256 ] [ 0 0 128 63 ] [...?]
  9949 - [ 46bd2866 ][ 24212.199219 ] [ 1186801766 ] [ 10342 18109 ] [ 102 40 189 70 ] [f(.F]
  9950 - [ c4778000 ][ -990.000000 ] [ 3296165888 ] [ 32768 50295 ] [ 0 128 119 196 ] [..w.]
  9951 - [ 46878fe6 ][ 17351.949219 ] [ 1183289318 ] [ 36838 18055 ] [ 230 143 135 70 ] [...F]
  9952 - [ 3f800000 ][ 1.000000 ] [ 1065353216 ] [ 0 16256 ] [ 0 0 128 63 ] [...?]
  9953 - [ 46bd2866 ][ 24212.199219 ] [ 1186801766 ] [ 10342 18109 ] [ 102 40 189 70 ] [f(.F]
  9954 - [ 3811519c ][ 0.000035 ] [ 940659100 ] [ 20892 14353 ] [ 156 81 17 56 ] [.Q.8]
  9955 - [ 46878fe6 ][ 17351.949219 ] [ 1183289318 ] [ 36838 18055 ] [ 230 143 135 70 ] [...F]
  9956 - [ 3f800000 ][ 1.000000 ] [ 1065353216 ] [ 0 16256 ] [ 0 0 128 63 ] [...?]
  9957 - [ 00000101 ][ 0.000000 ] [ 257 ] [ 257 0 ] [ 1 1 0 0 ] [....]
  9958 - [ 00000004 ][ 0.000000 ] [ 4 ] [ 4 0 ] [ 4 0 0 0 ] [....]
  9959 - [ 00000080 ][ 0.000000 ] [ 128 ] [ 128 0 ] [ 128 0 0 0 ] [....]
  9960 - [ 00000000 ][ 0.000000 ] [ 0 ] [ 0 0 ] [ 0 0 0 0 ] [....]
  9961 - [ 46bbee00 ][ 24055.000000 ] [ 1186721280 ] [ 60928 18107 ] [ 0 238 187 70 ] [...F]
  9962 - [ 3a103cfa ][ 0.000550 ] [ 974142714 ] [ 15610 14864 ] [ 250 60 16 58 ] [.<.:]
  9963 - [ 46869c00 ][ 17230.000000 ] [ 1183226880 ] [ 39936 18054 ] [ 0 156 134 70 ] [...F]
  9964 - [ 3f800000 ][ 1.000000 ] [ 1065353216 ] [ 0 16256 ] [ 0 0 128 63 ] [...?]
  9965 - [ 46bbee00 ][ 24055.000000 ] [ 1186721280 ] [ 60928 18107 ] [ 0 238 187 70 ] [...F]
  9966 - [ c39b0031 ][ -310.001495 ] [ 3281715249 ] [ 49 50075 ] [ 49 0 155 195 ] [1...]
  9967 - [ 46869c00 ][ 17230.000000 ] [ 1183226880 ] [ 39936 18054 ] [ 0 156 134 70 ] [...F]
  9968 - [ 3f800000 ][ 1.000000 ] [ 1065353216 ] [ 0 16256 ] [ 0 0 128 63 ] [...?]
  9969 - [ 46bbe400 ][ 24050.000000 ] [ 1186718720 ] [ 58368 18107 ] [ 0 228 187 70 ] [...F]
  9970 - [ c39b0031 ][ -310.001495 ] [ 3281715249 ] [ 49 50075 ] [ 49 0 155 195 ] [1...]
  9971 - [ 46880400 ][ 17410.000000 ] [ 1183319040 ] [ 1024 18056 ] [ 0 4 136 70 ] [...F]
  9972 - [ 3f800000 ][ 1.000000 ] [ 1065353216 ] [ 0 16256 ] [ 0 0 128 63 ] [...?]
  9973 - [ 46bbe400 ][ 24050.000000 ] [ 1186718720 ] [ 58368 18107 ] [ 0 228 187 70 ] [...F]
  9974 - [ 3a103cfa ][ 0.000550 ] [ 974142714 ] [ 15610 14864 ] [ 250 60 16 58 ] [.<.:]
  9975 - [ 46880400 ][ 17410.000000 ] [ 1183319040 ] [ 1024 18056 ] [ 0 4 136 70 ] [...F]
  9976 - [ 3f800000 ][ 1.000000 ] [ 1065353216 ] [ 0 16256 ] [ 0 0 128 63 ] [...?]
  9977 - [ 00000101 ][ 0.000000 ] [ 257 ] [ 257 0 ] [ 1 1 0 0 ] [....]
  9978 - [ 00000004 ][ 0.000000 ] [ 4 ] [ 4 0 ] [ 4 0 0 0 ] [....]
  9979 - [ 00000080 ][ 0.000000 ] [ 128 ] [ 128 0 ] [ 128 0 0 0 ] [....]
  9980 - [ 00000000 ][ 0.000000 ] [ 0 ] [ 0 0 ] [ 0 0 0 0 ] [....]
  9981 - [ 46b9f000 ][ 23800.000000 ] [ 1186590720 ] [ 61440 18105 ] [ 0 240 185 70 ] [...F]
  9982 - [ 3a103cfa ][ 0.000550 ] [ 974142714 ] [ 15610 14864 ] [ 250 60 16 58 ] [.<.:]
  9983 - [ 4687f500 ][ 17402.500000 ] [ 1183315200 ] [ 62720 18055 ] [ 0 245 135 70 ] [...F]
  9984 - [ 3f800000 ][ 1.000000 ] [ 1065353216 ] [ 0 16256 ] [ 0 0 128 63 ] [...?]
  9985 - [ 46b9f000 ][ 23800.000000 ] [ 1186590720 ] [ 61440 18105 ] [ 0 240 185 70 ] [...F]
  9986 - [ c3d20031 ][ -420.001495 ] [ 3285319729 ] [ 49 50130 ] [ 49 0 210 195 ] [1...]
  9987 - [ 4687f500 ][ 17402.500000 ] [ 1183315200 ] [ 62720 18055 ] [ 0 245 135 70 ] [...F]
  9988 - [ 3f800000 ][ 1.000000 ] [ 1065353216 ] [ 0 16256 ] [ 0 0 128 63 ] [...?]
  9989 - [ 46b7fc00 ][ 23550.000000 ] [ 1186462720 ] [ 64512 18103 ] [ 0 252 183 70 ] [...F]
  9990 - [ c3d20031 ][ -420.001495 ] [ 3285319729 ] [ 49 50130 ] [ 49 0 210 195 ] [1...]
  9991 - [ 4687e600 ][ 17395.000000 ] [ 1183311360 ] [ 58880 18055 ] [ 0 230 135 70 ] [...F]
  9992 - [ 3f800000 ][ 1.000000 ] [ 1065353216 ] [ 0 16256 ] [ 0 0 128 63 ] [...?]
  9993 - [ 46b7fc00 ][ 23550.000000 ] [ 1186462720 ] [ 64512 18103 ] [ 0 252 183 70 ] [...F]
  9994 - [ 3a103cfa ][ 0.000550 ] [ 974142714 ] [ 15610 14864 ] [ 250 60 16 58 ] [.<.:]
  9995 - [ 4687e600 ][ 17395.000000 ] [ 1183311360 ] [ 58880 18055 ] [ 0 230 135 70 ] [...F]
  9996 - [ 3f800000 ][ 1.000000 ] [ 1065353216 ] [ 0 16256 ] [ 0 0 128 63 ] [...?]
  9997 - [ 00000101 ][ 0.000000 ] [ 257 ] [ 257 0 ] [ 1 1 0 0 ] [....]
  9998 - [ 00000004 ][ 0.000000 ] [ 4 ] [ 4 0 ] [ 4 0 0 0 ] [....]
  9999 - [ 00000080 ][ 0.000000 ] [ 128 ] [ 128 0 ] [ 128 0 0 0 ] [....]
 10000 - [ 00000000 ][ 0.000000 ] [ 0 ] [ 0 0 ] [ 0 0 0 0 ] [....]
 10001 - [ 46b7fc00 ][ 23550.000000 ] [ 1186462720 ] [ 64512 18103 ] [ 0 252 183 70 ] [...F]
 10002 - [ 3a103cfa ][ 0.000550 ] [ 974142714 ] [ 15610 14864 ] [ 250 60 16 58 ] [.<.:]
 10003 - [ 4687e600 ][ 17395.000000 ] [ 1183311360 ] [ 58880 18055 ] [ 0 230 135 70 ] [...F]
 10004 - [ 3f800000 ][ 1.000000 ] [ 1065353216 ] [ 0 16256 ] [ 0 0 128 63 ] [...?]
 10005 - [ 46b7fc00 ][ 23550.000000 ] [ 1186462720 ] [ 64512 18103 ] [ 0 252 183 70 ] [...F]
 10006 - [ c3d20031 ][ -420.001495 ] [ 3285319729 ] [ 49 50130 ] [ 49 0 210 195 ] [1...]
 10007 - [ 4687e600 ][ 17395.000000 ] [ 1183311360 ] [ 58880 18055 ] [ 0 230 135 70 ] [...F]
 10008 - [ 3f800000 ][ 1.000000 ] [ 1065353216 ] [ 0 16256 ] [ 0 0 128 63 ] [...?]
 10009 - [ 46b7fc00 ][ 23550.000000 ] [ 1186462720 ] [ 64512 18103 ] [ 0 252 183 70 ] [...F]
 10010 - [ c3d20031 ][ -420.001495 ] [ 3285319729 ] [ 49 50130 ] [ 49 0 210 195 ] [1...]
 10011 - [ 46869200 ][ 17225.000000 ] [ 1183224320 ] [ 37376 18054 ] [ 0 146 134 70 ] [...F]
 10012 - [ 3f800000 ][ 1.000000 ] [ 1065353216 ] [ 0 16256 ] [ 0 0 128 63 ] [...?]
 10013 - [ 46b7fc00 ][ 23550.000000 ] [ 1186462720 ] [ 64512 18103 ] [ 0 252 183 70 ] [...F]
 10014 - [ 3a103cfa ][ 0.000550 ] [ 974142714 ] [ 15610 14864 ] [ 250 60 16 58 ] [.<.:]
 10015 - [ 46869200 ][ 17225.000000 ] [ 1183224320 ] [ 37376 18054 ] [ 0 146 134 70 ] [...F]
 10016 - [ 3f800000 ][ 1.000000 ] [ 1065353216 ] [ 0 16256 ] [ 0 0 128 63 ] [...?]
 10017 - [ 00000101 ][ 0.000000 ] [ 257 ] [ 257 0 ] [ 1 1 0 0 ] [....]
 10018 - [ 00000004 ][ 0.000000 ] [ 4 ] [ 4 0 ] [ 4 0 0 0 ] [....]
 10019 - [ 00000001 ][ 0.000000 ] [ 1 ] [ 1 0 ] [ 1 0 0 0 ] [....]
 10020 - [ 00000000 ][ 0.000000 ] [ 0 ] [ 0 0 ] [ 0 0 0 0 ] [....]
 10021 - [ 46a05a00 ][ 20525.000000 ] [ 1184913920 ] [ 23040 18080 ] [ 0 90 160 70 ] [.Z.F]
 10022 - [ c4bb8000 ][ -1500.000000 ] [ 3300622336 ] [ 32768 50363 ] [ 0 128 187 196 ] [....]
 10023 - [ 4695ce00 ][ 19175.000000 ] [ 1184222720 ] [ 52736 18069 ] [ 0 206 149 70 ] [...F]
 10024 - [ 3f800000 ][ 1.000000 ] [ 1065353216 ] [ 0 16256 ] [ 0 0 128 63 ] [...?]
 10025 - [ 46a05a00 ][ 20525.000000 ] [ 1184913920 ] [ 23040 18080 ] [ 0 90 160 70 ] [.Z.F]
 10026 - [ 37cb2007 ][ 0.000024 ] [ 936058887 ] [ 8199 14283 ] [ 7 32 203 55 ] [...7]
 10027 - [ 4695ce00 ][ 19175.000000 ] [ 1184222720 ] [ 52736 18069 ] [ 0 206 149 70 ] [...F]
 10028 - [ 3f800000 ][ 1.000000 ] [ 1065353216 ] [ 0 16256 ] [ 0 0 128 63 ] [...?]
 10029 - [ 46a05a00 ][ 20525.000000 ] [ 1184913920 ] [ 23040 18080 ] [ 0 90 160 70 ] [.Z.F]
 10030 - [ 37cb2007 ][ 0.000024 ] [ 936058887 ] [ 8199 14283 ] [ 7 32 203 55 ] [...7]
 10031 - [ 468ef800 ][ 18300.000000 ] [ 1183774720 ] [ 63488 18062 ] [ 0 248 142 70 ] [...F]
 10032 - [ 3f800000 ][ 1.000000 ] [ 1065353216 ] [ 0 16256 ] [ 0 0 128 63 ] [...?]
 10033 - [ 46a05a00 ][ 20525.000000 ] [ 1184913920 ] [ 23040 18080 ] [ 0 90 160 70 ] [.Z.F]
 10034 - [ c4bb8000 ][ -1500.000000 ] [ 3300622336 ] [ 32768 50363 ] [ 0 128 187 196 ] [....]
 10035 - [ 468ef800 ][ 18300.000000 ] [ 1183774720 ] [ 63488 18062 ] [ 0 248 142 70 ] [...F]
 10036 - [ 3f800000 ][ 1.000000 ] [ 1065353216 ] [ 0 16256 ] [ 0 0 128 63 ] [...?]
 10037 - [ 00000101 ][ 0.000000 ] [ 257 ] [ 257 0 ] [ 1 1 0 0 ] [....]
 10038 - [ 00000004 ][ 0.000000 ] [ 4 ] [ 4 0 ] [ 4 0 0 0 ] [....]
 10039 - [ 00000100 ][ 0.000000 ] [ 256 ] [ 256 0 ] [ 0 1 0 0 ] [....]
 10040 - [ 00000000 ][ 0.000000 ] [ 0 ] [ 0 0 ] [ 0 0 0 0 ] [....]
 10041 - [ 46bc7a00 ][ 24125.000000 ] [ 1186757120 ] [ 31232 18108 ] [ 0 122 188 70 ] [.z.F]
 10042 - [ 80000000 ][ -0.000000 ] [ 2147483648 ] [ 0 32768 ] [ 0 0 0 128 ] [....]
 10043 - [ 468d9a00 ][ 18125.000000 ] [ 1183685120 ] [ 39424 18061 ] [ 0 154 141 70 ] [...F]
 10044 - [ 3f800000 ][ 1.000000 ] [ 1065353216 ] [ 0 16256 ] [ 0 0 128 63 ] [...?]
 10045 - [ 46bc7a00 ][ 24125.000000 ] [ 1186757120 ] [ 31232 18108 ] [ 0 122 188 70 ] [.z.F]
 10046 - [ c35c0000 ][ -220.000000 ] [ 3277586432 ] [ 0 50012 ] [ 0 0 92 195 ] [..\.]
 10047 - [ 468d9a00 ][ 18125.000000 ] [ 1183685120 ] [ 39424 18061 ] [ 0 154 141 70 ] [...F]
 10048 - [ 3f800000 ][ 1.000000 ] [ 1065353216 ] [ 0 16256 ] [ 0 0 128 63 ] [...?]
 10049 - [ 46bc7a00 ][ 24125.000000 ] [ 1186757120 ] [ 31232 18108 ] [ 0 122 188 70 ] [.z.F]
 10050 - [ c35c0000 ][ -220.000000 ] [ 3277586432 ] [ 0 50012 ] [ 0 0 92 195 ] [..\.]
 10051 - [ 46959c00 ][ 19150.000000 ] [ 1184209920 ] [ 39936 18069 ] [ 0 156 149 70 ] [...F]
 10052 - [ 3f800000 ][ 1.000000 ] [ 1065353216 ] [ 0 16256 ] [ 0 0 128 63 ] [...?]
 10053 - [ 46bc7a00 ][ 24125.000000 ] [ 1186757120 ] [ 31232 18108 ] [ 0 122 188 70 ] [.z.F]
 10054 - [ 80000000 ][ -0.000000 ] [ 2147483648 ] [ 0 32768 ] [ 0 0 0 128 ] [....]
 10055 - [ 46959c00 ][ 19150.000000 ] [ 1184209920 ] [ 39936 18069 ] [ 0 156 149 70 ] [...F]
 10056 - [ 3f800000 ][ 1.000000 ] [ 1065353216 ] [ 0 16256 ] [ 0 0 128 63 ] [...?]
 10057 - [ 00000101 ][ 0.000000 ] [ 257 ] [ 257 0 ] [ 1 1 0 0 ] [....]
 10058 - [ 00000004 ][ 0.000000 ] [ 4 ] [ 4 0 ] [ 4 0 0 0 ] [....]
 10059 - [ 00000100 ][ 0.000000 ] [ 256 ] [ 256 0 ] [ 0 1 0 0 ] [....]
 10060 - [ 00000000 ][ 0.000000 ] [ 0 ] [ 0 0 ] [ 0 0 0 0 ] [....]
 10061 - [ 46b76600 ][ 23475.000000 ] [ 1186424320 ] [ 26112 18103 ] [ 0 102 183 70 ] [.f.F]
 10062 - [ 80000000 ][ -0.000000 ] [ 2147483648 ] [ 0 32768 ] [ 0 0 0 128 ] [....]
 10063 - [ 468d9a00 ][ 18125.000000 ] [ 1183685120 ] [ 39424 18061 ] [ 0 154 141 70 ] [...F]
 10064 - [ 3f800000 ][ 1.000000 ] [ 1065353216 ] [ 0 16256 ] [ 0 0 128 63 ] [...?]
 10065 - [ 46b76600 ][ 23475.000000 ] [ 1186424320 ] [ 26112 18103 ] [ 0 102 183 70 ] [.f.F]
 10066 - [ c35c0000 ][ -220.000000 ] [ 3277586432 ] [ 0 50012 ] [ 0 0 92 195 ] [..\.]
 10067 - [ 468d9a00 ][ 18125.000000 ] [ 1183685120 ] [ 39424 18061 ] [ 0 154 141 70 ] [...F]
 10068 - [ 3f800000 ][ 1.000000 ] [ 1065353216 ] [ 0 16256 ] [ 0 0 128 63 ] [...?]
 10069 - [ 46bc7a00 ][ 24125.000000 ] [ 1186757120 ] [ 31232 18108 ] [ 0 122 188 70 ] [.z.F]
 10070 - [ c35c0000 ][ -220.000000 ] [ 3277586432 ] [ 0 50012 ] [ 0 0 92 195 ] [..\.]
 10071 - [ 468d9a00 ][ 18125.000000 ] [ 1183685120 ] [ 39424 18061 ] [ 0 154 141 70 ] [...F]
 10072 - [ 3f800000 ][ 1.000000 ] [ 1065353216 ] [ 0 16256 ] [ 0 0 128 63 ] [...?]
 10073 - [ 46bc7a00 ][ 24125.000000 ] [ 1186757120 ] [ 31232 18108 ] [ 0 122 188 70 ] [.z.F]
 10074 - [ 80000000 ][ -0.000000 ] [ 2147483648 ] [ 0 32768 ] [ 0 0 0 128 ] [....]
 10075 - [ 468d9a00 ][ 18125.000000 ] [ 1183685120 ] [ 39424 18061 ] [ 0 154 141 70 ] [...F]
 10076 - [ 3f800000 ][ 1.000000 ] [ 1065353216 ] [ 0 16256 ] [ 0 0 128 63 ] [...?]
 10077 - [ 00000101 ][ 0.000000 ] [ 257 ] [ 257 0 ] [ 1 1 0 0 ] [....]
 10078 - [ 00000004 ][ 0.000000 ] [ 4 ] [ 4 0 ] [ 4 0 0 0 ] [....]
 10079 - [ 00000100 ][ 0.000000 ] [ 256 ] [ 256 0 ] [ 0 1 0 0 ] [....]
 10080 - [ 00000000 ][ 0.000000 ] [ 0 ] [ 0 0 ] [ 0 0 0 0 ] [....]
 10081 - [ 46b76600 ][ 23475.000000 ] [ 1186424320 ] [ 26112 18103 ] [ 0 102 183 70 ] [.f.F]
 10082 - [ b7f0ebbb ][ -0.000029 ] [ 3086019515 ] [ 60347 47088 ] [ 187 235 240 183 ] [....]
 10083 - [ 46959c00 ][ 19150.000000 ] [ 1184209920 ] [ 39936 18069 ] [ 0 156 149 70 ] [...F]
 10084 - [ 3f800000 ][ 1.000000 ] [ 1065353216 ] [ 0 16256 ] [ 0 0 128 63 ] [...?]
 10085 - [ 46b76600 ][ 23475.000000 ] [ 1186424320 ] [ 26112 18103 ] [ 0 102 183 70 ] [.f.F]
 10086 - [ c35c0021 ][ -220.000504 ] [ 3277586465 ] [ 33 50012 ] [ 33 0 92 195 ] [!.\.]
 10087 - [ 46959c00 ][ 19150.000000 ] [ 1184209920 ] [ 39936 18069 ] [ 0 156 149 70 ] [...F]
 10088 - [ 3f800000 ][ 1.000000 ] [ 1065353216 ] [ 0 16256 ] [ 0 0 128 63 ] [...?]
 10089 - [ 46b76600 ][ 23475.000000 ] [ 1186424320 ] [ 26112 18103 ] [ 0 102 183 70 ] [.f.F]
 10090 - [ c35c0000 ][ -220.000000 ] [ 3277586432 ] [ 0 50012 ] [ 0 0 92 195 ] [..\.]
 10091 - [ 468d9a00 ][ 18125.000000 ] [ 1183685120 ] [ 39424 18061 ] [ 0 154 141 70 ] [...F]
 10092 - [ 3f800000 ][ 1.000000 ] [ 1065353216 ] [ 0 16256 ] [ 0 0 128 63 ] [...?]
 10093 - [ 46b76600 ][ 23475.000000 ] [ 1186424320 ] [ 26112 18103 ] [ 0 102 183 70 ] [.f.F]
 10094 - [ 80000000 ][ -0.000000 ] [ 2147483648 ] [ 0 32768 ] [ 0 0 0 128 ] [....]
 10095 - [ 468d9a00 ][ 18125.000000 ] [ 1183685120 ] [ 39424 18061 ] [ 0 154 141 70 ] [...F]
 10096 - [ 3f800000 ][ 1.000000 ] [ 1065353216 ] [ 0 16256 ] [ 0 0 128 63 ] [...?]
 10097 - [ 00000101 ][ 0.000000 ] [ 257 ] [ 257 0 ] [ 1 1 0 0 ] [....]
 10098 - [ 00000004 ][ 0.000000 ] [ 4 ] [ 4 0 ] [ 4 0 0 0 ] [....]
 10099 - [ 00000080 ][ 0.000000 ] [ 128 ] [ 128 0 ] [ 128 0 0 0 ] [....]
 10100 - [ 00000000 ][ 0.000000 ] [ 0 ] [ 0 0 ] [ 0 0 0 0 ] [....]
 10101 - [ 46b3b780 ][ 23003.750000 ] [ 1186183040 ] [ 46976 18099 ] [ 128 183 179 70 ] [...F]
 10102 - [ c3f28031 ][ -485.001495 ] [ 3287449649 ] [ 32817 50162 ] [ 49 128 242 195 ] [1...]
 10103 - [ 46934900 ][ 18852.500000 ] [ 1184057600 ] [ 18688 18067 ] [ 0 73 147 70 ] [.I.F]
 10104 - [ 3f800000 ][ 1.000000 ] [ 1065353216 ] [ 0 16256 ] [ 0 0 128 63 ] [...?]
 10105 - [ 46b3b780 ][ 23003.750000 ] [ 1186183040 ] [ 46976 18099 ] [ 128 183 179 70 ] [...F]
 10106 - [ 39a9d379 ][ 0.000324 ] [ 967431033 ] [ 54137 14761 ] [ 121 211 169 57 ] [y..9]
 10107 - [ 46934900 ][ 18852.500000 ] [ 1184057600 ] [ 18688 18067 ] [ 0 73 147 70 ] [.I.F]
 10108 - [ 3f800000 ][ 1.000000 ] [ 1065353216 ] [ 0 16256 ] [ 0 0 128 63 ] [...?]
 10109 - [ 46b24300 ][ 22817.500000 ] [ 1186087680 ] [ 17152 18098 ] [ 0 67 178 70 ] [.C.F]
 10110 - [ 39a9d379 ][ 0.000324 ] [ 967431033 ] [ 54137 14761 ] [ 121 211 169 57 ] [y..9]
 10111 - [ 4692f400 ][ 18810.000000 ] [ 1184035840 ] [ 62464 18066 ] [ 0 244 146 70 ] [...F]
 10112 - [ 3f800000 ][ 1.000000 ] [ 1065353216 ] [ 0 16256 ] [ 0 0 128 63 ] [...?]
 10113 - [ 46b24300 ][ 22817.500000 ] [ 1186087680 ] [ 17152 18098 ] [ 0 67 178 70 ] [.C.F]
 10114 - [ c3f28031 ][ -485.001495 ] [ 3287449649 ] [ 32817 50162 ] [ 49 128 242 195 ] [1...]
 10115 - [ 4692f400 ][ 18810.000000 ] [ 1184035840 ] [ 62464 18066 ] [ 0 244 146 70 ] [...F]
 10116 - [ 3f800000 ][ 1.000000 ] [ 1065353216 ] [ 0 16256 ] [ 0 0 128 63 ] [...?]
 10117 - [ 00000101 ][ 0.000000 ] [ 257 ] [ 257 0 ] [ 1 1 0 0 ] [....]
 10118 - [ 00000004 ][ 0.000000 ] [ 4 ] [ 4 0 ] [ 4 0 0 0 ] [....]
 10119 - [ 00000080 ][ 0.000000 ] [ 128 ] [ 128 0 ] [ 128 0 0 0 ] [....]
 10120 - [ 00000000 ][ 0.000000 ] [ 0 ] [ 0 0 ] [ 0 0 0 0 ] [....]
 10121 - [ 46b52c00 ][ 23190.000000 ] [ 1186278400 ] [ 11264 18101 ] [ 0 44 181 70 ] [.,.F]
 10122 - [ 39a9d379 ][ 0.000324 ] [ 967431033 ] [ 54137 14761 ] [ 121 211 169 57 ] [y..9]
 10123 - [ 46939e00 ][ 18895.000000 ] [ 1184079360 ] [ 40448 18067 ] [ 0 158 147 70 ] [...F]
 10124 - [ 3f800000 ][ 1.000000 ] [ 1065353216 ] [ 0 16256 ] [ 0 0 128 63 ] [...?]
 10125 - [ 46b52c00 ][ 23190.000000 ] [ 1186278400 ] [ 11264 18101 ] [ 0 44 181 70 ] [.,.F]
 10126 - [ c3ca8021 ][ -405.001007 ] [ 3284828193 ] [ 32801 50122 ] [ 33 128 202 195 ] [!...]
 10127 - [ 46939e00 ][ 18895.000000 ] [ 1184079360 ] [ 40448 18067 ] [ 0 158 147 70 ] [...F]
 10128 - [ 3f800000 ][ 1.000000 ] [ 1065353216 ] [ 0 16256 ] [ 0 0 128 63 ] [...?]
 10129 - [ 46b52200 ][ 23185.000000 ] [ 1186275840 ] [ 8704 18101 ] [ 0 34 181 70 ] [.".F]
 10130 - [ c3ca8021 ][ -405.001007 ] [ 3284828193 ] [ 32801 50122 ] [ 33 128 202 195 ] [!...]
 10131 - [ 4695ec00 ][ 19190.000000 ] [ 1184230400 ] [ 60416 18069 ] [ 0 236 149 70 ] [...F]
 10132 - [ 3f800000 ][ 1.000000 ] [ 1065353216 ] [ 0 16256 ] [ 0 0 128 63 ] [...?]
 10133 - [ 46b52200 ][ 23185.000000 ] [ 1186275840 ] [ 8704 18101 ] [ 0 34 181 70 ] [.".F]
 10134 - [ 39a9d379 ][ 0.000324 ] [ 967431033 ] [ 54137 14761 ] [ 121 211 169 57 ] [y..9]
 10135 - [ 4695ec00 ][ 19190.000000 ] [ 1184230400 ] [ 60416 18069 ] [ 0 236 149 70 ] [...F]
 10136 - [ 3f800000 ][ 1.000000 ] [ 1065353216 ] [ 0 16256 ] [ 0 0 128 63 ] [...?]
 10137 - [ 00000101 ][ 0.000000 ] [ 257 ] [ 257 0 ] [ 1 1 0 0 ] [....]
 10138 - [ 00000004 ][ 0.000000 ] [ 4 ] [ 4 0 ] [ 4 0 0 0 ] [....]
 10139 - [ 00000080 ][ 0.000000 ] [ 128 ] [ 128 0 ] [ 128 0 0 0 ] [....]
 10140 - [ 00000000 ][ 0.000000 ] [ 0 ] [ 0 0 ] [ 0 0 0 0 ] [....]
 10141 - [ 46b52c00 ][ 23190.000000 ] [ 1186278400 ] [ 11264 18101 ] [ 0 44 181 70 ] [.,.F]
 10142 - [ c3ca8021 ][ -405.001007 ] [ 3284828193 ] [ 32801 50122 ] [ 33 128 202 195 ] [!...]
 10143 - [ 46939e00 ][ 18895.000000 ] [ 1184079360 ] [ 40448 18067 ] [ 0 158 147 70 ] [...F]
 10144 - [ 3f800000 ][ 1.000000 ] [ 1065353216 ] [ 0 16256 ] [ 0 0 128 63 ] [...?]
 10145 - [ 46b14e00 ][ 22695.000000 ] [ 1186024960 ] [ 19968 18097 ] [ 0 78 177 70 ] [.N.F]
 10146 - [ c3ca8021 ][ -405.001007 ] [ 3284828193 ] [ 32801 50122 ] [ 33 128 202 195 ] [!...]
 10147 - [ 46938a00 ][ 18885.000000 ] [ 1184074240 ] [ 35328 18067 ] [ 0 138 147 70 ] [...F]
 10148 - [ 3f800000 ][ 1.000000 ] [ 1065353216 ] [ 0 16256 ] [ 0 0 128 63 ] [...?]
 10149 - [ 46b14400 ][ 22690.000000 ] [ 1186022400 ] [ 17408 18097 ] [ 0 68 177 70 ] [.D.F]
 10150 - [ c3ca8021 ][ -405.001007 ] [ 3284828193 ] [ 32801 50122 ] [ 33 128 202 195 ] [!...]
 10151 - [ 4695e200 ][ 19185.000000 ] [ 1184227840 ] [ 57856 18069 ] [ 0 226 149 70 ] [...F]
 10152 - [ 3f800000 ][ 1.000000 ] [ 1065353216 ] [ 0 16256 ] [ 0 0 128 63 ] [...?]
 10153 - [ 46b52200 ][ 23185.000000 ] [ 1186275840 ] [ 8704 18101 ] [ 0 34 181 70 ] [.".F]
 10154 - [ c3ca8021 ][ -405.001007 ] [ 3284828193 ] [ 32801 50122 ] [ 33 128 202 195 ] [!...]
 10155 - [ 4695ec00 ][ 19190.000000 ] [ 1184230400 ] [ 60416 18069 ] [ 0 236 149 70 ] [...F]
 10156 - [ 3f800000 ][ 1.000000 ] [ 1065353216 ] [ 0 16256 ] [ 0 0 128 63 ] [...?]
 10157 - [ 00000101 ][ 0.000000 ] [ 257 ] [ 257 0 ] [ 1 1 0 0 ] [....]
 10158 - [ 00000004 ][ 0.000000 ] [ 4 ] [ 4 0 ] [ 4 0 0 0 ] [....]
 10159 - [ 00000080 ][ 0.000000 ] [ 128 ] [ 128 0 ] [ 128 0 0 0 ] [....]
 10160 - [ 00000000 ][ 0.000000 ] [ 0 ] [ 0 0 ] [ 0 0 0 0 ] [....]
 10161 - [ 46b14400 ][ 22690.000000 ] [ 1186022400 ] [ 17408 18097 ] [ 0 68 177 70 ] [.D.F]
 10162 - [ 39a9d379 ][ 0.000324 ] [ 967431033 ] [ 54137 14761 ] [ 121 211 169 57 ] [y..9]
 10163 - [ 4695e200 ][ 19185.000000 ] [ 1184227840 ] [ 57856 18069 ] [ 0 226 149 70 ] [...F]
 10164 - [ 3f800000 ][ 1.000000 ] [ 1065353216 ] [ 0 16256 ] [ 0 0 128 63 ] [...?]
 10165 - [ 46b14400 ][ 22690.000000 ] [ 1186022400 ] [ 17408 18097 ] [ 0 68 177 70 ] [.D.F]
 10166 - [ c3ca8021 ][ -405.001007 ] [ 3284828193 ] [ 32801 50122 ] [ 33 128 202 195 ] [!...]
 10167 - [ 4695e200 ][ 19185.000000 ] [ 1184227840 ] [ 57856 18069 ] [ 0 226 149 70 ] [...F]
 10168 - [ 3f800000 ][ 1.000000 ] [ 1065353216 ] [ 0 16256 ] [ 0 0 128 63 ] [...?]
 10169 - [ 46b14e00 ][ 22695.000000 ] [ 1186024960 ] [ 19968 18097 ] [ 0 78 177 70 ] [.N.F]
 10170 - [ c3ca8021 ][ -405.001007 ] [ 3284828193 ] [ 32801 50122 ] [ 33 128 202 195 ] [!...]
 10171 - [ 46938a00 ][ 18885.000000 ] [ 1184074240 ] [ 35328 18067 ] [ 0 138 147 70 ] [...F]
 10172 - [ 3f800000 ][ 1.000000 ] [ 1065353216 ] [ 0 16256 ] [ 0 0 128 63 ] [...?]
 10173 - [ 46b14e00 ][ 22695.000000 ] [ 1186024960 ] [ 19968 18097 ] [ 0 78 177 70 ] [.N.F]
 10174 - [ 39a9d379 ][ 0.000324 ] [ 967431033 ] [ 54137 14761 ] [ 121 211 169 57 ] [y..9]
 10175 - [ 46938a00 ][ 18885.000000 ] [ 1184074240 ] [ 35328 18067 ] [ 0 138 147 70 ] [...F]
 10176 - [ 3f800000 ][ 1.000000 ] [ 1065353216 ] [ 0 16256 ] [ 0 0 128 63 ] [...?]
 10177 - [ 00000101 ][ 0.000000 ] [ 257 ] [ 257 0 ] [ 1 1 0 0 ] [....]
 10178 - [ 00000004 ][ 0.000000 ] [ 4 ] [ 4 0 ] [ 4 0 0 0 ] [....]
 10179 - [ 00000080 ][ 0.000000 ] [ 128 ] [ 128 0 ] [ 128 0 0 0 ] [....]
 10180 - [ 00000000 ][ 0.000000 ] [ 0 ] [ 0 0 ] [ 0 0 0 0 ] [....]
 10181 - [ 46b3b780 ][ 23003.750000 ] [ 1186183040 ] [ 46976 18099 ] [ 128 183 179 70 ] [...F]
 10182 - [ 39a9d379 ][ 0.000324 ] [ 967431033 ] [ 54137 14761 ] [ 121 211 169 57 ] [y..9]
 10183 - [ 46934900 ][ 18852.500000 ] [ 1184057600 ] [ 18688 18067 ] [ 0 73 147 70 ] [.I.F]
 10184 - [ 3f800000 ][ 1.000000 ] [ 1065353216 ] [ 0 16256 ] [ 0 0 128 63 ] [...?]
 10185 - [ 46b3b780 ][ 23003.750000 ] [ 1186183040 ] [ 46976 18099 ] [ 128 183 179 70 ] [...F]
 10186 - [ c3f28031 ][ -485.001495 ] [ 3287449649 ] [ 32817 50162 ] [ 49 128 242 195 ] [1...]
 10187 - [ 46934900 ][ 18852.500000 ] [ 1184057600 ] [ 18688 18067 ] [ 0 73 147 70 ] [.I.F]
 10188 - [ 3f800000 ][ 1.000000 ] [ 1065353216 ] [ 0 16256 ] [ 0 0 128 63 ] [...?]
 10189 - [ 46b52c00 ][ 23190.000000 ] [ 1186278400 ] [ 11264 18101 ] [ 0 44 181 70 ] [.,.F]
 10190 - [ c3ca8021 ][ -405.001007 ] [ 3284828193 ] [ 32801 50122 ] [ 33 128 202 195 ] [!...]
 10191 - [ 46939e00 ][ 18895.000000 ] [ 1184079360 ] [ 40448 18067 ] [ 0 158 147 70 ] [...F]
 10192 - [ 3f800000 ][ 1.000000 ] [ 1065353216 ] [ 0 16256 ] [ 0 0 128 63 ] [...?]
 10193 - [ 46b52c00 ][ 23190.000000 ] [ 1186278400 ] [ 11264 18101 ] [ 0 44 181 70 ] [.,.F]
 10194 - [ 39a9d379 ][ 0.000324 ] [ 967431033 ] [ 54137 14761 ] [ 121 211 169 57 ] [y..9]
 10195 - [ 46939e00 ][ 18895.000000 ] [ 1184079360 ] [ 40448 18067 ] [ 0 158 147 70 ] [...F]
 10196 - [ 3f800000 ][ 1.000000 ] [ 1065353216 ] [ 0 16256 ] [ 0 0 128 63 ] [...?]
 10197 - [ 00000101 ][ 0.000000 ] [ 257 ] [ 257 0 ] [ 1 1 0 0 ] [....]
 10198 - [ 00000004 ][ 0.000000 ] [ 4 ] [ 4 0 ] [ 4 0 0 0 ] [....]
 10199 - [ 00000080 ][ 0.000000 ] [ 128 ] [ 128 0 ] [ 128 0 0 0 ] [....]
 10200 - [ 00000000 ][ 0.000000 ] [ 0 ] [ 0 0 ] [ 0 0 0 0 ] [....]
 10201 - [ 46b70a4d ][ 23429.150391 ] [ 1186400845 ] [ 2637 18103 ] [ 77 10 183 70 ] [M..F]
 10202 - [ 39567404 ][ 0.000205 ] [ 961967108 ] [ 29700 14678 ] [ 4 116 86 57 ] [.tV9]
 10203 - [ 46878780 ][ 17347.750000 ] [ 1183287168 ] [ 34688 18055 ] [ 128 135 135 70 ] [...F]
 10204 - [ 3f800000 ][ 1.000000 ] [ 1065353216 ] [ 0 16256 ] [ 0 0 128 63 ] [...?]
 10205 - [ 46b70a4d ][ 23429.150391 ] [ 1186400845 ] [ 2637 18103 ] [ 77 10 183 70 ] [M..F]
 10206 - [ c3cf8031 ][ -415.001495 ] [ 3285155889 ] [ 32817 50127 ] [ 49 128 207 195 ] [1...]
 10207 - [ 46878780 ][ 17347.750000 ] [ 1183287168 ] [ 34688 18055 ] [ 128 135 135 70 ] [...F]
 10208 - [ 3f800000 ][ 1.000000 ] [ 1065353216 ] [ 0 16256 ] [ 0 0 128 63 ] [...?]
 10209 - [ 46b5674d ][ 23219.650391 ] [ 1186293581 ] [ 26445 18101 ] [ 77 103 181 70 ] [Mg.F]
 10210 - [ c3cf8031 ][ -415.001495 ] [ 3285155889 ] [ 32817 50127 ] [ 49 128 207 195 ] [1...]
 10211 - [ 46879ee6 ][ 17359.449219 ] [ 1183293158 ] [ 40678 18055 ] [ 230 158 135 70 ] [...F]
 10212 - [ 3f800000 ][ 1.000000 ] [ 1065353216 ] [ 0 16256 ] [ 0 0 128 63 ] [...?]
 10213 - [ 46b5674d ][ 23219.650391 ] [ 1186293581 ] [ 26445 18101 ] [ 77 103 181 70 ] [Mg.F]
 10214 - [ 39567404 ][ 0.000205 ] [ 961967108 ] [ 29700 14678 ] [ 4 116 86 57 ] [.tV9]
 10215 - [ 46879ee6 ][ 17359.449219 ] [ 1183293158 ] [ 40678 18055 ] [ 230 158 135 70 ] [...F]
 10216 - [ 3f800000 ][ 1.000000 ] [ 1065353216 ] [ 0 16256 ] [ 0 0 128 63 ] [...?]
 10217 - [ 00000101 ][ 0.000000 ] [ 257 ] [ 257 0 ] [ 1 1 0 0 ] [....]
 10218 - [ 00000004 ][ 0.000000 ] [ 4 ] [ 4 0 ] [ 4 0 0 0 ] [....]
 10219 - [ 00000080 ][ 0.000000 ] [ 128 ] [ 128 0 ] [ 128 0 0 0 ] [....]
 10220 - [ 00000000 ][ 0.000000 ] [ 0 ] [ 0 0 ] [ 0 0 0 0 ] [....]
 10221 - [ 46b5674d ][ 23219.650391 ] [ 1186293581 ] [ 26445 18101 ] [ 77 103 181 70 ] [Mg.F]
 10222 - [ 39567404 ][ 0.000205 ] [ 961967108 ] [ 29700 14678 ] [ 4 116 86 57 ] [.tV9]
 10223 - [ 46879ee6 ][ 17359.449219 ] [ 1183293158 ] [ 40678 18055 ] [ 230 158 135 70 ] [...F]
 10224 - [ 3f800000 ][ 1.000000 ] [ 1065353216 ] [ 0 16256 ] [ 0 0 128 63 ] [...?]
 10225 - [ 46b5674d ][ 23219.650391 ] [ 1186293581 ] [ 26445 18101 ] [ 77 103 181 70 ] [Mg.F]
 10226 - [ c3cf8031 ][ -415.001495 ] [ 3285155889 ] [ 32817 50127 ] [ 49 128 207 195 ] [1...]
 10227 - [ 46879ee6 ][ 17359.449219 ] [ 1183293158 ] [ 40678 18055 ] [ 230 158 135 70 ] [...F]
 10228 - [ 3f800000 ][ 1.000000 ] [ 1065353216 ] [ 0 16256 ] [ 0 0 128 63 ] [...?]
 10229 - [ 46b55400 ][ 23210.000000 ] [ 1186288640 ] [ 21504 18101 ] [ 0 84 181 70 ] [.T.F]
 10230 - [ c3cf8031 ][ -415.001495 ] [ 3285155889 ] [ 32817 50127 ] [ 49 128 207 195 ] [1...]
 10231 - [ 46867400 ][ 17210.000000 ] [ 1183216640 ] [ 29696 18054 ] [ 0 116 134 70 ] [.t.F]
 10232 - [ 3f800000 ][ 1.000000 ] [ 1065353216 ] [ 0 16256 ] [ 0 0 128 63 ] [...?]
 10233 - [ 46b55400 ][ 23210.000000 ] [ 1186288640 ] [ 21504 18101 ] [ 0 84 181 70 ] [.T.F]
 10234 - [ 39567404 ][ 0.000205 ] [ 961967108 ] [ 29700 14678 ] [ 4 116 86 57 ] [.tV9]
 10235 - [ 46867400 ][ 17210.000000 ] [ 1183216640 ] [ 29696 18054 ] [ 0 116 134 70 ] [.t.F]
 10236 - [ 3f800000 ][ 1.000000 ] [ 1065353216 ] [ 0 16256 ] [ 0 0 128 63 ] [...?]
 10237 - [ 00000101 ][ 0.000000 ] [ 257 ] [ 257 0 ] [ 1 1 0 0 ] [....]
 10238 - [ 00000004 ][ 0.000000 ] [ 4 ] [ 4 0 ] [ 4 0 0 0 ] [....]
 10239 - [ 00000080 ][ 0.000000 ] [ 128 ] [ 128 0 ] [ 128 0 0 0 ] [....]
 10240 - [ 00000000 ][ 0.000000 ] [ 0 ] [ 0 0 ] [ 0 0 0 0 ] [....]
 10241 - [ 46b24300 ][ 22817.500000 ] [ 1186087680 ] [ 17152 18098 ] [ 0 67 178 70 ] [.C.F]
 10242 - [ c3f28031 ][ -485.001495 ] [ 3287449649 ] [ 32817 50162 ] [ 49 128 242 195 ] [1...]
 10243 - [ 4692f400 ][ 18810.000000 ] [ 1184035840 ] [ 62464 18066 ] [ 0 244 146 70 ] [...F]
 10244 - [ 3f800000 ][ 1.000000 ] [ 1065353216 ] [ 0 16256 ] [ 0 0 128 63 ] [...?]
 10245 - [ 46b24300 ][ 22817.500000 ] [ 1186087680 ] [ 17152 18098 ] [ 0 67 178 70 ] [.C.F]
 10246 - [ 39a9d379 ][ 0.000324 ] [ 967431033 ] [ 54137 14761 ] [ 121 211 169 57 ] [y..9]
 10247 - [ 4692f400 ][ 18810.000000 ] [ 1184035840 ] [ 62464 18066 ] [ 0 244 146 70 ] [...F]
 10248 - [ 3f800000 ][ 1.000000 ] [ 1065353216 ] [ 0 16256 ] [ 0 0 128 63 ] [...?]
 10249 - [ 46b14e00 ][ 22695.000000 ] [ 1186024960 ] [ 19968 18097 ] [ 0 78 177 70 ] [.N.F]
 10250 - [ 39a9d379 ][ 0.000324 ] [ 967431033 ] [ 54137 14761 ] [ 121 211 169 57 ] [y..9]
 10251 - [ 46938a00 ][ 18885.000000 ] [ 1184074240 ] [ 35328 18067 ] [ 0 138 147 70 ] [...F]
 10252 - [ 3f800000 ][ 1.000000 ] [ 1065353216 ] [ 0 16256 ] [ 0 0 128 63 ] [...?]
 10253 - [ 46b14e00 ][ 22695.000000 ] [ 1186024960 ] [ 19968 18097 ] [ 0 78 177 70 ] [.N.F]
 10254 - [ c3ca8021 ][ -405.001007 ] [ 3284828193 ] [ 32801 50122 ] [ 33 128 202 195 ] [!...]
 10255 - [ 46938a00 ][ 18885.000000 ] [ 1184074240 ] [ 35328 18067 ] [ 0 138 147 70 ] [...F]
 10256 - [ 3f800000 ][ 1.000000 ] [ 1065353216 ] [ 0 16256 ] [ 0 0 128 63 ] [...?]
 10257 - [ 00000101 ][ 0.000000 ] [ 257 ] [ 257 0 ] [ 1 1 0 0 ] [....]
 10258 - [ 00000004 ][ 0.000000 ] [ 4 ] [ 4 0 ] [ 4 0 0 0 ] [....]
 10259 - [ 00000080 ][ 0.000000 ] [ 128 ] [ 128 0 ] [ 128 0 0 0 ] [....]
 10260 - [ 00000000 ][ 0.000000 ] [ 0 ] [ 0 0 ] [ 0 0 0 0 ] [....]
 10261 - [ 46b6fce6 ][ 23422.449219 ] [ 1186397414 ] [ 64742 18102 ] [ 230 252 182 70 ] [...F]
 10262 - [ 39567404 ][ 0.000205 ] [ 961967108 ] [ 29700 14678 ] [ 4 116 86 57 ] [.tV9]
 10263 - [ 46866680 ][ 17203.250000 ] [ 1183213184 ] [ 26240 18054 ] [ 128 102 134 70 ] [.f.F]
 10264 - [ 3f800000 ][ 1.000000 ] [ 1065353216 ] [ 0 16256 ] [ 0 0 128 63 ] [...?]
 10265 - [ 46b6fce6 ][ 23422.449219 ] [ 1186397414 ] [ 64742 18102 ] [ 230 252 182 70 ] [...F]
 10266 - [ c3cf8031 ][ -415.001495 ] [ 3285155889 ] [ 32817 50127 ] [ 49 128 207 195 ] [1...]
 10267 - [ 46866680 ][ 17203.250000 ] [ 1183213184 ] [ 26240 18054 ] [ 128 102 134 70 ] [.f.F]
 10268 - [ 3f800000 ][ 1.000000 ] [ 1065353216 ] [ 0 16256 ] [ 0 0 128 63 ] [...?]
 10269 - [ 46b70a4d ][ 23429.150391 ] [ 1186400845 ] [ 2637 18103 ] [ 77 10 183 70 ] [M..F]
 10270 - [ c3cf8031 ][ -415.001495 ] [ 3285155889 ] [ 32817 50127 ] [ 49 128 207 195 ] [1...]
 10271 - [ 46878780 ][ 17347.750000 ] [ 1183287168 ] [ 34688 18055 ] [ 128 135 135 70 ] [...F]
 10272 - [ 3f800000 ][ 1.000000 ] [ 1065353216 ] [ 0 16256 ] [ 0 0 128 63 ] [...?]
 10273 - [ 46b70a4d ][ 23429.150391 ] [ 1186400845 ] [ 2637 18103 ] [ 77 10 183 70 ] [M..F]
 10274 - [ 39567404 ][ 0.000205 ] [ 961967108 ] [ 29700 14678 ] [ 4 116 86 57 ] [.tV9]
 10275 - [ 46878780 ][ 17347.750000 ] [ 1183287168 ] [ 34688 18055 ] [ 128 135 135 70 ] [...F]
 10276 - [ 3f800000 ][ 1.000000 ] [ 1065353216 ] [ 0 16256 ] [ 0 0 128 63 ] [...?]
 10277 - [ 00000101 ][ 0.000000 ] [ 257 ] [ 257 0 ] [ 1 1 0 0 ] [....]
 10278 - [ 00000004 ][ 0.000000 ] [ 4 ] [ 4 0 ] [ 4 0 0 0 ] [....]
 10279 - [ 00000080 ][ 0.000000 ] [ 128 ] [ 128 0 ] [ 128 0 0 0 ] [....]
 10280 - [ 00000000 ][ 0.000000 ] [ 0 ] [ 0 0 ] [ 0 0 0 0 ] [....]
 10281 - [ 46b9f000 ][ 23800.000000 ] [ 1186590720 ] [ 61440 18105 ] [ 0 240 185 70 ] [...F]
 10282 - [ c3d20031 ][ -420.001495 ] [ 3285319729 ] [ 49 50130 ] [ 49 0 210 195 ] [1...]
 10283 - [ 4687f500 ][ 17402.500000 ] [ 1183315200 ] [ 62720 18055 ] [ 0 245 135 70 ] [...F]
 10284 - [ 3f800000 ][ 1.000000 ] [ 1065353216 ] [ 0 16256 ] [ 0 0 128 63 ] [...?]
 10285 - [ 46b9f000 ][ 23800.000000 ] [ 1186590720 ] [ 61440 18105 ] [ 0 240 185 70 ] [...F]
 10286 - [ 3a103cfa ][ 0.000550 ] [ 974142714 ] [ 15610 14864 ] [ 250 60 16 58 ] [.<.:]
 10287 - [ 4687f500 ][ 17402.500000 ] [ 1183315200 ] [ 62720 18055 ] [ 0 245 135 70 ] [...F]
 10288 - [ 3f800000 ][ 1.000000 ] [ 1065353216 ] [ 0 16256 ] [ 0 0 128 63 ] [...?]
 10289 - [ 46bbe400 ][ 24050.000000 ] [ 1186718720 ] [ 58368 18107 ] [ 0 228 187 70 ] [...F]
 10290 - [ 3a103cfa ][ 0.000550 ] [ 974142714 ] [ 15610 14864 ] [ 250 60 16 58 ] [.<.:]
 10291 - [ 46880400 ][ 17410.000000 ] [ 1183319040 ] [ 1024 18056 ] [ 0 4 136 70 ] [...F]
 10292 - [ 3f800000 ][ 1.000000 ] [ 1065353216 ] [ 0 16256 ] [ 0 0 128 63 ] [...?]
 10293 - [ 46bbe400 ][ 24050.000000 ] [ 1186718720 ] [ 58368 18107 ] [ 0 228 187 70 ] [...F]
 10294 - [ c39b0031 ][ -310.001495 ] [ 3281715249 ] [ 49 50075 ] [ 49 0 155 195 ] [1...]
 10295 - [ 46880400 ][ 17410.000000 ] [ 1183319040 ] [ 1024 18056 ] [ 0 4 136 70 ] [...F]
 10296 - [ 3f800000 ][ 1.000000 ] [ 1065353216 ] [ 0 16256 ] [ 0 0 128 63 ] [...?]
 10297 - [ 00000101 ][ 0.000000 ] [ 257 ] [ 257 0 ] [ 1 1 0 0 ] [....]
 10298 - [ 00000004 ][ 0.000000 ] [ 4 ] [ 4 0 ] [ 4 0 0 0 ] [....]
 10299 - [ 00000080 ][ 0.000000 ] [ 128 ] [ 128 0 ] [ 128 0 0 0 ] [....]
 10300 - [ 00000000 ][ 0.000000 ] [ 0 ] [ 0 0 ] [ 0 0 0 0 ] [....]
 10301 - [ 46b9f000 ][ 23800.000000 ] [ 1186590720 ] [ 61440 18105 ] [ 0 240 185 70 ] [...F]
 10302 - [ c3d20031 ][ -420.001495 ] [ 3285319729 ] [ 49 50130 ] [ 49 0 210 195 ] [1...]
 10303 - [ 4687f500 ][ 17402.500000 ] [ 1183315200 ] [ 62720 18055 ] [ 0 245 135 70 ] [...F]
 10304 - [ 3f800000 ][ 1.000000 ] [ 1065353216 ] [ 0 16256 ] [ 0 0 128 63 ] [...?]
 10305 - [ 46b9f500 ][ 23802.500000 ] [ 1186592000 ] [ 62720 18105 ] [ 0 245 185 70 ] [...F]
 10306 - [ c3d20031 ][ -420.001495 ] [ 3285319729 ] [ 49 50130 ] [ 49 0 210 195 ] [1...]
 10307 - [ 46869700 ][ 17227.500000 ] [ 1183225600 ] [ 38656 18054 ] [ 0 151 134 70 ] [...F]
 10308 - [ 3f800000 ][ 1.000000 ] [ 1065353216 ] [ 0 16256 ] [ 0 0 128 63 ] [...?]
 10309 - [ 46b7fc00 ][ 23550.000000 ] [ 1186462720 ] [ 64512 18103 ] [ 0 252 183 70 ] [...F]
 10310 - [ c3d20031 ][ -420.001495 ] [ 3285319729 ] [ 49 50130 ] [ 49 0 210 195 ] [1...]
 10311 - [ 46869200 ][ 17225.000000 ] [ 1183224320 ] [ 37376 18054 ] [ 0 146 134 70 ] [...F]
 10312 - [ 3f800000 ][ 1.000000 ] [ 1065353216 ] [ 0 16256 ] [ 0 0 128 63 ] [...?]
 10313 - [ 46b7fc00 ][ 23550.000000 ] [ 1186462720 ] [ 64512 18103 ] [ 0 252 183 70 ] [...F]
 10314 - [ c3d20031 ][ -420.001495 ] [ 3285319729 ] [ 49 50130 ] [ 49 0 210 195 ] [1...]
 10315 - [ 4687e600 ][ 17395.000000 ] [ 1183311360 ] [ 58880 18055 ] [ 0 230 135 70 ] [...F]
 10316 - [ 3f800000 ][ 1.000000 ] [ 1065353216 ] [ 0 16256 ] [ 0 0 128 63 ] [...?]
 10317 - [ 00000001 ][ 0.000000 ] [ 1 ] [ 1 0 ] [ 1 0 0 0 ] [....]
 10318 - [ 00000004 ][ 0.000000 ] [ 4 ] [ 4 0 ] [ 4 0 0 0 ] [....]
 10319 - [ 00000100 ][ 0.000000 ] [ 256 ] [ 256 0 ] [ 0 1 0 0 ] [....]
 10320 - [ 00000000 ][ 0.000000 ] [ 0 ] [ 0 0 ] [ 0 0 0 0 ] [....]
 10321 - [ 46b958cd ][ 23724.400391 ] [ 1186552013 ] [ 22733 18105 ] [ 205 88 185 70 ] [.X.F]
 10322 - [ c3a28010 ][ -325.000488 ] [ 3282206736 ] [ 32784 50082 ] [ 16 128 162 195 ] [....]
 10323 - [ 4691a8cd ][ 18644.400391 ] [ 1183951053 ] [ 43213 18065 ] [ 205 168 145 70 ] [...F]
 10324 - [ 3f800000 ][ 1.000000 ] [ 1065353216 ] [ 0 16256 ] [ 0 0 128 63 ] [...?]
 10325 - [ 46bc7a00 ][ 24125.000000 ] [ 1186757120 ] [ 31232 18108 ] [ 0 122 188 70 ] [.z.F]
 10326 - [ c35c0000 ][ -220.000000 ] [ 3277586432 ] [ 0 50012 ] [ 0 0 92 195 ] [..\.]
 10327 - [ 468d9a00 ][ 18125.000000 ] [ 1183685120 ] [ 39424 18061 ] [ 0 154 141 70 ] [...F]
 10328 - [ 3f800000 ][ 1.000000 ] [ 1065353216 ] [ 0 16256 ] [ 0 0 128 63 ] [...?]
 10329 - [ 46b76600 ][ 23475.000000 ] [ 1186424320 ] [ 26112 18103 ] [ 0 102 183 70 ] [.f.F]
 10330 - [ c35c0000 ][ -220.000000 ] [ 3277586432 ] [ 0 50012 ] [ 0 0 92 195 ] [..\.]
 10331 - [ 468d9a00 ][ 18125.000000 ] [ 1183685120 ] [ 39424 18061 ] [ 0 154 141 70 ] [...F]
 10332 - [ 3f800000 ][ 1.000000 ] [ 1065353216 ] [ 0 16256 ] [ 0 0 128 63 ] [...?]
 10333 - [ 46b958cd ][ 23724.400391 ] [ 1186552013 ] [ 22733 18105 ] [ 205 88 185 70 ] [.X.F]
 10334 - [ c3a28010 ][ -325.000488 ] [ 3282206736 ] [ 32784 50082 ] [ 16 128 162 195 ] [....]
 10335 - [ 4691a8cd ][ 18644.400391 ] [ 1183951053 ] [ 43213 18065 ] [ 205 168 145 70 ] [...F]
 10336 - [ 3f800000 ][ 1.000000 ] [ 1065353216 ] [ 0 16256 ] [ 0 0 128 63 ] [...?]
 10337 - [ 00000101 ][ 0.000000 ] [ 257 ] [ 257 0 ] [ 1 1 0 0 ] [....]
 10338 - [ 00000004 ][ 0.000000 ] [ 4 ] [ 4 0 ] [ 4 0 0 0 ] [....]
 10339 - [ 00000100 ][ 0.000000 ] [ 256 ] [ 256 0 ] [ 0 1 0 0 ] [....]
 10340 - [ 00000000 ][ 0.000000 ] [ 0 ] [ 0 0 ] [ 0 0 0 0 ] [....]
 10341 - [ 46bc7a00 ][ 24125.000000 ] [ 1186757120 ] [ 31232 18108 ] [ 0 122 188 70 ] [.z.F]
 10342 - [ c35c0000 ][ -220.000000 ] [ 3277586432 ] [ 0 50012 ] [ 0 0 92 195 ] [..\.]
 10343 - [ 468d9a00 ][ 18125.000000 ] [ 1183685120 ] [ 39424 18061 ] [ 0 154 141 70 ] [...F]
 10344 - [ 3f800000 ][ 1.000000 ] [ 1065353216 ] [ 0 16256 ] [ 0 0 128 63 ] [...?]
 10345 - [ 46b958cd ][ 23724.400391 ] [ 1186552013 ] [ 22733 18105 ] [ 205 88 185 70 ] [.X.F]
 10346 - [ c3a28010 ][ -325.000488 ] [ 3282206736 ] [ 32784 50082 ] [ 16 128 162 195 ] [....]
 10347 - [ 4691a8cd ][ 18644.400391 ] [ 1183951053 ] [ 43213 18065 ] [ 205 168 145 70 ] [...F]
 10348 - [ 3f800000 ][ 1.000000 ] [ 1065353216 ] [ 0 16256 ] [ 0 0 128 63 ] [...?]
 10349 - [ 46b90a00 ][ 23685.000000 ] [ 1186531840 ] [ 2560 18105 ] [ 0 10 185 70 ] [...F]
 10350 - [ c3a28010 ][ -325.000488 ] [ 3282206736 ] [ 32784 50082 ] [ 16 128 162 195 ] [....]
 10351 - [ 46948e00 ][ 19015.000000 ] [ 1184140800 ] [ 36352 18068 ] [ 0 142 148 70 ] [...F]
 10352 - [ 3f800000 ][ 1.000000 ] [ 1065353216 ] [ 0 16256 ] [ 0 0 128 63 ] [...?]
 10353 - [ 46bc7a00 ][ 24125.000000 ] [ 1186757120 ] [ 31232 18108 ] [ 0 122 188 70 ] [.z.F]
 10354 - [ c35c0000 ][ -220.000000 ] [ 3277586432 ] [ 0 50012 ] [ 0 0 92 195 ] [..\.]
 10355 - [ 46959c00 ][ 19150.000000 ] [ 1184209920 ] [ 39936 18069 ] [ 0 156 149 70 ] [...F]
 10356 - [ 3f800000 ][ 1.000000 ] [ 1065353216 ] [ 0 16256 ] [ 0 0 128 63 ] [...?]
 10357 - [ 00000101 ][ 0.000000 ] [ 257 ] [ 257 0 ] [ 1 1 0 0 ] [....]
 10358 - [ 00000004 ][ 0.000000 ] [ 4 ] [ 4 0 ] [ 4 0 0 0 ] [....]
 10359 - [ 00000100 ][ 0.000000 ] [ 256 ] [ 256 0 ] [ 0 1 0 0 ] [....]
 10360 - [ 00000000 ][ 0.000000 ] [ 0 ] [ 0 0 ] [ 0 0 0 0 ] [....]
 10361 - [ 46b958cd ][ 23724.400391 ] [ 1186552013 ] [ 22733 18105 ] [ 205 88 185 70 ] [.X.F]
 10362 - [ c3a28010 ][ -325.000488 ] [ 3282206736 ] [ 32784 50082 ] [ 16 128 162 195 ] [....]
 10363 - [ 4691a8cd ][ 18644.400391 ] [ 1183951053 ] [ 43213 18065 ] [ 205 168 145 70 ] [...F]
 10364 - [ 3f800000 ][ 1.000000 ] [ 1065353216 ] [ 0 16256 ] [ 0 0 128 63 ] [...?]
 10365 - [ 46b76600 ][ 23475.000000 ] [ 1186424320 ] [ 26112 18103 ] [ 0 102 183 70 ] [.f.F]
 10366 - [ c35c0000 ][ -220.000000 ] [ 3277586432 ] [ 0 50012 ] [ 0 0 92 195 ] [..\.]
 10367 - [ 468d9a00 ][ 18125.000000 ] [ 1183685120 ] [ 39424 18061 ] [ 0 154 141 70 ] [...F]
 10368 - [ 3f800000 ][ 1.000000 ] [ 1065353216 ] [ 0 16256 ] [ 0 0 128 63 ] [...?]
 10369 - [ 46b76600 ][ 23475.000000 ] [ 1186424320 ] [ 26112 18103 ] [ 0 102 183 70 ] [.f.F]
 10370 - [ c35c0021 ][ -220.000504 ] [ 3277586465 ] [ 33 50012 ] [ 33 0 92 195 ] [!.\.]
 10371 - [ 46959c00 ][ 19150.000000 ] [ 1184209920 ] [ 39936 18069 ] [ 0 156 149 70 ] [...F]
 10372 - [ 3f800000 ][ 1.000000 ] [ 1065353216 ] [ 0 16256 ] [ 0 0 128 63 ] [...?]
 10373 - [ 46b90a00 ][ 23685.000000 ] [ 1186531840 ] [ 2560 18105 ] [ 0 10 185 70 ] [...F]
 10374 - [ c3a28010 ][ -325.000488 ] [ 3282206736 ] [ 32784 50082 ] [ 16 128 162 195 ] [....]
 10375 - [ 46948e00 ][ 19015.000000 ] [ 1184140800 ] [ 36352 18068 ] [ 0 142 148 70 ] [...F]
 10376 - [ 3f800000 ][ 1.000000 ] [ 1065353216 ] [ 0 16256 ] [ 0 0 128 63 ] [...?]
 10377 - [ 00000000 ][ 0.000000 ] [ 0 ] [ 0 0 ] [ 0 0 0 0 ] [....]
 10378 - [ 00000000 ][ 0.000000 ] [ 0 ] [ 0 0 ] [ 0 0 0 0 ] [....]
 10379 - [ 00000000 ][ 0.000000 ] [ 0 ] [ 0 0 ] [ 0 0 0 0 ] [....]
 10380 - [ 00000000 ][ 0.000000 ] [ 0 ] [ 0 0 ] [ 0 0 0 0 ] [....]
 10381 - [ 00000000 ][ 0.000000 ] [ 0 ] [ 0 0 ] [ 0 0 0 0 ] [....]
 10382 - [ 00000000 ][ 0.000000 ] [ 0 ] [ 0 0 ] [ 0 0 0 0 ] [....]
 10383 - [ 00000000 ][ 0.000000 ] [ 0 ] [ 0 0 ] [ 0 0 0 0 ] [....]
 10384 - [ 00000000 ][ 0.000000 ] [ 0 ] [ 0 0 ] [ 0 0 0 0 ] [....]
 10385 - [ 00000000 ][ 0.000000 ] [ 0 ] [ 0 0 ] [ 0 0 0 0 ] [....]
 10386 - [ 00000000 ][ 0.000000 ] [ 0 ] [ 0 0 ] [ 0 0 0 0 ] [....]
 10387 - [ 00000000 ][ 0.000000 ] [ 0 ] [ 0 0 ] [ 0 0 0 0 ] [....]
 10388 - [ 00000000 ][ 0.000000 ] [ 0 ] [ 0 0 ] [ 0 0 0 0 ] [....]
 10389 - [ 00000000 ][ 0.000000 ] [ 0 ] [ 0 0 ] [ 0 0 0 0 ] [....]
 10390 - [ 00000000 ][ 0.000000 ] [ 0 ] [ 0 0 ] [ 0 0 0 0 ] [....]
 10391 - [ 00000000 ][ 0.000000 ] [ 0 ] [ 0 0 ] [ 0 0 0 0 ] [....]
 10392 - [ 00000000 ][ 0.000000 ] [ 0 ] [ 0 0 ] [ 0 0 0 0 ] [....]
 10393 - [ 00000000 ][ 0.000000 ] [ 0 ] [ 0 0 ] [ 0 0 0 0 ] [....]
 10394 - [ 00000000 ][ 0.000000 ] [ 0 ] [ 0 0 ] [ 0 0 0 0 ] [....]
 10395 - [ 00000000 ][ 0.000000 ] [ 0 ] [ 0 0 ] [ 0 0 0 0 ] [....]
 10396 - [ 00000000 ][ 0.000000 ] [ 0 ] [ 0 0 ] [ 0 0 0 0 ] [....]
 10397 - [ 00000000 ][ 0.000000 ] [ 0 ] [ 0 0 ] [ 0 0 0 0 ] [....]
 10398 - [ 00000000 ][ 0.000000 ] [ 0 ] [ 0 0 ] [ 0 0 0 0 ] [....]
 10399 - [ 00000000 ][ 0.000000 ] [ 0 ] [ 0 0 ] [ 0 0 0 0 ] [....]
 10400 - [ 00000000 ][ 0.000000 ] [ 0 ] [ 0 0 ] [ 0 0 0 0 ] [....]
 10401 - [ 00000000 ][ 0.000000 ] [ 0 ] [ 0 0 ] [ 0 0 0 0 ] [....]
 10402 - [ 00000000 ][ 0.000000 ] [ 0 ] [ 0 0 ] [ 0 0 0 0 ] [....]
 10403 - [ 00000000 ][ 0.000000 ] [ 0 ] [ 0 0 ] [ 0 0 0 0 ] [....]
 10404 - [ 00000000 ][ 0.000000 ] [ 0 ] [ 0 0 ] [ 0 0 0 0 ] [....]
 10405 - [ 00000000 ][ 0.000000 ] [ 0 ] [ 0 0 ] [ 0 0 0 0 ] [....]
 10406 - [ 00000000 ][ 0.000000 ] [ 0 ] [ 0 0 ] [ 0 0 0 0 ] [....]
 10407 - [ 00000000 ][ 0.000000 ] [ 0 ] [ 0 0 ] [ 0 0 0 0 ] [....]
 10408 - [ 00000000 ][ 0.000000 ] [ 0 ] [ 0 0 ] [ 0 0 0 0 ] [....]
 10409 - [ 00000000 ][ 0.000000 ] [ 0 ] [ 0 0 ] [ 0 0 0 0 ] [....]
 10410 - [ 00000000 ][ 0.000000 ] [ 0 ] [ 0 0 ] [ 0 0 0 0 ] [....]
 10411 - [ 00000000 ][ 0.000000 ] [ 0 ] [ 0 0 ] [ 0 0 0 0 ] [....]
 10412 - [ 00000000 ][ 0.000000 ] [ 0 ] [ 0 0 ] [ 0 0 0 0 ] [....]
 10413 - [ 00000000 ][ 0.000000 ] [ 0 ] [ 0 0 ] [ 0 0 0 0 ] [....]
 10414 - [ 00000000 ][ 0.000000 ] [ 0 ] [ 0 0 ] [ 0 0 0 0 ] [....]
 10415 - [ 00000000 ][ 0.000000 ] [ 0 ] [ 0 0 ] [ 0 0 0 0 ] [....]
 10416 - [ 00000000 ][ 0.000000 ] [ 0 ] [ 0 0 ] [ 0 0 0 0 ] [....]
 10417 - [ 00000000 ][ 0.000000 ] [ 0 ] [ 0 0 ] [ 0 0 0 0 ] [....]
 10418 - [ 00000000 ][ 0.000000 ] [ 0 ] [ 0 0 ] [ 0 0 0 0 ] [....]
 10419 - [ 00000000 ][ 0.000000 ] [ 0 ] [ 0 0 ] [ 0 0 0 0 ] [....]
 10420 - [ 00000000 ][ 0.000000 ] [ 0 ] [ 0 0 ] [ 0 0 0 0 ] [....]
 10421 - [ 00000000 ][ 0.000000 ] [ 0 ] [ 0 0 ] [ 0 0 0 0 ] [....]
 10422 - [ 00000000 ][ 0.000000 ] [ 0 ] [ 0 0 ] [ 0 0 0 0 ] [....]
 10423 - [ 00000000 ][ 0.000000 ] [ 0 ] [ 0 0 ] [ 0 0 0 0 ] [....]
 10424 - [ 00000000 ][ 0.000000 ] [ 0 ] [ 0 0 ] [ 0 0 0 0 ] [....]
 10425 - [ 00000000 ][ 0.000000 ] [ 0 ] [ 0 0 ] [ 0 0 0 0 ] [....]
 10426 - [ 00000000 ][ 0.000000 ] [ 0 ] [ 0 0 ] [ 0 0 0 0 ] [....]
 10427 - [ 00000000 ][ 0.000000 ] [ 0 ] [ 0 0 ] [ 0 0 0 0 ] [....]
 10428 - [ 00000000 ][ 0.000000 ] [ 0 ] [ 0 0 ] [ 0 0 0 0 ] [....]