TEST: command [o_anim_debug] option [0]
TEST: command [o_dumpmeshdata] option [1]
TEST: command [o_movementrate] option [100.0]
TEST: command [o_anim_frame_rate] option [24.0]
TEST: command [o_sh2_anim] option [1]
TEST: command [o_debug_render] option [1]
TEST: command [o_test_mode] option [0]
TEST: command [                                                                                                                                                                    ] space[                                                                                                                                                                                                                                                                                                                                                                                                                                                                                                                                                                                                                                                                                                                                                                                                                                                    ] option [                                                                                                                                                                                                                                                                                                                                                                                                                                                                                                                                                                                                                                                                                                            ]
init( ) - ERROR: Config command '                                                                                                                                                                    ' not recognized
	...Ignored
init(2088) - WARNING: Failed to load OpenGL extension procedures
GetSH2DirectoryFilelistAux( ) - ERROR: Unable to find any files that match the search path [C:\Users\Mike\Desktop\sample_workspace\samples\Silent Hill 2\data\*]
GetSH2DirectoryFilelistAux( ) - ERROR: Unable to find any files that match the search path [C:\Users\Mike\Desktop\sample_workspace\samples\Silent Hill 2\data\*]
GetSH2DirectoryFilelistAux( ) - ERROR: Unable to find any files that match the search path [C:\Users\Mike\Desktop\sample_workspace\samples\Silent Hill 2\data\*]
GetDirectoryFilelist( ) - ERROR: Unable to find any files that match the search path [C:\Users\Mike\Desktop\sample_workspace\samples\SILENT_HILL_4_bin\*.bin]
TESTARONI:
          1         2         3         4         5         6         7         8         9         0         1         2
0123456789012345678901234567890123456789012345678901234567890123456789012345678901234567890123456789012345678901234567890123456789
                                                                                                                                
CHECK: arcfile returned 164 loaded internal filenames
CHECK: The actual totals are: 164 index, and 164 internal names
0 -	data/bg/tp/tp00.cld		20604	2640	1072	1072
1 -	data/bg/tp/tp11.cld		21676	2644	25792	25792
2 -	data/bg/tp/tp12.cld		47468	2648	11232	11232
3 -	data/bg/tp/tp13.cld		58700	2652	5360	5360
4 -	data/bg/tp/tp1d.cld		64060	2656	11984	11984
5 -	data/bg/tp/tp1e.cld		76044	2660	19552	19552
6 -	data/bg/tp/tp1f.cld		95596	2664	18976	18976
7 -	data/bg/tp/tp21.cld		114572	2668	7984	7984
8 -	data/bg/tp/tp22.cld		122556	2672	11088	11088
9 -	data/bg/tp/tp23.cld		133644	2676	5440	5440
10 -	data/bg/tp/tp2e.cld		139084	2680	48784	48784
11 -	data/bg/tp/tp2f.cld		187868	2684	6656	6656
12 -	data/bg/tp/tp31.cld		194524	2688	8208	8208
13 -	data/bg/tp/tp3f.cld		202732	2692	18128	18128
14 -	data/bg/tp/tpd1.cld		220860	2696	27824	27824
15 -	data/bg/tp/tpdd.cld		248684	2700	1072	1072
16 -	data/bg/tp/tpe1.cld		249756	2704	11648	11648
17 -	data/bg/tp/tpe2.cld		261404	2708	16000	16000
18 -	data/bg/tp/tpe3.cld		277404	2712	7040	7040
19 -	data/bg/tp/tpee.cld		284444	2716	33824	33824
20 -	data/bg/tp/tpef.cld		318268	2720	41312	41312
21 -	data/bg/tp/tpf1.cld		359580	2724	37360	37360
22 -	data/bg/tp/tpf2.cld		396940	2728	20736	20736
23 -	data/bg/tp/tpf3.cld		417676	2732	10480	10480
24 -	data/bg/tp/tpfd.cld		428156	2736	27696	27696
25 -	data/bg/tp/tpfe.cld		455852	2740	16768	16768
26 -	data/bg/tp/tpff.cld		472620	2744	13248	13248
27 -	data/bg/tp/tp00.kg2		485868	2748	0	0
28 -	data/bg/tp/tpff.kg2		485868	2748	44608	44608
29 -	data/bg/tp/tpfe.kg2		530476	2752	10752	10752
30 -	data/bg/tp/tpfd.kg2		541228	2756	123616	123616
31 -	data/bg/tp/tpf3.kg2		664844	2764	69344	69344
32 -	data/bg/tp/tpf2.kg2		734188	2772	39856	39856
33 -	data/bg/tp/tpf1.kg2		774044	2776	85296	85296
34 -	data/bg/tp/tpef.kg2		859340	2784	90656	90656
35 -	data/bg/tp/tpee.kg2		949996	2792	36416	36416
36 -	data/bg/tp/tpe3.kg2		986412	2796	43504	43504
37 -	data/bg/tp/tpe2.kg2		1029916	2800	95216	95216
38 -	data/bg/tp/tpe1.kg2		1125132	2808	36368	36368
39 -	data/bg/tp/tpd1.kg2		1161500	2812	86336	86336
40 -	data/bg/tp/tpdd.kg2		1247836	2820	0	0
41 -	data/bg/tp/tp3f.kg2		1247836	2820	75888	75888
42 -	data/bg/tp/tp31.kg2		1323724	2828	31984	31984
43 -	data/bg/tp/tp2f.kg2		1355708	2832	26240	26240
44 -	data/bg/tp/tp2e.kg2		1381948	2836	60464	60464
45 -	data/bg/tp/tp23.kg2		1442412	2840	6992	6992
46 -	data/bg/tp/tp22.kg2		1449404	2844	32144	32144
47 -	data/bg/tp/tp21.kg2		1481548	2848	27360	27360
48 -	data/bg/tp/tp12.kg2		1508908	2852	68096	68096
49 -	data/bg/tp/tp13.kg2		1577004	2860	46864	46864
50 -	data/bg/tp/tp1d.kg2		1623868	2864	74080	74080
51 -	data/bg/tp/tp1e.kg2		1697948	2872	0	0
52 -	data/bg/tp/tp1f.kg2		1697948	2872	93600	93600
53 -	data/bg/tp/tp11.kg2		1791548	2880	44352	44352
54 -	data/bg/tp/tp21.ded		1835900	2884	400	400
55 -	data/bg/tp/amusement_west.sdb		1836300	2888	3648	3648
56 -	data/bg/tp/tpd3.ded		1839948	2892	400	400
57 -	data/bg/tp/tpef.ded		1840348	2896	496	496
58 -	data/bg/tp/tpdf.kg2		1840844	2900	59808	59808
59 -	data/bg/tp/amusement_east.sdb		1900652	2904	4800	4800
60 -	data/bg/tp/amusement_south.sdb		1905452	2908	2112	2112
61 -	data/bg/tp/tp23.ded		1907564	2912	448	448
62 -	data/bg/tp/tp3f.ded		1908012	2916	496	496
63 -	data/bg/tp/tpf3.ded		1908508	2920	448	448
64 -	data/bg/tp/tp12.ded		1908956	2924	496	496
65 -	data/bg/tp/tp13.ded		1909452	2928	432	432
66 -	data/bg/tp/tp33.ded		1909884	2932	448	448
67 -	data/bg/tp/tp33.cld		1910332	2936	4512	4512
68 -	data/bg/tp/tp33.kg2		1914844	2940	6928	6928
69 -	data/bg/tp/tp2e.ded		1921772	2944	1712	1712
70 -	data/bg/tp/tp22.ded		1923484	2948	448	448
71 -	data/bg/tp/tp31.ded		1923932	2952	560	560
72 -	data/bg/tp/tp2f.ded		1924492	2956	400	400
73 -	data/bg/tp/tpf1.cam		1924892	2960	2176	2176
74 -	data/bg/tp/tpd3.cam		1927068	2964	1024	1024
75 -	data/bg/tp/tp31.cam		1928092	2968	768	768
76 -	data/bg/tp/tpe1.ded		1928860	2972	400	400
77 -	data/bg/tp/tpd1.ded		1929260	2976	496	496
78 -	data/bg/tp/tpe2.ded		1929756	2980	1712	1712
79 -	data/bg/tp/tpff.ded		1931468	2984	400	400
80 -	data/bg/tp/tpf2.ded		1931868	2988	400	400
81 -	data/bg/tp/tpde.kg2		1932268	2992	80976	80976
82 -	data/bg/tp/tpf1.ded		2013244	3000	1712	1712
83 -	data/bg/tp/tpe3.cam		2014956	3004	1024	1024
84 -	data/bg/tp/tpf3.cam		2015980	3008	640	640
85 -	data/bg/tp/tp13.cam		2016620	3012	1280	1280
86 -	data/bg/tp/tp23.cam		2017900	3016	1664	1664
87 -	data/bg/tp/tpe2.cam		2019564	3020	1536	1536
88 -	data/bg/tp/tpf2.cam		2021100	3024	896	896
89 -	data/bg/tp/tp12.cam		2021996	3028	896	896
90 -	data/bg/tp/tp22.cam		2022892	3032	640	640
91 -	data/bg/tp/tpd1.cam		2023532	3036	2688	2688
92 -	data/bg/tp/tpe1.cam		2026220	3040	1024	1024
93 -	data/bg/tp/tp11.cam		2027244	3044	768	768
94 -	data/bg/tp/tp21.cam		2028012	3048	768	768
95 -	data/bg/tp/tpdf.cam		2028780	3052	640	640
96 -	data/bg/tp/tpef.cam		2029420	3056	1408	1408
97 -	data/bg/tp/tpff.cam		2030828	3060	640	640
98 -	data/bg/tp/tp1f.cam		2031468	3064	1536	1536
99 -	data/bg/tp/tp2f.cam		2033004	3068	640	640
100 -	data/bg/tp/tp3f.cam		2033644	3072	1280	1280
101 -	data/bg/tp/tpee.cam		2034924	3076	1152	1152
102 -	data/bg/tp/tpfe.cam		2036076	3080	640	640
103 -	data/bg/tp/tp1e.cam		2036716	3084	640	640
104 -	data/bg/tp/tp2e.cam		2037356	3088	1152	1152
105 -	data/bg/tp/tp11.ded		2038508	3092	1712	1712
106 -	data/bg/tp/tp1d.ded		2040220	3096	448	448
107 -	data/bg/tp/tpd3.cld		2040668	3100	4096	4096
108 -	data/bg/tp/tpfd.ded		2044764	3104	432	432
109 -	data/bg/tp/amuse_s.hd		2045196	3108	560	560
110 -	data/bg/tp/tp1f.ded		2045756	3112	400	400
111 -	data/bg/tp/tp1e.ded		2046156	3116	400	400
112 -	data/bg/tp/amuse_e.hd		2046556	3120	1264	1264
113 -	data/bg/tp/amuse_e.td		2047820	3124	336	336
114 -	data/bg/tp/amuse_s.bd		2048156	3128	56112	56112
115 -	data/bg/tp/amuse_e.bd		2104268	3132	152320	152320
116 -	data/bg/tp/amuse_s.td		2256588	3144	80	80
117 -	data/bg/tp/amuse_w.bd		2256668	3148	53296	53296
118 -	data/bg/tp/amuse_w.hd		2309964	3152	656	656
119 -	data/bg/tp/amuse_w.td		2310620	3156	144	144
120 -	data/bg/tp/tp11.ded_back		2310764	3160	496	496
121 -	data/bg/tp/tpfd.cam		2311260	3164	1024	1024
122 -	data/bg/tp/tp1d.cam		2312284	3168	640	640
123 -	data/bg/tp/tpe3.ded		2312924	3172	400	400
124 -	data/bg/tp/tpe2.ded_b		2313324	3176	496	496
125 -	data/bg/tp/tpfe.ded		2313820	3180	496	496
126 -	data/bg/tp/tpee.ded		2314316	3184	496	496
127 -	data/bg/tp/tp33.cam		2314812	3188	1664	1664
128 -	data/bg/tp/tpdf.ded		2316476	3192	1712	1712
129 -	data/bg/tp/tp3d.kg2		2318188	3196	22896	22896
130 -	data/bg/tp/tp3d.cld		2341084	3200	11824	11824
131 -	data/bg/tp/tp3d.cam		2352908	3204	1152	1152
132 -	data/bg/tp/tp3d.ded		2354060	3208	1712	1712
133 -	data/tmp/tp11.map		2355772	3212	9441664	9441664
134 -	data/tmp/tp12.map		11797436	3792	9713536	9713536
135 -	data/tmp/tp13.map		21510972	4388	8965504	8965504
136 -	data/tmp/tp1d.map		30476476	4936	9527808	9527808
137 -	data/tmp/tp1e.map		40004284	5520	9805696	9805696
138 -	data/tmp/tp1f.map		49809980	6120	9474048	9474048
139 -	data/tmp/tp21.map		59284028	6700	8602496	8602496
140 -	data/tmp/tp22.map		67886524	7228	8543104	8543104
141 -	data/tmp/tp23.map		76429628	7752	9063296	9063296
142 -	data/tmp/tp2e.map		85492924	8308	9762944	9762944
143 -	data/tmp/tp2f.map		95255868	8904	8603520	8603520
144 -	data/tmp/tp31.map		103859388	9432	9441152	9441152
145 -	data/tmp/tp33.map		113300540	10012	8922240	8922240
146 -	data/tmp/tp3d.map		122222780	10560	8764288	8764288
147 -	data/tmp/tp3f.map		130987068	11096	9526656	9526656
148 -	data/tmp/tpGB.tex		140513724	11680	8389504	8389504
149 -	data/tmp/tpd1.map		148903228	12196	9499008	9499008
150 -	data/tmp/tpd3.map		158402236	12776	6336512	6336512
151 -	data/tmp/tpde.map		164738748	13164	9376640	9376640
152 -	data/tmp/tpdf.map		174115388	13740	9523200	9523200
153 -	data/tmp/tpe1.map		183638588	14324	9526400	9526400
154 -	data/tmp/tpe2.map		193164988	14908	9503360	9503360
155 -	data/tmp/tpe3.map		202668348	15492	9227904	9227904
156 -	data/tmp/tpee.map		211896252	16056	9534848	9534848
157 -	data/tmp/tpef.map		221431100	16640	10883584	10883584
158 -	data/tmp/tpf1.map		232314684	17308	9826688	9826688
159 -	data/tmp/tpf2.map		242141372	17908	8461056	8461056
160 -	data/tmp/tpf3.map		250602428	18428	9581184	9581184
161 -	data/tmp/tpfd.map		260183612	19016	9216896	9216896
162 -	data/tmp/tpfe.map		269400508	19580	8831872	8831872
163 -	data/tmp/tpff.map		278232380	20120	7883648	7883648
Burritos  =(
CLD FIle for am11 in tp11.arc
NOTE: Read 25792 of 25792 bytes from C:\Program Files (x86)\KONAMI\SILENT HILL 3\data\bgtp.arc at offset 21676
>------===[ D A T A   F R O M   O F F S E T   21676   O F   F I L E ]===------<
  5419 - [ 461c4000 ][ 10000.000000 ] [ 1176256512 ] [ 16384 17948 ] [ 0 64 28 70 ] [.@.F]
  5420 - [ 469c4000 ][ 20000.000000 ] [ 1184645120 ] [ 16384 18076 ] [ 0 64 156 70 ] [.@.F]
  5421 - [ 00000870 ][ 0.000000 ] [ 2160 ] [ 2160 0 ] [ 112 8 0 0 ] [p...]
  5422 - [ 00000820 ][ 0.000000 ] [ 2080 ] [ 2080 0 ] [ 32 8 0 0 ] [....]
  5423 - [ 000032f0 ][ 0.000000 ] [ 13040 ] [ 13040 0 ] [ 240 50 0 0 ] [.2..]
  5424 - [ 00001540 ][ 0.000000 ] [ 5440 ] [ 5440 0 ] [ 64 21 0 0 ] [@...]
  5425 - [ 00000480 ][ 0.000000 ] [ 1152 ] [ 1152 0 ] [ 128 4 0 0 ] [....]
  5426 - [ 00000000 ][ 0.000000 ] [ 0 ] [ 0 0 ] [ 0 0 0 0 ] [....]
  5427 - [ 00000174 ][ 0.000000 ] [ 372 ] [ 372 0 ] [ 116 1 0 0 ] [t...]
  5428 - [ 000001e0 ][ 0.000000 ] [ 480 ] [ 480 0 ] [ 224 1 0 0 ] [....]
  5429 - [ 000001e4 ][ 0.000000 ] [ 484 ] [ 484 0 ] [ 228 1 0 0 ] [....]
  5430 - [ 000001e8 ][ 0.000000 ] [ 488 ] [ 488 0 ] [ 232 1 0 0 ] [....]
  5431 - [ 000001ec ][ 0.000000 ] [ 492 ] [ 492 0 ] [ 236 1 0 0 ] [....]
  5432 - [ 000001f0 ][ 0.000000 ] [ 496 ] [ 496 0 ] [ 240 1 0 0 ] [....]
  5433 - [ 000001f4 ][ 0.000000 ] [ 500 ] [ 500 0 ] [ 244 1 0 0 ] [....]
  5434 - [ 000001f8 ][ 0.000000 ] [ 504 ] [ 504 0 ] [ 248 1 0 0 ] [....]
  5435 - [ 000001fc ][ 0.000000 ] [ 508 ] [ 508 0 ] [ 252 1 0 0 ] [....]
  5436 - [ 00000200 ][ 0.000000 ] [ 512 ] [ 512 0 ] [ 0 2 0 0 ] [....]
  5437 - [ 00000204 ][ 0.000000 ] [ 516 ] [ 516 0 ] [ 4 2 0 0 ] [....]
  5438 - [ 00000208 ][ 0.000000 ] [ 520 ] [ 520 0 ] [ 8 2 0 0 ] [....]
  5439 - [ 0000020c ][ 0.000000 ] [ 524 ] [ 524 0 ] [ 12 2 0 0 ] [....]
  5440 - [ 00000210 ][ 0.000000 ] [ 528 ] [ 528 0 ] [ 16 2 0 0 ] [....]
  5441 - [ 00000214 ][ 0.000000 ] [ 532 ] [ 532 0 ] [ 20 2 0 0 ] [....]
  5442 - [ 00000218 ][ 0.000000 ] [ 536 ] [ 536 0 ] [ 24 2 0 0 ] [....]
  5443 - [ 0000021c ][ 0.000000 ] [ 540 ] [ 540 0 ] [ 28 2 0 0 ] [....]
  5444 - [ 00000284 ][ 0.000000 ] [ 644 ] [ 644 0 ] [ 132 2 0 0 ] [....]
  5445 - [ 00000288 ][ 0.000000 ] [ 648 ] [ 648 0 ] [ 136 2 0 0 ] [....]
  5446 - [ 0000028c ][ 0.000000 ] [ 652 ] [ 652 0 ] [ 140 2 0 0 ] [....]
  5447 - [ 00000290 ][ 0.000000 ] [ 656 ] [ 656 0 ] [ 144 2 0 0 ] [....]
  5448 - [ 00000294 ][ 0.000000 ] [ 660 ] [ 660 0 ] [ 148 2 0 0 ] [....]
  5449 - [ 00000298 ][ 0.000000 ] [ 664 ] [ 664 0 ] [ 152 2 0 0 ] [....]
  5450 - [ 0000029c ][ 0.000000 ] [ 668 ] [ 668 0 ] [ 156 2 0 0 ] [....]
  5451 - [ 000002a0 ][ 0.000000 ] [ 672 ] [ 672 0 ] [ 160 2 0 0 ] [....]
  5452 - [ 000002a4 ][ 0.000000 ] [ 676 ] [ 676 0 ] [ 164 2 0 0 ] [....]
  5453 - [ 000002a8 ][ 0.000000 ] [ 680 ] [ 680 0 ] [ 168 2 0 0 ] [....]
  5454 - [ 000002ac ][ 0.000000 ] [ 684 ] [ 684 0 ] [ 172 2 0 0 ] [....]
  5455 - [ 000002b0 ][ 0.000000 ] [ 688 ] [ 688 0 ] [ 176 2 0 0 ] [....]
  5456 - [ 000002b4 ][ 0.000000 ] [ 692 ] [ 692 0 ] [ 180 2 0 0 ] [....]
  5457 - [ 000002b8 ][ 0.000000 ] [ 696 ] [ 696 0 ] [ 184 2 0 0 ] [....]
  5458 - [ 000002bc ][ 0.000000 ] [ 700 ] [ 700 0 ] [ 188 2 0 0 ] [....]
  5459 - [ 000002c0 ][ 0.000000 ] [ 704 ] [ 704 0 ] [ 192 2 0 0 ] [....]
  5460 - [ 0000054c ][ 0.000000 ] [ 1356 ] [ 1356 0 ] [ 76 5 0 0 ] [L...]
  5461 - [ 00000550 ][ 0.000000 ] [ 1360 ] [ 1360 0 ] [ 80 5 0 0 ] [P...]
  5462 - [ 00000554 ][ 0.000000 ] [ 1364 ] [ 1364 0 ] [ 84 5 0 0 ] [T...]
  5463 - [ 00000558 ][ 0.000000 ] [ 1368 ] [ 1368 0 ] [ 88 5 0 0 ] [X...]
  5464 - [ 0000055c ][ 0.000000 ] [ 1372 ] [ 1372 0 ] [ 92 5 0 0 ] [\...]
  5465 - [ 00000560 ][ 0.000000 ] [ 1376 ] [ 1376 0 ] [ 96 5 0 0 ] [`...]
  5466 - [ 00000564 ][ 0.000000 ] [ 1380 ] [ 1380 0 ] [ 100 5 0 0 ] [d...]
  5467 - [ 00000568 ][ 0.000000 ] [ 1384 ] [ 1384 0 ] [ 104 5 0 0 ] [h...]
  5468 - [ 0000056c ][ 0.000000 ] [ 1388 ] [ 1388 0 ] [ 108 5 0 0 ] [l...]
  5469 - [ 00000570 ][ 0.000000 ] [ 1392 ] [ 1392 0 ] [ 112 5 0 0 ] [p...]
  5470 - [ 00000574 ][ 0.000000 ] [ 1396 ] [ 1396 0 ] [ 116 5 0 0 ] [t...]
  5471 - [ 00000578 ][ 0.000000 ] [ 1400 ] [ 1400 0 ] [ 120 5 0 0 ] [x...]
  5472 - [ 0000057c ][ 0.000000 ] [ 1404 ] [ 1404 0 ] [ 124 5 0 0 ] [|...]
  5473 - [ 00000580 ][ 0.000000 ] [ 1408 ] [ 1408 0 ] [ 128 5 0 0 ] [....]
  5474 - [ 00000584 ][ 0.000000 ] [ 1412 ] [ 1412 0 ] [ 132 5 0 0 ] [....]
  5475 - [ 00000588 ][ 0.000000 ] [ 1416 ] [ 1416 0 ] [ 136 5 0 0 ] [....]
  5476 - [ 00000698 ][ 0.000000 ] [ 1688 ] [ 1688 0 ] [ 152 6 0 0 ] [....]
  5477 - [ 0000069c ][ 0.000000 ] [ 1692 ] [ 1692 0 ] [ 156 6 0 0 ] [....]
  5478 - [ 000006a0 ][ 0.000000 ] [ 1696 ] [ 1696 0 ] [ 160 6 0 0 ] [....]
  5479 - [ 000006a4 ][ 0.000000 ] [ 1700 ] [ 1700 0 ] [ 164 6 0 0 ] [....]
  5480 - [ 000006a8 ][ 0.000000 ] [ 1704 ] [ 1704 0 ] [ 168 6 0 0 ] [....]
  5481 - [ 000006ac ][ 0.000000 ] [ 1708 ] [ 1708 0 ] [ 172 6 0 0 ] [....]
  5482 - [ 000006b0 ][ 0.000000 ] [ 1712 ] [ 1712 0 ] [ 176 6 0 0 ] [....]
  5483 - [ 000006b4 ][ 0.000000 ] [ 1716 ] [ 1716 0 ] [ 180 6 0 0 ] [....]
  5484 - [ 000006b8 ][ 0.000000 ] [ 1720 ] [ 1720 0 ] [ 184 6 0 0 ] [....]
  5485 - [ 000006bc ][ 0.000000 ] [ 1724 ] [ 1724 0 ] [ 188 6 0 0 ] [....]
  5486 - [ 000006c0 ][ 0.000000 ] [ 1728 ] [ 1728 0 ] [ 192 6 0 0 ] [....]
  5487 - [ 000006c4 ][ 0.000000 ] [ 1732 ] [ 1732 0 ] [ 196 6 0 0 ] [....]
  5488 - [ 000006c8 ][ 0.000000 ] [ 1736 ] [ 1736 0 ] [ 200 6 0 0 ] [....]
  5489 - [ 000006cc ][ 0.000000 ] [ 1740 ] [ 1740 0 ] [ 204 6 0 0 ] [....]
  5490 - [ 000006d0 ][ 0.000000 ] [ 1744 ] [ 1744 0 ] [ 208 6 0 0 ] [....]
  5491 - [ 000006d4 ][ 0.000000 ] [ 1748 ] [ 1748 0 ] [ 212 6 0 0 ] [....]
  5492 - [ 00000734 ][ 0.000000 ] [ 1844 ] [ 1844 0 ] [ 52 7 0 0 ] [4...]
  5493 - [ 00000738 ][ 0.000000 ] [ 1848 ] [ 1848 0 ] [ 56 7 0 0 ] [8...]
  5494 - [ 0000073c ][ 0.000000 ] [ 1852 ] [ 1852 0 ] [ 60 7 0 0 ] [<...]
  5495 - [ 00000740 ][ 0.000000 ] [ 1856 ] [ 1856 0 ] [ 64 7 0 0 ] [@...]
  5496 - [ 00000744 ][ 0.000000 ] [ 1860 ] [ 1860 0 ] [ 68 7 0 0 ] [D...]
  5497 - [ 00000748 ][ 0.000000 ] [ 1864 ] [ 1864 0 ] [ 72 7 0 0 ] [H...]
  5498 - [ 0000074c ][ 0.000000 ] [ 1868 ] [ 1868 0 ] [ 76 7 0 0 ] [L...]
  5499 - [ 00000750 ][ 0.000000 ] [ 1872 ] [ 1872 0 ] [ 80 7 0 0 ] [P...]
  5500 - [ 00000754 ][ 0.000000 ] [ 1876 ] [ 1876 0 ] [ 84 7 0 0 ] [T...]
  5501 - [ 00000758 ][ 0.000000 ] [ 1880 ] [ 1880 0 ] [ 88 7 0 0 ] [X...]
  5502 - [ 0000075c ][ 0.000000 ] [ 1884 ] [ 1884 0 ] [ 92 7 0 0 ] [\...]
  5503 - [ 00000760 ][ 0.000000 ] [ 1888 ] [ 1888 0 ] [ 96 7 0 0 ] [`...]
  5504 - [ 00000764 ][ 0.000000 ] [ 1892 ] [ 1892 0 ] [ 100 7 0 0 ] [d...]
  5505 - [ 00000768 ][ 0.000000 ] [ 1896 ] [ 1896 0 ] [ 104 7 0 0 ] [h...]
  5506 - [ 0000076c ][ 0.000000 ] [ 1900 ] [ 1900 0 ] [ 108 7 0 0 ] [l...]
  5507 - [ 00000780 ][ 0.000000 ] [ 1920 ] [ 1920 0 ] [ 128 7 0 0 ] [....]
  5508 - [ 00000ff0 ][ 0.000000 ] [ 4080 ] [ 4080 0 ] [ 240 15 0 0 ] [....]
  5509 - [ 00001810 ][ 0.000000 ] [ 6160 ] [ 6160 0 ] [ 16 24 0 0 ] [....]
  5510 - [ 00004b00 ][ 0.000000 ] [ 19200 ] [ 19200 0 ] [ 0 75 0 0 ] [.K..]
  5511 - [ 00006040 ][ 0.000000 ] [ 24640 ] [ 24640 0 ] [ 64 96 0 0 ] [@`..]
  5512 - [ 00000000 ][ 0.000000 ] [ 0 ] [ 0 0 ] [ 0 0 0 0 ] [....]
  5513 - [ 00000001 ][ 0.000000 ] [ 1 ] [ 1 0 ] [ 1 0 0 0 ] [....]
  5514 - [ 00000002 ][ 0.000000 ] [ 2 ] [ 2 0 ] [ 2 0 0 0 ] [....]
  5515 - [ 00000003 ][ 0.000000 ] [ 3 ] [ 3 0 ] [ 3 0 0 0 ] [....]
  5516 - [ 00000004 ][ 0.000000 ] [ 4 ] [ 4 0 ] [ 4 0 0 0 ] [....]
  5517 - [ 00000005 ][ 0.000000 ] [ 5 ] [ 5 0 ] [ 5 0 0 0 ] [....]
  5518 - [ 00000006 ][ 0.000000 ] [ 6 ] [ 6 0 ] [ 6 0 0 0 ] [....]
  5519 - [ 00000007 ][ 0.000000 ] [ 7 ] [ 7 0 ] [ 7 0 0 0 ] [....]
  5520 - [ 00000008 ][ 0.000000 ] [ 8 ] [ 8 0 ] [ 8 0 0 0 ] [....]
  5521 - [ 00000009 ][ 0.000000 ] [ 9 ] [ 9 0 ] [ 9 0 0 0 ] [....]
  5522 - [ 0000000a ][ 0.000000 ] [ 10 ] [ 10 0 ] [ 10 0 0 0 ] [....]
  5523 - [ 0000000b ][ 0.000000 ] [ 11 ] [ 11 0 ] [ 11 0 0 0 ] [....]
  5524 - [ 0000000c ][ 0.000000 ] [ 12 ] [ 12 0 ] [ 12 0 0 0 ] [....]
  5525 - [ 0000000d ][ 0.000000 ] [ 13 ] [ 13 0 ] [ 13 0 0 0 ] [....]
  5526 - [ 0000000e ][ 0.000000 ] [ 14 ] [ 14 0 ] [ 14 0 0 0 ] [....]
  5527 - [ 0000000f ][ 0.000000 ] [ 15 ] [ 15 0 ] [ 15 0 0 0 ] [....]
  5528 - [ 00000010 ][ 0.000000 ] [ 16 ] [ 16 0 ] [ 16 0 0 0 ] [....]
  5529 - [ 00000011 ][ 0.000000 ] [ 17 ] [ 17 0 ] [ 17 0 0 0 ] [....]
  5530 - [ 00000012 ][ 0.000000 ] [ 18 ] [ 18 0 ] [ 18 0 0 0 ] [....]
  5531 - [ 00000013 ][ 0.000000 ] [ 19 ] [ 19 0 ] [ 19 0 0 0 ] [....]
  5532 - [ 00000014 ][ 0.000000 ] [ 20 ] [ 20 0 ] [ 20 0 0 0 ] [....]
  5533 - [ 00000015 ][ 0.000000 ] [ 21 ] [ 21 0 ] [ 21 0 0 0 ] [....]
  5534 - [ 00000016 ][ 0.000000 ] [ 22 ] [ 22 0 ] [ 22 0 0 0 ] [....]
  5535 - [ 00000017 ][ 0.000000 ] [ 23 ] [ 23 0 ] [ 23 0 0 0 ] [....]
  5536 - [ 00000018 ][ 0.000000 ] [ 24 ] [ 24 0 ] [ 24 0 0 0 ] [....]
  5537 - [ 00000019 ][ 0.000000 ] [ 25 ] [ 25 0 ] [ 25 0 0 0 ] [....]
  5538 - [ ffffffff ][ -nan ] [ 4294967295 ] [ 65535 65535 ] [ 255 255 255 255 ] [....]
  5539 - [ ffffffff ][ -nan ] [ 4294967295 ] [ 65535 65535 ] [ 255 255 255 255 ] [....]
  5540 - [ ffffffff ][ -nan ] [ 4294967295 ] [ 65535 65535 ] [ 255 255 255 255 ] [....]
  5541 - [ ffffffff ][ -nan ] [ 4294967295 ] [ 65535 65535 ] [ 255 255 255 255 ] [....]
  5542 - [ ffffffff ][ -nan ] [ 4294967295 ] [ 65535 65535 ] [ 255 255 255 255 ] [....]
  5543 - [ ffffffff ][ -nan ] [ 4294967295 ] [ 65535 65535 ] [ 255 255 255 255 ] [....]
  5544 - [ ffffffff ][ -nan ] [ 4294967295 ] [ 65535 65535 ] [ 255 255 255 255 ] [....]
  5545 - [ ffffffff ][ -nan ] [ 4294967295 ] [ 65535 65535 ] [ 255 255 255 255 ] [....]
  5546 - [ ffffffff ][ -nan ] [ 4294967295 ] [ 65535 65535 ] [ 255 255 255 255 ] [....]
  5547 - [ ffffffff ][ -nan ] [ 4294967295 ] [ 65535 65535 ] [ 255 255 255 255 ] [....]
  5548 - [ ffffffff ][ -nan ] [ 4294967295 ] [ 65535 65535 ] [ 255 255 255 255 ] [....]
  5549 - [ ffffffff ][ -nan ] [ 4294967295 ] [ 65535 65535 ] [ 255 255 255 255 ] [....]
  5550 - [ ffffffff ][ -nan ] [ 4294967295 ] [ 65535 65535 ] [ 255 255 255 255 ] [....]
  5551 - [ ffffffff ][ -nan ] [ 4294967295 ] [ 65535 65535 ] [ 255 255 255 255 ] [....]
  5552 - [ ffffffff ][ -nan ] [ 4294967295 ] [ 65535 65535 ] [ 255 255 255 255 ] [....]
  5553 - [ ffffffff ][ -nan ] [ 4294967295 ] [ 65535 65535 ] [ 255 255 255 255 ] [....]
  5554 - [ 00000000 ][ 0.000000 ] [ 0 ] [ 0 0 ] [ 0 0 0 0 ] [....]
  5555 - [ 00000001 ][ 0.000000 ] [ 1 ] [ 1 0 ] [ 1 0 0 0 ] [....]
  5556 - [ 00000002 ][ 0.000000 ] [ 2 ] [ 2 0 ] [ 2 0 0 0 ] [....]
  5557 - [ 00000003 ][ 0.000000 ] [ 3 ] [ 3 0 ] [ 3 0 0 0 ] [....]
  5558 - [ 00000004 ][ 0.000000 ] [ 4 ] [ 4 0 ] [ 4 0 0 0 ] [....]
  5559 - [ 00000005 ][ 0.000000 ] [ 5 ] [ 5 0 ] [ 5 0 0 0 ] [....]
  5560 - [ 00000006 ][ 0.000000 ] [ 6 ] [ 6 0 ] [ 6 0 0 0 ] [....]
  5561 - [ 00000007 ][ 0.000000 ] [ 7 ] [ 7 0 ] [ 7 0 0 0 ] [....]
  5562 - [ 00000008 ][ 0.000000 ] [ 8 ] [ 8 0 ] [ 8 0 0 0 ] [....]
  5563 - [ 00000009 ][ 0.000000 ] [ 9 ] [ 9 0 ] [ 9 0 0 0 ] [....]
  5564 - [ 0000000a ][ 0.000000 ] [ 10 ] [ 10 0 ] [ 10 0 0 0 ] [....]
  5565 - [ 0000000b ][ 0.000000 ] [ 11 ] [ 11 0 ] [ 11 0 0 0 ] [....]
  5566 - [ 0000000c ][ 0.000000 ] [ 12 ] [ 12 0 ] [ 12 0 0 0 ] [....]
  5567 - [ 0000000d ][ 0.000000 ] [ 13 ] [ 13 0 ] [ 13 0 0 0 ] [....]
  5568 - [ 0000000e ][ 0.000000 ] [ 14 ] [ 14 0 ] [ 14 0 0 0 ] [....]
  5569 - [ 0000000f ][ 0.000000 ] [ 15 ] [ 15 0 ] [ 15 0 0 0 ] [....]
  5570 - [ 00000010 ][ 0.000000 ] [ 16 ] [ 16 0 ] [ 16 0 0 0 ] [....]
  5571 - [ 00000011 ][ 0.000000 ] [ 17 ] [ 17 0 ] [ 17 0 0 0 ] [....]
  5572 - [ 00000012 ][ 0.000000 ] [ 18 ] [ 18 0 ] [ 18 0 0 0 ] [....]
  5573 - [ 00000013 ][ 0.000000 ] [ 19 ] [ 19 0 ] [ 19 0 0 0 ] [....]
  5574 - [ 00000014 ][ 0.000000 ] [ 20 ] [ 20 0 ] [ 20 0 0 0 ] [....]
  5575 - [ 00000015 ][ 0.000000 ] [ 21 ] [ 21 0 ] [ 21 0 0 0 ] [....]
  5576 - [ 00000016 ][ 0.000000 ] [ 22 ] [ 22 0 ] [ 22 0 0 0 ] [....]
  5577 - [ 00000017 ][ 0.000000 ] [ 23 ] [ 23 0 ] [ 23 0 0 0 ] [....]
  5578 - [ 00000018 ][ 0.000000 ] [ 24 ] [ 24 0 ] [ 24 0 0 0 ] [....]
  5579 - [ ffffffff ][ -nan ] [ 4294967295 ] [ 65535 65535 ] [ 255 255 255 255 ] [....]
  5580 - [ ffffffff ][ -nan ] [ 4294967295 ] [ 65535 65535 ] [ 255 255 255 255 ] [....]
  5581 - [ ffffffff ][ -nan ] [ 4294967295 ] [ 65535 65535 ] [ 255 255 255 255 ] [....]
  5582 - [ ffffffff ][ -nan ] [ 4294967295 ] [ 65535 65535 ] [ 255 255 255 255 ] [....]
  5583 - [ ffffffff ][ -nan ] [ 4294967295 ] [ 65535 65535 ] [ 255 255 255 255 ] [....]
  5584 - [ ffffffff ][ -nan ] [ 4294967295 ] [ 65535 65535 ] [ 255 255 255 255 ] [....]
  5585 - [ ffffffff ][ -nan ] [ 4294967295 ] [ 65535 65535 ] [ 255 255 255 255 ] [....]
  5586 - [ ffffffff ][ -nan ] [ 4294967295 ] [ 65535 65535 ] [ 255 255 255 255 ] [....]
  5587 - [ ffffffff ][ -nan ] [ 4294967295 ] [ 65535 65535 ] [ 255 255 255 255 ] [....]
  5588 - [ ffffffff ][ -nan ] [ 4294967295 ] [ 65535 65535 ] [ 255 255 255 255 ] [....]
  5589 - [ ffffffff ][ -nan ] [ 4294967295 ] [ 65535 65535 ] [ 255 255 255 255 ] [....]
  5590 - [ ffffffff ][ -nan ] [ 4294967295 ] [ 65535 65535 ] [ 255 255 255 255 ] [....]
  5591 - [ ffffffff ][ -nan ] [ 4294967295 ] [ 65535 65535 ] [ 255 255 255 255 ] [....]
  5592 - [ ffffffff ][ -nan ] [ 4294967295 ] [ 65535 65535 ] [ 255 255 255 255 ] [....]
  5593 - [ ffffffff ][ -nan ] [ 4294967295 ] [ 65535 65535 ] [ 255 255 255 255 ] [....]
  5594 - [ ffffffff ][ -nan ] [ 4294967295 ] [ 65535 65535 ] [ 255 255 255 255 ] [....]
  5595 - [ 00000000 ][ 0.000000 ] [ 0 ] [ 0 0 ] [ 0 0 0 0 ] [....]
  5596 - [ 00000001 ][ 0.000000 ] [ 1 ] [ 1 0 ] [ 1 0 0 0 ] [....]
  5597 - [ 00000002 ][ 0.000000 ] [ 2 ] [ 2 0 ] [ 2 0 0 0 ] [....]
  5598 - [ 00000003 ][ 0.000000 ] [ 3 ] [ 3 0 ] [ 3 0 0 0 ] [....]
  5599 - [ 00000004 ][ 0.000000 ] [ 4 ] [ 4 0 ] [ 4 0 0 0 ] [....]
  5600 - [ 00000005 ][ 0.000000 ] [ 5 ] [ 5 0 ] [ 5 0 0 0 ] [....]
  5601 - [ 00000006 ][ 0.000000 ] [ 6 ] [ 6 0 ] [ 6 0 0 0 ] [....]
  5602 - [ 00000007 ][ 0.000000 ] [ 7 ] [ 7 0 ] [ 7 0 0 0 ] [....]
  5603 - [ 00000008 ][ 0.000000 ] [ 8 ] [ 8 0 ] [ 8 0 0 0 ] [....]
  5604 - [ 00000009 ][ 0.000000 ] [ 9 ] [ 9 0 ] [ 9 0 0 0 ] [....]
  5605 - [ 0000000a ][ 0.000000 ] [ 10 ] [ 10 0 ] [ 10 0 0 0 ] [....]
  5606 - [ 0000000b ][ 0.000000 ] [ 11 ] [ 11 0 ] [ 11 0 0 0 ] [....]
  5607 - [ 0000000c ][ 0.000000 ] [ 12 ] [ 12 0 ] [ 12 0 0 0 ] [....]
  5608 - [ 0000000d ][ 0.000000 ] [ 13 ] [ 13 0 ] [ 13 0 0 0 ] [....]
  5609 - [ 0000000e ][ 0.000000 ] [ 14 ] [ 14 0 ] [ 14 0 0 0 ] [....]
  5610 - [ 0000000f ][ 0.000000 ] [ 15 ] [ 15 0 ] [ 15 0 0 0 ] [....]
  5611 - [ 00000010 ][ 0.000000 ] [ 16 ] [ 16 0 ] [ 16 0 0 0 ] [....]
  5612 - [ 00000011 ][ 0.000000 ] [ 17 ] [ 17 0 ] [ 17 0 0 0 ] [....]
  5613 - [ 00000012 ][ 0.000000 ] [ 18 ] [ 18 0 ] [ 18 0 0 0 ] [....]
  5614 - [ 00000013 ][ 0.000000 ] [ 19 ] [ 19 0 ] [ 19 0 0 0 ] [....]
  5615 - [ 00000014 ][ 0.000000 ] [ 20 ] [ 20 0 ] [ 20 0 0 0 ] [....]
  5616 - [ 00000015 ][ 0.000000 ] [ 21 ] [ 21 0 ] [ 21 0 0 0 ] [....]
  5617 - [ 00000016 ][ 0.000000 ] [ 22 ] [ 22 0 ] [ 22 0 0 0 ] [....]
  5618 - [ 00000017 ][ 0.000000 ] [ 23 ] [ 23 0 ] [ 23 0 0 0 ] [....]
  5619 - [ 00000018 ][ 0.000000 ] [ 24 ] [ 24 0 ] [ 24 0 0 0 ] [....]
  5620 - [ 00000019 ][ 0.000000 ] [ 25 ] [ 25 0 ] [ 25 0 0 0 ] [....]
  5621 - [ 0000001a ][ 0.000000 ] [ 26 ] [ 26 0 ] [ 26 0 0 0 ] [....]
  5622 - [ 0000001b ][ 0.000000 ] [ 27 ] [ 27 0 ] [ 27 0 0 0 ] [....]
  5623 - [ 0000001c ][ 0.000000 ] [ 28 ] [ 28 0 ] [ 28 0 0 0 ] [....]
  5624 - [ 0000001d ][ 0.000000 ] [ 29 ] [ 29 0 ] [ 29 0 0 0 ] [....]
  5625 - [ 0000001e ][ 0.000000 ] [ 30 ] [ 30 0 ] [ 30 0 0 0 ] [....]
  5626 - [ 0000001f ][ 0.000000 ] [ 31 ] [ 31 0 ] [ 31 0 0 0 ] [....]
  5627 - [ 00000020 ][ 0.000000 ] [ 32 ] [ 32 0 ] [ 32 0 0 0 ] [....]
  5628 - [ 00000021 ][ 0.000000 ] [ 33 ] [ 33 0 ] [ 33 0 0 0 ] [!...]
  5629 - [ 00000022 ][ 0.000000 ] [ 34 ] [ 34 0 ] [ 34 0 0 0 ] ["...]
  5630 - [ 00000023 ][ 0.000000 ] [ 35 ] [ 35 0 ] [ 35 0 0 0 ] [#...]
  5631 - [ 00000024 ][ 0.000000 ] [ 36 ] [ 36 0 ] [ 36 0 0 0 ] [$...]
  5632 - [ 00000025 ][ 0.000000 ] [ 37 ] [ 37 0 ] [ 37 0 0 0 ] [%...]
  5633 - [ 00000026 ][ 0.000000 ] [ 38 ] [ 38 0 ] [ 38 0 0 0 ] [&...]
  5634 - [ 00000027 ][ 0.000000 ] [ 39 ] [ 39 0 ] [ 39 0 0 0 ] ['...]
  5635 - [ 00000028 ][ 0.000000 ] [ 40 ] [ 40 0 ] [ 40 0 0 0 ] [(...]
  5636 - [ 00000029 ][ 0.000000 ] [ 41 ] [ 41 0 ] [ 41 0 0 0 ] [)...]
  5637 - [ 0000002a ][ 0.000000 ] [ 42 ] [ 42 0 ] [ 42 0 0 0 ] [*...]
  5638 - [ 0000002b ][ 0.000000 ] [ 43 ] [ 43 0 ] [ 43 0 0 0 ] [+...]
  5639 - [ 0000002c ][ 0.000000 ] [ 44 ] [ 44 0 ] [ 44 0 0 0 ] [,...]
  5640 - [ 0000002d ][ 0.000000 ] [ 45 ] [ 45 0 ] [ 45 0 0 0 ] [-...]
  5641 - [ 0000002e ][ 0.000000 ] [ 46 ] [ 46 0 ] [ 46 0 0 0 ] [....]
  5642 - [ 0000002f ][ 0.000000 ] [ 47 ] [ 47 0 ] [ 47 0 0 0 ] [/...]
  5643 - [ 00000030 ][ 0.000000 ] [ 48 ] [ 48 0 ] [ 48 0 0 0 ] [0...]
  5644 - [ 00000031 ][ 0.000000 ] [ 49 ] [ 49 0 ] [ 49 0 0 0 ] [1...]
  5645 - [ 00000032 ][ 0.000000 ] [ 50 ] [ 50 0 ] [ 50 0 0 0 ] [2...]
  5646 - [ 00000033 ][ 0.000000 ] [ 51 ] [ 51 0 ] [ 51 0 0 0 ] [3...]
  5647 - [ 00000034 ][ 0.000000 ] [ 52 ] [ 52 0 ] [ 52 0 0 0 ] [4...]
  5648 - [ 00000035 ][ 0.000000 ] [ 53 ] [ 53 0 ] [ 53 0 0 0 ] [5...]
  5649 - [ 00000036 ][ 0.000000 ] [ 54 ] [ 54 0 ] [ 54 0 0 0 ] [6...]
  5650 - [ 00000037 ][ 0.000000 ] [ 55 ] [ 55 0 ] [ 55 0 0 0 ] [7...]
  5651 - [ 00000038 ][ 0.000000 ] [ 56 ] [ 56 0 ] [ 56 0 0 0 ] [8...]
  5652 - [ 00000039 ][ 0.000000 ] [ 57 ] [ 57 0 ] [ 57 0 0 0 ] [9...]
  5653 - [ 0000003a ][ 0.000000 ] [ 58 ] [ 58 0 ] [ 58 0 0 0 ] [:...]
  5654 - [ 0000003b ][ 0.000000 ] [ 59 ] [ 59 0 ] [ 59 0 0 0 ] [;...]
  5655 - [ 0000003c ][ 0.000000 ] [ 60 ] [ 60 0 ] [ 60 0 0 0 ] [<...]
  5656 - [ 0000003d ][ 0.000000 ] [ 61 ] [ 61 0 ] [ 61 0 0 0 ] [=...]
  5657 - [ 0000003e ][ 0.000000 ] [ 62 ] [ 62 0 ] [ 62 0 0 0 ] [>...]
  5658 - [ 0000003f ][ 0.000000 ] [ 63 ] [ 63 0 ] [ 63 0 0 0 ] [?...]
  5659 - [ 00000040 ][ 0.000000 ] [ 64 ] [ 64 0 ] [ 64 0 0 0 ] [@...]
  5660 - [ 00000041 ][ 0.000000 ] [ 65 ] [ 65 0 ] [ 65 0 0 0 ] [A...]
  5661 - [ 00000042 ][ 0.000000 ] [ 66 ] [ 66 0 ] [ 66 0 0 0 ] [B...]
  5662 - [ 00000043 ][ 0.000000 ] [ 67 ] [ 67 0 ] [ 67 0 0 0 ] [C...]
  5663 - [ 00000044 ][ 0.000000 ] [ 68 ] [ 68 0 ] [ 68 0 0 0 ] [D...]
  5664 - [ 00000045 ][ 0.000000 ] [ 69 ] [ 69 0 ] [ 69 0 0 0 ] [E...]
  5665 - [ 00000046 ][ 0.000000 ] [ 70 ] [ 70 0 ] [ 70 0 0 0 ] [F...]
  5666 - [ 00000047 ][ 0.000000 ] [ 71 ] [ 71 0 ] [ 71 0 0 0 ] [G...]
  5667 - [ 00000048 ][ 0.000000 ] [ 72 ] [ 72 0 ] [ 72 0 0 0 ] [H...]
  5668 - [ 00000049 ][ 0.000000 ] [ 73 ] [ 73 0 ] [ 73 0 0 0 ] [I...]
  5669 - [ 0000004a ][ 0.000000 ] [ 74 ] [ 74 0 ] [ 74 0 0 0 ] [J...]
  5670 - [ 0000004b ][ 0.000000 ] [ 75 ] [ 75 0 ] [ 75 0 0 0 ] [K...]
  5671 - [ 0000004c ][ 0.000000 ] [ 76 ] [ 76 0 ] [ 76 0 0 0 ] [L...]
  5672 - [ 0000004d ][ 0.000000 ] [ 77 ] [ 77 0 ] [ 77 0 0 0 ] [M...]
  5673 - [ 0000004e ][ 0.000000 ] [ 78 ] [ 78 0 ] [ 78 0 0 0 ] [N...]
  5674 - [ 0000004f ][ 0.000000 ] [ 79 ] [ 79 0 ] [ 79 0 0 0 ] [O...]
  5675 - [ 00000050 ][ 0.000000 ] [ 80 ] [ 80 0 ] [ 80 0 0 0 ] [P...]
  5676 - [ 00000051 ][ 0.000000 ] [ 81 ] [ 81 0 ] [ 81 0 0 0 ] [Q...]
  5677 - [ 00000052 ][ 0.000000 ] [ 82 ] [ 82 0 ] [ 82 0 0 0 ] [R...]
  5678 - [ 00000053 ][ 0.000000 ] [ 83 ] [ 83 0 ] [ 83 0 0 0 ] [S...]
  5679 - [ 00000054 ][ 0.000000 ] [ 84 ] [ 84 0 ] [ 84 0 0 0 ] [T...]
  5680 - [ 00000055 ][ 0.000000 ] [ 85 ] [ 85 0 ] [ 85 0 0 0 ] [U...]
  5681 - [ 00000056 ][ 0.000000 ] [ 86 ] [ 86 0 ] [ 86 0 0 0 ] [V...]
  5682 - [ 00000057 ][ 0.000000 ] [ 87 ] [ 87 0 ] [ 87 0 0 0 ] [W...]
  5683 - [ 00000058 ][ 0.000000 ] [ 88 ] [ 88 0 ] [ 88 0 0 0 ] [X...]
  5684 - [ 00000059 ][ 0.000000 ] [ 89 ] [ 89 0 ] [ 89 0 0 0 ] [Y...]
  5685 - [ 0000005a ][ 0.000000 ] [ 90 ] [ 90 0 ] [ 90 0 0 0 ] [Z...]
  5686 - [ 0000005b ][ 0.000000 ] [ 91 ] [ 91 0 ] [ 91 0 0 0 ] [[...]
  5687 - [ 0000005c ][ 0.000000 ] [ 92 ] [ 92 0 ] [ 92 0 0 0 ] [\...]
  5688 - [ 0000005d ][ 0.000000 ] [ 93 ] [ 93 0 ] [ 93 0 0 0 ] []...]
  5689 - [ 0000005e ][ 0.000000 ] [ 94 ] [ 94 0 ] [ 94 0 0 0 ] [^...]
  5690 - [ 0000005f ][ 0.000000 ] [ 95 ] [ 95 0 ] [ 95 0 0 0 ] [_...]
  5691 - [ 00000060 ][ 0.000000 ] [ 96 ] [ 96 0 ] [ 96 0 0 0 ] [`...]
  5692 - [ 00000061 ][ 0.000000 ] [ 97 ] [ 97 0 ] [ 97 0 0 0 ] [a...]
  5693 - [ 00000062 ][ 0.000000 ] [ 98 ] [ 98 0 ] [ 98 0 0 0 ] [b...]
  5694 - [ 00000063 ][ 0.000000 ] [ 99 ] [ 99 0 ] [ 99 0 0 0 ] [c...]
  5695 - [ 00000064 ][ 0.000000 ] [ 100 ] [ 100 0 ] [ 100 0 0 0 ] [d...]
  5696 - [ 00000065 ][ 0.000000 ] [ 101 ] [ 101 0 ] [ 101 0 0 0 ] [e...]
  5697 - [ 00000066 ][ 0.000000 ] [ 102 ] [ 102 0 ] [ 102 0 0 0 ] [f...]
  5698 - [ 00000067 ][ 0.000000 ] [ 103 ] [ 103 0 ] [ 103 0 0 0 ] [g...]
  5699 - [ 00000068 ][ 0.000000 ] [ 104 ] [ 104 0 ] [ 104 0 0 0 ] [h...]
  5700 - [ 00000069 ][ 0.000000 ] [ 105 ] [ 105 0 ] [ 105 0 0 0 ] [i...]
  5701 - [ 0000006a ][ 0.000000 ] [ 106 ] [ 106 0 ] [ 106 0 0 0 ] [j...]
  5702 - [ 0000006b ][ 0.000000 ] [ 107 ] [ 107 0 ] [ 107 0 0 0 ] [k...]
  5703 - [ 0000006c ][ 0.000000 ] [ 108 ] [ 108 0 ] [ 108 0 0 0 ] [l...]
  5704 - [ 0000006d ][ 0.000000 ] [ 109 ] [ 109 0 ] [ 109 0 0 0 ] [m...]
  5705 - [ 0000006e ][ 0.000000 ] [ 110 ] [ 110 0 ] [ 110 0 0 0 ] [n...]
  5706 - [ 0000006f ][ 0.000000 ] [ 111 ] [ 111 0 ] [ 111 0 0 0 ] [o...]
  5707 - [ 00000070 ][ 0.000000 ] [ 112 ] [ 112 0 ] [ 112 0 0 0 ] [p...]
  5708 - [ 00000071 ][ 0.000000 ] [ 113 ] [ 113 0 ] [ 113 0 0 0 ] [q...]
  5709 - [ 00000072 ][ 0.000000 ] [ 114 ] [ 114 0 ] [ 114 0 0 0 ] [r...]
  5710 - [ 00000073 ][ 0.000000 ] [ 115 ] [ 115 0 ] [ 115 0 0 0 ] [s...]
  5711 - [ 00000074 ][ 0.000000 ] [ 116 ] [ 116 0 ] [ 116 0 0 0 ] [t...]
  5712 - [ 00000075 ][ 0.000000 ] [ 117 ] [ 117 0 ] [ 117 0 0 0 ] [u...]
  5713 - [ 00000076 ][ 0.000000 ] [ 118 ] [ 118 0 ] [ 118 0 0 0 ] [v...]
  5714 - [ 00000077 ][ 0.000000 ] [ 119 ] [ 119 0 ] [ 119 0 0 0 ] [w...]
  5715 - [ 00000078 ][ 0.000000 ] [ 120 ] [ 120 0 ] [ 120 0 0 0 ] [x...]
  5716 - [ 00000079 ][ 0.000000 ] [ 121 ] [ 121 0 ] [ 121 0 0 0 ] [y...]
  5717 - [ 0000007a ][ 0.000000 ] [ 122 ] [ 122 0 ] [ 122 0 0 0 ] [z...]
  5718 - [ 0000007b ][ 0.000000 ] [ 123 ] [ 123 0 ] [ 123 0 0 0 ] [{...]
  5719 - [ 0000007c ][ 0.000000 ] [ 124 ] [ 124 0 ] [ 124 0 0 0 ] [|...]
  5720 - [ 0000007d ][ 0.000000 ] [ 125 ] [ 125 0 ] [ 125 0 0 0 ] [}...]
  5721 - [ 0000007e ][ 0.000000 ] [ 126 ] [ 126 0 ] [ 126 0 0 0 ] [~...]
  5722 - [ 0000007f ][ 0.000000 ] [ 127 ] [ 127 0 ] [ 127 0 0 0 ] [....]
  5723 - [ 00000080 ][ 0.000000 ] [ 128 ] [ 128 0 ] [ 128 0 0 0 ] [....]
  5724 - [ 00000081 ][ 0.000000 ] [ 129 ] [ 129 0 ] [ 129 0 0 0 ] [....]
  5725 - [ 00000082 ][ 0.000000 ] [ 130 ] [ 130 0 ] [ 130 0 0 0 ] [....]
  5726 - [ 00000083 ][ 0.000000 ] [ 131 ] [ 131 0 ] [ 131 0 0 0 ] [....]
  5727 - [ 00000084 ][ 0.000000 ] [ 132 ] [ 132 0 ] [ 132 0 0 0 ] [....]
  5728 - [ 00000085 ][ 0.000000 ] [ 133 ] [ 133 0 ] [ 133 0 0 0 ] [....]
  5729 - [ 00000086 ][ 0.000000 ] [ 134 ] [ 134 0 ] [ 134 0 0 0 ] [....]
  5730 - [ 00000087 ][ 0.000000 ] [ 135 ] [ 135 0 ] [ 135 0 0 0 ] [....]
  5731 - [ 00000088 ][ 0.000000 ] [ 136 ] [ 136 0 ] [ 136 0 0 0 ] [....]
  5732 - [ 00000089 ][ 0.000000 ] [ 137 ] [ 137 0 ] [ 137 0 0 0 ] [....]
  5733 - [ 0000008a ][ 0.000000 ] [ 138 ] [ 138 0 ] [ 138 0 0 0 ] [....]
  5734 - [ 0000008b ][ 0.000000 ] [ 139 ] [ 139 0 ] [ 139 0 0 0 ] [....]
  5735 - [ 0000008c ][ 0.000000 ] [ 140 ] [ 140 0 ] [ 140 0 0 0 ] [....]
  5736 - [ 0000008d ][ 0.000000 ] [ 141 ] [ 141 0 ] [ 141 0 0 0 ] [....]
  5737 - [ 0000008e ][ 0.000000 ] [ 142 ] [ 142 0 ] [ 142 0 0 0 ] [....]
  5738 - [ 0000008f ][ 0.000000 ] [ 143 ] [ 143 0 ] [ 143 0 0 0 ] [....]
  5739 - [ 00000090 ][ 0.000000 ] [ 144 ] [ 144 0 ] [ 144 0 0 0 ] [....]
  5740 - [ 00000091 ][ 0.000000 ] [ 145 ] [ 145 0 ] [ 145 0 0 0 ] [....]
  5741 - [ 00000092 ][ 0.000000 ] [ 146 ] [ 146 0 ] [ 146 0 0 0 ] [....]
  5742 - [ 00000093 ][ 0.000000 ] [ 147 ] [ 147 0 ] [ 147 0 0 0 ] [....]
  5743 - [ 00000094 ][ 0.000000 ] [ 148 ] [ 148 0 ] [ 148 0 0 0 ] [....]
  5744 - [ 00000095 ][ 0.000000 ] [ 149 ] [ 149 0 ] [ 149 0 0 0 ] [....]
  5745 - [ 00000096 ][ 0.000000 ] [ 150 ] [ 150 0 ] [ 150 0 0 0 ] [....]
  5746 - [ 00000097 ][ 0.000000 ] [ 151 ] [ 151 0 ] [ 151 0 0 0 ] [....]
  5747 - [ 00000098 ][ 0.000000 ] [ 152 ] [ 152 0 ] [ 152 0 0 0 ] [....]
  5748 - [ 00000099 ][ 0.000000 ] [ 153 ] [ 153 0 ] [ 153 0 0 0 ] [....]
  5749 - [ 0000009a ][ 0.000000 ] [ 154 ] [ 154 0 ] [ 154 0 0 0 ] [....]
  5750 - [ 0000009b ][ 0.000000 ] [ 155 ] [ 155 0 ] [ 155 0 0 0 ] [....]
  5751 - [ 0000009c ][ 0.000000 ] [ 156 ] [ 156 0 ] [ 156 0 0 0 ] [....]
  5752 - [ 0000009d ][ 0.000000 ] [ 157 ] [ 157 0 ] [ 157 0 0 0 ] [....]
  5753 - [ 0000009e ][ 0.000000 ] [ 158 ] [ 158 0 ] [ 158 0 0 0 ] [....]
  5754 - [ 0000009f ][ 0.000000 ] [ 159 ] [ 159 0 ] [ 159 0 0 0 ] [....]
  5755 - [ 000000a0 ][ 0.000000 ] [ 160 ] [ 160 0 ] [ 160 0 0 0 ] [....]
  5756 - [ 000000a1 ][ 0.000000 ] [ 161 ] [ 161 0 ] [ 161 0 0 0 ] [....]
  5757 - [ ffffffff ][ -nan ] [ 4294967295 ] [ 65535 65535 ] [ 255 255 255 255 ] [....]
  5758 - [ ffffffff ][ -nan ] [ 4294967295 ] [ 65535 65535 ] [ 255 255 255 255 ] [....]
  5759 - [ ffffffff ][ -nan ] [ 4294967295 ] [ 65535 65535 ] [ 255 255 255 255 ] [....]
  5760 - [ ffffffff ][ -nan ] [ 4294967295 ] [ 65535 65535 ] [ 255 255 255 255 ] [....]
  5761 - [ ffffffff ][ -nan ] [ 4294967295 ] [ 65535 65535 ] [ 255 255 255 255 ] [....]
  5762 - [ ffffffff ][ -nan ] [ 4294967295 ] [ 65535 65535 ] [ 255 255 255 255 ] [....]
  5763 - [ ffffffff ][ -nan ] [ 4294967295 ] [ 65535 65535 ] [ 255 255 255 255 ] [....]
  5764 - [ ffffffff ][ -nan ] [ 4294967295 ] [ 65535 65535 ] [ 255 255 255 255 ] [....]
  5765 - [ ffffffff ][ -nan ] [ 4294967295 ] [ 65535 65535 ] [ 255 255 255 255 ] [....]
  5766 - [ ffffffff ][ -nan ] [ 4294967295 ] [ 65535 65535 ] [ 255 255 255 255 ] [....]
  5767 - [ ffffffff ][ -nan ] [ 4294967295 ] [ 65535 65535 ] [ 255 255 255 255 ] [....]
  5768 - [ ffffffff ][ -nan ] [ 4294967295 ] [ 65535 65535 ] [ 255 255 255 255 ] [....]
  5769 - [ ffffffff ][ -nan ] [ 4294967295 ] [ 65535 65535 ] [ 255 255 255 255 ] [....]
  5770 - [ ffffffff ][ -nan ] [ 4294967295 ] [ 65535 65535 ] [ 255 255 255 255 ] [....]
  5771 - [ ffffffff ][ -nan ] [ 4294967295 ] [ 65535 65535 ] [ 255 255 255 255 ] [....]
  5772 - [ ffffffff ][ -nan ] [ 4294967295 ] [ 65535 65535 ] [ 255 255 255 255 ] [....]
  5773 - [ 00000000 ][ 0.000000 ] [ 0 ] [ 0 0 ] [ 0 0 0 0 ] [....]
  5774 - [ 00000001 ][ 0.000000 ] [ 1 ] [ 1 0 ] [ 1 0 0 0 ] [....]
  5775 - [ 00000002 ][ 0.000000 ] [ 2 ] [ 2 0 ] [ 2 0 0 0 ] [....]
  5776 - [ 00000003 ][ 0.000000 ] [ 3 ] [ 3 0 ] [ 3 0 0 0 ] [....]
  5777 - [ 00000004 ][ 0.000000 ] [ 4 ] [ 4 0 ] [ 4 0 0 0 ] [....]
  5778 - [ 00000005 ][ 0.000000 ] [ 5 ] [ 5 0 ] [ 5 0 0 0 ] [....]
  5779 - [ 00000006 ][ 0.000000 ] [ 6 ] [ 6 0 ] [ 6 0 0 0 ] [....]
  5780 - [ 00000007 ][ 0.000000 ] [ 7 ] [ 7 0 ] [ 7 0 0 0 ] [....]
  5781 - [ 00000008 ][ 0.000000 ] [ 8 ] [ 8 0 ] [ 8 0 0 0 ] [....]
  5782 - [ 00000009 ][ 0.000000 ] [ 9 ] [ 9 0 ] [ 9 0 0 0 ] [....]
  5783 - [ 0000000a ][ 0.000000 ] [ 10 ] [ 10 0 ] [ 10 0 0 0 ] [....]
  5784 - [ 0000000b ][ 0.000000 ] [ 11 ] [ 11 0 ] [ 11 0 0 0 ] [....]
  5785 - [ 0000000c ][ 0.000000 ] [ 12 ] [ 12 0 ] [ 12 0 0 0 ] [....]
  5786 - [ 0000000d ][ 0.000000 ] [ 13 ] [ 13 0 ] [ 13 0 0 0 ] [....]
  5787 - [ 0000000e ][ 0.000000 ] [ 14 ] [ 14 0 ] [ 14 0 0 0 ] [....]
  5788 - [ 0000000f ][ 0.000000 ] [ 15 ] [ 15 0 ] [ 15 0 0 0 ] [....]
  5789 - [ 00000010 ][ 0.000000 ] [ 16 ] [ 16 0 ] [ 16 0 0 0 ] [....]
  5790 - [ 00000011 ][ 0.000000 ] [ 17 ] [ 17 0 ] [ 17 0 0 0 ] [....]
  5791 - [ 00000012 ][ 0.000000 ] [ 18 ] [ 18 0 ] [ 18 0 0 0 ] [....]
  5792 - [ 00000013 ][ 0.000000 ] [ 19 ] [ 19 0 ] [ 19 0 0 0 ] [....]
  5793 - [ 00000014 ][ 0.000000 ] [ 20 ] [ 20 0 ] [ 20 0 0 0 ] [....]
  5794 - [ 00000015 ][ 0.000000 ] [ 21 ] [ 21 0 ] [ 21 0 0 0 ] [....]
  5795 - [ 00000016 ][ 0.000000 ] [ 22 ] [ 22 0 ] [ 22 0 0 0 ] [....]
  5796 - [ 00000017 ][ 0.000000 ] [ 23 ] [ 23 0 ] [ 23 0 0 0 ] [....]
  5797 - [ 00000018 ][ 0.000000 ] [ 24 ] [ 24 0 ] [ 24 0 0 0 ] [....]
  5798 - [ 00000019 ][ 0.000000 ] [ 25 ] [ 25 0 ] [ 25 0 0 0 ] [....]
  5799 - [ 0000001a ][ 0.000000 ] [ 26 ] [ 26 0 ] [ 26 0 0 0 ] [....]
  5800 - [ 0000001b ][ 0.000000 ] [ 27 ] [ 27 0 ] [ 27 0 0 0 ] [....]
  5801 - [ 0000001c ][ 0.000000 ] [ 28 ] [ 28 0 ] [ 28 0 0 0 ] [....]
  5802 - [ 0000001d ][ 0.000000 ] [ 29 ] [ 29 0 ] [ 29 0 0 0 ] [....]
  5803 - [ 0000001e ][ 0.000000 ] [ 30 ] [ 30 0 ] [ 30 0 0 0 ] [....]
  5804 - [ 0000001f ][ 0.000000 ] [ 31 ] [ 31 0 ] [ 31 0 0 0 ] [....]
  5805 - [ 00000020 ][ 0.000000 ] [ 32 ] [ 32 0 ] [ 32 0 0 0 ] [....]
  5806 - [ 00000021 ][ 0.000000 ] [ 33 ] [ 33 0 ] [ 33 0 0 0 ] [!...]
  5807 - [ 00000022 ][ 0.000000 ] [ 34 ] [ 34 0 ] [ 34 0 0 0 ] ["...]
  5808 - [ 00000023 ][ 0.000000 ] [ 35 ] [ 35 0 ] [ 35 0 0 0 ] [#...]
  5809 - [ 00000024 ][ 0.000000 ] [ 36 ] [ 36 0 ] [ 36 0 0 0 ] [$...]
  5810 - [ 00000025 ][ 0.000000 ] [ 37 ] [ 37 0 ] [ 37 0 0 0 ] [%...]
  5811 - [ 00000026 ][ 0.000000 ] [ 38 ] [ 38 0 ] [ 38 0 0 0 ] [&...]
  5812 - [ 00000027 ][ 0.000000 ] [ 39 ] [ 39 0 ] [ 39 0 0 0 ] ['...]
  5813 - [ 00000028 ][ 0.000000 ] [ 40 ] [ 40 0 ] [ 40 0 0 0 ] [(...]
  5814 - [ 00000029 ][ 0.000000 ] [ 41 ] [ 41 0 ] [ 41 0 0 0 ] [)...]
  5815 - [ 0000002a ][ 0.000000 ] [ 42 ] [ 42 0 ] [ 42 0 0 0 ] [*...]
  5816 - [ 0000002b ][ 0.000000 ] [ 43 ] [ 43 0 ] [ 43 0 0 0 ] [+...]
  5817 - [ 0000002c ][ 0.000000 ] [ 44 ] [ 44 0 ] [ 44 0 0 0 ] [,...]
  5818 - [ 0000002d ][ 0.000000 ] [ 45 ] [ 45 0 ] [ 45 0 0 0 ] [-...]
  5819 - [ 0000002e ][ 0.000000 ] [ 46 ] [ 46 0 ] [ 46 0 0 0 ] [....]
  5820 - [ 0000002f ][ 0.000000 ] [ 47 ] [ 47 0 ] [ 47 0 0 0 ] [/...]
  5821 - [ 00000030 ][ 0.000000 ] [ 48 ] [ 48 0 ] [ 48 0 0 0 ] [0...]
  5822 - [ 00000031 ][ 0.000000 ] [ 49 ] [ 49 0 ] [ 49 0 0 0 ] [1...]
  5823 - [ 00000032 ][ 0.000000 ] [ 50 ] [ 50 0 ] [ 50 0 0 0 ] [2...]
  5824 - [ 00000033 ][ 0.000000 ] [ 51 ] [ 51 0 ] [ 51 0 0 0 ] [3...]
  5825 - [ 00000034 ][ 0.000000 ] [ 52 ] [ 52 0 ] [ 52 0 0 0 ] [4...]
  5826 - [ 00000035 ][ 0.000000 ] [ 53 ] [ 53 0 ] [ 53 0 0 0 ] [5...]
  5827 - [ 00000036 ][ 0.000000 ] [ 54 ] [ 54 0 ] [ 54 0 0 0 ] [6...]
  5828 - [ 00000037 ][ 0.000000 ] [ 55 ] [ 55 0 ] [ 55 0 0 0 ] [7...]
  5829 - [ 00000038 ][ 0.000000 ] [ 56 ] [ 56 0 ] [ 56 0 0 0 ] [8...]
  5830 - [ 00000039 ][ 0.000000 ] [ 57 ] [ 57 0 ] [ 57 0 0 0 ] [9...]
  5831 - [ 0000003a ][ 0.000000 ] [ 58 ] [ 58 0 ] [ 58 0 0 0 ] [:...]
  5832 - [ 0000003b ][ 0.000000 ] [ 59 ] [ 59 0 ] [ 59 0 0 0 ] [;...]
  5833 - [ 0000003c ][ 0.000000 ] [ 60 ] [ 60 0 ] [ 60 0 0 0 ] [<...]
  5834 - [ 0000003d ][ 0.000000 ] [ 61 ] [ 61 0 ] [ 61 0 0 0 ] [=...]
  5835 - [ 0000003e ][ 0.000000 ] [ 62 ] [ 62 0 ] [ 62 0 0 0 ] [>...]
  5836 - [ 0000003f ][ 0.000000 ] [ 63 ] [ 63 0 ] [ 63 0 0 0 ] [?...]
  5837 - [ 00000040 ][ 0.000000 ] [ 64 ] [ 64 0 ] [ 64 0 0 0 ] [@...]
  5838 - [ 00000041 ][ 0.000000 ] [ 65 ] [ 65 0 ] [ 65 0 0 0 ] [A...]
  5839 - [ 00000042 ][ 0.000000 ] [ 66 ] [ 66 0 ] [ 66 0 0 0 ] [B...]
  5840 - [ ffffffff ][ -nan ] [ 4294967295 ] [ 65535 65535 ] [ 255 255 255 255 ] [....]
  5841 - [ ffffffff ][ -nan ] [ 4294967295 ] [ 65535 65535 ] [ 255 255 255 255 ] [....]
  5842 - [ ffffffff ][ -nan ] [ 4294967295 ] [ 65535 65535 ] [ 255 255 255 255 ] [....]
  5843 - [ ffffffff ][ -nan ] [ 4294967295 ] [ 65535 65535 ] [ 255 255 255 255 ] [....]
  5844 - [ ffffffff ][ -nan ] [ 4294967295 ] [ 65535 65535 ] [ 255 255 255 255 ] [....]
  5845 - [ ffffffff ][ -nan ] [ 4294967295 ] [ 65535 65535 ] [ 255 255 255 255 ] [....]
  5846 - [ ffffffff ][ -nan ] [ 4294967295 ] [ 65535 65535 ] [ 255 255 255 255 ] [....]
  5847 - [ ffffffff ][ -nan ] [ 4294967295 ] [ 65535 65535 ] [ 255 255 255 255 ] [....]
  5848 - [ ffffffff ][ -nan ] [ 4294967295 ] [ 65535 65535 ] [ 255 255 255 255 ] [....]
  5849 - [ ffffffff ][ -nan ] [ 4294967295 ] [ 65535 65535 ] [ 255 255 255 255 ] [....]
  5850 - [ ffffffff ][ -nan ] [ 4294967295 ] [ 65535 65535 ] [ 255 255 255 255 ] [....]
  5851 - [ ffffffff ][ -nan ] [ 4294967295 ] [ 65535 65535 ] [ 255 255 255 255 ] [....]
  5852 - [ ffffffff ][ -nan ] [ 4294967295 ] [ 65535 65535 ] [ 255 255 255 255 ] [....]
  5853 - [ ffffffff ][ -nan ] [ 4294967295 ] [ 65535 65535 ] [ 255 255 255 255 ] [....]
  5854 - [ ffffffff ][ -nan ] [ 4294967295 ] [ 65535 65535 ] [ 255 255 255 255 ] [....]
  5855 - [ ffffffff ][ -nan ] [ 4294967295 ] [ 65535 65535 ] [ 255 255 255 255 ] [....]
  5856 - [ 00000000 ][ 0.000000 ] [ 0 ] [ 0 0 ] [ 0 0 0 0 ] [....]
  5857 - [ 00000001 ][ 0.000000 ] [ 1 ] [ 1 0 ] [ 1 0 0 0 ] [....]
  5858 - [ 00000002 ][ 0.000000 ] [ 2 ] [ 2 0 ] [ 2 0 0 0 ] [....]
  5859 - [ 00000003 ][ 0.000000 ] [ 3 ] [ 3 0 ] [ 3 0 0 0 ] [....]
  5860 - [ 00000004 ][ 0.000000 ] [ 4 ] [ 4 0 ] [ 4 0 0 0 ] [....]
  5861 - [ 00000005 ][ 0.000000 ] [ 5 ] [ 5 0 ] [ 5 0 0 0 ] [....]
  5862 - [ 00000006 ][ 0.000000 ] [ 6 ] [ 6 0 ] [ 6 0 0 0 ] [....]
  5863 - [ 00000007 ][ 0.000000 ] [ 7 ] [ 7 0 ] [ 7 0 0 0 ] [....]
  5864 - [ 00000008 ][ 0.000000 ] [ 8 ] [ 8 0 ] [ 8 0 0 0 ] [....]
  5865 - [ 00000009 ][ 0.000000 ] [ 9 ] [ 9 0 ] [ 9 0 0 0 ] [....]
  5866 - [ 0000000a ][ 0.000000 ] [ 10 ] [ 10 0 ] [ 10 0 0 0 ] [....]
  5867 - [ 0000000b ][ 0.000000 ] [ 11 ] [ 11 0 ] [ 11 0 0 0 ] [....]
  5868 - [ 0000000c ][ 0.000000 ] [ 12 ] [ 12 0 ] [ 12 0 0 0 ] [....]
  5869 - [ 0000000d ][ 0.000000 ] [ 13 ] [ 13 0 ] [ 13 0 0 0 ] [....]
  5870 - [ 0000000e ][ 0.000000 ] [ 14 ] [ 14 0 ] [ 14 0 0 0 ] [....]
  5871 - [ 0000000f ][ 0.000000 ] [ 15 ] [ 15 0 ] [ 15 0 0 0 ] [....]
  5872 - [ 00000010 ][ 0.000000 ] [ 16 ] [ 16 0 ] [ 16 0 0 0 ] [....]
  5873 - [ 00000011 ][ 0.000000 ] [ 17 ] [ 17 0 ] [ 17 0 0 0 ] [....]
  5874 - [ 00000012 ][ 0.000000 ] [ 18 ] [ 18 0 ] [ 18 0 0 0 ] [....]
  5875 - [ 00000013 ][ 0.000000 ] [ 19 ] [ 19 0 ] [ 19 0 0 0 ] [....]
  5876 - [ 00000014 ][ 0.000000 ] [ 20 ] [ 20 0 ] [ 20 0 0 0 ] [....]
  5877 - [ 00000015 ][ 0.000000 ] [ 21 ] [ 21 0 ] [ 21 0 0 0 ] [....]
  5878 - [ 00000016 ][ 0.000000 ] [ 22 ] [ 22 0 ] [ 22 0 0 0 ] [....]
  5879 - [ ffffffff ][ -nan ] [ 4294967295 ] [ 65535 65535 ] [ 255 255 255 255 ] [....]
  5880 - [ ffffffff ][ -nan ] [ 4294967295 ] [ 65535 65535 ] [ 255 255 255 255 ] [....]
  5881 - [ ffffffff ][ -nan ] [ 4294967295 ] [ 65535 65535 ] [ 255 255 255 255 ] [....]
  5882 - [ ffffffff ][ -nan ] [ 4294967295 ] [ 65535 65535 ] [ 255 255 255 255 ] [....]
  5883 - [ ffffffff ][ -nan ] [ 4294967295 ] [ 65535 65535 ] [ 255 255 255 255 ] [....]
  5884 - [ ffffffff ][ -nan ] [ 4294967295 ] [ 65535 65535 ] [ 255 255 255 255 ] [....]
  5885 - [ ffffffff ][ -nan ] [ 4294967295 ] [ 65535 65535 ] [ 255 255 255 255 ] [....]
  5886 - [ ffffffff ][ -nan ] [ 4294967295 ] [ 65535 65535 ] [ 255 255 255 255 ] [....]
  5887 - [ ffffffff ][ -nan ] [ 4294967295 ] [ 65535 65535 ] [ 255 255 255 255 ] [....]
  5888 - [ ffffffff ][ -nan ] [ 4294967295 ] [ 65535 65535 ] [ 255 255 255 255 ] [....]
  5889 - [ ffffffff ][ -nan ] [ 4294967295 ] [ 65535 65535 ] [ 255 255 255 255 ] [....]
  5890 - [ ffffffff ][ -nan ] [ 4294967295 ] [ 65535 65535 ] [ 255 255 255 255 ] [....]
  5891 - [ ffffffff ][ -nan ] [ 4294967295 ] [ 65535 65535 ] [ 255 255 255 255 ] [....]
  5892 - [ ffffffff ][ -nan ] [ 4294967295 ] [ 65535 65535 ] [ 255 255 255 255 ] [....]
  5893 - [ ffffffff ][ -nan ] [ 4294967295 ] [ 65535 65535 ] [ 255 255 255 255 ] [....]
  5894 - [ ffffffff ][ -nan ] [ 4294967295 ] [ 65535 65535 ] [ 255 255 255 255 ] [....]
  5895 - [ 00000000 ][ 0.000000 ] [ 0 ] [ 0 0 ] [ 0 0 0 0 ] [....]
  5896 - [ 00000000 ][ 0.000000 ] [ 0 ] [ 0 0 ] [ 0 0 0 0 ] [....]
  5897 - [ 00000000 ][ 0.000000 ] [ 0 ] [ 0 0 ] [ 0 0 0 0 ] [....]
  5898 - [ 00000000 ][ 0.000000 ] [ 0 ] [ 0 0 ] [ 0 0 0 0 ] [....]
  5899 - [ 00000101 ][ 0.000000 ] [ 257 ] [ 257 0 ] [ 1 1 0 0 ] [....]
  5900 - [ 00000004 ][ 0.000000 ] [ 4 ] [ 4 0 ] [ 4 0 0 0 ] [....]
  5901 - [ 00000020 ][ 0.000000 ] [ 32 ] [ 32 0 ] [ 32 0 0 0 ] [....]
  5902 - [ 00000000 ][ 0.000000 ] [ 0 ] [ 0 0 ] [ 0 0 0 0 ] [....]
  5903 - [ 46c8679a ][ 25651.800781 ] [ 1187538842 ] [ 26522 18120 ] [ 154 103 200 70 ] [.g.F]
  5904 - [ c411719a ][ -581.775024 ] [ 3289477530 ] [ 29082 50193 ] [ 154 113 17 196 ] [.q..]
  5905 - [ 46b254e6 ][ 22826.449219 ] [ 1186092262 ] [ 21734 18098 ] [ 230 84 178 70 ] [.T.F]
  5906 - [ 3f800000 ][ 1.000000 ] [ 1065353216 ] [ 0 16256 ] [ 0 0 128 63 ] [...?]
  5907 - [ 46cb4a33 ][ 26021.099609 ] [ 1187727923 ] [ 18995 18123 ] [ 51 74 203 70 ] [3J.F]
  5908 - [ c411719a ][ -581.775024 ] [ 3289477530 ] [ 29082 50193 ] [ 154 113 17 196 ] [.q..]
  5909 - [ 46b375e6 ][ 22970.949219 ] [ 1186166246 ] [ 30182 18099 ] [ 230 117 179 70 ] [.u.F]
  5910 - [ 3f800000 ][ 1.000000 ] [ 1065353216 ] [ 0 16256 ] [ 0 0 128 63 ] [...?]
  5911 - [ 46cde166 ][ 26352.699219 ] [ 1187897702 ] [ 57702 18125 ] [ 102 225 205 70 ] [f..F]
  5912 - [ c411719a ][ -581.775024 ] [ 3289477530 ] [ 29082 50193 ] [ 154 113 17 196 ] [.q..]
  5913 - [ 46ad5533 ][ 22186.599609 ] [ 1185764659 ] [ 21811 18093 ] [ 51 85 173 70 ] [3U.F]
  5914 - [ 3f800000 ][ 1.000000 ] [ 1065353216 ] [ 0 16256 ] [ 0 0 128 63 ] [...?]
  5915 - [ 46cafee6 ][ 25983.449219 ] [ 1187708646 ] [ 65254 18122 ] [ 230 254 202 70 ] [...F]
  5916 - [ c411719a ][ -581.775024 ] [ 3289477530 ] [ 29082 50193 ] [ 154 113 17 196 ] [.q..]
  5917 - [ 46ac3433 ][ 22042.099609 ] [ 1185690675 ] [ 13363 18092 ] [ 51 52 172 70 ] [34.F]
  5918 - [ 3f800000 ][ 1.000000 ] [ 1065353216 ] [ 0 16256 ] [ 0 0 128 63 ] [...?]
  5919 - [ 00000101 ][ 0.000000 ] [ 257 ] [ 257 0 ] [ 1 1 0 0 ] [....]
  5920 - [ 00000004 ][ 0.000000 ] [ 4 ] [ 4 0 ] [ 4 0 0 0 ] [....]
  5921 - [ 00000020 ][ 0.000000 ] [ 32 ] [ 32 0 ] [ 32 0 0 0 ] [....]
  5922 - [ 00000000 ][ 0.000000 ] [ 0 ] [ 0 0 ] [ 0 0 0 0 ] [....]
  5923 - [ 46c24700 ][ 24867.500000 ] [ 1187137280 ] [ 18176 18114 ] [ 0 71 194 70 ] [.G.F]
  5924 - [ 418f9d7e ][ 17.951900 ] [ 1099931006 ] [ 40318 16783 ] [ 126 157 143 65 ] [~..A]
  5925 - [ 46afbd9a ][ 22494.800781 ] [ 1185922458 ] [ 48538 18095 ] [ 154 189 175 70 ] [...F]
  5926 - [ 3f800000 ][ 1.000000 ] [ 1065353216 ] [ 0 16256 ] [ 0 0 128 63 ] [...?]
  5927 - [ 46c8679a ][ 25651.800781 ] [ 1187538842 ] [ 26522 18120 ] [ 154 103 200 70 ] [.g.F]
  5928 - [ c411719a ][ -581.775024 ] [ 3289477530 ] [ 29082 50193 ] [ 154 113 17 196 ] [.q..]
  5929 - [ 46b254e6 ][ 22826.449219 ] [ 1186092262 ] [ 21734 18098 ] [ 230 84 178 70 ] [.T.F]
  5930 - [ 3f800000 ][ 1.000000 ] [ 1065353216 ] [ 0 16256 ] [ 0 0 128 63 ] [...?]
  5931 - [ 46cafee6 ][ 25983.449219 ] [ 1187708646 ] [ 65254 18122 ] [ 230 254 202 70 ] [...F]
  5932 - [ c411719a ][ -581.775024 ] [ 3289477530 ] [ 29082 50193 ] [ 154 113 17 196 ] [.q..]
  5933 - [ 46ac3433 ][ 22042.099609 ] [ 1185690675 ] [ 13363 18092 ] [ 51 52 172 70 ] [34.F]
  5934 - [ 3f800000 ][ 1.000000 ] [ 1065353216 ] [ 0 16256 ] [ 0 0 128 63 ] [...?]
  5935 - [ 46c4de33 ][ 25199.099609 ] [ 1187307059 ] [ 56883 18116 ] [ 51 222 196 70 ] [3..F]
  5936 - [ 418f9d7e ][ 17.951900 ] [ 1099931006 ] [ 40318 16783 ] [ 126 157 143 65 ] [~..A]
  5937 - [ 46a99d00 ][ 21710.500000 ] [ 1185520896 ] [ 40192 18089 ] [ 0 157 169 70 ] [...F]
  5938 - [ 3f800000 ][ 1.000000 ] [ 1065353216 ] [ 0 16256 ] [ 0 0 128 63 ] [...?]
  5939 - [ 00000101 ][ 0.000000 ] [ 257 ] [ 257 0 ] [ 1 1 0 0 ] [....]
  5940 - [ 00000004 ][ 0.000000 ] [ 4 ] [ 4 0 ] [ 4 0 0 0 ] [....]
  5941 - [ 00000200 ][ 0.000000 ] [ 512 ] [ 512 0 ] [ 0 2 0 0 ] [....]
  5942 - [ 00000000 ][ 0.000000 ] [ 0 ] [ 0 0 ] [ 0 0 0 0 ] [....]
  5943 - [ 46b7e54d ][ 23538.650391 ] [ 1186456909 ] [ 58701 18103 ] [ 77 229 183 70 ] [M..F]
  5944 - [ c1088f5c ][ -8.535000 ] [ 3238563676 ] [ 36700 49416 ] [ 92 143 8 193 ] [\...]
  5945 - [ 469c4000 ][ 20000.000000 ] [ 1184645120 ] [ 16384 18076 ] [ 0 64 156 70 ] [.@.F]
  5946 - [ 3f800000 ][ 1.000000 ] [ 1065353216 ] [ 0 16256 ] [ 0 0 128 63 ] [...?]
  5947 - [ 46d06a9a ][ 26677.300781 ] [ 1188063898 ] [ 27290 18128 ] [ 154 106 208 70 ] [.j.F]
  5948 - [ c1088f5c ][ -8.535000 ] [ 3238563676 ] [ 36700 49416 ] [ 92 143 8 193 ] [\...]
  5949 - [ 469c4000 ][ 20000.000000 ] [ 1184645120 ] [ 16384 18076 ] [ 0 64 156 70 ] [.@.F]
  5950 - [ 3f800000 ][ 1.000000 ] [ 1065353216 ] [ 0 16256 ] [ 0 0 128 63 ] [...?]
  5951 - [ 46c9d89a ][ 25836.300781 ] [ 1187633306 ] [ 55450 18121 ] [ 154 216 201 70 ] [...F]
  5952 - [ c1088f5c ][ -8.535000 ] [ 3238563676 ] [ 36700 49416 ] [ 92 143 8 193 ] [\...]
  5953 - [ 4683bab3 ][ 16861.349609 ] [ 1183038131 ] [ 47795 18051 ] [ 179 186 131 70 ] [...F]
  5954 - [ 3f800000 ][ 1.000000 ] [ 1065353216 ] [ 0 16256 ] [ 0 0 128 63 ] [...?]
  5955 - [ 46b49c4d ][ 23118.150391 ] [ 1186241613 ] [ 40013 18100 ] [ 77 156 180 70 ] [M..F]
  5956 - [ c1088f5c ][ -8.535000 ] [ 3238563676 ] [ 36700 49416 ] [ 92 143 8 193 ] [\...]
  5957 - [ 468ffd66 ][ 18430.699219 ] [ 1183841638 ] [ 64870 18063 ] [ 102 253 143 70 ] [f..F]
  5958 - [ 3f800000 ][ 1.000000 ] [ 1065353216 ] [ 0 16256 ] [ 0 0 128 63 ] [...?]
  5959 - [ 00000101 ][ 0.000000 ] [ 257 ] [ 257 0 ] [ 1 1 0 0 ] [....]
  5960 - [ 00000004 ][ 0.000000 ] [ 4 ] [ 4 0 ] [ 4 0 0 0 ] [....]
  5961 - [ 00000200 ][ 0.000000 ] [ 512 ] [ 512 0 ] [ 0 2 0 0 ] [....]
  5962 - [ 00000000 ][ 0.000000 ] [ 0 ] [ 0 0 ] [ 0 0 0 0 ] [....]
  5963 - [ 46c9d89a ][ 25836.300781 ] [ 1187633306 ] [ 55450 18121 ] [ 154 216 201 70 ] [...F]
  5964 - [ c1088f5c ][ -8.535000 ] [ 3238563676 ] [ 36700 49416 ] [ 92 143 8 193 ] [\...]
  5965 - [ 4683bab3 ][ 16861.349609 ] [ 1183038131 ] [ 47795 18051 ] [ 179 186 131 70 ] [...F]
  5966 - [ 3f800000 ][ 1.000000 ] [ 1065353216 ] [ 0 16256 ] [ 0 0 128 63 ] [...?]
  5967 - [ 46be069a ][ 24323.300781 ] [ 1186858650 ] [ 1690 18110 ] [ 154 6 190 70 ] [...F]
  5968 - [ c1088f5c ][ -8.535000 ] [ 3238563676 ] [ 36700 49416 ] [ 92 143 8 193 ] [\...]
  5969 - [ 464e529a ][ 13204.650391 ] [ 1179538074 ] [ 21146 17998 ] [ 154 82 78 70 ] [.RNF]
  5970 - [ 3f800000 ][ 1.000000 ] [ 1065353216 ] [ 0 16256 ] [ 0 0 128 63 ] [...?]
  5971 - [ 46aba29a ][ 21969.300781 ] [ 1185653402 ] [ 41626 18091 ] [ 154 162 171 70 ] [...F]
  5972 - [ c1088f5c ][ -8.535000 ] [ 3238563676 ] [ 36700 49416 ] [ 92 143 8 193 ] [\...]
  5973 - [ 468703b3 ][ 17281.849609 ] [ 1183253427 ] [ 947 18055 ] [ 179 3 135 70 ] [...F]
  5974 - [ 3f800000 ][ 1.000000 ] [ 1065353216 ] [ 0 16256 ] [ 0 0 128 63 ] [...?]
  5975 - [ 46b49c4d ][ 23118.150391 ] [ 1186241613 ] [ 40013 18100 ] [ 77 156 180 70 ] [M..F]
  5976 - [ c1088f5c ][ -8.535000 ] [ 3238563676 ] [ 36700 49416 ] [ 92 143 8 193 ] [\...]
  5977 - [ 468ffd66 ][ 18430.699219 ] [ 1183841638 ] [ 64870 18063 ] [ 102 253 143 70 ] [f..F]
  5978 - [ 3f800000 ][ 1.000000 ] [ 1065353216 ] [ 0 16256 ] [ 0 0 128 63 ] [...?]
  5979 - [ 00000001 ][ 0.000000 ] [ 1 ] [ 1 0 ] [ 1 0 0 0 ] [....]
  5980 - [ 00000004 ][ 0.000000 ] [ 4 ] [ 4 0 ] [ 4 0 0 0 ] [....]
  5981 - [ 00000200 ][ 0.000000 ] [ 512 ] [ 512 0 ] [ 0 2 0 0 ] [....]
  5982 - [ 00000000 ][ 0.000000 ] [ 0 ] [ 0 0 ] [ 0 0 0 0 ] [....]
  5983 - [ 46be069a ][ 24323.300781 ] [ 1186858650 ] [ 1690 18110 ] [ 154 6 190 70 ] [...F]
  5984 - [ c1088f5c ][ -8.535000 ] [ 3238563676 ] [ 36700 49416 ] [ 92 143 8 193 ] [\...]
  5985 - [ 464e529a ][ 13204.650391 ] [ 1179538074 ] [ 21146 17998 ] [ 154 82 78 70 ] [.RNF]
  5986 - [ 3f800000 ][ 1.000000 ] [ 1065353216 ] [ 0 16256 ] [ 0 0 128 63 ] [...?]
  5987 - [ 46c9d89a ][ 25836.300781 ] [ 1187633306 ] [ 55450 18121 ] [ 154 216 201 70 ] [...F]
  5988 - [ c1088f5c ][ -8.535000 ] [ 3238563676 ] [ 36700 49416 ] [ 92 143 8 193 ] [\...]
  5989 - [ 4683bab3 ][ 16861.349609 ] [ 1183038131 ] [ 47795 18051 ] [ 179 186 131 70 ] [...F]
  5990 - [ 3f800000 ][ 1.000000 ] [ 1065353216 ] [ 0 16256 ] [ 0 0 128 63 ] [...?]
  5991 - [ 46d476b3 ][ 27195.349609 ] [ 1188329139 ] [ 30387 18132 ] [ 179 118 212 70 ] [.v.F]
  5992 - [ c1088f5c ][ -8.535000 ] [ 3238563676 ] [ 36700 49416 ] [ 92 143 8 193 ] [\...]
  5993 - [ 467b32cd ][ 16076.700195 ] [ 1182479053 ] [ 13005 18043 ] [ 205 50 123 70 ] [.2{F]
  5994 - [ 3f800000 ][ 1.000000 ] [ 1065353216 ] [ 0 16256 ] [ 0 0 128 63 ] [...?]
  5995 - [ 46be069a ][ 24323.300781 ] [ 1186858650 ] [ 1690 18110 ] [ 154 6 190 70 ] [...F]
  5996 - [ c1088f5c ][ -8.535000 ] [ 3238563676 ] [ 36700 49416 ] [ 92 143 8 193 ] [\...]
  5997 - [ 464e529a ][ 13204.650391 ] [ 1179538074 ] [ 21146 17998 ] [ 154 82 78 70 ] [.RNF]
  5998 - [ 3f800000 ][ 1.000000 ] [ 1065353216 ] [ 0 16256 ] [ 0 0 128 63 ] [...?]
  5999 - [ 00000101 ][ 0.000000 ] [ 257 ] [ 257 0 ] [ 1 1 0 0 ] [....]
  6000 - [ 00000004 ][ 0.000000 ] [ 4 ] [ 4 0 ] [ 4 0 0 0 ] [....]
  6001 - [ 00000200 ][ 0.000000 ] [ 512 ] [ 512 0 ] [ 0 2 0 0 ] [....]
  6002 - [ 00000000 ][ 0.000000 ] [ 0 ] [ 0 0 ] [ 0 0 0 0 ] [....]
  6003 - [ 469f6000 ][ 20400.000000 ] [ 1184849920 ] [ 24576 18079 ] [ 0 96 159 70 ] [.`.F]
  6004 - [ c1088f5c ][ -8.535000 ] [ 3238563676 ] [ 36700 49416 ] [ 92 143 8 193 ] [\...]
  6005 - [ 463de59a ][ 12153.400391 ] [ 1178461594 ] [ 58778 17981 ] [ 154 229 61 70 ] [..=F]
  6006 - [ 3f800000 ][ 1.000000 ] [ 1065353216 ] [ 0 16256 ] [ 0 0 128 63 ] [...?]
  6007 - [ 469f6000 ][ 20400.000000 ] [ 1184849920 ] [ 24576 18079 ] [ 0 96 159 70 ] [.`.F]
  6008 - [ c1088f5c ][ -8.535000 ] [ 3238563676 ] [ 36700 49416 ] [ 92 143 8 193 ] [\...]
  6009 - [ 4683bab3 ][ 16861.349609 ] [ 1183038131 ] [ 47795 18051 ] [ 179 186 131 70 ] [...F]
  6010 - [ 3f800000 ][ 1.000000 ] [ 1065353216 ] [ 0 16256 ] [ 0 0 128 63 ] [...?]
  6011 - [ 46aba29a ][ 21969.300781 ] [ 1185653402 ] [ 41626 18091 ] [ 154 162 171 70 ] [...F]
  6012 - [ c1088f5c ][ -8.535000 ] [ 3238563676 ] [ 36700 49416 ] [ 92 143 8 193 ] [\...]
  6013 - [ 468703b3 ][ 17281.849609 ] [ 1183253427 ] [ 947 18055 ] [ 179 3 135 70 ] [...F]
  6014 - [ 3f800000 ][ 1.000000 ] [ 1065353216 ] [ 0 16256 ] [ 0 0 128 63 ] [...?]
  6015 - [ 46be069a ][ 24323.300781 ] [ 1186858650 ] [ 1690 18110 ] [ 154 6 190 70 ] [...F]
  6016 - [ c1088f5c ][ -8.535000 ] [ 3238563676 ] [ 36700 49416 ] [ 92 143 8 193 ] [\...]
  6017 - [ 464e529a ][ 13204.650391 ] [ 1179538074 ] [ 21146 17998 ] [ 154 82 78 70 ] [.RNF]
  6018 - [ 3f800000 ][ 1.000000 ] [ 1065353216 ] [ 0 16256 ] [ 0 0 128 63 ] [...?]
  6019 - [ 00000101 ][ 0.000000 ] [ 257 ] [ 257 0 ] [ 1 1 0 0 ] [....]
  6020 - [ 00000004 ][ 0.000000 ] [ 4 ] [ 4 0 ] [ 4 0 0 0 ] [....]
  6021 - [ 00000200 ][ 0.000000 ] [ 512 ] [ 512 0 ] [ 0 2 0 0 ] [....]
  6022 - [ 00000000 ][ 0.000000 ] [ 0 ] [ 0 0 ] [ 0 0 0 0 ] [....]
  6023 - [ 469f6000 ][ 20400.000000 ] [ 1184849920 ] [ 24576 18079 ] [ 0 96 159 70 ] [.`.F]
  6024 - [ c1088f5c ][ -8.535000 ] [ 3238563676 ] [ 36700 49416 ] [ 92 143 8 193 ] [\...]
  6025 - [ 463de59a ][ 12153.400391 ] [ 1178461594 ] [ 58778 17981 ] [ 154 229 61 70 ] [..=F]
  6026 - [ 3f800000 ][ 1.000000 ] [ 1065353216 ] [ 0 16256 ] [ 0 0 128 63 ] [...?]
  6027 - [ 468bbe9a ][ 17887.300781 ] [ 1183563418 ] [ 48794 18059 ] [ 154 190 139 70 ] [...F]
  6028 - [ c1088f5c ][ -8.535000 ] [ 3238563676 ] [ 36700 49416 ] [ 92 143 8 193 ] [\...]
  6029 - [ 46768e33 ][ 15779.549805 ] [ 1182174771 ] [ 36403 18038 ] [ 51 142 118 70 ] [3.vF]
  6030 - [ 3f800000 ][ 1.000000 ] [ 1065353216 ] [ 0 16256 ] [ 0 0 128 63 ] [...?]
  6031 - [ 46931d66 ][ 18830.699219 ] [ 1184046438 ] [ 7526 18067 ] [ 102 29 147 70 ] [f..F]
  6032 - [ c1088f5c ][ -8.535000 ] [ 3238563676 ] [ 36700 49416 ] [ 92 143 8 193 ] [\...]
  6033 - [ 468703b3 ][ 17281.849609 ] [ 1183253427 ] [ 947 18055 ] [ 179 3 135 70 ] [...F]
  6034 - [ 3f800000 ][ 1.000000 ] [ 1065353216 ] [ 0 16256 ] [ 0 0 128 63 ] [...?]
  6035 - [ 469f6000 ][ 20400.000000 ] [ 1184849920 ] [ 24576 18079 ] [ 0 96 159 70 ] [.`.F]
  6036 - [ c1088f5c ][ -8.535000 ] [ 3238563676 ] [ 36700 49416 ] [ 92 143 8 193 ] [\...]
  6037 - [ 4683bab3 ][ 16861.349609 ] [ 1183038131 ] [ 47795 18051 ] [ 179 186 131 70 ] [...F]
  6038 - [ 3f800000 ][ 1.000000 ] [ 1065353216 ] [ 0 16256 ] [ 0 0 128 63 ] [...?]
  6039 - [ 00000001 ][ 0.000000 ] [ 1 ] [ 1 0 ] [ 1 0 0 0 ] [....]
  6040 - [ 00000004 ][ 0.000000 ] [ 4 ] [ 4 0 ] [ 4 0 0 0 ] [....]
  6041 - [ 00000200 ][ 0.000000 ] [ 512 ] [ 512 0 ] [ 0 2 0 0 ] [....]
  6042 - [ 00000000 ][ 0.000000 ] [ 0 ] [ 0 0 ] [ 0 0 0 0 ] [....]
  6043 - [ 4685ec33 ][ 17142.099609 ] [ 1183181875 ] [ 60467 18053 ] [ 51 236 133 70 ] [3..F]
  6044 - [ c1088f5c ][ -8.535000 ] [ 3238563676 ] [ 36700 49416 ] [ 92 143 8 193 ] [\...]
  6045 - [ 4665199a ][ 14662.400391 ] [ 1181030810 ] [ 6554 18021 ] [ 154 25 101 70 ] [..eF]
  6046 - [ 3f800000 ][ 1.000000 ] [ 1065353216 ] [ 0 16256 ] [ 0 0 128 63 ] [...?]
  6047 - [ 469f6000 ][ 20400.000000 ] [ 1184849920 ] [ 24576 18079 ] [ 0 96 159 70 ] [.`.F]
  6048 - [ c1088f5c ][ -8.535000 ] [ 3238563676 ] [ 36700 49416 ] [ 92 143 8 193 ] [\...]
  6049 - [ 463de59a ][ 12153.400391 ] [ 1178461594 ] [ 58778 17981 ] [ 154 229 61 70 ] [..=F]
  6050 - [ 3f800000 ][ 1.000000 ] [ 1065353216 ] [ 0 16256 ] [ 0 0 128 63 ] [...?]
  6051 - [ 4680b966 ][ 16476.699219 ] [ 1182841190 ] [ 47462 18048 ] [ 102 185 128 70 ] [f..F]
  6052 - [ c1088f5c ][ -8.535000 ] [ 3238563676 ] [ 36700 49416 ] [ 92 143 8 193 ] [\...]
  6053 - [ 464e529a ][ 13204.650391 ] [ 1179538074 ] [ 21146 17998 ] [ 154 82 78 70 ] [.RNF]
  6054 - [ 3f800000 ][ 1.000000 ] [ 1065353216 ] [ 0 16256 ] [ 0 0 128 63 ] [...?]
  6055 - [ 4685ec33 ][ 17142.099609 ] [ 1183181875 ] [ 60467 18053 ] [ 51 236 133 70 ] [3..F]
  6056 - [ c1088f5c ][ -8.535000 ] [ 3238563676 ] [ 36700 49416 ] [ 92 143 8 193 ] [\...]
  6057 - [ 4665199a ][ 14662.400391 ] [ 1181030810 ] [ 6554 18021 ] [ 154 25 101 70 ] [..eF]
  6058 - [ 3f800000 ][ 1.000000 ] [ 1065353216 ] [ 0 16256 ] [ 0 0 128 63 ] [...?]
  6059 - [ 00000001 ][ 0.000000 ] [ 1 ] [ 1 0 ] [ 1 0 0 0 ] [....]
  6060 - [ 00000004 ][ 0.000000 ] [ 4 ] [ 4 0 ] [ 4 0 0 0 ] [....]
  6061 - [ 00000200 ][ 0.000000 ] [ 512 ] [ 512 0 ] [ 0 2 0 0 ] [....]
  6062 - [ 00000000 ][ 0.000000 ] [ 0 ] [ 0 0 ] [ 0 0 0 0 ] [....]
  6063 - [ 4686549a ][ 17194.300781 ] [ 1183208602 ] [ 21658 18054 ] [ 154 84 134 70 ] [.T.F]
  6064 - [ c1088f5c ][ -8.535000 ] [ 3238563676 ] [ 36700 49416 ] [ 92 143 8 193 ] [\...]
  6065 - [ 467dfa66 ][ 16254.599609 ] [ 1182661222 ] [ 64102 18045 ] [ 102 250 125 70 ] [f.}F]
  6066 - [ 3f800000 ][ 1.000000 ] [ 1065353216 ] [ 0 16256 ] [ 0 0 128 63 ] [...?]
  6067 - [ 46931d66 ][ 18830.699219 ] [ 1184046438 ] [ 7526 18067 ] [ 102 29 147 70 ] [f..F]
  6068 - [ c1088f5c ][ -8.535000 ] [ 3238563676 ] [ 36700 49416 ] [ 92 143 8 193 ] [\...]
  6069 - [ 468703b3 ][ 17281.849609 ] [ 1183253427 ] [ 947 18055 ] [ 179 3 135 70 ] [...F]
  6070 - [ 3f800000 ][ 1.000000 ] [ 1065353216 ] [ 0 16256 ] [ 0 0 128 63 ] [...?]
  6071 - [ 468bbe9a ][ 17887.300781 ] [ 1183563418 ] [ 48794 18059 ] [ 154 190 139 70 ] [...F]
  6072 - [ c1088f5c ][ -8.535000 ] [ 3238563676 ] [ 36700 49416 ] [ 92 143 8 193 ] [\...]
  6073 - [ 46768e33 ][ 15779.549805 ] [ 1182174771 ] [ 36403 18038 ] [ 51 142 118 70 ] [3.vF]
  6074 - [ 3f800000 ][ 1.000000 ] [ 1065353216 ] [ 0 16256 ] [ 0 0 128 63 ] [...?]
  6075 - [ 4686549a ][ 17194.300781 ] [ 1183208602 ] [ 21658 18054 ] [ 154 84 134 70 ] [.T.F]
  6076 - [ c1088f5c ][ -8.535000 ] [ 3238563676 ] [ 36700 49416 ] [ 92 143 8 193 ] [\...]
  6077 - [ 467dfa66 ][ 16254.599609 ] [ 1182661222 ] [ 64102 18045 ] [ 102 250 125 70 ] [f.}F]
  6078 - [ 3f800000 ][ 1.000000 ] [ 1065353216 ] [ 0 16256 ] [ 0 0 128 63 ] [...?]
  6079 - [ 00000101 ][ 0.000000 ] [ 257 ] [ 257 0 ] [ 1 1 0 0 ] [....]
  6080 - [ 00000004 ][ 0.000000 ] [ 4 ] [ 4 0 ] [ 4 0 0 0 ] [....]
  6081 - [ 00000200 ][ 0.000000 ] [ 512 ] [ 512 0 ] [ 0 2 0 0 ] [....]
  6082 - [ 00000000 ][ 0.000000 ] [ 0 ] [ 0 0 ] [ 0 0 0 0 ] [....]
  6083 - [ 468bbe9a ][ 17887.300781 ] [ 1183563418 ] [ 48794 18059 ] [ 154 190 139 70 ] [...F]
  6084 - [ c1088f5c ][ -8.535000 ] [ 3238563676 ] [ 36700 49416 ] [ 92 143 8 193 ] [\...]
  6085 - [ 46768e33 ][ 15779.549805 ] [ 1182174771 ] [ 36403 18038 ] [ 51 142 118 70 ] [3.vF]
  6086 - [ 3f800000 ][ 1.000000 ] [ 1065353216 ] [ 0 16256 ] [ 0 0 128 63 ] [...?]
  6087 - [ 46874380 ][ 17313.750000 ] [ 1183269760 ] [ 17280 18055 ] [ 128 67 135 70 ] [.C.F]
  6088 - [ 44027800 ][ 521.875000 ] [ 1141012480 ] [ 30720 17410 ] [ 0 120 2 68 ] [.x.D]
  6089 - [ 466a4c00 ][ 14995.000000 ] [ 1181371392 ] [ 19456 18026 ] [ 0 76 106 70 ] [.LjF]
  6090 - [ 3f800000 ][ 1.000000 ] [ 1065353216 ] [ 0 16256 ] [ 0 0 128 63 ] [...?]
  6091 - [ 4681d980 ][ 16620.750000 ] [ 1182914944 ] [ 55680 18049 ] [ 128 217 129 70 ] [...F]
  6092 - [ 44027800 ][ 521.875000 ] [ 1141012480 ] [ 30720 17410 ] [ 0 120 2 68 ] [.x.D]
  6093 - [ 4671b833 ][ 15470.049805 ] [ 1181857843 ] [ 47155 18033 ] [ 51 184 113 70 ] [3.qF]
  6094 - [ 3f800000 ][ 1.000000 ] [ 1065353216 ] [ 0 16256 ] [ 0 0 128 63 ] [...?]
  6095 - [ 4686549a ][ 17194.300781 ] [ 1183208602 ] [ 21658 18054 ] [ 154 84 134 70 ] [.T.F]
  6096 - [ c1088f5c ][ -8.535000 ] [ 3238563676 ] [ 36700 49416 ] [ 92 143 8 193 ] [\...]
  6097 - [ 467dfa66 ][ 16254.599609 ] [ 1182661222 ] [ 64102 18045 ] [ 102 250 125 70 ] [f.}F]
  6098 - [ 3f800000 ][ 1.000000 ] [ 1065353216 ] [ 0 16256 ] [ 0 0 128 63 ] [...?]
  6099 - [ 00000101 ][ 0.000000 ] [ 257 ] [ 257 0 ] [ 1 1 0 0 ] [....]
  6100 - [ 00000004 ][ 0.000000 ] [ 4 ] [ 4 0 ] [ 4 0 0 0 ] [....]
  6101 - [ 00000200 ][ 0.000000 ] [ 512 ] [ 512 0 ] [ 0 2 0 0 ] [....]
  6102 - [ 00000000 ][ 0.000000 ] [ 0 ] [ 0 0 ] [ 0 0 0 0 ] [....]
  6103 - [ 46c9d89a ][ 25836.300781 ] [ 1187633306 ] [ 55450 18121 ] [ 154 216 201 70 ] [...F]
  6104 - [ c1088f5c ][ -8.535000 ] [ 3238563676 ] [ 36700 49416 ] [ 92 143 8 193 ] [\...]
  6105 - [ 46b4c54d ][ 23138.650391 ] [ 1186252109 ] [ 50509 18100 ] [ 77 197 180 70 ] [M..F]
  6106 - [ 3f800000 ][ 1.000000 ] [ 1065353216 ] [ 0 16256 ] [ 0 0 128 63 ] [...?]
  6107 - [ 46b49c4d ][ 23118.150391 ] [ 1186241613 ] [ 40013 18100 ] [ 77 156 180 70 ] [M..F]
  6108 - [ c1088f5c ][ -8.535000 ] [ 3238563676 ] [ 36700 49416 ] [ 92 143 8 193 ] [\...]
  6109 - [ 46a8829a ][ 21569.300781 ] [ 1185448602 ] [ 33434 18088 ] [ 154 130 168 70 ] [...F]
  6110 - [ 3f800000 ][ 1.000000 ] [ 1065353216 ] [ 0 16256 ] [ 0 0 128 63 ] [...?]
  6111 - [ 46aba29a ][ 21969.300781 ] [ 1185653402 ] [ 41626 18091 ] [ 154 162 171 70 ] [...F]
  6112 - [ c1088f5c ][ -8.535000 ] [ 3238563676 ] [ 36700 49416 ] [ 92 143 8 193 ] [\...]
  6113 - [ 46b17c4d ][ 22718.150391 ] [ 1186036813 ] [ 31821 18097 ] [ 77 124 177 70 ] [M|.F]
  6114 - [ 3f800000 ][ 1.000000 ] [ 1065353216 ] [ 0 16256 ] [ 0 0 128 63 ] [...?]
  6115 - [ 46b7e54d ][ 23538.650391 ] [ 1186456909 ] [ 58701 18103 ] [ 77 229 183 70 ] [M..F]
  6116 - [ c1088f5c ][ -8.535000 ] [ 3238563676 ] [ 36700 49416 ] [ 92 143 8 193 ] [\...]
  6117 - [ 46c6b89a ][ 25436.300781 ] [ 1187428506 ] [ 47258 18118 ] [ 154 184 198 70 ] [...F]
  6118 - [ 3f800000 ][ 1.000000 ] [ 1065353216 ] [ 0 16256 ] [ 0 0 128 63 ] [...?]
  6119 - [ 00000101 ][ 0.000000 ] [ 257 ] [ 257 0 ] [ 1 1 0 0 ] [....]
  6120 - [ 00000004 ][ 0.000000 ] [ 4 ] [ 4 0 ] [ 4 0 0 0 ] [....]
  6121 - [ 00000200 ][ 0.000000 ] [ 512 ] [ 512 0 ] [ 0 2 0 0 ] [....]
  6122 - [ 00000000 ][ 0.000000 ] [ 0 ] [ 0 0 ] [ 0 0 0 0 ] [....]
  6123 - [ 465caacd ][ 14122.700195 ] [ 1180478157 ] [ 43725 18012 ] [ 205 170 92 70 ] [..\F]
  6124 - [ c1088f5c ][ -8.535000 ] [ 3238563676 ] [ 36700 49416 ] [ 92 143 8 193 ] [\...]
  6125 - [ 469c4000 ][ 20000.000000 ] [ 1184645120 ] [ 16384 18076 ] [ 0 64 156 70 ] [.@.F]
  6126 - [ 3f800000 ][ 1.000000 ] [ 1065353216 ] [ 0 16256 ] [ 0 0 128 63 ] [...?]
  6127 - [ 4686dab3 ][ 17261.349609 ] [ 1183242931 ] [ 55987 18054 ] [ 179 218 134 70 ] [...F]
  6128 - [ c1088f5c ][ -8.535000 ] [ 3238563676 ] [ 36700 49416 ] [ 92 143 8 193 ] [\...]
  6129 - [ 469c4000 ][ 20000.000000 ] [ 1184645120 ] [ 16384 18076 ] [ 0 64 156 70 ] [.@.F]
  6130 - [ 3f800000 ][ 1.000000 ] [ 1065353216 ] [ 0 16256 ] [ 0 0 128 63 ] [...?]
  6131 - [ 468a23b3 ][ 17681.849609 ] [ 1183458227 ] [ 9139 18058 ] [ 179 35 138 70 ] [.#.F]
  6132 - [ c1088f5c ][ -8.535000 ] [ 3238563676 ] [ 36700 49416 ] [ 92 143 8 193 ] [\...]
  6133 - [ 468ffd66 ][ 18430.699219 ] [ 1183841638 ] [ 64870 18063 ] [ 102 253 143 70 ] [f..F]
  6134 - [ 3f800000 ][ 1.000000 ] [ 1065353216 ] [ 0 16256 ] [ 0 0 128 63 ] [...?]
  6135 - [ 4669cecd ][ 14963.700195 ] [ 1181339341 ] [ 52941 18025 ] [ 205 206 105 70 ] [..iF]
  6136 - [ c1088f5c ][ -8.535000 ] [ 3238563676 ] [ 36700 49416 ] [ 92 143 8 193 ] [\...]
  6137 - [ 4683bab3 ][ 16861.349609 ] [ 1183038131 ] [ 47795 18051 ] [ 179 186 131 70 ] [...F]
  6138 - [ 3f800000 ][ 1.000000 ] [ 1065353216 ] [ 0 16256 ] [ 0 0 128 63 ] [...?]
  6139 - [ 00000101 ][ 0.000000 ] [ 257 ] [ 257 0 ] [ 1 1 0 0 ] [....]
  6140 - [ 00000004 ][ 0.000000 ] [ 4 ] [ 4 0 ] [ 4 0 0 0 ] [....]
  6141 - [ 00000200 ][ 0.000000 ] [ 512 ] [ 512 0 ] [ 0 2 0 0 ] [....]
  6142 - [ 00000000 ][ 0.000000 ] [ 0 ] [ 0 0 ] [ 0 0 0 0 ] [....]
  6143 - [ 4669cecd ][ 14963.700195 ] [ 1181339341 ] [ 52941 18025 ] [ 205 206 105 70 ] [..iF]
  6144 - [ c1088f5c ][ -8.535000 ] [ 3238563676 ] [ 36700 49416 ] [ 92 143 8 193 ] [\...]
  6145 - [ 46b4c54d ][ 23138.650391 ] [ 1186252109 ] [ 50509 18100 ] [ 77 197 180 70 ] [M..F]
  6146 - [ 3f800000 ][ 1.000000 ] [ 1065353216 ] [ 0 16256 ] [ 0 0 128 63 ] [...?]
  6147 - [ 468a23b3 ][ 17681.849609 ] [ 1183458227 ] [ 9139 18058 ] [ 179 35 138 70 ] [.#.F]
  6148 - [ c1088f5c ][ -8.535000 ] [ 3238563676 ] [ 36700 49416 ] [ 92 143 8 193 ] [\...]
  6149 - [ 46a8829a ][ 21569.300781 ] [ 1185448602 ] [ 33434 18088 ] [ 154 130 168 70 ] [...F]
  6150 - [ 3f800000 ][ 1.000000 ] [ 1065353216 ] [ 0 16256 ] [ 0 0 128 63 ] [...?]
  6151 - [ 4686dab3 ][ 17261.349609 ] [ 1183242931 ] [ 55987 18054 ] [ 179 218 134 70 ] [...F]
  6152 - [ c1088f5c ][ -8.535000 ] [ 3238563676 ] [ 36700 49416 ] [ 92 143 8 193 ] [\...]
  6153 - [ 469c4000 ][ 20000.000000 ] [ 1184645120 ] [ 16384 18076 ] [ 0 64 156 70 ] [.@.F]
  6154 - [ 3f800000 ][ 1.000000 ] [ 1065353216 ] [ 0 16256 ] [ 0 0 128 63 ] [...?]
  6155 - [ 465caacd ][ 14122.700195 ] [ 1180478157 ] [ 43725 18012 ] [ 205 170 92 70 ] [..\F]
  6156 - [ c1088f5c ][ -8.535000 ] [ 3238563676 ] [ 36700 49416 ] [ 92 143 8 193 ] [\...]
  6157 - [ 469c4000 ][ 20000.000000 ] [ 1184645120 ] [ 16384 18076 ] [ 0 64 156 70 ] [.@.F]
  6158 - [ 3f800000 ][ 1.000000 ] [ 1065353216 ] [ 0 16256 ] [ 0 0 128 63 ] [...?]
  6159 - [ 00000101 ][ 0.000000 ] [ 257 ] [ 257 0 ] [ 1 1 0 0 ] [....]
  6160 - [ 00000004 ][ 0.000000 ] [ 4 ] [ 4 0 ] [ 4 0 0 0 ] [....]
  6161 - [ 00000200 ][ 0.000000 ] [ 512 ] [ 512 0 ] [ 0 2 0 0 ] [....]
  6162 - [ 00000000 ][ 0.000000 ] [ 0 ] [ 0 0 ] [ 0 0 0 0 ] [....]
  6163 - [ 4686dab3 ][ 17261.349609 ] [ 1183242931 ] [ 55987 18054 ] [ 179 218 134 70 ] [...F]
  6164 - [ c1088f5c ][ -8.535000 ] [ 3238563676 ] [ 36700 49416 ] [ 92 143 8 193 ] [\...]
  6165 - [ 46c6b89a ][ 25436.300781 ] [ 1187428506 ] [ 47258 18118 ] [ 154 184 198 70 ] [...F]
  6166 - [ 3f800000 ][ 1.000000 ] [ 1065353216 ] [ 0 16256 ] [ 0 0 128 63 ] [...?]
  6167 - [ 46931d66 ][ 18830.699219 ] [ 1184046438 ] [ 7526 18067 ] [ 102 29 147 70 ] [f..F]
  6168 - [ c1088f5c ][ -8.535000 ] [ 3238563676 ] [ 36700 49416 ] [ 92 143 8 193 ] [\...]
  6169 - [ 46b17c4d ][ 22718.150391 ] [ 1186036813 ] [ 31821 18097 ] [ 77 124 177 70 ] [M|.F]
  6170 - [ 3f800000 ][ 1.000000 ] [ 1065353216 ] [ 0 16256 ] [ 0 0 128 63 ] [...?]
  6171 - [ 468a23b3 ][ 17681.849609 ] [ 1183458227 ] [ 9139 18058 ] [ 179 35 138 70 ] [.#.F]
  6172 - [ c1088f5c ][ -8.535000 ] [ 3238563676 ] [ 36700 49416 ] [ 92 143 8 193 ] [\...]
  6173 - [ 46a8829a ][ 21569.300781 ] [ 1185448602 ] [ 33434 18088 ] [ 154 130 168 70 ] [...F]
  6174 - [ 3f800000 ][ 1.000000 ] [ 1065353216 ] [ 0 16256 ] [ 0 0 128 63 ] [...?]
  6175 - [ 4669cecd ][ 14963.700195 ] [ 1181339341 ] [ 52941 18025 ] [ 205 206 105 70 ] [..iF]
  6176 - [ c1088f5c ][ -8.535000 ] [ 3238563676 ] [ 36700 49416 ] [ 92 143 8 193 ] [\...]
  6177 - [ 46b4c54d ][ 23138.650391 ] [ 1186252109 ] [ 50509 18100 ] [ 77 197 180 70 ] [M..F]
  6178 - [ 3f800000 ][ 1.000000 ] [ 1065353216 ] [ 0 16256 ] [ 0 0 128 63 ] [...?]
  6179 - [ 00000101 ][ 0.000000 ] [ 257 ] [ 257 0 ] [ 1 1 0 0 ] [....]
  6180 - [ 00000004 ][ 0.000000 ] [ 4 ] [ 4 0 ] [ 4 0 0 0 ] [....]
  6181 - [ 00000200 ][ 0.000000 ] [ 512 ] [ 512 0 ] [ 0 2 0 0 ] [....]
  6182 - [ 00000000 ][ 0.000000 ] [ 0 ] [ 0 0 ] [ 0 0 0 0 ] [....]
  6183 - [ 469f6000 ][ 20400.000000 ] [ 1184849920 ] [ 24576 18079 ] [ 0 96 159 70 ] [.`.F]
  6184 - [ c1088f5c ][ -8.535000 ] [ 3238563676 ] [ 36700 49416 ] [ 92 143 8 193 ] [\...]
  6185 - [ 46cd4a9a ][ 26277.300781 ] [ 1187859098 ] [ 19098 18125 ] [ 154 74 205 70 ] [.J.F]
  6186 - [ 3f800000 ][ 1.000000 ] [ 1065353216 ] [ 0 16256 ] [ 0 0 128 63 ] [...?]
  6187 - [ 469f6000 ][ 20400.000000 ] [ 1184849920 ] [ 24576 18079 ] [ 0 96 159 70 ] [.`.F]
  6188 - [ c1088f5c ][ -8.535000 ] [ 3238563676 ] [ 36700 49416 ] [ 92 143 8 193 ] [\...]
  6189 - [ 46b4c54d ][ 23138.650391 ] [ 1186252109 ] [ 50509 18100 ] [ 77 197 180 70 ] [M..F]
  6190 - [ 3f800000 ][ 1.000000 ] [ 1065353216 ] [ 0 16256 ] [ 0 0 128 63 ] [...?]
  6191 - [ 46931d66 ][ 18830.699219 ] [ 1184046438 ] [ 7526 18067 ] [ 102 29 147 70 ] [f..F]
  6192 - [ c1088f5c ][ -8.535000 ] [ 3238563676 ] [ 36700 49416 ] [ 92 143 8 193 ] [\...]
  6193 - [ 46b17c4d ][ 22718.150391 ] [ 1186036813 ] [ 31821 18097 ] [ 77 124 177 70 ] [M|.F]
  6194 - [ 3f800000 ][ 1.000000 ] [ 1065353216 ] [ 0 16256 ] [ 0 0 128 63 ] [...?]
  6195 - [ 4686dab3 ][ 17261.349609 ] [ 1183242931 ] [ 55987 18054 ] [ 179 218 134 70 ] [...F]
  6196 - [ c1088f5c ][ -8.535000 ] [ 3238563676 ] [ 36700 49416 ] [ 92 143 8 193 ] [\...]
  6197 - [ 46c6b89a ][ 25436.300781 ] [ 1187428506 ] [ 47258 18118 ] [ 154 184 198 70 ] [...F]
  6198 - [ 3f800000 ][ 1.000000 ] [ 1065353216 ] [ 0 16256 ] [ 0 0 128 63 ] [...?]
  6199 - [ 00000101 ][ 0.000000 ] [ 257 ] [ 257 0 ] [ 1 1 0 0 ] [....]
  6200 - [ 00000004 ][ 0.000000 ] [ 4 ] [ 4 0 ] [ 4 0 0 0 ] [....]
  6201 - [ 00000200 ][ 0.000000 ] [ 512 ] [ 512 0 ] [ 0 2 0 0 ] [....]
  6202 - [ 00000000 ][ 0.000000 ] [ 0 ] [ 0 0 ] [ 0 0 0 0 ] [....]
  6203 - [ 46b7e54d ][ 23538.650391 ] [ 1186456909 ] [ 58701 18103 ] [ 77 229 183 70 ] [M..F]
  6204 - [ c1088f5c ][ -8.535000 ] [ 3238563676 ] [ 36700 49416 ] [ 92 143 8 193 ] [\...]
  6205 - [ 46c6b89a ][ 25436.300781 ] [ 1187428506 ] [ 47258 18118 ] [ 154 184 198 70 ] [...F]
  6206 - [ 3f800000 ][ 1.000000 ] [ 1065353216 ] [ 0 16256 ] [ 0 0 128 63 ] [...?]
  6207 - [ 46aba29a ][ 21969.300781 ] [ 1185653402 ] [ 41626 18091 ] [ 154 162 171 70 ] [...F]
  6208 - [ c1088f5c ][ -8.535000 ] [ 3238563676 ] [ 36700 49416 ] [ 92 143 8 193 ] [\...]
  6209 - [ 46b17c4d ][ 22718.150391 ] [ 1186036813 ] [ 31821 18097 ] [ 77 124 177 70 ] [M|.F]
  6210 - [ 3f800000 ][ 1.000000 ] [ 1065353216 ] [ 0 16256 ] [ 0 0 128 63 ] [...?]
  6211 - [ 469f6000 ][ 20400.000000 ] [ 1184849920 ] [ 24576 18079 ] [ 0 96 159 70 ] [.`.F]
  6212 - [ c1088f5c ][ -8.535000 ] [ 3238563676 ] [ 36700 49416 ] [ 92 143 8 193 ] [\...]
  6213 - [ 46b4c54d ][ 23138.650391 ] [ 1186252109 ] [ 50509 18100 ] [ 77 197 180 70 ] [M..F]
  6214 - [ 3f800000 ][ 1.000000 ] [ 1065353216 ] [ 0 16256 ] [ 0 0 128 63 ] [...?]
  6215 - [ 469f6000 ][ 20400.000000 ] [ 1184849920 ] [ 24576 18079 ] [ 0 96 159 70 ] [.`.F]
  6216 - [ c1088f5c ][ -8.535000 ] [ 3238563676 ] [ 36700 49416 ] [ 92 143 8 193 ] [\...]
  6217 - [ 46cd4a9a ][ 26277.300781 ] [ 1187859098 ] [ 19098 18125 ] [ 154 74 205 70 ] [.J.F]
  6218 - [ 3f800000 ][ 1.000000 ] [ 1065353216 ] [ 0 16256 ] [ 0 0 128 63 ] [...?]
  6219 - [ 00000001 ][ 0.000000 ] [ 1 ] [ 1 0 ] [ 1 0 0 0 ] [....]
  6220 - [ 00000004 ][ 0.000000 ] [ 4 ] [ 4 0 ] [ 4 0 0 0 ] [....]
  6221 - [ 00000200 ][ 0.000000 ] [ 512 ] [ 512 0 ] [ 0 2 0 0 ] [....]
  6222 - [ 00000000 ][ 0.000000 ] [ 0 ] [ 0 0 ] [ 0 0 0 0 ] [....]
  6223 - [ 46c66bb3 ][ 25397.849609 ] [ 1187408819 ] [ 27571 18118 ] [ 179 107 198 70 ] [.k.F]
  6224 - [ c1088f5c ][ -8.535000 ] [ 3238563676 ] [ 36700 49416 ] [ 92 143 8 193 ] [\...]
  6225 - [ 46a97480 ][ 21690.250000 ] [ 1185510528 ] [ 29824 18089 ] [ 128 116 169 70 ] [.t.F]
  6226 - [ 3f800000 ][ 1.000000 ] [ 1065353216 ] [ 0 16256 ] [ 0 0 128 63 ] [...?]
  6227 - [ 46b49c4d ][ 23118.150391 ] [ 1186241613 ] [ 40013 18100 ] [ 77 156 180 70 ] [M..F]
  6228 - [ c1088f5c ][ -8.535000 ] [ 3238563676 ] [ 36700 49416 ] [ 92 143 8 193 ] [\...]
  6229 - [ 46a8829a ][ 21569.300781 ] [ 1185448602 ] [ 33434 18088 ] [ 154 130 168 70 ] [...F]
  6230 - [ 3f800000 ][ 1.000000 ] [ 1065353216 ] [ 0 16256 ] [ 0 0 128 63 ] [...?]
  6231 - [ 46c9d89a ][ 25836.300781 ] [ 1187633306 ] [ 55450 18121 ] [ 154 216 201 70 ] [...F]
  6232 - [ c1088f5c ][ -8.535000 ] [ 3238563676 ] [ 36700 49416 ] [ 92 143 8 193 ] [\...]
  6233 - [ 46b4c54d ][ 23138.650391 ] [ 1186252109 ] [ 50509 18100 ] [ 77 197 180 70 ] [M..F]
  6234 - [ 3f800000 ][ 1.000000 ] [ 1065353216 ] [ 0 16256 ] [ 0 0 128 63 ] [...?]
  6235 - [ 46c66bb3 ][ 25397.849609 ] [ 1187408819 ] [ 27571 18118 ] [ 179 107 198 70 ] [.k.F]
  6236 - [ c1088f5c ][ -8.535000 ] [ 3238563676 ] [ 36700 49416 ] [ 92 143 8 193 ] [\...]
  6237 - [ 46a97480 ][ 21690.250000 ] [ 1185510528 ] [ 29824 18089 ] [ 128 116 169 70 ] [.t.F]
  6238 - [ 3f800000 ][ 1.000000 ] [ 1065353216 ] [ 0 16256 ] [ 0 0 128 63 ] [...?]
  6239 - [ 00000101 ][ 0.000000 ] [ 257 ] [ 257 0 ] [ 1 1 0 0 ] [....]
  6240 - [ 00000004 ][ 0.000000 ] [ 4 ] [ 4 0 ] [ 4 0 0 0 ] [....]
  6241 - [ 00000200 ][ 0.000000 ] [ 512 ] [ 512 0 ] [ 0 2 0 0 ] [....]
  6242 - [ 00000000 ][ 0.000000 ] [ 0 ] [ 0 0 ] [ 0 0 0 0 ] [....]
  6243 - [ 46c66bb3 ][ 25397.849609 ] [ 1187408819 ] [ 27571 18118 ] [ 179 107 198 70 ] [.k.F]
  6244 - [ c1088f5c ][ -8.535000 ] [ 3238563676 ] [ 36700 49416 ] [ 92 143 8 193 ] [\...]
  6245 - [ 46a97480 ][ 21690.250000 ] [ 1185510528 ] [ 29824 18089 ] [ 128 116 169 70 ] [.t.F]
  6246 - [ 3f800000 ][ 1.000000 ] [ 1065353216 ] [ 0 16256 ] [ 0 0 128 63 ] [...?]
  6247 - [ 46cd2200 ][ 26257.000000 ] [ 1187848704 ] [ 8704 18125 ] [ 0 34 205 70 ] [.".F]
  6248 - [ 43dd0968 ][ 442.073486 ] [ 1138559336 ] [ 2408 17373 ] [ 104 9 221 67 ] [h..C]
  6249 - [ 46ac269a ][ 22035.300781 ] [ 1185687194 ] [ 9882 18092 ] [ 154 38 172 70 ] [.&.F]
  6250 - [ 3f800000 ][ 1.000000 ] [ 1065353216 ] [ 0 16256 ] [ 0 0 128 63 ] [...?]
  6251 - [ 46cf789a ][ 26556.300781 ] [ 1188001946 ] [ 30874 18127 ] [ 154 120 207 70 ] [.x.F]
  6252 - [ 43dd0968 ][ 442.073486 ] [ 1138559336 ] [ 2408 17373 ] [ 104 9 221 67 ] [h..C]
  6253 - [ 46a67e80 ][ 21311.250000 ] [ 1185316480 ] [ 32384 18086 ] [ 128 126 166 70 ] [.~.F]
  6254 - [ 3f800000 ][ 1.000000 ] [ 1065353216 ] [ 0 16256 ] [ 0 0 128 63 ] [...?]
  6255 - [ 46c8c233 ][ 25697.099609 ] [ 1187562035 ] [ 49715 18120 ] [ 51 194 200 70 ] [3..F]
  6256 - [ c1088f5c ][ -8.535000 ] [ 3238563676 ] [ 36700 49416 ] [ 92 143 8 193 ] [\...]
  6257 - [ 46a3cc66 ][ 20966.199219 ] [ 1185139814 ] [ 52326 18083 ] [ 102 204 163 70 ] [f..F]
  6258 - [ 3f800000 ][ 1.000000 ] [ 1065353216 ] [ 0 16256 ] [ 0 0 128 63 ] [...?]
  6259 - [ 00000101 ][ 0.000000 ] [ 257 ] [ 257 0 ] [ 1 1 0 0 ] [....]
  6260 - [ 00000004 ][ 0.000000 ] [ 4 ] [ 4 0 ] [ 4 0 0 0 ] [....]
  6261 - [ 00000200 ][ 0.000000 ] [ 512 ] [ 512 0 ] [ 0 2 0 0 ] [....]
  6262 - [ 00000000 ][ 0.000000 ] [ 0 ] [ 0 0 ] [ 0 0 0 0 ] [....]
  6263 - [ 4686549a ][ 17194.300781 ] [ 1183208602 ] [ 21658 18054 ] [ 154 84 134 70 ] [.T.F]
  6264 - [ c1088f5c ][ -8.535000 ] [ 3238563676 ] [ 36700 49416 ] [ 92 143 8 193 ] [\...]
  6265 - [ 467dfa66 ][ 16254.599609 ] [ 1182661222 ] [ 64102 18045 ] [ 102 250 125 70 ] [f.}F]
  6266 - [ 3f800000 ][ 1.000000 ] [ 1065353216 ] [ 0 16256 ] [ 0 0 128 63 ] [...?]
  6267 - [ 4669cecd ][ 14963.700195 ] [ 1181339341 ] [ 52941 18025 ] [ 205 206 105 70 ] [..iF]
  6268 - [ c1088f5c ][ -8.535000 ] [ 3238563676 ] [ 36700 49416 ] [ 92 143 8 193 ] [\...]
  6269 - [ 4683bab3 ][ 16861.349609 ] [ 1183038131 ] [ 47795 18051 ] [ 179 186 131 70 ] [...F]
  6270 - [ 3f800000 ][ 1.000000 ] [ 1065353216 ] [ 0 16256 ] [ 0 0 128 63 ] [...?]
  6271 - [ 468a23b3 ][ 17681.849609 ] [ 1183458227 ] [ 9139 18058 ] [ 179 35 138 70 ] [.#.F]
  6272 - [ c1088f5c ][ -8.535000 ] [ 3238563676 ] [ 36700 49416 ] [ 92 143 8 193 ] [\...]
  6273 - [ 468ffd66 ][ 18430.699219 ] [ 1183841638 ] [ 64870 18063 ] [ 102 253 143 70 ] [f..F]
  6274 - [ 3f800000 ][ 1.000000 ] [ 1065353216 ] [ 0 16256 ] [ 0 0 128 63 ] [...?]
  6275 - [ 46931d66 ][ 18830.699219 ] [ 1184046438 ] [ 7526 18067 ] [ 102 29 147 70 ] [f..F]
  6276 - [ c1088f5c ][ -8.535000 ] [ 3238563676 ] [ 36700 49416 ] [ 92 143 8 193 ] [\...]
  6277 - [ 468703b3 ][ 17281.849609 ] [ 1183253427 ] [ 947 18055 ] [ 179 3 135 70 ] [...F]
  6278 - [ 3f800000 ][ 1.000000 ] [ 1065353216 ] [ 0 16256 ] [ 0 0 128 63 ] [...?]
  6279 - [ 00000001 ][ 0.000000 ] [ 1 ] [ 1 0 ] [ 1 0 0 0 ] [....]
  6280 - [ 00000004 ][ 0.000000 ] [ 4 ] [ 4 0 ] [ 4 0 0 0 ] [....]
  6281 - [ 00000200 ][ 0.000000 ] [ 512 ] [ 512 0 ] [ 0 2 0 0 ] [....]
  6282 - [ 00000000 ][ 0.000000 ] [ 0 ] [ 0 0 ] [ 0 0 0 0 ] [....]
  6283 - [ 4669cecd ][ 14963.700195 ] [ 1181339341 ] [ 52941 18025 ] [ 205 206 105 70 ] [..iF]
  6284 - [ c1088f5c ][ -8.535000 ] [ 3238563676 ] [ 36700 49416 ] [ 92 143 8 193 ] [\...]
  6285 - [ 4683bab3 ][ 16861.349609 ] [ 1183038131 ] [ 47795 18051 ] [ 179 186 131 70 ] [...F]
  6286 - [ 3f800000 ][ 1.000000 ] [ 1065353216 ] [ 0 16256 ] [ 0 0 128 63 ] [...?]
  6287 - [ 4686549a ][ 17194.300781 ] [ 1183208602 ] [ 21658 18054 ] [ 154 84 134 70 ] [.T.F]
  6288 - [ c1088f5c ][ -8.535000 ] [ 3238563676 ] [ 36700 49416 ] [ 92 143 8 193 ] [\...]
  6289 - [ 467dfa66 ][ 16254.599609 ] [ 1182661222 ] [ 64102 18045 ] [ 102 250 125 70 ] [f.}F]
  6290 - [ 3f800000 ][ 1.000000 ] [ 1065353216 ] [ 0 16256 ] [ 0 0 128 63 ] [...?]
  6291 - [ 467fef66 ][ 16379.849609 ] [ 1182789478 ] [ 61286 18047 ] [ 102 239 127 70 ] [f..F]
  6292 - [ c1088f5c ][ -8.535000 ] [ 3238563676 ] [ 36700 49416 ] [ 92 143 8 193 ] [\...]
  6293 - [ 466d27cd ][ 15177.950195 ] [ 1181558733 ] [ 10189 18029 ] [ 205 39 109 70 ] [.'mF]
  6294 - [ 3f800000 ][ 1.000000 ] [ 1065353216 ] [ 0 16256 ] [ 0 0 128 63 ] [...?]
  6295 - [ 4669cecd ][ 14963.700195 ] [ 1181339341 ] [ 52941 18025 ] [ 205 206 105 70 ] [..iF]
  6296 - [ c1088f5c ][ -8.535000 ] [ 3238563676 ] [ 36700 49416 ] [ 92 143 8 193 ] [\...]
  6297 - [ 4683bab3 ][ 16861.349609 ] [ 1183038131 ] [ 47795 18051 ] [ 179 186 131 70 ] [...F]
  6298 - [ 3f800000 ][ 1.000000 ] [ 1065353216 ] [ 0 16256 ] [ 0 0 128 63 ] [...?]
  6299 - [ 00000001 ][ 0.000000 ] [ 1 ] [ 1 0 ] [ 1 0 0 0 ] [....]
  6300 - [ 00000004 ][ 0.000000 ] [ 4 ] [ 4 0 ] [ 4 0 0 0 ] [....]
  6301 - [ 00000200 ][ 0.000000 ] [ 512 ] [ 512 0 ] [ 0 2 0 0 ] [....]
  6302 - [ 00000000 ][ 0.000000 ] [ 0 ] [ 0 0 ] [ 0 0 0 0 ] [....]
  6303 - [ 468bbe9a ][ 17887.300781 ] [ 1183563418 ] [ 48794 18059 ] [ 154 190 139 70 ] [...F]
  6304 - [ c1088f5c ][ -8.535000 ] [ 3238563676 ] [ 36700 49416 ] [ 92 143 8 193 ] [\...]
  6305 - [ 46768e33 ][ 15779.549805 ] [ 1182174771 ] [ 36403 18038 ] [ 51 142 118 70 ] [3.vF]
  6306 - [ 3f800000 ][ 1.000000 ] [ 1065353216 ] [ 0 16256 ] [ 0 0 128 63 ] [...?]
  6307 - [ 469f6000 ][ 20400.000000 ] [ 1184849920 ] [ 24576 18079 ] [ 0 96 159 70 ] [.`.F]
  6308 - [ c1088f5c ][ -8.535000 ] [ 3238563676 ] [ 36700 49416 ] [ 92 143 8 193 ] [\...]
  6309 - [ 463de59a ][ 12153.400391 ] [ 1178461594 ] [ 58778 17981 ] [ 154 229 61 70 ] [..=F]
  6310 - [ 3f800000 ][ 1.000000 ] [ 1065353216 ] [ 0 16256 ] [ 0 0 128 63 ] [...?]
  6311 - [ 4685ec33 ][ 17142.099609 ] [ 1183181875 ] [ 60467 18053 ] [ 51 236 133 70 ] [3..F]
  6312 - [ c1088f5c ][ -8.535000 ] [ 3238563676 ] [ 36700 49416 ] [ 92 143 8 193 ] [\...]
  6313 - [ 4665199a ][ 14662.400391 ] [ 1181030810 ] [ 6554 18021 ] [ 154 25 101 70 ] [..eF]
  6314 - [ 3f800000 ][ 1.000000 ] [ 1065353216 ] [ 0 16256 ] [ 0 0 128 63 ] [...?]
  6315 - [ 468bbe9a ][ 17887.300781 ] [ 1183563418 ] [ 48794 18059 ] [ 154 190 139 70 ] [...F]
  6316 - [ c1088f5c ][ -8.535000 ] [ 3238563676 ] [ 36700 49416 ] [ 92 143 8 193 ] [\...]
  6317 - [ 46768e33 ][ 15779.549805 ] [ 1182174771 ] [ 36403 18038 ] [ 51 142 118 70 ] [3.vF]
  6318 - [ 3f800000 ][ 1.000000 ] [ 1065353216 ] [ 0 16256 ] [ 0 0 128 63 ] [...?]
  6319 - [ 00000001 ][ 0.000000 ] [ 1 ] [ 1 0 ] [ 1 0 0 0 ] [....]
  6320 - [ 00000004 ][ 0.000000 ] [ 4 ] [ 4 0 ] [ 4 0 0 0 ] [....]
  6321 - [ 00000200 ][ 0.000000 ] [ 512 ] [ 512 0 ] [ 0 2 0 0 ] [....]
  6322 - [ 00000000 ][ 0.000000 ] [ 0 ] [ 0 0 ] [ 0 0 0 0 ] [....]
  6323 - [ 46d06a9a ][ 26677.300781 ] [ 1188063898 ] [ 27290 18128 ] [ 154 106 208 70 ] [.j.F]
  6324 - [ c1088f5c ][ -8.535000 ] [ 3238563676 ] [ 36700 49416 ] [ 92 143 8 193 ] [\...]
  6325 - [ 469c4000 ][ 20000.000000 ] [ 1184645120 ] [ 16384 18076 ] [ 0 64 156 70 ] [.@.F]
  6326 - [ 3f800000 ][ 1.000000 ] [ 1065353216 ] [ 0 16256 ] [ 0 0 128 63 ] [...?]
  6327 - [ 46c8c233 ][ 25697.099609 ] [ 1187562035 ] [ 49715 18120 ] [ 51 194 200 70 ] [3..F]
  6328 - [ c1088f5c ][ -8.535000 ] [ 3238563676 ] [ 36700 49416 ] [ 92 143 8 193 ] [\...]
  6329 - [ 46a3cc66 ][ 20966.199219 ] [ 1185139814 ] [ 52326 18083 ] [ 102 204 163 70 ] [f..F]
  6330 - [ 3f800000 ][ 1.000000 ] [ 1065353216 ] [ 0 16256 ] [ 0 0 128 63 ] [...?]
  6331 - [ 46cf2dcd ][ 26518.900391 ] [ 1187982797 ] [ 11725 18127 ] [ 205 45 207 70 ] [.-.F]
  6332 - [ c1088f5c ][ -8.535000 ] [ 3238563676 ] [ 36700 49416 ] [ 92 143 8 193 ] [\...]
  6333 - [ 46a68c00 ][ 21318.000000 ] [ 1185319936 ] [ 35840 18086 ] [ 0 140 166 70 ] [...F]
  6334 - [ 3f800000 ][ 1.000000 ] [ 1065353216 ] [ 0 16256 ] [ 0 0 128 63 ] [...?]
  6335 - [ 46d06a9a ][ 26677.300781 ] [ 1188063898 ] [ 27290 18128 ] [ 154 106 208 70 ] [.j.F]
  6336 - [ c1088f5c ][ -8.535000 ] [ 3238563676 ] [ 36700 49416 ] [ 92 143 8 193 ] [\...]
  6337 - [ 469c4000 ][ 20000.000000 ] [ 1184645120 ] [ 16384 18076 ] [ 0 64 156 70 ] [.@.F]
  6338 - [ 3f800000 ][ 1.000000 ] [ 1065353216 ] [ 0 16256 ] [ 0 0 128 63 ] [...?]
  6339 - [ 00000001 ][ 0.000000 ] [ 1 ] [ 1 0 ] [ 1 0 0 0 ] [....]
  6340 - [ 00000004 ][ 0.000000 ] [ 4 ] [ 4 0 ] [ 4 0 0 0 ] [....]
  6341 - [ 00000200 ][ 0.000000 ] [ 512 ] [ 512 0 ] [ 0 2 0 0 ] [....]
  6342 - [ 00000000 ][ 0.000000 ] [ 0 ] [ 0 0 ] [ 0 0 0 0 ] [....]
  6343 - [ 46c8c233 ][ 25697.099609 ] [ 1187562035 ] [ 49715 18120 ] [ 51 194 200 70 ] [3..F]
  6344 - [ c1088f5c ][ -8.535000 ] [ 3238563676 ] [ 36700 49416 ] [ 92 143 8 193 ] [\...]
  6345 - [ 46a3cc66 ][ 20966.199219 ] [ 1185139814 ] [ 52326 18083 ] [ 102 204 163 70 ] [f..F]
  6346 - [ 3f800000 ][ 1.000000 ] [ 1065353216 ] [ 0 16256 ] [ 0 0 128 63 ] [...?]
  6347 - [ 46d06a9a ][ 26677.300781 ] [ 1188063898 ] [ 27290 18128 ] [ 154 106 208 70 ] [.j.F]
  6348 - [ c1088f5c ][ -8.535000 ] [ 3238563676 ] [ 36700 49416 ] [ 92 143 8 193 ] [\...]
  6349 - [ 469c4000 ][ 20000.000000 ] [ 1184645120 ] [ 16384 18076 ] [ 0 64 156 70 ] [.@.F]
  6350 - [ 3f800000 ][ 1.000000 ] [ 1065353216 ] [ 0 16256 ] [ 0 0 128 63 ] [...?]
  6351 - [ 46b7e54d ][ 23538.650391 ] [ 1186456909 ] [ 58701 18103 ] [ 77 229 183 70 ] [M..F]
  6352 - [ c1088f5c ][ -8.535000 ] [ 3238563676 ] [ 36700 49416 ] [ 92 143 8 193 ] [\...]
  6353 - [ 469c4000 ][ 20000.000000 ] [ 1184645120 ] [ 16384 18076 ] [ 0 64 156 70 ] [.@.F]
  6354 - [ 3f800000 ][ 1.000000 ] [ 1065353216 ] [ 0 16256 ] [ 0 0 128 63 ] [...?]
  6355 - [ 46c8c233 ][ 25697.099609 ] [ 1187562035 ] [ 49715 18120 ] [ 51 194 200 70 ] [3..F]
  6356 - [ c1088f5c ][ -8.535000 ] [ 3238563676 ] [ 36700 49416 ] [ 92 143 8 193 ] [\...]
  6357 - [ 46a3cc66 ][ 20966.199219 ] [ 1185139814 ] [ 52326 18083 ] [ 102 204 163 70 ] [f..F]
  6358 - [ 3f800000 ][ 1.000000 ] [ 1065353216 ] [ 0 16256 ] [ 0 0 128 63 ] [...?]
  6359 - [ 00000101 ][ 0.000000 ] [ 257 ] [ 257 0 ] [ 1 1 0 0 ] [....]
  6360 - [ 00000004 ][ 0.000000 ] [ 4 ] [ 4 0 ] [ 4 0 0 0 ] [....]
  6361 - [ 00000200 ][ 0.000000 ] [ 512 ] [ 512 0 ] [ 0 2 0 0 ] [....]
  6362 - [ 00000000 ][ 0.000000 ] [ 0 ] [ 0 0 ] [ 0 0 0 0 ] [....]
  6363 - [ 46b49c4d ][ 23118.150391 ] [ 1186241613 ] [ 40013 18100 ] [ 77 156 180 70 ] [M..F]
  6364 - [ c1088f5c ][ -8.535000 ] [ 3238563676 ] [ 36700 49416 ] [ 92 143 8 193 ] [\...]
  6365 - [ 46a8829a ][ 21569.300781 ] [ 1185448602 ] [ 33434 18088 ] [ 154 130 168 70 ] [...F]
  6366 - [ 3f800000 ][ 1.000000 ] [ 1065353216 ] [ 0 16256 ] [ 0 0 128 63 ] [...?]
  6367 - [ 46c66bb3 ][ 25397.849609 ] [ 1187408819 ] [ 27571 18118 ] [ 179 107 198 70 ] [.k.F]
  6368 - [ c1088f5c ][ -8.535000 ] [ 3238563676 ] [ 36700 49416 ] [ 92 143 8 193 ] [\...]
  6369 - [ 46a97480 ][ 21690.250000 ] [ 1185510528 ] [ 29824 18089 ] [ 128 116 169 70 ] [.t.F]
  6370 - [ 3f800000 ][ 1.000000 ] [ 1065353216 ] [ 0 16256 ] [ 0 0 128 63 ] [...?]
  6371 - [ 46c8c233 ][ 25697.099609 ] [ 1187562035 ] [ 49715 18120 ] [ 51 194 200 70 ] [3..F]
  6372 - [ c1088f5c ][ -8.535000 ] [ 3238563676 ] [ 36700 49416 ] [ 92 143 8 193 ] [\...]
  6373 - [ 46a3cc66 ][ 20966.199219 ] [ 1185139814 ] [ 52326 18083 ] [ 102 204 163 70 ] [f..F]
  6374 - [ 3f800000 ][ 1.000000 ] [ 1065353216 ] [ 0 16256 ] [ 0 0 128 63 ] [...?]
  6375 - [ 46b7e54d ][ 23538.650391 ] [ 1186456909 ] [ 58701 18103 ] [ 77 229 183 70 ] [M..F]
  6376 - [ c1088f5c ][ -8.535000 ] [ 3238563676 ] [ 36700 49416 ] [ 92 143 8 193 ] [\...]
  6377 - [ 469c4000 ][ 20000.000000 ] [ 1184645120 ] [ 16384 18076 ] [ 0 64 156 70 ] [.@.F]
  6378 - [ 3f800000 ][ 1.000000 ] [ 1065353216 ] [ 0 16256 ] [ 0 0 128 63 ] [...?]
  6379 - [ 00000001 ][ 0.000000 ] [ 1 ] [ 1 0 ] [ 1 0 0 0 ] [....]
  6380 - [ 00000004 ][ 0.000000 ] [ 4 ] [ 4 0 ] [ 4 0 0 0 ] [....]
  6381 - [ 00000200 ][ 0.000000 ] [ 512 ] [ 512 0 ] [ 0 2 0 0 ] [....]
  6382 - [ 00000000 ][ 0.000000 ] [ 0 ] [ 0 0 ] [ 0 0 0 0 ] [....]
  6383 - [ 46c66bb3 ][ 25397.849609 ] [ 1187408819 ] [ 27571 18118 ] [ 179 107 198 70 ] [.k.F]
  6384 - [ c1088f5c ][ -8.535000 ] [ 3238563676 ] [ 36700 49416 ] [ 92 143 8 193 ] [\...]
  6385 - [ 46a97480 ][ 21690.250000 ] [ 1185510528 ] [ 29824 18089 ] [ 128 116 169 70 ] [.t.F]
  6386 - [ 3f800000 ][ 1.000000 ] [ 1065353216 ] [ 0 16256 ] [ 0 0 128 63 ] [...?]
  6387 - [ 46c9d89a ][ 25836.300781 ] [ 1187633306 ] [ 55450 18121 ] [ 154 216 201 70 ] [...F]
  6388 - [ c1088f5c ][ -8.535000 ] [ 3238563676 ] [ 36700 49416 ] [ 92 143 8 193 ] [\...]
  6389 - [ 46b4c54d ][ 23138.650391 ] [ 1186252109 ] [ 50509 18100 ] [ 77 197 180 70 ] [M..F]
  6390 - [ 3f800000 ][ 1.000000 ] [ 1065353216 ] [ 0 16256 ] [ 0 0 128 63 ] [...?]
  6391 - [ 46ccf933 ][ 26236.599609 ] [ 1187838259 ] [ 63795 18124 ] [ 51 249 204 70 ] [3..F]
  6392 - [ c1088f5c ][ -8.535000 ] [ 3238563676 ] [ 36700 49416 ] [ 92 143 8 193 ] [\...]
  6393 - [ 46abef00 ][ 22007.500000 ] [ 1185672960 ] [ 61184 18091 ] [ 0 239 171 70 ] [...F]
  6394 - [ 3f800000 ][ 1.000000 ] [ 1065353216 ] [ 0 16256 ] [ 0 0 128 63 ] [...?]
  6395 - [ 46c66bb3 ][ 25397.849609 ] [ 1187408819 ] [ 27571 18118 ] [ 179 107 198 70 ] [.k.F]
  6396 - [ c1088f5c ][ -8.535000 ] [ 3238563676 ] [ 36700 49416 ] [ 92 143 8 193 ] [\...]
  6397 - [ 46a97480 ][ 21690.250000 ] [ 1185510528 ] [ 29824 18089 ] [ 128 116 169 70 ] [.t.F]
  6398 - [ 3f800000 ][ 1.000000 ] [ 1065353216 ] [ 0 16256 ] [ 0 0 128 63 ] [...?]
  6399 - [ 00000101 ][ 0.000000 ] [ 257 ] [ 257 0 ] [ 1 1 0 0 ] [....]
  6400 - [ 00000004 ][ 0.000000 ] [ 4 ] [ 4 0 ] [ 4 0 0 0 ] [....]
  6401 - [ 00020000 ][ 0.000000 ] [ 131072 ] [ 0 2 ] [ 0 0 2 0 ] [....]
  6402 - [ 00000000 ][ 0.000000 ] [ 0 ] [ 0 0 ] [ 0 0 0 0 ] [....]
  6403 - [ 46698666 ][ 14945.599609 ] [ 1181320806 ] [ 34406 18025 ] [ 102 134 105 70 ] [f.iF]
  6404 - [ 44b654cd ][ 1458.650024 ] [ 1152799949 ] [ 21709 17590 ] [ 205 84 182 68 ] [.T.D]
  6405 - [ 46c3bccd ][ 25054.400391 ] [ 1187232973 ] [ 48333 18115 ] [ 205 188 195 70 ] [...F]
  6406 - [ 3f800000 ][ 1.000000 ] [ 1065353216 ] [ 0 16256 ] [ 0 0 128 63 ] [...?]
  6407 - [ 46c3bccd ][ 25054.400391 ] [ 1187232973 ] [ 48333 18115 ] [ 205 188 195 70 ] [...F]
  6408 - [ 44b654cd ][ 1458.650024 ] [ 1152799949 ] [ 21709 17590 ] [ 205 84 182 68 ] [.T.D]
  6409 - [ 46c3bccd ][ 25054.400391 ] [ 1187232973 ] [ 48333 18115 ] [ 205 188 195 70 ] [...F]
  6410 - [ 3f800000 ][ 1.000000 ] [ 1065353216 ] [ 0 16256 ] [ 0 0 128 63 ] [...?]
  6411 - [ 46c3bccd ][ 25054.400391 ] [ 1187232973 ] [ 48333 18115 ] [ 205 188 195 70 ] [...F]
  6412 - [ 44b654cd ][ 1458.650024 ] [ 1152799949 ] [ 21709 17590 ] [ 205 84 182 68 ] [.T.D]
  6413 - [ 46698666 ][ 14945.599609 ] [ 1181320806 ] [ 34406 18025 ] [ 102 134 105 70 ] [f.iF]
  6414 - [ 3f800000 ][ 1.000000 ] [ 1065353216 ] [ 0 16256 ] [ 0 0 128 63 ] [...?]
  6415 - [ 46698666 ][ 14945.599609 ] [ 1181320806 ] [ 34406 18025 ] [ 102 134 105 70 ] [f.iF]
  6416 - [ 44b654cd ][ 1458.650024 ] [ 1152799949 ] [ 21709 17590 ] [ 205 84 182 68 ] [.T.D]
  6417 - [ 46698666 ][ 14945.599609 ] [ 1181320806 ] [ 34406 18025 ] [ 102 134 105 70 ] [f.iF]
  6418 - [ 3f800000 ][ 1.000000 ] [ 1065353216 ] [ 0 16256 ] [ 0 0 128 63 ] [...?]
  6419 - [ 00000000 ][ 0.000000 ] [ 0 ] [ 0 0 ] [ 0 0 0 0 ] [....]
  6420 - [ 00000000 ][ 0.000000 ] [ 0 ] [ 0 0 ] [ 0 0 0 0 ] [....]
  6421 - [ 00000000 ][ 0.000000 ] [ 0 ] [ 0 0 ] [ 0 0 0 0 ] [....]
  6422 - [ 00000000 ][ 0.000000 ] [ 0 ] [ 0 0 ] [ 0 0 0 0 ] [....]
  6423 - [ 00000000 ][ 0.000000 ] [ 0 ] [ 0 0 ] [ 0 0 0 0 ] [....]
  6424 - [ 00000000 ][ 0.000000 ] [ 0 ] [ 0 0 ] [ 0 0 0 0 ] [....]
  6425 - [ 00000000 ][ 0.000000 ] [ 0 ] [ 0 0 ] [ 0 0 0 0 ] [....]
  6426 - [ 00000000 ][ 0.000000 ] [ 0 ] [ 0 0 ] [ 0 0 0 0 ] [....]
  6427 - [ 00000000 ][ 0.000000 ] [ 0 ] [ 0 0 ] [ 0 0 0 0 ] [....]
  6428 - [ 00000000 ][ 0.000000 ] [ 0 ] [ 0 0 ] [ 0 0 0 0 ] [....]
  6429 - [ 00000000 ][ 0.000000 ] [ 0 ] [ 0 0 ] [ 0 0 0 0 ] [....]
  6430 - [ 00000000 ][ 0.000000 ] [ 0 ] [ 0 0 ] [ 0 0 0 0 ] [....]
  6431 - [ 00000000 ][ 0.000000 ] [ 0 ] [ 0 0 ] [ 0 0 0 0 ] [....]
  6432 - [ 00000000 ][ 0.000000 ] [ 0 ] [ 0 0 ] [ 0 0 0 0 ] [....]
  6433 - [ 00000000 ][ 0.000000 ] [ 0 ] [ 0 0 ] [ 0 0 0 0 ] [....]
  6434 - [ 00000000 ][ 0.000000 ] [ 0 ] [ 0 0 ] [ 0 0 0 0 ] [....]
  6435 - [ 00000000 ][ 0.000000 ] [ 0 ] [ 0 0 ] [ 0 0 0 0 ] [....]
  6436 - [ 00000000 ][ 0.000000 ] [ 0 ] [ 0 0 ] [ 0 0 0 0 ] [....]
  6437 - [ 00000000 ][ 0.000000 ] [ 0 ] [ 0 0 ] [ 0 0 0 0 ] [....]
  6438 - [ 00000000 ][ 0.000000 ] [ 0 ] [ 0 0 ] [ 0 0 0 0 ] [....]
  6439 - [ 00000101 ][ 0.000000 ] [ 257 ] [ 257 0 ] [ 1 1 0 0 ] [....]
  6440 - [ 00000004 ][ 0.000000 ] [ 4 ] [ 4 0 ] [ 4 0 0 0 ] [....]
  6441 - [ 00000001 ][ 0.000000 ] [ 1 ] [ 1 0 ] [ 1 0 0 0 ] [....]
  6442 - [ 00000000 ][ 0.000000 ] [ 0 ] [ 0 0 ] [ 0 0 0 0 ] [....]
  6443 - [ 46b4c11a ][ 23136.550781 ] [ 1186251034 ] [ 49434 18100 ] [ 26 193 180 70 ] [...F]
  6444 - [ 43eeefae ][ 477.872498 ] [ 1139732398 ] [ 61358 17390 ] [ 174 239 238 67 ] [...C]
  6445 - [ 46629a66 ][ 14502.599609 ] [ 1180867174 ] [ 39526 18018 ] [ 102 154 98 70 ] [f.bF]
  6446 - [ 3f800000 ][ 1.000000 ] [ 1065353216 ] [ 0 16256 ] [ 0 0 128 63 ] [...?]
  6447 - [ 46b4c11a ][ 23136.550781 ] [ 1186251034 ] [ 49434 18100 ] [ 26 193 180 70 ] [...F]
  6448 - [ c4eceae1 ][ -1895.339966 ] [ 3303860961 ] [ 60129 50412 ] [ 225 234 236 196 ] [....]
  6449 - [ 46629a66 ][ 14502.599609 ] [ 1180867174 ] [ 39526 18018 ] [ 102 154 98 70 ] [f.bF]
  6450 - [ 3f800000 ][ 1.000000 ] [ 1065353216 ] [ 0 16256 ] [ 0 0 128 63 ] [...?]
  6451 - [ 46b4a0e6 ][ 23120.449219 ] [ 1186242790 ] [ 41190 18100 ] [ 230 160 180 70 ] [...F]
  6452 - [ c4eceae1 ][ -1895.339966 ] [ 3303860961 ] [ 60129 50412 ] [ 225 234 236 196 ] [....]
  6453 - [ 465d5d9a ][ 14167.400391 ] [ 1180523930 ] [ 23962 18013 ] [ 154 93 93 70 ] [.]]F]
  6454 - [ 3f800000 ][ 1.000000 ] [ 1065353216 ] [ 0 16256 ] [ 0 0 128 63 ] [...?]
  6455 - [ 46b4a0e6 ][ 23120.449219 ] [ 1186242790 ] [ 41190 18100 ] [ 230 160 180 70 ] [...F]
  6456 - [ 43eeefae ][ 477.872498 ] [ 1139732398 ] [ 61358 17390 ] [ 174 239 238 67 ] [...C]
  6457 - [ 465d5d9a ][ 14167.400391 ] [ 1180523930 ] [ 23962 18013 ] [ 154 93 93 70 ] [.]]F]
  6458 - [ 3f800000 ][ 1.000000 ] [ 1065353216 ] [ 0 16256 ] [ 0 0 128 63 ] [...?]
  6459 - [ 00000101 ][ 0.000000 ] [ 257 ] [ 257 0 ] [ 1 1 0 0 ] [....]
  6460 - [ 00000004 ][ 0.000000 ] [ 4 ] [ 4 0 ] [ 4 0 0 0 ] [....]
  6461 - [ 00000001 ][ 0.000000 ] [ 1 ] [ 1 0 ] [ 1 0 0 0 ] [....]
  6462 - [ 00000000 ][ 0.000000 ] [ 0 ] [ 0 0 ] [ 0 0 0 0 ] [....]
  6463 - [ 46c041cd ][ 24608.900391 ] [ 1187004877 ] [ 16845 18112 ] [ 205 65 192 70 ] [.A.F]
  6464 - [ 43eeefae ][ 477.872498 ] [ 1139732398 ] [ 61358 17390 ] [ 174 239 238 67 ] [...C]
  6465 - [ 4675ea66 ][ 15738.599609 ] [ 1182132838 ] [ 60006 18037 ] [ 102 234 117 70 ] [f.uF]
  6466 - [ 3f800000 ][ 1.000000 ] [ 1065353216 ] [ 0 16256 ] [ 0 0 128 63 ] [...?]
  6467 - [ 46c041cd ][ 24608.900391 ] [ 1187004877 ] [ 16845 18112 ] [ 205 65 192 70 ] [.A.F]
  6468 - [ c4eceae1 ][ -1895.339966 ] [ 3303860961 ] [ 60129 50412 ] [ 225 234 236 196 ] [....]
  6469 - [ 4675ea66 ][ 15738.599609 ] [ 1182132838 ] [ 60006 18037 ] [ 102 234 117 70 ] [f.uF]
  6470 - [ 3f800000 ][ 1.000000 ] [ 1065353216 ] [ 0 16256 ] [ 0 0 128 63 ] [...?]
  6471 - [ 46b4c11a ][ 23136.550781 ] [ 1186251034 ] [ 49434 18100 ] [ 26 193 180 70 ] [...F]
  6472 - [ c4eceae1 ][ -1895.339966 ] [ 3303860961 ] [ 60129 50412 ] [ 225 234 236 196 ] [....]
  6473 - [ 46629a66 ][ 14502.599609 ] [ 1180867174 ] [ 39526 18018 ] [ 102 154 98 70 ] [f.bF]
  6474 - [ 3f800000 ][ 1.000000 ] [ 1065353216 ] [ 0 16256 ] [ 0 0 128 63 ] [...?]
  6475 - [ 46b4c11a ][ 23136.550781 ] [ 1186251034 ] [ 49434 18100 ] [ 26 193 180 70 ] [...F]
  6476 - [ 43eeefae ][ 477.872498 ] [ 1139732398 ] [ 61358 17390 ] [ 174 239 238 67 ] [...C]
  6477 - [ 46629a66 ][ 14502.599609 ] [ 1180867174 ] [ 39526 18018 ] [ 102 154 98 70 ] [f.bF]
  6478 - [ 3f800000 ][ 1.000000 ] [ 1065353216 ] [ 0 16256 ] [ 0 0 128 63 ] [...?]
  6479 - [ 00000101 ][ 0.000000 ] [ 257 ] [ 257 0 ] [ 1 1 0 0 ] [....]
  6480 - [ 00000004 ][ 0.000000 ] [ 4 ] [ 4 0 ] [ 4 0 0 0 ] [....]
  6481 - [ 00000001 ][ 0.000000 ] [ 1 ] [ 1 0 ] [ 1 0 0 0 ] [....]
  6482 - [ 00000000 ][ 0.000000 ] [ 0 ] [ 0 0 ] [ 0 0 0 0 ] [....]
  6483 - [ 4685aa1a ][ 17109.050781 ] [ 1183164954 ] [ 43546 18053 ] [ 26 170 133 70 ] [...F]
  6484 - [ 43eeefae ][ 477.872498 ] [ 1139732398 ] [ 61358 17390 ] [ 174 239 238 67 ] [...C]
  6485 - [ 46722900 ][ 15498.250000 ] [ 1181886720 ] [ 10496 18034 ] [ 0 41 114 70 ] [.)rF]
  6486 - [ 3f800000 ][ 1.000000 ] [ 1065353216 ] [ 0 16256 ] [ 0 0 128 63 ] [...?]
  6487 - [ 4685aa1a ][ 17109.050781 ] [ 1183164954 ] [ 43546 18053 ] [ 26 170 133 70 ] [...F]
  6488 - [ c462de66 ][ -907.474976 ] [ 3294813798 ] [ 56934 50274 ] [ 102 222 98 196 ] [f.b.]
  6489 - [ 46722900 ][ 15498.250000 ] [ 1181886720 ] [ 10496 18034 ] [ 0 41 114 70 ] [.)rF]
  6490 - [ 3f800000 ][ 1.000000 ] [ 1065353216 ] [ 0 16256 ] [ 0 0 128 63 ] [...?]
  6491 - [ 468325cd ][ 16786.900391 ] [ 1183000013 ] [ 9677 18051 ] [ 205 37 131 70 ] [.%.F]
  6492 - [ c462de66 ][ -907.474976 ] [ 3294813798 ] [ 56934 50274 ] [ 102 222 98 196 ] [f.b.]
  6493 - [ 46747e00 ][ 15647.500000 ] [ 1182039552 ] [ 32256 18036 ] [ 0 126 116 70 ] [.~tF]
  6494 - [ 3f800000 ][ 1.000000 ] [ 1065353216 ] [ 0 16256 ] [ 0 0 128 63 ] [...?]
  6495 - [ 468325cd ][ 16786.900391 ] [ 1183000013 ] [ 9677 18051 ] [ 205 37 131 70 ] [.%.F]
  6496 - [ 43eeefae ][ 477.872498 ] [ 1139732398 ] [ 61358 17390 ] [ 174 239 238 67 ] [...C]
  6497 - [ 46747e00 ][ 15647.500000 ] [ 1182039552 ] [ 32256 18036 ] [ 0 126 116 70 ] [.~tF]
  6498 - [ 3f800000 ][ 1.000000 ] [ 1065353216 ] [ 0 16256 ] [ 0 0 128 63 ] [...?]
  6499 - [ 00000101 ][ 0.000000 ] [ 257 ] [ 257 0 ] [ 1 1 0 0 ] [....]
  6500 - [ 00000004 ][ 0.000000 ] [ 4 ] [ 4 0 ] [ 4 0 0 0 ] [....]
  6501 - [ 00000001 ][ 0.000000 ] [ 1 ] [ 1 0 ] [ 1 0 0 0 ] [....]
  6502 - [ 00000000 ][ 0.000000 ] [ 0 ] [ 0 0 ] [ 0 0 0 0 ] [....]
  6503 - [ 46888900 ][ 17476.500000 ] [ 1183353088 ] [ 35072 18056 ] [ 0 137 136 70 ] [...F]
  6504 - [ 43eeefae ][ 477.872498 ] [ 1139732398 ] [ 61358 17390 ] [ 174 239 238 67 ] [...C]
  6505 - [ 466f10cd ][ 15300.200195 ] [ 1181683917 ] [ 4301 18031 ] [ 205 16 111 70 ] [..oF]
  6506 - [ 3f800000 ][ 1.000000 ] [ 1065353216 ] [ 0 16256 ] [ 0 0 128 63 ] [...?]
  6507 - [ 46888900 ][ 17476.500000 ] [ 1183353088 ] [ 35072 18056 ] [ 0 137 136 70 ] [...F]
  6508 - [ c462de66 ][ -907.474976 ] [ 3294813798 ] [ 56934 50274 ] [ 102 222 98 196 ] [f.b.]
  6509 - [ 466f10cd ][ 15300.200195 ] [ 1181683917 ] [ 4301 18031 ] [ 205 16 111 70 ] [..oF]
  6510 - [ 3f800000 ][ 1.000000 ] [ 1065353216 ] [ 0 16256 ] [ 0 0 128 63 ] [...?]
  6511 - [ 4685aa1a ][ 17109.050781 ] [ 1183164954 ] [ 43546 18053 ] [ 26 170 133 70 ] [...F]
  6512 - [ c462de66 ][ -907.474976 ] [ 3294813798 ] [ 56934 50274 ] [ 102 222 98 196 ] [f.b.]
  6513 - [ 46722900 ][ 15498.250000 ] [ 1181886720 ] [ 10496 18034 ] [ 0 41 114 70 ] [.)rF]
  6514 - [ 3f800000 ][ 1.000000 ] [ 1065353216 ] [ 0 16256 ] [ 0 0 128 63 ] [...?]
  6515 - [ 4685aa1a ][ 17109.050781 ] [ 1183164954 ] [ 43546 18053 ] [ 26 170 133 70 ] [...F]
  6516 - [ 43eeefae ][ 477.872498 ] [ 1139732398 ] [ 61358 17390 ] [ 174 239 238 67 ] [...C]
  6517 - [ 46722900 ][ 15498.250000 ] [ 1181886720 ] [ 10496 18034 ] [ 0 41 114 70 ] [.)rF]
  6518 - [ 3f800000 ][ 1.000000 ] [ 1065353216 ] [ 0 16256 ] [ 0 0 128 63 ] [...?]
  6519 - [ 00000101 ][ 0.000000 ] [ 257 ] [ 257 0 ] [ 1 1 0 0 ] [....]
  6520 - [ 00000004 ][ 0.000000 ] [ 4 ] [ 4 0 ] [ 4 0 0 0 ] [....]
  6521 - [ 00000020 ][ 0.000000 ] [ 32 ] [ 32 0 ] [ 32 0 0 0 ] [....]
  6522 - [ 00000000 ][ 0.000000 ] [ 0 ] [ 0 0 ] [ 0 0 0 0 ] [....]
  6523 - [ 46ca3f4d ][ 25887.650391 ] [ 1187659597 ] [ 16205 18122 ] [ 77 63 202 70 ] [M?.F]
  6524 - [ c40da8a4 ][ -566.635010 ] [ 3289229476 ] [ 43172 50189 ] [ 164 168 13 196 ] [....]
  6525 - [ 46b2a500 ][ 22866.500000 ] [ 1186112768 ] [ 42240 18098 ] [ 0 165 178 70 ] [...F]
  6526 - [ 3f800000 ][ 1.000000 ] [ 1065353216 ] [ 0 16256 ] [ 0 0 128 63 ] [...?]
  6527 - [ 46ca3f4d ][ 25887.650391 ] [ 1187659597 ] [ 16205 18122 ] [ 77 63 202 70 ] [M?.F]
  6528 - [ c4d8f07b ][ -1735.515015 ] [ 3302551675 ] [ 61563 50392 ] [ 123 240 216 196 ] [{...]
  6529 - [ 46b2a500 ][ 22866.500000 ] [ 1186112768 ] [ 42240 18098 ] [ 0 165 178 70 ] [...F]
  6530 - [ 3f800000 ][ 1.000000 ] [ 1065353216 ] [ 0 16256 ] [ 0 0 128 63 ] [...?]
  6531 - [ 46cc84e6 ][ 26178.449219 ] [ 1187808486 ] [ 34022 18124 ] [ 230 132 204 70 ] [...F]
  6532 - [ c4d8f07b ][ -1735.515015 ] [ 3302551675 ] [ 61563 50392 ] [ 123 240 216 196 ] [{...]
  6533 - [ 46ad1de6 ][ 22158.949219 ] [ 1185750502 ] [ 7654 18093 ] [ 230 29 173 70 ] [...F]
  6534 - [ 3f800000 ][ 1.000000 ] [ 1065353216 ] [ 0 16256 ] [ 0 0 128 63 ] [...?]
  6535 - [ 46cc84e6 ][ 26178.449219 ] [ 1187808486 ] [ 34022 18124 ] [ 230 132 204 70 ] [...F]
  6536 - [ c40da8a4 ][ -566.635010 ] [ 3289229476 ] [ 43172 50189 ] [ 164 168 13 196 ] [....]
  6537 - [ 46ad1de6 ][ 22158.949219 ] [ 1185750502 ] [ 7654 18093 ] [ 230 29 173 70 ] [...F]
  6538 - [ 3f800000 ][ 1.000000 ] [ 1065353216 ] [ 0 16256 ] [ 0 0 128 63 ] [...?]
  6539 - [ 00000101 ][ 0.000000 ] [ 257 ] [ 257 0 ] [ 1 1 0 0 ] [....]
  6540 - [ 00000004 ][ 0.000000 ] [ 4 ] [ 4 0 ] [ 4 0 0 0 ] [....]
  6541 - [ 00008000 ][ 0.000000 ] [ 32768 ] [ 32768 0 ] [ 0 128 0 0 ] [....]
  6542 - [ 00000000 ][ 0.000000 ] [ 0 ] [ 0 0 ] [ 0 0 0 0 ] [....]
  6543 - [ 4698c6cd ][ 19555.400391 ] [ 1184417485 ] [ 50893 18072 ] [ 205 198 152 70 ] [...F]
  6544 - [ c4960000 ][ -1200.000000 ] [ 3298164736 ] [ 0 50326 ] [ 0 0 150 196 ] [....]
  6545 - [ 46853c1a ][ 17054.050781 ] [ 1183136794 ] [ 15386 18053 ] [ 26 60 133 70 ] [.<.F]
  6546 - [ 3f800000 ][ 1.000000 ] [ 1065353216 ] [ 0 16256 ] [ 0 0 128 63 ] [...?]
  6547 - [ 4698c6cd ][ 19555.400391 ] [ 1184417485 ] [ 50893 18072 ] [ 205 198 152 70 ] [...F]
  6548 - [ bb536bcd ][ -0.003226 ] [ 3142806477 ] [ 27597 47955 ] [ 205 107 83 187 ] [.kS.]
  6549 - [ 46853c1a ][ 17054.050781 ] [ 1183136794 ] [ 15386 18053 ] [ 26 60 133 70 ] [.<.F]
  6550 - [ 3f800000 ][ 1.000000 ] [ 1065353216 ] [ 0 16256 ] [ 0 0 128 63 ] [...?]
  6551 - [ 4694081a ][ 18948.050781 ] [ 1184106522 ] [ 2074 18068 ] [ 26 8 148 70 ] [...F]
  6552 - [ bb536bcd ][ -0.003226 ] [ 3142806477 ] [ 27597 47955 ] [ 205 107 83 187 ] [.kS.]
  6553 - [ 46868e66 ][ 17223.199219 ] [ 1183223398 ] [ 36454 18054 ] [ 102 142 134 70 ] [f..F]
  6554 - [ 3f800000 ][ 1.000000 ] [ 1065353216 ] [ 0 16256 ] [ 0 0 128 63 ] [...?]
  6555 - [ 4694081a ][ 18948.050781 ] [ 1184106522 ] [ 2074 18068 ] [ 26 8 148 70 ] [...F]
  6556 - [ c4960000 ][ -1200.000000 ] [ 3298164736 ] [ 0 50326 ] [ 0 0 150 196 ] [....]
  6557 - [ 46868e66 ][ 17223.199219 ] [ 1183223398 ] [ 36454 18054 ] [ 102 142 134 70 ] [f..F]
  6558 - [ 3f800000 ][ 1.000000 ] [ 1065353216 ] [ 0 16256 ] [ 0 0 128 63 ] [...?]
  6559 - [ 00000101 ][ 0.000000 ] [ 257 ] [ 257 0 ] [ 1 1 0 0 ] [....]
  6560 - [ 00000004 ][ 0.000000 ] [ 4 ] [ 4 0 ] [ 4 0 0 0 ] [....]
  6561 - [ 00008000 ][ 0.000000 ] [ 32768 ] [ 32768 0 ] [ 0 128 0 0 ] [....]
  6562 - [ 00000000 ][ 0.000000 ] [ 0 ] [ 0 0 ] [ 0 0 0 0 ] [....]
  6563 - [ 468df900 ][ 18172.500000 ] [ 1183709440 ] [ 63744 18061 ] [ 0 249 141 70 ] [...F]
  6564 - [ c4960000 ][ -1200.000000 ] [ 3298164736 ] [ 0 50326 ] [ 0 0 150 196 ] [....]
  6565 - [ 46ad314d ][ 22168.650391 ] [ 1185755469 ] [ 12621 18093 ] [ 77 49 173 70 ] [M1.F]
  6566 - [ 3f800000 ][ 1.000000 ] [ 1065353216 ] [ 0 16256 ] [ 0 0 128 63 ] [...?]
  6567 - [ 468df900 ][ 18172.500000 ] [ 1183709440 ] [ 63744 18061 ] [ 0 249 141 70 ] [...F]
  6568 - [ bb536bcd ][ -0.003226 ] [ 3142806477 ] [ 27597 47955 ] [ 205 107 83 187 ] [.kS.]
  6569 - [ 46ad314d ][ 22168.650391 ] [ 1185755469 ] [ 12621 18093 ] [ 77 49 173 70 ] [M1.F]
  6570 - [ 3f800000 ][ 1.000000 ] [ 1065353216 ] [ 0 16256 ] [ 0 0 128 63 ] [...?]
  6571 - [ 46904b80 ][ 18469.750000 ] [ 1183861632 ] [ 19328 18064 ] [ 128 75 144 70 ] [.K.F]
  6572 - [ bb536bcd ][ -0.003226 ] [ 3142806477 ] [ 27597 47955 ] [ 205 107 83 187 ] [.kS.]
  6573 - [ 46af69e6 ][ 22452.949219 ] [ 1185901030 ] [ 27110 18095 ] [ 230 105 175 70 ] [.i.F]
  6574 - [ 3f800000 ][ 1.000000 ] [ 1065353216 ] [ 0 16256 ] [ 0 0 128 63 ] [...?]
  6575 - [ 46904b80 ][ 18469.750000 ] [ 1183861632 ] [ 19328 18064 ] [ 128 75 144 70 ] [.K.F]
  6576 - [ c4960000 ][ -1200.000000 ] [ 3298164736 ] [ 0 50326 ] [ 0 0 150 196 ] [....]
  6577 - [ 46af69e6 ][ 22452.949219 ] [ 1185901030 ] [ 27110 18095 ] [ 230 105 175 70 ] [.i.F]
  6578 - [ 3f800000 ][ 1.000000 ] [ 1065353216 ] [ 0 16256 ] [ 0 0 128 63 ] [...?]
  6579 - [ 00000101 ][ 0.000000 ] [ 257 ] [ 257 0 ] [ 1 1 0 0 ] [....]
  6580 - [ 00000004 ][ 0.000000 ] [ 4 ] [ 4 0 ] [ 4 0 0 0 ] [....]
  6581 - [ 00008000 ][ 0.000000 ] [ 32768 ] [ 32768 0 ] [ 0 128 0 0 ] [....]
  6582 - [ 00000000 ][ 0.000000 ] [ 0 ] [ 0 0 ] [ 0 0 0 0 ] [....]
  6583 - [ 469bdc80 ][ 19950.250000 ] [ 1184619648 ] [ 56448 18075 ] [ 128 220 155 70 ] [...F]
  6584 - [ c4960000 ][ -1200.000000 ] [ 3298164736 ] [ 0 50326 ] [ 0 0 150 196 ] [....]
  6585 - [ 46845580 ][ 16938.750000 ] [ 1183077760 ] [ 21888 18052 ] [ 128 85 132 70 ] [.U.F]
  6586 - [ 3f800000 ][ 1.000000 ] [ 1065353216 ] [ 0 16256 ] [ 0 0 128 63 ] [...?]
  6587 - [ 469bdc80 ][ 19950.250000 ] [ 1184619648 ] [ 56448 18075 ] [ 128 220 155 70 ] [...F]
  6588 - [ bb536bcd ][ -0.003226 ] [ 3142806477 ] [ 27597 47955 ] [ 205 107 83 187 ] [.kS.]
  6589 - [ 46845580 ][ 16938.750000 ] [ 1183077760 ] [ 21888 18052 ] [ 128 85 132 70 ] [.U.F]
  6590 - [ 3f800000 ][ 1.000000 ] [ 1065353216 ] [ 0 16256 ] [ 0 0 128 63 ] [...?]
  6591 - [ 4698c6cd ][ 19555.400391 ] [ 1184417485 ] [ 50893 18072 ] [ 205 198 152 70 ] [...F]
  6592 - [ bb536bcd ][ -0.003226 ] [ 3142806477 ] [ 27597 47955 ] [ 205 107 83 187 ] [.kS.]
  6593 - [ 46853c1a ][ 17054.050781 ] [ 1183136794 ] [ 15386 18053 ] [ 26 60 133 70 ] [.<.F]
  6594 - [ 3f800000 ][ 1.000000 ] [ 1065353216 ] [ 0 16256 ] [ 0 0 128 63 ] [...?]
  6595 - [ 4698c6cd ][ 19555.400391 ] [ 1184417485 ] [ 50893 18072 ] [ 205 198 152 70 ] [...F]
  6596 - [ c4960000 ][ -1200.000000 ] [ 3298164736 ] [ 0 50326 ] [ 0 0 150 196 ] [....]
  6597 - [ 46853c1a ][ 17054.050781 ] [ 1183136794 ] [ 15386 18053 ] [ 26 60 133 70 ] [.<.F]
  6598 - [ 3f800000 ][ 1.000000 ] [ 1065353216 ] [ 0 16256 ] [ 0 0 128 63 ] [...?]
  6599 - [ 00000101 ][ 0.000000 ] [ 257 ] [ 257 0 ] [ 1 1 0 0 ] [....]
  6600 - [ 00000004 ][ 0.000000 ] [ 4 ] [ 4 0 ] [ 4 0 0 0 ] [....]
  6601 - [ 00008000 ][ 0.000000 ] [ 32768 ] [ 32768 0 ] [ 0 128 0 0 ] [....]
  6602 - [ 00000000 ][ 0.000000 ] [ 0 ] [ 0 0 ] [ 0 0 0 0 ] [....]
  6603 - [ 46a5344d ][ 21146.150391 ] [ 1185231949 ] [ 13389 18085 ] [ 77 52 165 70 ] [M4.F]
  6604 - [ c4960000 ][ -1200.000000 ] [ 3298164736 ] [ 0 50326 ] [ 0 0 150 196 ] [....]
  6605 - [ 4684fa33 ][ 17021.099609 ] [ 1183119923 ] [ 64051 18052 ] [ 51 250 132 70 ] [3..F]
  6606 - [ 3f800000 ][ 1.000000 ] [ 1065353216 ] [ 0 16256 ] [ 0 0 128 63 ] [...?]
  6607 - [ 46a5344d ][ 21146.150391 ] [ 1185231949 ] [ 13389 18085 ] [ 77 52 165 70 ] [M4.F]
  6608 - [ bb536bcd ][ -0.003226 ] [ 3142806477 ] [ 27597 47955 ] [ 205 107 83 187 ] [.kS.]
  6609 - [ 4684fa33 ][ 17021.099609 ] [ 1183119923 ] [ 64051 18052 ] [ 51 250 132 70 ] [3..F]
  6610 - [ 3f800000 ][ 1.000000 ] [ 1065353216 ] [ 0 16256 ] [ 0 0 128 63 ] [...?]
  6611 - [ 46a20533 ][ 20738.599609 ] [ 1185023283 ] [ 1331 18082 ] [ 51 5 162 70 ] [3..F]
  6612 - [ bb536bcd ][ -0.003226 ] [ 3142806477 ] [ 27597 47955 ] [ 205 107 83 187 ] [.kS.]
  6613 - [ 4684311a ][ 16920.550781 ] [ 1183068442 ] [ 12570 18052 ] [ 26 49 132 70 ] [.1.F]
  6614 - [ 3f800000 ][ 1.000000 ] [ 1065353216 ] [ 0 16256 ] [ 0 0 128 63 ] [...?]
  6615 - [ 46a20533 ][ 20738.599609 ] [ 1185023283 ] [ 1331 18082 ] [ 51 5 162 70 ] [3..F]
  6616 - [ c4960000 ][ -1200.000000 ] [ 3298164736 ] [ 0 50326 ] [ 0 0 150 196 ] [....]
  6617 - [ 4684311a ][ 16920.550781 ] [ 1183068442 ] [ 12570 18052 ] [ 26 49 132 70 ] [.1.F]
  6618 - [ 3f800000 ][ 1.000000 ] [ 1065353216 ] [ 0 16256 ] [ 0 0 128 63 ] [...?]
  6619 - [ 00000101 ][ 0.000000 ] [ 257 ] [ 257 0 ] [ 1 1 0 0 ] [....]
  6620 - [ 00000004 ][ 0.000000 ] [ 4 ] [ 4 0 ] [ 4 0 0 0 ] [....]
  6621 - [ 00008000 ][ 0.000000 ] [ 32768 ] [ 32768 0 ] [ 0 128 0 0 ] [....]
  6622 - [ 00000000 ][ 0.000000 ] [ 0 ] [ 0 0 ] [ 0 0 0 0 ] [....]
  6623 - [ 4691509a ][ 18600.300781 ] [ 1183928474 ] [ 20634 18065 ] [ 154 80 145 70 ] [.P.F]
  6624 - [ c4960000 ][ -1200.000000 ] [ 3298164736 ] [ 0 50326 ] [ 0 0 150 196 ] [....]
  6625 - [ 468877e6 ][ 17467.949219 ] [ 1183348710 ] [ 30694 18056 ] [ 230 119 136 70 ] [.w.F]
  6626 - [ 3f800000 ][ 1.000000 ] [ 1065353216 ] [ 0 16256 ] [ 0 0 128 63 ] [...?]
  6627 - [ 4691509a ][ 18600.300781 ] [ 1183928474 ] [ 20634 18065 ] [ 154 80 145 70 ] [.P.F]
  6628 - [ bb536bcd ][ -0.003226 ] [ 3142806477 ] [ 27597 47955 ] [ 205 107 83 187 ] [.kS.]
  6629 - [ 468877e6 ][ 17467.949219 ] [ 1183348710 ] [ 30694 18056 ] [ 230 119 136 70 ] [.w.F]
  6630 - [ 3f800000 ][ 1.000000 ] [ 1065353216 ] [ 0 16256 ] [ 0 0 128 63 ] [...?]
  6631 - [ 468edd1a ][ 18286.550781 ] [ 1183767834 ] [ 56602 18062 ] [ 26 221 142 70 ] [...F]
  6632 - [ bb536bcd ][ -0.003226 ] [ 3142806477 ] [ 27597 47955 ] [ 205 107 83 187 ] [.kS.]
  6633 - [ 468ad733 ][ 17771.599609 ] [ 1183504179 ] [ 55091 18058 ] [ 51 215 138 70 ] [3..F]
  6634 - [ 3f800000 ][ 1.000000 ] [ 1065353216 ] [ 0 16256 ] [ 0 0 128 63 ] [...?]
  6635 - [ 468edd1a ][ 18286.550781 ] [ 1183767834 ] [ 56602 18062 ] [ 26 221 142 70 ] [...F]
  6636 - [ c4960000 ][ -1200.000000 ] [ 3298164736 ] [ 0 50326 ] [ 0 0 150 196 ] [....]
  6637 - [ 468ad733 ][ 17771.599609 ] [ 1183504179 ] [ 55091 18058 ] [ 51 215 138 70 ] [3..F]
  6638 - [ 3f800000 ][ 1.000000 ] [ 1065353216 ] [ 0 16256 ] [ 0 0 128 63 ] [...?]
  6639 - [ 00000101 ][ 0.000000 ] [ 257 ] [ 257 0 ] [ 1 1 0 0 ] [....]
  6640 - [ 00000004 ][ 0.000000 ] [ 4 ] [ 4 0 ] [ 4 0 0 0 ] [....]
  6641 - [ 00008000 ][ 0.000000 ] [ 32768 ] [ 32768 0 ] [ 0 128 0 0 ] [....]
  6642 - [ 00000000 ][ 0.000000 ] [ 0 ] [ 0 0 ] [ 0 0 0 0 ] [....]
  6643 - [ 468986b3 ][ 17603.349609 ] [ 1183418035 ] [ 34483 18057 ] [ 179 134 137 70 ] [...F]
  6644 - [ c4960000 ][ -1200.000000 ] [ 3298164736 ] [ 0 50326 ] [ 0 0 150 196 ] [....]
  6645 - [ 46a8319a ][ 21528.800781 ] [ 1185427866 ] [ 12698 18088 ] [ 154 49 168 70 ] [.1.F]
  6646 - [ 3f800000 ][ 1.000000 ] [ 1065353216 ] [ 0 16256 ] [ 0 0 128 63 ] [...?]
  6647 - [ 468986b3 ][ 17603.349609 ] [ 1183418035 ] [ 34483 18057 ] [ 179 134 137 70 ] [...F]
  6648 - [ bb536bcd ][ -0.003226 ] [ 3142806477 ] [ 27597 47955 ] [ 205 107 83 187 ] [.kS.]
  6649 - [ 46a8319a ][ 21528.800781 ] [ 1185427866 ] [ 12698 18088 ] [ 154 49 168 70 ] [.1.F]
  6650 - [ 3f800000 ][ 1.000000 ] [ 1065353216 ] [ 0 16256 ] [ 0 0 128 63 ] [...?]
  6651 - [ 468bfb66 ][ 17917.699219 ] [ 1183578982 ] [ 64358 18059 ] [ 102 251 139 70 ] [f..F]
  6652 - [ bb536bcd ][ -0.003226 ] [ 3142806477 ] [ 27597 47955 ] [ 205 107 83 187 ] [.kS.]
  6653 - [ 46aaab9a ][ 21845.800781 ] [ 1185590170 ] [ 43930 18090 ] [ 154 171 170 70 ] [...F]
  6654 - [ 3f800000 ][ 1.000000 ] [ 1065353216 ] [ 0 16256 ] [ 0 0 128 63 ] [...?]
  6655 - [ 468bfb66 ][ 17917.699219 ] [ 1183578982 ] [ 64358 18059 ] [ 102 251 139 70 ] [f..F]
  6656 - [ c4960000 ][ -1200.000000 ] [ 3298164736 ] [ 0 50326 ] [ 0 0 150 196 ] [....]
  6657 - [ 46aaab9a ][ 21845.800781 ] [ 1185590170 ] [ 43930 18090 ] [ 154 171 170 70 ] [...F]
  6658 - [ 3f800000 ][ 1.000000 ] [ 1065353216 ] [ 0 16256 ] [ 0 0 128 63 ] [...?]
  6659 - [ 00000101 ][ 0.000000 ] [ 257 ] [ 257 0 ] [ 1 1 0 0 ] [....]
  6660 - [ 00000004 ][ 0.000000 ] [ 4 ] [ 4 0 ] [ 4 0 0 0 ] [....]
  6661 - [ 00008000 ][ 0.000000 ] [ 32768 ] [ 32768 0 ] [ 0 128 0 0 ] [....]
  6662 - [ 00000000 ][ 0.000000 ] [ 0 ] [ 0 0 ] [ 0 0 0 0 ] [....]
  6663 - [ 46904b80 ][ 18469.750000 ] [ 1183861632 ] [ 19328 18064 ] [ 128 75 144 70 ] [.K.F]
  6664 - [ c4960000 ][ -1200.000000 ] [ 3298164736 ] [ 0 50326 ] [ 0 0 150 196 ] [....]
  6665 - [ 46af69e6 ][ 22452.949219 ] [ 1185901030 ] [ 27110 18095 ] [ 230 105 175 70 ] [.i.F]
  6666 - [ 3f800000 ][ 1.000000 ] [ 1065353216 ] [ 0 16256 ] [ 0 0 128 63 ] [...?]
  6667 - [ 46904b80 ][ 18469.750000 ] [ 1183861632 ] [ 19328 18064 ] [ 128 75 144 70 ] [.K.F]
  6668 - [ bb536bcd ][ -0.003226 ] [ 3142806477 ] [ 27597 47955 ] [ 205 107 83 187 ] [.kS.]
  6669 - [ 46af69e6 ][ 22452.949219 ] [ 1185901030 ] [ 27110 18095 ] [ 230 105 175 70 ] [.i.F]
  6670 - [ 3f800000 ][ 1.000000 ] [ 1065353216 ] [ 0 16256 ] [ 0 0 128 63 ] [...?]
  6671 - [ 4692e766 ][ 18803.699219 ] [ 1184032614 ] [ 59238 18066 ] [ 102 231 146 70 ] [f..F]
  6672 - [ bb536bcd ][ -0.003226 ] [ 3142806477 ] [ 27597 47955 ] [ 205 107 83 187 ] [.kS.]
  6673 - [ 46b19680 ][ 22731.250000 ] [ 1186043520 ] [ 38528 18097 ] [ 128 150 177 70 ] [...F]
  6674 - [ 3f800000 ][ 1.000000 ] [ 1065353216 ] [ 0 16256 ] [ 0 0 128 63 ] [...?]
  6675 - [ 4692e766 ][ 18803.699219 ] [ 1184032614 ] [ 59238 18066 ] [ 102 231 146 70 ] [f..F]
  6676 - [ c4960000 ][ -1200.000000 ] [ 3298164736 ] [ 0 50326 ] [ 0 0 150 196 ] [....]
  6677 - [ 46b19680 ][ 22731.250000 ] [ 1186043520 ] [ 38528 18097 ] [ 128 150 177 70 ] [...F]
  6678 - [ 3f800000 ][ 1.000000 ] [ 1065353216 ] [ 0 16256 ] [ 0 0 128 63 ] [...?]
  6679 - [ 00000101 ][ 0.000000 ] [ 257 ] [ 257 0 ] [ 1 1 0 0 ] [....]
  6680 - [ 00000004 ][ 0.000000 ] [ 4 ] [ 4 0 ] [ 4 0 0 0 ] [....]
  6681 - [ 00008000 ][ 0.000000 ] [ 32768 ] [ 32768 0 ] [ 0 128 0 0 ] [....]
  6682 - [ 00000000 ][ 0.000000 ] [ 0 ] [ 0 0 ] [ 0 0 0 0 ] [....]
  6683 - [ 468bfb66 ][ 17917.699219 ] [ 1183578982 ] [ 64358 18059 ] [ 102 251 139 70 ] [f..F]
  6684 - [ c4960000 ][ -1200.000000 ] [ 3298164736 ] [ 0 50326 ] [ 0 0 150 196 ] [....]
  6685 - [ 46aaab9a ][ 21845.800781 ] [ 1185590170 ] [ 43930 18090 ] [ 154 171 170 70 ] [...F]
  6686 - [ 3f800000 ][ 1.000000 ] [ 1065353216 ] [ 0 16256 ] [ 0 0 128 63 ] [...?]
  6687 - [ 468bfb66 ][ 17917.699219 ] [ 1183578982 ] [ 64358 18059 ] [ 102 251 139 70 ] [f..F]
  6688 - [ bb536bcd ][ -0.003226 ] [ 3142806477 ] [ 27597 47955 ] [ 205 107 83 187 ] [.kS.]
  6689 - [ 46aaab9a ][ 21845.800781 ] [ 1185590170 ] [ 43930 18090 ] [ 154 171 170 70 ] [...F]
  6690 - [ 3f800000 ][ 1.000000 ] [ 1065353216 ] [ 0 16256 ] [ 0 0 128 63 ] [...?]
  6691 - [ 468df900 ][ 18172.500000 ] [ 1183709440 ] [ 63744 18061 ] [ 0 249 141 70 ] [...F]
  6692 - [ bb536bcd ][ -0.003226 ] [ 3142806477 ] [ 27597 47955 ] [ 205 107 83 187 ] [.kS.]
  6693 - [ 46ad314d ][ 22168.650391 ] [ 1185755469 ] [ 12621 18093 ] [ 77 49 173 70 ] [M1.F]
  6694 - [ 3f800000 ][ 1.000000 ] [ 1065353216 ] [ 0 16256 ] [ 0 0 128 63 ] [...?]
  6695 - [ 468df900 ][ 18172.500000 ] [ 1183709440 ] [ 63744 18061 ] [ 0 249 141 70 ] [...F]
  6696 - [ c4960000 ][ -1200.000000 ] [ 3298164736 ] [ 0 50326 ] [ 0 0 150 196 ] [....]
  6697 - [ 46ad314d ][ 22168.650391 ] [ 1185755469 ] [ 12621 18093 ] [ 77 49 173 70 ] [M1.F]
  6698 - [ 3f800000 ][ 1.000000 ] [ 1065353216 ] [ 0 16256 ] [ 0 0 128 63 ] [...?]
  6699 - [ 00000101 ][ 0.000000 ] [ 257 ] [ 257 0 ] [ 1 1 0 0 ] [....]
  6700 - [ 00000004 ][ 0.000000 ] [ 4 ] [ 4 0 ] [ 4 0 0 0 ] [....]
  6701 - [ 00008000 ][ 0.000000 ] [ 32768 ] [ 32768 0 ] [ 0 128 0 0 ] [....]
  6702 - [ 00000000 ][ 0.000000 ] [ 0 ] [ 0 0 ] [ 0 0 0 0 ] [....]
  6703 - [ 46b1629a ][ 22705.300781 ] [ 1186030234 ] [ 25242 18097 ] [ 154 98 177 70 ] [.b.F]
  6704 - [ c4960000 ][ -1200.000000 ] [ 3298164736 ] [ 0 50326 ] [ 0 0 150 196 ] [....]
  6705 - [ 46ac13e6 ][ 22025.949219 ] [ 1185682406 ] [ 5094 18092 ] [ 230 19 172 70 ] [...F]
  6706 - [ 3f800000 ][ 1.000000 ] [ 1065353216 ] [ 0 16256 ] [ 0 0 128 63 ] [...?]
  6707 - [ 46b1629a ][ 22705.300781 ] [ 1186030234 ] [ 25242 18097 ] [ 154 98 177 70 ] [.b.F]
  6708 - [ bb536bcd ][ -0.003226 ] [ 3142806477 ] [ 27597 47955 ] [ 205 107 83 187 ] [.kS.]
  6709 - [ 46ac13e6 ][ 22025.949219 ] [ 1185682406 ] [ 5094 18092 ] [ 230 19 172 70 ] [...F]
  6710 - [ 3f800000 ][ 1.000000 ] [ 1065353216 ] [ 0 16256 ] [ 0 0 128 63 ] [...?]
  6711 - [ 46b359e6 ][ 22956.949219 ] [ 1186159078 ] [ 23014 18099 ] [ 230 89 179 70 ] [.Y.F]
  6712 - [ bb536bcd ][ -0.003226 ] [ 3142806477 ] [ 27597 47955 ] [ 205 107 83 187 ] [.kS.]
  6713 - [ 46a9e3cd ][ 21745.900391 ] [ 1185539021 ] [ 58317 18089 ] [ 205 227 169 70 ] [...F]
  6714 - [ 3f800000 ][ 1.000000 ] [ 1065353216 ] [ 0 16256 ] [ 0 0 128 63 ] [...?]
  6715 - [ 46b359e6 ][ 22956.949219 ] [ 1186159078 ] [ 23014 18099 ] [ 230 89 179 70 ] [.Y.F]
  6716 - [ c4960000 ][ -1200.000000 ] [ 3298164736 ] [ 0 50326 ] [ 0 0 150 196 ] [....]
  6717 - [ 46a9e3cd ][ 21745.900391 ] [ 1185539021 ] [ 58317 18089 ] [ 205 227 169 70 ] [...F]
  6718 - [ 3f800000 ][ 1.000000 ] [ 1065353216 ] [ 0 16256 ] [ 0 0 128 63 ] [...?]
  6719 - [ 00000101 ][ 0.000000 ] [ 257 ] [ 257 0 ] [ 1 1 0 0 ] [....]
  6720 - [ 00000004 ][ 0.000000 ] [ 4 ] [ 4 0 ] [ 4 0 0 0 ] [....]
  6721 - [ 00008000 ][ 0.000000 ] [ 32768 ] [ 32768 0 ] [ 0 128 0 0 ] [....]
  6722 - [ 00000000 ][ 0.000000 ] [ 0 ] [ 0 0 ] [ 0 0 0 0 ] [....]
  6723 - [ 46a84c33 ][ 21542.099609 ] [ 1185434675 ] [ 19507 18088 ] [ 51 76 168 70 ] [3L.F]
  6724 - [ c4960000 ][ -1200.000000 ] [ 3298164736 ] [ 0 50326 ] [ 0 0 150 196 ] [....]
  6725 - [ 4685d91a ][ 17132.550781 ] [ 1183176986 ] [ 55578 18053 ] [ 26 217 133 70 ] [...F]
  6726 - [ 3f800000 ][ 1.000000 ] [ 1065353216 ] [ 0 16256 ] [ 0 0 128 63 ] [...?]
  6727 - [ 46a84c33 ][ 21542.099609 ] [ 1185434675 ] [ 19507 18088 ] [ 51 76 168 70 ] [3L.F]
  6728 - [ bb536bcd ][ -0.003226 ] [ 3142806477 ] [ 27597 47955 ] [ 205 107 83 187 ] [.kS.]
  6729 - [ 4685d91a ][ 17132.550781 ] [ 1183176986 ] [ 55578 18053 ] [ 26 217 133 70 ] [...F]
  6730 - [ 3f800000 ][ 1.000000 ] [ 1065353216 ] [ 0 16256 ] [ 0 0 128 63 ] [...?]
  6731 - [ 46a5344d ][ 21146.150391 ] [ 1185231949 ] [ 13389 18085 ] [ 77 52 165 70 ] [M4.F]
  6732 - [ bb536bcd ][ -0.003226 ] [ 3142806477 ] [ 27597 47955 ] [ 205 107 83 187 ] [.kS.]
  6733 - [ 4684fa33 ][ 17021.099609 ] [ 1183119923 ] [ 64051 18052 ] [ 51 250 132 70 ] [3..F]
  6734 - [ 3f800000 ][ 1.000000 ] [ 1065353216 ] [ 0 16256 ] [ 0 0 128 63 ] [...?]
  6735 - [ 46a5344d ][ 21146.150391 ] [ 1185231949 ] [ 13389 18085 ] [ 77 52 165 70 ] [M4.F]
  6736 - [ c4960000 ][ -1200.000000 ] [ 3298164736 ] [ 0 50326 ] [ 0 0 150 196 ] [....]
  6737 - [ 4684fa33 ][ 17021.099609 ] [ 1183119923 ] [ 64051 18052 ] [ 51 250 132 70 ] [3..F]
  6738 - [ 3f800000 ][ 1.000000 ] [ 1065353216 ] [ 0 16256 ] [ 0 0 128 63 ] [...?]
  6739 - [ 00000101 ][ 0.000000 ] [ 257 ] [ 257 0 ] [ 1 1 0 0 ] [....]
  6740 - [ 00000004 ][ 0.000000 ] [ 4 ] [ 4 0 ] [ 4 0 0 0 ] [....]
  6741 - [ 00008000 ][ 0.000000 ] [ 32768 ] [ 32768 0 ] [ 0 128 0 0 ] [....]
  6742 - [ 00000000 ][ 0.000000 ] [ 0 ] [ 0 0 ] [ 0 0 0 0 ] [....]
  6743 - [ 46a20533 ][ 20738.599609 ] [ 1185023283 ] [ 1331 18082 ] [ 51 5 162 70 ] [3..F]
  6744 - [ c4960000 ][ -1200.000000 ] [ 3298164736 ] [ 0 50326 ] [ 0 0 150 196 ] [....]
  6745 - [ 4684311a ][ 16920.550781 ] [ 1183068442 ] [ 12570 18052 ] [ 26 49 132 70 ] [.1.F]
  6746 - [ 3f800000 ][ 1.000000 ] [ 1065353216 ] [ 0 16256 ] [ 0 0 128 63 ] [...?]
  6747 - [ 46a20533 ][ 20738.599609 ] [ 1185023283 ] [ 1331 18082 ] [ 51 5 162 70 ] [3..F]
  6748 - [ bb536bcd ][ -0.003226 ] [ 3142806477 ] [ 27597 47955 ] [ 205 107 83 187 ] [.kS.]
  6749 - [ 4684311a ][ 16920.550781 ] [ 1183068442 ] [ 12570 18052 ] [ 26 49 132 70 ] [.1.F]
  6750 - [ 3f800000 ][ 1.000000 ] [ 1065353216 ] [ 0 16256 ] [ 0 0 128 63 ] [...?]
  6751 - [ 469ece9a ][ 20327.300781 ] [ 1184812698 ] [ 52890 18078 ] [ 154 206 158 70 ] [...F]
  6752 - [ bb536bcd ][ -0.003226 ] [ 3142806477 ] [ 27597 47955 ] [ 205 107 83 187 ] [.kS.]
  6753 - [ 4683781a ][ 16828.050781 ] [ 1183021082 ] [ 30746 18051 ] [ 26 120 131 70 ] [.x.F]
  6754 - [ 3f800000 ][ 1.000000 ] [ 1065353216 ] [ 0 16256 ] [ 0 0 128 63 ] [...?]
  6755 - [ 469ece9a ][ 20327.300781 ] [ 1184812698 ] [ 52890 18078 ] [ 154 206 158 70 ] [...F]
  6756 - [ c4960000 ][ -1200.000000 ] [ 3298164736 ] [ 0 50326 ] [ 0 0 150 196 ] [....]
  6757 - [ 4683781a ][ 16828.050781 ] [ 1183021082 ] [ 30746 18051 ] [ 26 120 131 70 ] [.x.F]
  6758 - [ 3f800000 ][ 1.000000 ] [ 1065353216 ] [ 0 16256 ] [ 0 0 128 63 ] [...?]
  6759 - [ 00000101 ][ 0.000000 ] [ 257 ] [ 257 0 ] [ 1 1 0 0 ] [....]
  6760 - [ 00000004 ][ 0.000000 ] [ 4 ] [ 4 0 ] [ 4 0 0 0 ] [....]
  6761 - [ 00008000 ][ 0.000000 ] [ 32768 ] [ 32768 0 ] [ 0 128 0 0 ] [....]
  6762 - [ 00000000 ][ 0.000000 ] [ 0 ] [ 0 0 ] [ 0 0 0 0 ] [....]
  6763 - [ 46af15b3 ][ 22410.849609 ] [ 1185879475 ] [ 5555 18095 ] [ 179 21 175 70 ] [...F]
  6764 - [ c4960000 ][ -1200.000000 ] [ 3298164736 ] [ 0 50326 ] [ 0 0 150 196 ] [....]
  6765 - [ 46ae5233 ][ 22313.099609 ] [ 1185829427 ] [ 21043 18094 ] [ 51 82 174 70 ] [3R.F]
  6766 - [ 3f800000 ][ 1.000000 ] [ 1065353216 ] [ 0 16256 ] [ 0 0 128 63 ] [...?]
  6767 - [ 46af15b3 ][ 22410.849609 ] [ 1185879475 ] [ 5555 18095 ] [ 179 21 175 70 ] [...F]
  6768 - [ bb536bcd ][ -0.003226 ] [ 3142806477 ] [ 27597 47955 ] [ 205 107 83 187 ] [.kS.]
  6769 - [ 46ae5233 ][ 22313.099609 ] [ 1185829427 ] [ 21043 18094 ] [ 51 82 174 70 ] [3R.F]
  6770 - [ 3f800000 ][ 1.000000 ] [ 1065353216 ] [ 0 16256 ] [ 0 0 128 63 ] [...?]
  6771 - [ 46b1629a ][ 22705.300781 ] [ 1186030234 ] [ 25242 18097 ] [ 154 98 177 70 ] [.b.F]
  6772 - [ bb536bcd ][ -0.003226 ] [ 3142806477 ] [ 27597 47955 ] [ 205 107 83 187 ] [.kS.]
  6773 - [ 46ac13e6 ][ 22025.949219 ] [ 1185682406 ] [ 5094 18092 ] [ 230 19 172 70 ] [...F]
  6774 - [ 3f800000 ][ 1.000000 ] [ 1065353216 ] [ 0 16256 ] [ 0 0 128 63 ] [...?]
  6775 - [ 46b1629a ][ 22705.300781 ] [ 1186030234 ] [ 25242 18097 ] [ 154 98 177 70 ] [.b.F]
  6776 - [ c4960000 ][ -1200.000000 ] [ 3298164736 ] [ 0 50326 ] [ 0 0 150 196 ] [....]
  6777 - [ 46ac13e6 ][ 22025.949219 ] [ 1185682406 ] [ 5094 18092 ] [ 230 19 172 70 ] [...F]
  6778 - [ 3f800000 ][ 1.000000 ] [ 1065353216 ] [ 0 16256 ] [ 0 0 128 63 ] [...?]
  6779 - [ 00000101 ][ 0.000000 ] [ 257 ] [ 257 0 ] [ 1 1 0 0 ] [....]
  6780 - [ 00000004 ][ 0.000000 ] [ 4 ] [ 4 0 ] [ 4 0 0 0 ] [....]
  6781 - [ 00008000 ][ 0.000000 ] [ 32768 ] [ 32768 0 ] [ 0 128 0 0 ] [....]
  6782 - [ 00000000 ][ 0.000000 ] [ 0 ] [ 0 0 ] [ 0 0 0 0 ] [....]
  6783 - [ 46b359e6 ][ 22956.949219 ] [ 1186159078 ] [ 23014 18099 ] [ 230 89 179 70 ] [.Y.F]
  6784 - [ c4960000 ][ -1200.000000 ] [ 3298164736 ] [ 0 50326 ] [ 0 0 150 196 ] [....]
  6785 - [ 46a9e3cd ][ 21745.900391 ] [ 1185539021 ] [ 58317 18089 ] [ 205 227 169 70 ] [...F]
  6786 - [ 3f800000 ][ 1.000000 ] [ 1065353216 ] [ 0 16256 ] [ 0 0 128 63 ] [...?]
  6787 - [ 46b359e6 ][ 22956.949219 ] [ 1186159078 ] [ 23014 18099 ] [ 230 89 179 70 ] [.Y.F]
  6788 - [ bb536bcd ][ -0.003226 ] [ 3142806477 ] [ 27597 47955 ] [ 205 107 83 187 ] [.kS.]
  6789 - [ 46a9e3cd ][ 21745.900391 ] [ 1185539021 ] [ 58317 18089 ] [ 205 227 169 70 ] [...F]
  6790 - [ 3f800000 ][ 1.000000 ] [ 1065353216 ] [ 0 16256 ] [ 0 0 128 63 ] [...?]
  6791 - [ 46b4f1b3 ][ 23160.849609 ] [ 1186263475 ] [ 61875 18100 ] [ 179 241 180 70 ] [...F]
  6792 - [ bb536bcd ][ -0.003226 ] [ 3142806477 ] [ 27597 47955 ] [ 205 107 83 187 ] [.kS.]
  6793 - [ 46a83580 ][ 21530.750000 ] [ 1185428864 ] [ 13696 18088 ] [ 128 53 168 70 ] [.5.F]
  6794 - [ 3f800000 ][ 1.000000 ] [ 1065353216 ] [ 0 16256 ] [ 0 0 128 63 ] [...?]
  6795 - [ 46b4f1b3 ][ 23160.849609 ] [ 1186263475 ] [ 61875 18100 ] [ 179 241 180 70 ] [...F]
  6796 - [ c4960000 ][ -1200.000000 ] [ 3298164736 ] [ 0 50326 ] [ 0 0 150 196 ] [....]
  6797 - [ 46a83580 ][ 21530.750000 ] [ 1185428864 ] [ 13696 18088 ] [ 128 53 168 70 ] [.5.F]
  6798 - [ 3f800000 ][ 1.000000 ] [ 1065353216 ] [ 0 16256 ] [ 0 0 128 63 ] [...?]
  6799 - [ 00000101 ][ 0.000000 ] [ 257 ] [ 257 0 ] [ 1 1 0 0 ] [....]
  6800 - [ 00000004 ][ 0.000000 ] [ 4 ] [ 4 0 ] [ 4 0 0 0 ] [....]
  6801 - [ 00008000 ][ 0.000000 ] [ 32768 ] [ 32768 0 ] [ 0 128 0 0 ] [....]
  6802 - [ 00000000 ][ 0.000000 ] [ 0 ] [ 0 0 ] [ 0 0 0 0 ] [....]
  6803 - [ 46aef4cd ][ 22394.400391 ] [ 1185871053 ] [ 62669 18094 ] [ 205 244 174 70 ] [...F]
  6804 - [ c4960000 ][ -1200.000000 ] [ 3298164736 ] [ 0 50326 ] [ 0 0 150 196 ] [....]
  6805 - [ 4689d033 ][ 17640.099609 ] [ 1183436851 ] [ 53299 18057 ] [ 51 208 137 70 ] [3..F]
  6806 - [ 3f800000 ][ 1.000000 ] [ 1065353216 ] [ 0 16256 ] [ 0 0 128 63 ] [...?]
  6807 - [ 46aef4cd ][ 22394.400391 ] [ 1185871053 ] [ 62669 18094 ] [ 205 244 174 70 ] [...F]
  6808 - [ bb536bcd ][ -0.003226 ] [ 3142806477 ] [ 27597 47955 ] [ 205 107 83 187 ] [.kS.]
  6809 - [ 4689d033 ][ 17640.099609 ] [ 1183436851 ] [ 53299 18057 ] [ 51 208 137 70 ] [3..F]
  6810 - [ 3f800000 ][ 1.000000 ] [ 1065353216 ] [ 0 16256 ] [ 0 0 128 63 ] [...?]
  6811 - [ 46ab3d4d ][ 21918.650391 ] [ 1185627469 ] [ 15693 18091 ] [ 77 61 171 70 ] [M=.F]
  6812 - [ bb536bcd ][ -0.003226 ] [ 3142806477 ] [ 27597 47955 ] [ 205 107 83 187 ] [.kS.]
  6813 - [ 4686ad33 ][ 17238.599609 ] [ 1183231283 ] [ 44339 18054 ] [ 51 173 134 70 ] [3..F]
  6814 - [ 3f800000 ][ 1.000000 ] [ 1065353216 ] [ 0 16256 ] [ 0 0 128 63 ] [...?]
  6815 - [ 46ab3d4d ][ 21918.650391 ] [ 1185627469 ] [ 15693 18091 ] [ 77 61 171 70 ] [M=.F]
  6816 - [ c4960000 ][ -1200.000000 ] [ 3298164736 ] [ 0 50326 ] [ 0 0 150 196 ] [....]
  6817 - [ 4686ad33 ][ 17238.599609 ] [ 1183231283 ] [ 44339 18054 ] [ 51 173 134 70 ] [3..F]
  6818 - [ 3f800000 ][ 1.000000 ] [ 1065353216 ] [ 0 16256 ] [ 0 0 128 63 ] [...?]
  6819 - [ 00000101 ][ 0.000000 ] [ 257 ] [ 257 0 ] [ 1 1 0 0 ] [....]
  6820 - [ 00000004 ][ 0.000000 ] [ 4 ] [ 4 0 ] [ 4 0 0 0 ] [....]
  6821 - [ 00008000 ][ 0.000000 ] [ 32768 ] [ 32768 0 ] [ 0 128 0 0 ] [....]
  6822 - [ 00000000 ][ 0.000000 ] [ 0 ] [ 0 0 ] [ 0 0 0 0 ] [....]
  6823 - [ 4692e766 ][ 18803.699219 ] [ 1184032614 ] [ 59238 18066 ] [ 102 231 146 70 ] [f..F]
  6824 - [ c4960000 ][ -1200.000000 ] [ 3298164736 ] [ 0 50326 ] [ 0 0 150 196 ] [....]
  6825 - [ 46b19680 ][ 22731.250000 ] [ 1186043520 ] [ 38528 18097 ] [ 128 150 177 70 ] [...F]
  6826 - [ 3f800000 ][ 1.000000 ] [ 1065353216 ] [ 0 16256 ] [ 0 0 128 63 ] [...?]
  6827 - [ 4692e766 ][ 18803.699219 ] [ 1184032614 ] [ 59238 18066 ] [ 102 231 146 70 ] [f..F]
  6828 - [ bb536bcd ][ -0.003226 ] [ 3142806477 ] [ 27597 47955 ] [ 205 107 83 187 ] [.kS.]
  6829 - [ 46b19680 ][ 22731.250000 ] [ 1186043520 ] [ 38528 18097 ] [ 128 150 177 70 ] [...F]
  6830 - [ 3f800000 ][ 1.000000 ] [ 1065353216 ] [ 0 16256 ] [ 0 0 128 63 ] [...?]
  6831 - [ 46953633 ][ 19099.099609 ] [ 1184183859 ] [ 13875 18069 ] [ 51 54 149 70 ] [36.F]
  6832 - [ bb536bcd ][ -0.003226 ] [ 3142806477 ] [ 27597 47955 ] [ 205 107 83 187 ] [.kS.]
  6833 - [ 46b24e4d ][ 22823.150391 ] [ 1186090573 ] [ 20045 18098 ] [ 77 78 178 70 ] [MN.F]
  6834 - [ 3f800000 ][ 1.000000 ] [ 1065353216 ] [ 0 16256 ] [ 0 0 128 63 ] [...?]
  6835 - [ 46953633 ][ 19099.099609 ] [ 1184183859 ] [ 13875 18069 ] [ 51 54 149 70 ] [36.F]
  6836 - [ c4960000 ][ -1200.000000 ] [ 3298164736 ] [ 0 50326 ] [ 0 0 150 196 ] [....]
  6837 - [ 46b24e4d ][ 22823.150391 ] [ 1186090573 ] [ 20045 18098 ] [ 77 78 178 70 ] [MN.F]
  6838 - [ 3f800000 ][ 1.000000 ] [ 1065353216 ] [ 0 16256 ] [ 0 0 128 63 ] [...?]
  6839 - [ 00000101 ][ 0.000000 ] [ 257 ] [ 257 0 ] [ 1 1 0 0 ] [....]
  6840 - [ 00000004 ][ 0.000000 ] [ 4 ] [ 4 0 ] [ 4 0 0 0 ] [....]
  6841 - [ 00008000 ][ 0.000000 ] [ 32768 ] [ 32768 0 ] [ 0 128 0 0 ] [....]
  6842 - [ 00000000 ][ 0.000000 ] [ 0 ] [ 0 0 ] [ 0 0 0 0 ] [....]
  6843 - [ 46ab3d4d ][ 21918.650391 ] [ 1185627469 ] [ 15693 18091 ] [ 77 61 171 70 ] [M=.F]
  6844 - [ c4960000 ][ -1200.000000 ] [ 3298164736 ] [ 0 50326 ] [ 0 0 150 196 ] [....]
  6845 - [ 4686ad33 ][ 17238.599609 ] [ 1183231283 ] [ 44339 18054 ] [ 51 173 134 70 ] [3..F]
  6846 - [ 3f800000 ][ 1.000000 ] [ 1065353216 ] [ 0 16256 ] [ 0 0 128 63 ] [...?]
  6847 - [ 46ab3d4d ][ 21918.650391 ] [ 1185627469 ] [ 15693 18091 ] [ 77 61 171 70 ] [M=.F]
  6848 - [ bb536bcd ][ -0.003226 ] [ 3142806477 ] [ 27597 47955 ] [ 205 107 83 187 ] [.kS.]
  6849 - [ 4686ad33 ][ 17238.599609 ] [ 1183231283 ] [ 44339 18054 ] [ 51 173 134 70 ] [3..F]
  6850 - [ 3f800000 ][ 1.000000 ] [ 1065353216 ] [ 0 16256 ] [ 0 0 128 63 ] [...?]
  6851 - [ 46a84c33 ][ 21542.099609 ] [ 1185434675 ] [ 19507 18088 ] [ 51 76 168 70 ] [3L.F]
  6852 - [ bb536bcd ][ -0.003226 ] [ 3142806477 ] [ 27597 47955 ] [ 205 107 83 187 ] [.kS.]
  6853 - [ 4685d91a ][ 17132.550781 ] [ 1183176986 ] [ 55578 18053 ] [ 26 217 133 70 ] [...F]
  6854 - [ 3f800000 ][ 1.000000 ] [ 1065353216 ] [ 0 16256 ] [ 0 0 128 63 ] [...?]
  6855 - [ 46a84c33 ][ 21542.099609 ] [ 1185434675 ] [ 19507 18088 ] [ 51 76 168 70 ] [3L.F]
  6856 - [ c4960000 ][ -1200.000000 ] [ 3298164736 ] [ 0 50326 ] [ 0 0 150 196 ] [....]
  6857 - [ 4685d91a ][ 17132.550781 ] [ 1183176986 ] [ 55578 18053 ] [ 26 217 133 70 ] [...F]
  6858 - [ 3f800000 ][ 1.000000 ] [ 1065353216 ] [ 0 16256 ] [ 0 0 128 63 ] [...?]
  6859 - [ 00000101 ][ 0.000000 ] [ 257 ] [ 257 0 ] [ 1 1 0 0 ] [....]
  6860 - [ 00000004 ][ 0.000000 ] [ 4 ] [ 4 0 ] [ 4 0 0 0 ] [....]
  6861 - [ 00008000 ][ 0.000000 ] [ 32768 ] [ 32768 0 ] [ 0 128 0 0 ] [....]
  6862 - [ 00000000 ][ 0.000000 ] [ 0 ] [ 0 0 ] [ 0 0 0 0 ] [....]
  6863 - [ 46b5b5cd ][ 23258.900391 ] [ 1186313677 ] [ 46541 18101 ] [ 205 181 181 70 ] [...F]
  6864 - [ c4960000 ][ -1200.000000 ] [ 3298164736 ] [ 0 50326 ] [ 0 0 150 196 ] [....]
  6865 - [ 46a51500 ][ 21130.500000 ] [ 1185223936 ] [ 5376 18085 ] [ 0 21 165 70 ] [...F]
  6866 - [ 3f800000 ][ 1.000000 ] [ 1065353216 ] [ 0 16256 ] [ 0 0 128 63 ] [...?]
  6867 - [ 46b5b5cd ][ 23258.900391 ] [ 1186313677 ] [ 46541 18101 ] [ 205 181 181 70 ] [...F]
  6868 - [ bb536bcd ][ -0.003226 ] [ 3142806477 ] [ 27597 47955 ] [ 205 107 83 187 ] [.kS.]
  6869 - [ 46a51500 ][ 21130.500000 ] [ 1185223936 ] [ 5376 18085 ] [ 0 21 165 70 ] [...F]
  6870 - [ 3f800000 ][ 1.000000 ] [ 1065353216 ] [ 0 16256 ] [ 0 0 128 63 ] [...?]
  6871 - [ 46b6b19a ][ 23384.800781 ] [ 1186378138 ] [ 45466 18102 ] [ 154 177 182 70 ] [...F]
  6872 - [ bb536bcd ][ -0.003226 ] [ 3142806477 ] [ 27597 47955 ] [ 205 107 83 187 ] [.kS.]
  6873 - [ 46a143b3 ][ 20641.849609 ] [ 1184973747 ] [ 17331 18081 ] [ 179 67 161 70 ] [.C.F]
  6874 - [ 3f800000 ][ 1.000000 ] [ 1065353216 ] [ 0 16256 ] [ 0 0 128 63 ] [...?]
  6875 - [ 46b6b19a ][ 23384.800781 ] [ 1186378138 ] [ 45466 18102 ] [ 154 177 182 70 ] [...F]
  6876 - [ c4960000 ][ -1200.000000 ] [ 3298164736 ] [ 0 50326 ] [ 0 0 150 196 ] [....]
  6877 - [ 46a143b3 ][ 20641.849609 ] [ 1184973747 ] [ 17331 18081 ] [ 179 67 161 70 ] [.C.F]
  6878 - [ 3f800000 ][ 1.000000 ] [ 1065353216 ] [ 0 16256 ] [ 0 0 128 63 ] [...?]
  6879 - [ 00000101 ][ 0.000000 ] [ 257 ] [ 257 0 ] [ 1 1 0 0 ] [....]
  6880 - [ 00000004 ][ 0.000000 ] [ 4 ] [ 4 0 ] [ 4 0 0 0 ] [....]
  6881 - [ 00008000 ][ 0.000000 ] [ 32768 ] [ 32768 0 ] [ 0 128 0 0 ] [....]
  6882 - [ 00000000 ][ 0.000000 ] [ 0 ] [ 0 0 ] [ 0 0 0 0 ] [....]
  6883 - [ 46b4f1b3 ][ 23160.849609 ] [ 1186263475 ] [ 61875 18100 ] [ 179 241 180 70 ] [...F]
  6884 - [ c4960000 ][ -1200.000000 ] [ 3298164736 ] [ 0 50326 ] [ 0 0 150 196 ] [....]
  6885 - [ 46a83580 ][ 21530.750000 ] [ 1185428864 ] [ 13696 18088 ] [ 128 53 168 70 ] [.5.F]
  6886 - [ 3f800000 ][ 1.000000 ] [ 1065353216 ] [ 0 16256 ] [ 0 0 128 63 ] [...?]
  6887 - [ 46b4f1b3 ][ 23160.849609 ] [ 1186263475 ] [ 61875 18100 ] [ 179 241 180 70 ] [...F]
  6888 - [ bb536bcd ][ -0.003226 ] [ 3142806477 ] [ 27597 47955 ] [ 205 107 83 187 ] [.kS.]
  6889 - [ 46a83580 ][ 21530.750000 ] [ 1185428864 ] [ 13696 18088 ] [ 128 53 168 70 ] [.5.F]
  6890 - [ 3f800000 ][ 1.000000 ] [ 1065353216 ] [ 0 16256 ] [ 0 0 128 63 ] [...?]
  6891 - [ 46b5b5cd ][ 23258.900391 ] [ 1186313677 ] [ 46541 18101 ] [ 205 181 181 70 ] [...F]
  6892 - [ bb536bcd ][ -0.003226 ] [ 3142806477 ] [ 27597 47955 ] [ 205 107 83 187 ] [.kS.]
  6893 - [ 46a51500 ][ 21130.500000 ] [ 1185223936 ] [ 5376 18085 ] [ 0 21 165 70 ] [...F]
  6894 - [ 3f800000 ][ 1.000000 ] [ 1065353216 ] [ 0 16256 ] [ 0 0 128 63 ] [...?]
  6895 - [ 46b5b5cd ][ 23258.900391 ] [ 1186313677 ] [ 46541 18101 ] [ 205 181 181 70 ] [...F]
  6896 - [ c4960000 ][ -1200.000000 ] [ 3298164736 ] [ 0 50326 ] [ 0 0 150 196 ] [....]
  6897 - [ 46a51500 ][ 21130.500000 ] [ 1185223936 ] [ 5376 18085 ] [ 0 21 165 70 ] [...F]
  6898 - [ 3f800000 ][ 1.000000 ] [ 1065353216 ] [ 0 16256 ] [ 0 0 128 63 ] [...?]
  6899 - [ 00000101 ][ 0.000000 ] [ 257 ] [ 257 0 ] [ 1 1 0 0 ] [....]
  6900 - [ 00000004 ][ 0.000000 ] [ 4 ] [ 4 0 ] [ 4 0 0 0 ] [....]
  6901 - [ 00008000 ][ 0.000000 ] [ 32768 ] [ 32768 0 ] [ 0 128 0 0 ] [....]
  6902 - [ 00000000 ][ 0.000000 ] [ 0 ] [ 0 0 ] [ 0 0 0 0 ] [....]
  6903 - [ 4694081a ][ 18948.050781 ] [ 1184106522 ] [ 2074 18068 ] [ 26 8 148 70 ] [...F]
  6904 - [ c4960000 ][ -1200.000000 ] [ 3298164736 ] [ 0 50326 ] [ 0 0 150 196 ] [....]
  6905 - [ 46868e66 ][ 17223.199219 ] [ 1183223398 ] [ 36454 18054 ] [ 102 142 134 70 ] [f..F]
  6906 - [ 3f800000 ][ 1.000000 ] [ 1065353216 ] [ 0 16256 ] [ 0 0 128 63 ] [...?]
  6907 - [ 4694081a ][ 18948.050781 ] [ 1184106522 ] [ 2074 18068 ] [ 26 8 148 70 ] [...F]
  6908 - [ bb536bcd ][ -0.003226 ] [ 3142806477 ] [ 27597 47955 ] [ 205 107 83 187 ] [.kS.]
  6909 - [ 46868e66 ][ 17223.199219 ] [ 1183223398 ] [ 36454 18054 ] [ 102 142 134 70 ] [f..F]
  6910 - [ 3f800000 ][ 1.000000 ] [ 1065353216 ] [ 0 16256 ] [ 0 0 128 63 ] [...?]
  6911 - [ 4691509a ][ 18600.300781 ] [ 1183928474 ] [ 20634 18065 ] [ 154 80 145 70 ] [.P.F]
  6912 - [ bb536bcd ][ -0.003226 ] [ 3142806477 ] [ 27597 47955 ] [ 205 107 83 187 ] [.kS.]
  6913 - [ 468877e6 ][ 17467.949219 ] [ 1183348710 ] [ 30694 18056 ] [ 230 119 136 70 ] [.w.F]
  6914 - [ 3f800000 ][ 1.000000 ] [ 1065353216 ] [ 0 16256 ] [ 0 0 128 63 ] [...?]
  6915 - [ 4691509a ][ 18600.300781 ] [ 1183928474 ] [ 20634 18065 ] [ 154 80 145 70 ] [.P.F]
  6916 - [ c4960000 ][ -1200.000000 ] [ 3298164736 ] [ 0 50326 ] [ 0 0 150 196 ] [....]
  6917 - [ 468877e6 ][ 17467.949219 ] [ 1183348710 ] [ 30694 18056 ] [ 230 119 136 70 ] [.w.F]
  6918 - [ 3f800000 ][ 1.000000 ] [ 1065353216 ] [ 0 16256 ] [ 0 0 128 63 ] [...?]
  6919 - [ 00000101 ][ 0.000000 ] [ 257 ] [ 257 0 ] [ 1 1 0 0 ] [....]
  6920 - [ 00000004 ][ 0.000000 ] [ 4 ] [ 4 0 ] [ 4 0 0 0 ] [....]
  6921 - [ 00100000 ][ 0.000000 ] [ 1048576 ] [ 0 16 ] [ 0 0 16 0 ] [....]
  6922 - [ 00000000 ][ 0.000000 ] [ 0 ] [ 0 0 ] [ 0 0 0 0 ] [....]
  6923 - [ 46c34600 ][ 24995.000000 ] [ 1187202560 ] [ 17920 18115 ] [ 0 70 195 70 ] [.F.F]
  6924 - [ 4127eab3 ][ 10.494800 ] [ 1093135027 ] [ 60083 16679 ] [ 179 234 39 65 ] [..'A]
  6925 - [ 46b02f66 ][ 22551.699219 ] [ 1185951590 ] [ 12134 18096 ] [ 102 47 176 70 ] [f/.F]
  6926 - [ 3f800000 ][ 1.000000 ] [ 1065353216 ] [ 0 16256 ] [ 0 0 128 63 ] [...?]
  6927 - [ 46c34600 ][ 24995.000000 ] [ 1187202560 ] [ 17920 18115 ] [ 0 70 195 70 ] [.F.F]
  6928 - [ c4a07b33 ][ -1283.849976 ] [ 3298851635 ] [ 31539 50336 ] [ 51 123 160 196 ] [3{..]
  6929 - [ 46b02f66 ][ 22551.699219 ] [ 1185951590 ] [ 12134 18096 ] [ 102 47 176 70 ] [f/.F]
  6930 - [ 3f800000 ][ 1.000000 ] [ 1065353216 ] [ 0 16256 ] [ 0 0 128 63 ] [...?]
  6931 - [ 46c5d74d ][ 25323.650391 ] [ 1187370829 ] [ 55117 18117 ] [ 77 215 197 70 ] [M..F]
  6932 - [ c4a07b33 ][ -1283.849976 ] [ 3298851635 ] [ 31539 50336 ] [ 51 123 160 196 ] [3{..]
  6933 - [ 46a9f066 ][ 21752.199219 ] [ 1185542246 ] [ 61542 18089 ] [ 102 240 169 70 ] [f..F]
  6934 - [ 3f800000 ][ 1.000000 ] [ 1065353216 ] [ 0 16256 ] [ 0 0 128 63 ] [...?]
  6935 - [ 46c5d74d ][ 25323.650391 ] [ 1187370829 ] [ 55117 18117 ] [ 77 215 197 70 ] [M..F]
  6936 - [ 4127eab3 ][ 10.494800 ] [ 1093135027 ] [ 60083 16679 ] [ 179 234 39 65 ] [..'A]
  6937 - [ 46a9f066 ][ 21752.199219 ] [ 1185542246 ] [ 61542 18089 ] [ 102 240 169 70 ] [f..F]
  6938 - [ 3f800000 ][ 1.000000 ] [ 1065353216 ] [ 0 16256 ] [ 0 0 128 63 ] [...?]
  6939 - [ 00000000 ][ 0.000000 ] [ 0 ] [ 0 0 ] [ 0 0 0 0 ] [....]
  6940 - [ 00000000 ][ 0.000000 ] [ 0 ] [ 0 0 ] [ 0 0 0 0 ] [....]
  6941 - [ 00000000 ][ 0.000000 ] [ 0 ] [ 0 0 ] [ 0 0 0 0 ] [....]
  6942 - [ 00000000 ][ 0.000000 ] [ 0 ] [ 0 0 ] [ 0 0 0 0 ] [....]
  6943 - [ 00000000 ][ 0.000000 ] [ 0 ] [ 0 0 ] [ 0 0 0 0 ] [....]
  6944 - [ 00000000 ][ 0.000000 ] [ 0 ] [ 0 0 ] [ 0 0 0 0 ] [....]
  6945 - [ 00000000 ][ 0.000000 ] [ 0 ] [ 0 0 ] [ 0 0 0 0 ] [....]
  6946 - [ 00000000 ][ 0.000000 ] [ 0 ] [ 0 0 ] [ 0 0 0 0 ] [....]
  6947 - [ 00000000 ][ 0.000000 ] [ 0 ] [ 0 0 ] [ 0 0 0 0 ] [....]
  6948 - [ 00000000 ][ 0.000000 ] [ 0 ] [ 0 0 ] [ 0 0 0 0 ] [....]
  6949 - [ 00000000 ][ 0.000000 ] [ 0 ] [ 0 0 ] [ 0 0 0 0 ] [....]
  6950 - [ 00000000 ][ 0.000000 ] [ 0 ] [ 0 0 ] [ 0 0 0 0 ] [....]
  6951 - [ 00000000 ][ 0.000000 ] [ 0 ] [ 0 0 ] [ 0 0 0 0 ] [....]
  6952 - [ 00000000 ][ 0.000000 ] [ 0 ] [ 0 0 ] [ 0 0 0 0 ] [....]
  6953 - [ 00000000 ][ 0.000000 ] [ 0 ] [ 0 0 ] [ 0 0 0 0 ] [....]
  6954 - [ 00000000 ][ 0.000000 ] [ 0 ] [ 0 0 ] [ 0 0 0 0 ] [....]
  6955 - [ 00000000 ][ 0.000000 ] [ 0 ] [ 0 0 ] [ 0 0 0 0 ] [....]
  6956 - [ 00000000 ][ 0.000000 ] [ 0 ] [ 0 0 ] [ 0 0 0 0 ] [....]
  6957 - [ 00000000 ][ 0.000000 ] [ 0 ] [ 0 0 ] [ 0 0 0 0 ] [....]
  6958 - [ 00000000 ][ 0.000000 ] [ 0 ] [ 0 0 ] [ 0 0 0 0 ] [....]
  6959 - [ 00000101 ][ 0.000000 ] [ 257 ] [ 257 0 ] [ 1 1 0 0 ] [....]
  6960 - [ 00000004 ][ 0.000000 ] [ 4 ] [ 4 0 ] [ 4 0 0 0 ] [....]
  6961 - [ 00000800 ][ 0.000000 ] [ 2048 ] [ 2048 0 ] [ 0 8 0 0 ] [....]
  6962 - [ 00000000 ][ 0.000000 ] [ 0 ] [ 0 0 ] [ 0 0 0 0 ] [....]
  6963 - [ 46c30600 ][ 24963.000000 ] [ 1187186176 ] [ 1536 18115 ] [ 0 6 195 70 ] [...F]
  6964 - [ 43503e35 ][ 208.242996 ] [ 1129332277 ] [ 15925 17232 ] [ 53 62 80 67 ] [5>PC]
  6965 - [ 46b0629a ][ 22577.300781 ] [ 1185964698 ] [ 25242 18096 ] [ 154 98 176 70 ] [.b.F]
  6966 - [ 3f800000 ][ 1.000000 ] [ 1065353216 ] [ 0 16256 ] [ 0 0 128 63 ] [...?]
  6967 - [ 46c30600 ][ 24963.000000 ] [ 1187186176 ] [ 1536 18115 ] [ 0 6 195 70 ] [...F]
  6968 - [ c3fc9852 ][ -505.190002 ] [ 3288111186 ] [ 38994 50172 ] [ 82 152 252 195 ] [R...]
  6969 - [ 46b0629a ][ 22577.300781 ] [ 1185964698 ] [ 25242 18096 ] [ 154 98 176 70 ] [.b.F]
  6970 - [ 3f800000 ][ 1.000000 ] [ 1065353216 ] [ 0 16256 ] [ 0 0 128 63 ] [...?]
  6971 - [ 46c365b3 ][ 25010.849609 ] [ 1187210675 ] [ 26035 18115 ] [ 179 101 195 70 ] [.e.F]
  6972 - [ c3fc9852 ][ -505.190002 ] [ 3288111186 ] [ 38994 50172 ] [ 82 152 252 195 ] [R...]
  6973 - [ 46af8680 ][ 22467.250000 ] [ 1185908352 ] [ 34432 18095 ] [ 128 134 175 70 ] [...F]
  6974 - [ 3f800000 ][ 1.000000 ] [ 1065353216 ] [ 0 16256 ] [ 0 0 128 63 ] [...?]
  6975 - [ 46c365b3 ][ 25010.849609 ] [ 1187210675 ] [ 26035 18115 ] [ 179 101 195 70 ] [.e.F]
  6976 - [ 43503e35 ][ 208.242996 ] [ 1129332277 ] [ 15925 17232 ] [ 53 62 80 67 ] [5>PC]
  6977 - [ 46af8680 ][ 22467.250000 ] [ 1185908352 ] [ 34432 18095 ] [ 128 134 175 70 ] [...F]
  6978 - [ 3f800000 ][ 1.000000 ] [ 1065353216 ] [ 0 16256 ] [ 0 0 128 63 ] [...?]
  6979 - [ 00000101 ][ 0.000000 ] [ 257 ] [ 257 0 ] [ 1 1 0 0 ] [....]
  6980 - [ 00000004 ][ 0.000000 ] [ 4 ] [ 4 0 ] [ 4 0 0 0 ] [....]
  6981 - [ 00000800 ][ 0.000000 ] [ 2048 ] [ 2048 0 ] [ 0 8 0 0 ] [....]
  6982 - [ 00000000 ][ 0.000000 ] [ 0 ] [ 0 0 ] [ 0 0 0 0 ] [....]
  6983 - [ 46c365b3 ][ 25010.849609 ] [ 1187210675 ] [ 26035 18115 ] [ 179 101 195 70 ] [.e.F]
  6984 - [ c3fc9852 ][ -505.190002 ] [ 3288111186 ] [ 38994 50172 ] [ 82 152 252 195 ] [R...]
  6985 - [ 46af8680 ][ 22467.250000 ] [ 1185908352 ] [ 34432 18095 ] [ 128 134 175 70 ] [...F]
  6986 - [ 3f800000 ][ 1.000000 ] [ 1065353216 ] [ 0 16256 ] [ 0 0 128 63 ] [...?]
  6987 - [ 46c92b33 ][ 25749.599609 ] [ 1187588915 ] [ 11059 18121 ] [ 51 43 201 70 ] [3+.F]
  6988 - [ c47052e1 ][ -961.294983 ] [ 3295695585 ] [ 21217 50288 ] [ 225 82 112 196 ] [.Rp.]
  6989 - [ 46b23100 ][ 22808.500000 ] [ 1186083072 ] [ 12544 18098 ] [ 0 49 178 70 ] [.1.F]
  6990 - [ 3f800000 ][ 1.000000 ] [ 1065353216 ] [ 0 16256 ] [ 0 0 128 63 ] [...?]
  6991 - [ 46c92b33 ][ 25749.599609 ] [ 1187588915 ] [ 11059 18121 ] [ 51 43 201 70 ] [3+.F]
  6992 - [ c377dc4a ][ -247.860504 ] [ 3279412298 ] [ 56394 50039 ] [ 74 220 119 195 ] [J.w.]
  6993 - [ 46b23100 ][ 22808.500000 ] [ 1186083072 ] [ 12544 18098 ] [ 0 49 178 70 ] [.1.F]
  6994 - [ 3f800000 ][ 1.000000 ] [ 1065353216 ] [ 0 16256 ] [ 0 0 128 63 ] [...?]
  6995 - [ 46c365b3 ][ 25010.849609 ] [ 1187210675 ] [ 26035 18115 ] [ 179 101 195 70 ] [.e.F]
  6996 - [ 43503e35 ][ 208.242996 ] [ 1129332277 ] [ 15925 17232 ] [ 53 62 80 67 ] [5>PC]
  6997 - [ 46af8680 ][ 22467.250000 ] [ 1185908352 ] [ 34432 18095 ] [ 128 134 175 70 ] [...F]
  6998 - [ 3f800000 ][ 1.000000 ] [ 1065353216 ] [ 0 16256 ] [ 0 0 128 63 ] [...?]
  6999 - [ 00000101 ][ 0.000000 ] [ 257 ] [ 257 0 ] [ 1 1 0 0 ] [....]
  7000 - [ 00000004 ][ 0.000000 ] [ 4 ] [ 4 0 ] [ 4 0 0 0 ] [....]
  7001 - [ 00000800 ][ 0.000000 ] [ 2048 ] [ 2048 0 ] [ 0 8 0 0 ] [....]
  7002 - [ 00000000 ][ 0.000000 ] [ 0 ] [ 0 0 ] [ 0 0 0 0 ] [....]
  7003 - [ 46c8cb80 ][ 25701.750000 ] [ 1187564416 ] [ 52096 18120 ] [ 128 203 200 70 ] [...F]
  7004 - [ c47052e1 ][ -961.294983 ] [ 3295695585 ] [ 21217 50288 ] [ 225 82 112 196 ] [.Rp.]
  7005 - [ 46b30d1a ][ 22918.550781 ] [ 1186139418 ] [ 3354 18099 ] [ 26 13 179 70 ] [...F]
  7006 - [ 3f800000 ][ 1.000000 ] [ 1065353216 ] [ 0 16256 ] [ 0 0 128 63 ] [...?]
  7007 - [ 46cb56e6 ][ 26027.449219 ] [ 1187731174 ] [ 22246 18123 ] [ 230 86 203 70 ] [.V.F]
  7008 - [ c47052e1 ][ -961.294983 ] [ 3295695585 ] [ 21217 50288 ] [ 225 82 112 196 ] [.Rp.]
  7009 - [ 46b41d9a ][ 23054.800781 ] [ 1186209178 ] [ 7578 18100 ] [ 154 29 180 70 ] [...F]
  7010 - [ 3f800000 ][ 1.000000 ] [ 1065353216 ] [ 0 16256 ] [ 0 0 128 63 ] [...?]
  7011 - [ 46cbb69a ][ 26075.300781 ] [ 1187755674 ] [ 46746 18123 ] [ 154 182 203 70 ] [...F]
  7012 - [ c47052e1 ][ -961.294983 ] [ 3295695585 ] [ 21217 50288 ] [ 225 82 112 196 ] [.Rp.]
  7013 - [ 46b34180 ][ 22944.750000 ] [ 1186152832 ] [ 16768 18099 ] [ 128 65 179 70 ] [.A.F]
  7014 - [ 3f800000 ][ 1.000000 ] [ 1065353216 ] [ 0 16256 ] [ 0 0 128 63 ] [...?]
  7015 - [ 46c92b33 ][ 25749.599609 ] [ 1187588915 ] [ 11059 18121 ] [ 51 43 201 70 ] [3+.F]
  7016 - [ c47052e1 ][ -961.294983 ] [ 3295695585 ] [ 21217 50288 ] [ 225 82 112 196 ] [.Rp.]
  7017 - [ 46b23100 ][ 22808.500000 ] [ 1186083072 ] [ 12544 18098 ] [ 0 49 178 70 ] [.1.F]
  7018 - [ 3f800000 ][ 1.000000 ] [ 1065353216 ] [ 0 16256 ] [ 0 0 128 63 ] [...?]
  7019 - [ 00000101 ][ 0.000000 ] [ 257 ] [ 257 0 ] [ 1 1 0 0 ] [....]
  7020 - [ 00000004 ][ 0.000000 ] [ 4 ] [ 4 0 ] [ 4 0 0 0 ] [....]
  7021 - [ 00000800 ][ 0.000000 ] [ 2048 ] [ 2048 0 ] [ 0 8 0 0 ] [....]
  7022 - [ 00000000 ][ 0.000000 ] [ 0 ] [ 0 0 ] [ 0 0 0 0 ] [....]
  7023 - [ 46c30600 ][ 24963.000000 ] [ 1187186176 ] [ 1536 18115 ] [ 0 6 195 70 ] [...F]
  7024 - [ 43503e35 ][ 208.242996 ] [ 1129332277 ] [ 15925 17232 ] [ 53 62 80 67 ] [5>PC]
  7025 - [ 46b0629a ][ 22577.300781 ] [ 1185964698 ] [ 25242 18096 ] [ 154 98 176 70 ] [.b.F]
  7026 - [ 3f800000 ][ 1.000000 ] [ 1065353216 ] [ 0 16256 ] [ 0 0 128 63 ] [...?]
  7027 - [ 46c8cb80 ][ 25701.750000 ] [ 1187564416 ] [ 52096 18120 ] [ 128 203 200 70 ] [...F]
  7028 - [ c377dc4a ][ -247.860504 ] [ 3279412298 ] [ 56394 50039 ] [ 74 220 119 195 ] [J.w.]
  7029 - [ 46b30d1a ][ 22918.550781 ] [ 1186139418 ] [ 3354 18099 ] [ 26 13 179 70 ] [...F]
  7030 - [ 3f800000 ][ 1.000000 ] [ 1065353216 ] [ 0 16256 ] [ 0 0 128 63 ] [...?]
  7031 - [ 46c8cb80 ][ 25701.750000 ] [ 1187564416 ] [ 52096 18120 ] [ 128 203 200 70 ] [...F]
  7032 - [ c47052e1 ][ -961.294983 ] [ 3295695585 ] [ 21217 50288 ] [ 225 82 112 196 ] [.Rp.]
  7033 - [ 46b30d1a ][ 22918.550781 ] [ 1186139418 ] [ 3354 18099 ] [ 26 13 179 70 ] [...F]
  7034 - [ 3f800000 ][ 1.000000 ] [ 1065353216 ] [ 0 16256 ] [ 0 0 128 63 ] [...?]
  7035 - [ 46c30600 ][ 24963.000000 ] [ 1187186176 ] [ 1536 18115 ] [ 0 6 195 70 ] [...F]
  7036 - [ c3fc9852 ][ -505.190002 ] [ 3288111186 ] [ 38994 50172 ] [ 82 152 252 195 ] [R...]
  7037 - [ 46b0629a ][ 22577.300781 ] [ 1185964698 ] [ 25242 18096 ] [ 154 98 176 70 ] [.b.F]
  7038 - [ 3f800000 ][ 1.000000 ] [ 1065353216 ] [ 0 16256 ] [ 0 0 128 63 ] [...?]
  7039 - [ 00000101 ][ 0.000000 ] [ 257 ] [ 257 0 ] [ 1 1 0 0 ] [....]
  7040 - [ 00000004 ][ 0.000000 ] [ 4 ] [ 4 0 ] [ 4 0 0 0 ] [....]
  7041 - [ 00000800 ][ 0.000000 ] [ 2048 ] [ 2048 0 ] [ 0 8 0 0 ] [....]
  7042 - [ 00000000 ][ 0.000000 ] [ 0 ] [ 0 0 ] [ 0 0 0 0 ] [....]
  7043 - [ 46c92b33 ][ 25749.599609 ] [ 1187588915 ] [ 11059 18121 ] [ 51 43 201 70 ] [3+.F]
  7044 - [ c47052e1 ][ -961.294983 ] [ 3295695585 ] [ 21217 50288 ] [ 225 82 112 196 ] [.Rp.]
  7045 - [ 46b23100 ][ 22808.500000 ] [ 1186083072 ] [ 12544 18098 ] [ 0 49 178 70 ] [.1.F]
  7046 - [ 3f800000 ][ 1.000000 ] [ 1065353216 ] [ 0 16256 ] [ 0 0 128 63 ] [...?]
  7047 - [ 46cbb69a ][ 26075.300781 ] [ 1187755674 ] [ 46746 18123 ] [ 154 182 203 70 ] [...F]
  7048 - [ c47052e1 ][ -961.294983 ] [ 3295695585 ] [ 21217 50288 ] [ 225 82 112 196 ] [.Rp.]
  7049 - [ 46b34180 ][ 22944.750000 ] [ 1186152832 ] [ 16768 18099 ] [ 128 65 179 70 ] [.A.F]
  7050 - [ 3f800000 ][ 1.000000 ] [ 1065353216 ] [ 0 16256 ] [ 0 0 128 63 ] [...?]
  7051 - [ 46cbb69a ][ 26075.300781 ] [ 1187755674 ] [ 46746 18123 ] [ 154 182 203 70 ] [...F]
  7052 - [ c377dc4a ][ -247.860504 ] [ 3279412298 ] [ 56394 50039 ] [ 74 220 119 195 ] [J.w.]
  7053 - [ 46b34180 ][ 22944.750000 ] [ 1186152832 ] [ 16768 18099 ] [ 128 65 179 70 ] [.A.F]
  7054 - [ 3f800000 ][ 1.000000 ] [ 1065353216 ] [ 0 16256 ] [ 0 0 128 63 ] [...?]
  7055 - [ 46c92b33 ][ 25749.599609 ] [ 1187588915 ] [ 11059 18121 ] [ 51 43 201 70 ] [3+.F]
  7056 - [ c377dc4a ][ -247.860504 ] [ 3279412298 ] [ 56394 50039 ] [ 74 220 119 195 ] [J.w.]
  7057 - [ 46b23100 ][ 22808.500000 ] [ 1186083072 ] [ 12544 18098 ] [ 0 49 178 70 ] [.1.F]
  7058 - [ 3f800000 ][ 1.000000 ] [ 1065353216 ] [ 0 16256 ] [ 0 0 128 63 ] [...?]
  7059 - [ 00000101 ][ 0.000000 ] [ 257 ] [ 257 0 ] [ 1 1 0 0 ] [....]
  7060 - [ 00000004 ][ 0.000000 ] [ 4 ] [ 4 0 ] [ 4 0 0 0 ] [....]
  7061 - [ 00000800 ][ 0.000000 ] [ 2048 ] [ 2048 0 ] [ 0 8 0 0 ] [....]
  7062 - [ 00000000 ][ 0.000000 ] [ 0 ] [ 0 0 ] [ 0 0 0 0 ] [....]
  7063 - [ 46c30600 ][ 24963.000000 ] [ 1187186176 ] [ 1536 18115 ] [ 0 6 195 70 ] [...F]
  7064 - [ c3fc9852 ][ -505.190002 ] [ 3288111186 ] [ 38994 50172 ] [ 82 152 252 195 ] [R...]
  7065 - [ 46b0629a ][ 22577.300781 ] [ 1185964698 ] [ 25242 18096 ] [ 154 98 176 70 ] [.b.F]
  7066 - [ 3f800000 ][ 1.000000 ] [ 1065353216 ] [ 0 16256 ] [ 0 0 128 63 ] [...?]
  7067 - [ 46c8cb80 ][ 25701.750000 ] [ 1187564416 ] [ 52096 18120 ] [ 128 203 200 70 ] [...F]
  7068 - [ c47052e1 ][ -961.294983 ] [ 3295695585 ] [ 21217 50288 ] [ 225 82 112 196 ] [.Rp.]
  7069 - [ 46b30d1a ][ 22918.550781 ] [ 1186139418 ] [ 3354 18099 ] [ 26 13 179 70 ] [...F]
  7070 - [ 3f800000 ][ 1.000000 ] [ 1065353216 ] [ 0 16256 ] [ 0 0 128 63 ] [...?]
  7071 - [ 46c92b33 ][ 25749.599609 ] [ 1187588915 ] [ 11059 18121 ] [ 51 43 201 70 ] [3+.F]
  7072 - [ c47052e1 ][ -961.294983 ] [ 3295695585 ] [ 21217 50288 ] [ 225 82 112 196 ] [.Rp.]
  7073 - [ 46b23100 ][ 22808.500000 ] [ 1186083072 ] [ 12544 18098 ] [ 0 49 178 70 ] [.1.F]
  7074 - [ 3f800000 ][ 1.000000 ] [ 1065353216 ] [ 0 16256 ] [ 0 0 128 63 ] [...?]
  7075 - [ 46c365b3 ][ 25010.849609 ] [ 1187210675 ] [ 26035 18115 ] [ 179 101 195 70 ] [.e.F]
  7076 - [ c3fc9852 ][ -505.190002 ] [ 3288111186 ] [ 38994 50172 ] [ 82 152 252 195 ] [R...]
  7077 - [ 46af8680 ][ 22467.250000 ] [ 1185908352 ] [ 34432 18095 ] [ 128 134 175 70 ] [...F]
  7078 - [ 3f800000 ][ 1.000000 ] [ 1065353216 ] [ 0 16256 ] [ 0 0 128 63 ] [...?]
  7079 - [ 00000101 ][ 0.000000 ] [ 257 ] [ 257 0 ] [ 1 1 0 0 ] [....]
  7080 - [ 00000004 ][ 0.000000 ] [ 4 ] [ 4 0 ] [ 4 0 0 0 ] [....]
  7081 - [ 00000800 ][ 0.000000 ] [ 2048 ] [ 2048 0 ] [ 0 8 0 0 ] [....]
  7082 - [ 00000000 ][ 0.000000 ] [ 0 ] [ 0 0 ] [ 0 0 0 0 ] [....]
  7083 - [ 46c6591a ][ 25388.550781 ] [ 1187404058 ] [ 22810 18118 ] [ 26 89 198 70 ] [.Y.F]
  7084 - [ 43503e35 ][ 208.242996 ] [ 1129332277 ] [ 15925 17232 ] [ 53 62 80 67 ] [5>PC]
  7085 - [ 46a9b8e6 ][ 21724.449219 ] [ 1185528038 ] [ 47334 18089 ] [ 230 184 169 70 ] [...F]
  7086 - [ 3f800000 ][ 1.000000 ] [ 1065353216 ] [ 0 16256 ] [ 0 0 128 63 ] [...?]
  7087 - [ 46c6591a ][ 25388.550781 ] [ 1187404058 ] [ 22810 18118 ] [ 26 89 198 70 ] [.Y.F]
  7088 - [ c409fe14 ][ -551.969971 ] [ 3288989204 ] [ 65044 50185 ] [ 20 254 9 196 ] [....]
  7089 - [ 46a9b8e6 ][ 21724.449219 ] [ 1185528038 ] [ 47334 18089 ] [ 230 184 169 70 ] [...F]
  7090 - [ 3f800000 ][ 1.000000 ] [ 1065353216 ] [ 0 16256 ] [ 0 0 128 63 ] [...?]
  7091 - [ 46c6b8cd ][ 25436.400391 ] [ 1187428557 ] [ 47309 18118 ] [ 205 184 198 70 ] [...F]
  7092 - [ c409fe14 ][ -551.969971 ] [ 3288989204 ] [ 65044 50185 ] [ 20 254 9 196 ] [....]
  7093 - [ 46a8dccd ][ 21614.400391 ] [ 1185471693 ] [ 56525 18088 ] [ 205 220 168 70 ] [...F]
  7094 - [ 3f800000 ][ 1.000000 ] [ 1065353216 ] [ 0 16256 ] [ 0 0 128 63 ] [...?]
  7095 - [ 46c6b8cd ][ 25436.400391 ] [ 1187428557 ] [ 47309 18118 ] [ 205 184 198 70 ] [...F]
  7096 - [ 43503e35 ][ 208.242996 ] [ 1129332277 ] [ 15925 17232 ] [ 53 62 80 67 ] [5>PC]
  7097 - [ 46a8dccd ][ 21614.400391 ] [ 1185471693 ] [ 56525 18088 ] [ 205 220 168 70 ] [...F]
  7098 - [ 3f800000 ][ 1.000000 ] [ 1065353216 ] [ 0 16256 ] [ 0 0 128 63 ] [...?]
  7099 - [ 00000101 ][ 0.000000 ] [ 257 ] [ 257 0 ] [ 1 1 0 0 ] [....]
  7100 - [ 00000004 ][ 0.000000 ] [ 4 ] [ 4 0 ] [ 4 0 0 0 ] [....]
  7101 - [ 00000800 ][ 0.000000 ] [ 2048 ] [ 2048 0 ] [ 0 8 0 0 ] [....]
  7102 - [ 00000000 ][ 0.000000 ] [ 0 ] [ 0 0 ] [ 0 0 0 0 ] [....]
  7103 - [ 46c6b8cd ][ 25436.400391 ] [ 1187428557 ] [ 47309 18118 ] [ 205 184 198 70 ] [...F]
  7104 - [ 43503e35 ][ 208.242996 ] [ 1129332277 ] [ 15925 17232 ] [ 53 62 80 67 ] [5>PC]
  7105 - [ 46a8dccd ][ 21614.400391 ] [ 1185471693 ] [ 56525 18088 ] [ 205 220 168 70 ] [...F]
  7106 - [ 3f800000 ][ 1.000000 ] [ 1065353216 ] [ 0 16256 ] [ 0 0 128 63 ] [...?]
  7107 - [ 46c6b8cd ][ 25436.400391 ] [ 1187428557 ] [ 47309 18118 ] [ 205 184 198 70 ] [...F]
  7108 - [ c409fe14 ][ -551.969971 ] [ 3288989204 ] [ 65044 50185 ] [ 20 254 9 196 ] [....]
  7109 - [ 46a8dccd ][ 21614.400391 ] [ 1185471693 ] [ 56525 18088 ] [ 205 220 168 70 ] [...F]
  7110 - [ 3f800000 ][ 1.000000 ] [ 1065353216 ] [ 0 16256 ] [ 0 0 128 63 ] [...?]
  7111 - [ 46c794e6 ][ 25546.449219 ] [ 1187484902 ] [ 38118 18119 ] [ 230 148 199 70 ] [...F]
  7112 - [ c409fe14 ][ -551.969971 ] [ 3288989204 ] [ 65044 50185 ] [ 20 254 9 196 ] [....]
  7113 - [ 46a93c80 ][ 21662.250000 ] [ 1185496192 ] [ 15488 18089 ] [ 128 60 169 70 ] [.<.F]
  7114 - [ 3f800000 ][ 1.000000 ] [ 1065353216 ] [ 0 16256 ] [ 0 0 128 63 ] [...?]
  7115 - [ 46c794e6 ][ 25546.449219 ] [ 1187484902 ] [ 38118 18119 ] [ 230 148 199 70 ] [...F]
  7116 - [ 43503e35 ][ 208.242996 ] [ 1129332277 ] [ 15925 17232 ] [ 53 62 80 67 ] [5>PC]
  7117 - [ 46a93c80 ][ 21662.250000 ] [ 1185496192 ] [ 15488 18089 ] [ 128 60 169 70 ] [.<.F]
  7118 - [ 3f800000 ][ 1.000000 ] [ 1065353216 ] [ 0 16256 ] [ 0 0 128 63 ] [...?]
  7119 - [ 00000101 ][ 0.000000 ] [ 257 ] [ 257 0 ] [ 1 1 0 0 ] [....]
  7120 - [ 00000004 ][ 0.000000 ] [ 4 ] [ 4 0 ] [ 4 0 0 0 ] [....]
  7121 - [ 00000800 ][ 0.000000 ] [ 2048 ] [ 2048 0 ] [ 0 8 0 0 ] [....]
  7122 - [ 00000000 ][ 0.000000 ] [ 0 ] [ 0 0 ] [ 0 0 0 0 ] [....]
  7123 - [ 46c7354d ][ 25498.650391 ] [ 1187460429 ] [ 13645 18119 ] [ 77 53 199 70 ] [M5.F]
  7124 - [ c409fe14 ][ -551.969971 ] [ 3288989204 ] [ 65044 50185 ] [ 20 254 9 196 ] [....]
  7125 - [ 46aa189a ][ 21772.300781 ] [ 1185552538 ] [ 6298 18090 ] [ 154 24 170 70 ] [...F]
  7126 - [ 3f800000 ][ 1.000000 ] [ 1065353216 ] [ 0 16256 ] [ 0 0 128 63 ] [...?]
  7127 - [ 46ce8566 ][ 26434.699219 ] [ 1187939686 ] [ 34150 18126 ] [ 102 133 206 70 ] [f..F]
  7128 - [ c3199106 ][ -153.566498 ] [ 3273232646 ] [ 37126 49945 ] [ 6 145 25 195 ] [....]
  7129 - [ 46ad2100 ][ 22160.500000 ] [ 1185751296 ] [ 8448 18093 ] [ 0 33 173 70 ] [.!.F]
  7130 - [ 3f800000 ][ 1.000000 ] [ 1065353216 ] [ 0 16256 ] [ 0 0 128 63 ] [...?]
  7131 - [ 46cee500 ][ 26482.500000 ] [ 1187964160 ] [ 58624 18126 ] [ 0 229 206 70 ] [...F]
  7132 - [ c3199106 ][ -153.566498 ] [ 3273232646 ] [ 37126 49945 ] [ 6 145 25 195 ] [....]
  7133 - [ 46ac44e6 ][ 22050.449219 ] [ 1185694950 ] [ 17638 18092 ] [ 230 68 172 70 ] [.D.F]
  7134 - [ 3f800000 ][ 1.000000 ] [ 1065353216 ] [ 0 16256 ] [ 0 0 128 63 ] [...?]
  7135 - [ 46c794e6 ][ 25546.449219 ] [ 1187484902 ] [ 38118 18119 ] [ 230 148 199 70 ] [...F]
  7136 - [ c409fe14 ][ -551.969971 ] [ 3288989204 ] [ 65044 50185 ] [ 20 254 9 196 ] [....]
  7137 - [ 46a93c80 ][ 21662.250000 ] [ 1185496192 ] [ 15488 18089 ] [ 128 60 169 70 ] [.<.F]
  7138 - [ 3f800000 ][ 1.000000 ] [ 1065353216 ] [ 0 16256 ] [ 0 0 128 63 ] [...?]
  7139 - [ 00000101 ][ 0.000000 ] [ 257 ] [ 257 0 ] [ 1 1 0 0 ] [....]
  7140 - [ 00000004 ][ 0.000000 ] [ 4 ] [ 4 0 ] [ 4 0 0 0 ] [....]
  7141 - [ 00000800 ][ 0.000000 ] [ 2048 ] [ 2048 0 ] [ 0 8 0 0 ] [....]
  7142 - [ 00000000 ][ 0.000000 ] [ 0 ] [ 0 0 ] [ 0 0 0 0 ] [....]
  7143 - [ 46c6591a ][ 25388.550781 ] [ 1187404058 ] [ 22810 18118 ] [ 26 89 198 70 ] [.Y.F]
  7144 - [ c409fe14 ][ -551.969971 ] [ 3288989204 ] [ 65044 50185 ] [ 20 254 9 196 ] [....]
  7145 - [ 46a9b8e6 ][ 21724.449219 ] [ 1185528038 ] [ 47334 18089 ] [ 230 184 169 70 ] [...F]
  7146 - [ 3f800000 ][ 1.000000 ] [ 1065353216 ] [ 0 16256 ] [ 0 0 128 63 ] [...?]
  7147 - [ 46c7354d ][ 25498.650391 ] [ 1187460429 ] [ 13645 18119 ] [ 77 53 199 70 ] [M5.F]
  7148 - [ c409fe14 ][ -551.969971 ] [ 3288989204 ] [ 65044 50185 ] [ 20 254 9 196 ] [....]
  7149 - [ 46aa189a ][ 21772.300781 ] [ 1185552538 ] [ 6298 18090 ] [ 154 24 170 70 ] [...F]
  7150 - [ 3f800000 ][ 1.000000 ] [ 1065353216 ] [ 0 16256 ] [ 0 0 128 63 ] [...?]
  7151 - [ 46c794e6 ][ 25546.449219 ] [ 1187484902 ] [ 38118 18119 ] [ 230 148 199 70 ] [...F]
  7152 - [ c409fe14 ][ -551.969971 ] [ 3288989204 ] [ 65044 50185 ] [ 20 254 9 196 ] [....]
  7153 - [ 46a93c80 ][ 21662.250000 ] [ 1185496192 ] [ 15488 18089 ] [ 128 60 169 70 ] [.<.F]
  7154 - [ 3f800000 ][ 1.000000 ] [ 1065353216 ] [ 0 16256 ] [ 0 0 128 63 ] [...?]
  7155 - [ 46c6b8cd ][ 25436.400391 ] [ 1187428557 ] [ 47309 18118 ] [ 205 184 198 70 ] [...F]
  7156 - [ c409fe14 ][ -551.969971 ] [ 3288989204 ] [ 65044 50185 ] [ 20 254 9 196 ] [....]
  7157 - [ 46a8dccd ][ 21614.400391 ] [ 1185471693 ] [ 56525 18088 ] [ 205 220 168 70 ] [...F]
  7158 - [ 3f800000 ][ 1.000000 ] [ 1065353216 ] [ 0 16256 ] [ 0 0 128 63 ] [...?]
  7159 - [ 00000101 ][ 0.000000 ] [ 257 ] [ 257 0 ] [ 1 1 0 0 ] [....]
  7160 - [ 00000004 ][ 0.000000 ] [ 4 ] [ 4 0 ] [ 4 0 0 0 ] [....]
  7161 - [ 00000800 ][ 0.000000 ] [ 2048 ] [ 2048 0 ] [ 0 8 0 0 ] [....]
  7162 - [ 00000000 ][ 0.000000 ] [ 0 ] [ 0 0 ] [ 0 0 0 0 ] [....]
  7163 - [ 46c794e6 ][ 25546.449219 ] [ 1187484902 ] [ 38118 18119 ] [ 230 148 199 70 ] [...F]
  7164 - [ c409fe14 ][ -551.969971 ] [ 3288989204 ] [ 65044 50185 ] [ 20 254 9 196 ] [....]
  7165 - [ 46a93c80 ][ 21662.250000 ] [ 1185496192 ] [ 15488 18089 ] [ 128 60 169 70 ] [.<.F]
  7166 - [ 3f800000 ][ 1.000000 ] [ 1065353216 ] [ 0 16256 ] [ 0 0 128 63 ] [...?]
  7167 - [ 46cee500 ][ 26482.500000 ] [ 1187964160 ] [ 58624 18126 ] [ 0 229 206 70 ] [...F]
  7168 - [ c3199106 ][ -153.566498 ] [ 3273232646 ] [ 37126 49945 ] [ 6 145 25 195 ] [....]
  7169 - [ 46ac44e6 ][ 22050.449219 ] [ 1185694950 ] [ 17638 18092 ] [ 230 68 172 70 ] [.D.F]
  7170 - [ 3f800000 ][ 1.000000 ] [ 1065353216 ] [ 0 16256 ] [ 0 0 128 63 ] [...?]
  7171 - [ 46cee500 ][ 26482.500000 ] [ 1187964160 ] [ 58624 18126 ] [ 0 229 206 70 ] [...F]
  7172 - [ 4417a948 ][ 606.645020 ] [ 1142401352 ] [ 43336 17431 ] [ 72 169 23 68 ] [H..D]
  7173 - [ 46ac44e6 ][ 22050.449219 ] [ 1185694950 ] [ 17638 18092 ] [ 230 68 172 70 ] [.D.F]
  7174 - [ 3f800000 ][ 1.000000 ] [ 1065353216 ] [ 0 16256 ] [ 0 0 128 63 ] [...?]
  7175 - [ 46c794e6 ][ 25546.449219 ] [ 1187484902 ] [ 38118 18119 ] [ 230 148 199 70 ] [...F]
  7176 - [ 43503e35 ][ 208.242996 ] [ 1129332277 ] [ 15925 17232 ] [ 53 62 80 67 ] [5>PC]
  7177 - [ 46a93c80 ][ 21662.250000 ] [ 1185496192 ] [ 15488 18089 ] [ 128 60 169 70 ] [.<.F]
  7178 - [ 3f800000 ][ 1.000000 ] [ 1065353216 ] [ 0 16256 ] [ 0 0 128 63 ] [...?]
  7179 - [ 00000101 ][ 0.000000 ] [ 257 ] [ 257 0 ] [ 1 1 0 0 ] [....]
  7180 - [ 00000004 ][ 0.000000 ] [ 4 ] [ 4 0 ] [ 4 0 0 0 ] [....]
  7181 - [ 00000001 ][ 0.000000 ] [ 1 ] [ 1 0 ] [ 1 0 0 0 ] [....]
  7182 - [ 00000000 ][ 0.000000 ] [ 0 ] [ 0 0 ] [ 0 0 0 0 ] [....]
  7183 - [ 4682521a ][ 16681.050781 ] [ 1182945818 ] [ 21018 18050 ] [ 26 82 130 70 ] [.R.F]
  7184 - [ 43fe4ae1 ][ 508.584991 ] [ 1140738785 ] [ 19169 17406 ] [ 225 74 254 67 ] [.J.C]
  7185 - [ 46849fb3 ][ 16975.849609 ] [ 1183096755 ] [ 40883 18052 ] [ 179 159 132 70 ] [...F]
  7186 - [ 3f800000 ][ 1.000000 ] [ 1065353216 ] [ 0 16256 ] [ 0 0 128 63 ] [...?]
  7187 - [ 4682521a ][ 16681.050781 ] [ 1182945818 ] [ 21018 18050 ] [ 26 82 130 70 ] [.R.F]
  7188 - [ c42480a4 ][ -658.010010 ] [ 3290726564 ] [ 32932 50212 ] [ 164 128 36 196 ] [..$.]
  7189 - [ 46849fb3 ][ 16975.849609 ] [ 1183096755 ] [ 40883 18052 ] [ 179 159 132 70 ] [...F]
  7190 - [ 3f800000 ][ 1.000000 ] [ 1065353216 ] [ 0 16256 ] [ 0 0 128 63 ] [...?]
  7191 - [ 466c8acd ][ 15138.700195 ] [ 1181518541 ] [ 35533 18028 ] [ 205 138 108 70 ] [..lF]
  7192 - [ c42480a4 ][ -658.010010 ] [ 3290726564 ] [ 32932 50212 ] [ 164 128 36 196 ] [..$.]
  7193 - [ 467248cd ][ 15506.200195 ] [ 1181894861 ] [ 18637 18034 ] [ 205 72 114 70 ] [.HrF]
  7194 - [ 3f800000 ][ 1.000000 ] [ 1065353216 ] [ 0 16256 ] [ 0 0 128 63 ] [...?]
  7195 - [ 466c8acd ][ 15138.700195 ] [ 1181518541 ] [ 35533 18028 ] [ 205 138 108 70 ] [..lF]
  7196 - [ 43fe4ae1 ][ 508.584991 ] [ 1140738785 ] [ 19169 17406 ] [ 225 74 254 67 ] [.J.C]
  7197 - [ 467248cd ][ 15506.200195 ] [ 1181894861 ] [ 18637 18034 ] [ 205 72 114 70 ] [.HrF]
  7198 - [ 3f800000 ][ 1.000000 ] [ 1065353216 ] [ 0 16256 ] [ 0 0 128 63 ] [...?]
  7199 - [ 00000101 ][ 0.000000 ] [ 257 ] [ 257 0 ] [ 1 1 0 0 ] [....]
  7200 - [ 00000004 ][ 0.000000 ] [ 4 ] [ 4 0 ] [ 4 0 0 0 ] [....]
  7201 - [ 00000001 ][ 0.000000 ] [ 1 ] [ 1 0 ] [ 1 0 0 0 ] [....]
  7202 - [ 00000000 ][ 0.000000 ] [ 0 ] [ 0 0 ] [ 0 0 0 0 ] [....]
  7203 - [ 468782e6 ][ 17345.449219 ] [ 1183285990 ] [ 33510 18055 ] [ 230 130 135 70 ] [...F]
  7204 - [ c42480a4 ][ -658.010010 ] [ 3290726564 ] [ 32932 50212 ] [ 164 128 36 196 ] [..$.]
  7205 - [ 46805a66 ][ 16429.199219 ] [ 1182816870 ] [ 23142 18048 ] [ 102 90 128 70 ] [fZ.F]
  7206 - [ 3f800000 ][ 1.000000 ] [ 1065353216 ] [ 0 16256 ] [ 0 0 128 63 ] [...?]
  7207 - [ 468782e6 ][ 17345.449219 ] [ 1183285990 ] [ 33510 18055 ] [ 230 130 135 70 ] [...F]
  7208 - [ 43fe4ae1 ][ 508.584991 ] [ 1140738785 ] [ 19169 17406 ] [ 225 74 254 67 ] [.J.C]
  7209 - [ 46805a66 ][ 16429.199219 ] [ 1182816870 ] [ 23142 18048 ] [ 102 90 128 70 ] [fZ.F]
  7210 - [ 3f800000 ][ 1.000000 ] [ 1065353216 ] [ 0 16256 ] [ 0 0 128 63 ] [...?]
  7211 - [ 4681bb4d ][ 16605.650391 ] [ 1182907213 ] [ 47949 18049 ] [ 77 187 129 70 ] [M..F]
  7212 - [ 43fe4ae1 ][ 508.584991 ] [ 1140738785 ] [ 19169 17406 ] [ 225 74 254 67 ] [.J.C]
  7213 - [ 46704a33 ][ 15378.549805 ] [ 1181764147 ] [ 18995 18032 ] [ 51 74 112 70 ] [3JpF]
  7214 - [ 3f800000 ][ 1.000000 ] [ 1065353216 ] [ 0 16256 ] [ 0 0 128 63 ] [...?]
  7215 - [ 4681bb4d ][ 16605.650391 ] [ 1182907213 ] [ 47949 18049 ] [ 77 187 129 70 ] [M..F]
  7216 - [ c42480a4 ][ -658.010010 ] [ 3290726564 ] [ 32932 50212 ] [ 164 128 36 196 ] [..$.]
  7217 - [ 46704a33 ][ 15378.549805 ] [ 1181764147 ] [ 18995 18032 ] [ 51 74 112 70 ] [3JpF]
  7218 - [ 3f800000 ][ 1.000000 ] [ 1065353216 ] [ 0 16256 ] [ 0 0 128 63 ] [...?]
  7219 - [ 00000101 ][ 0.000000 ] [ 257 ] [ 257 0 ] [ 1 1 0 0 ] [....]
  7220 - [ 00000004 ][ 0.000000 ] [ 4 ] [ 4 0 ] [ 4 0 0 0 ] [....]
  7221 - [ 00000001 ][ 0.000000 ] [ 1 ] [ 1 0 ] [ 1 0 0 0 ] [....]
  7222 - [ 00000000 ][ 0.000000 ] [ 0 ] [ 0 0 ] [ 0 0 0 0 ] [....]
  7223 - [ 4682521a ][ 16681.050781 ] [ 1182945818 ] [ 21018 18050 ] [ 26 82 130 70 ] [.R.F]
  7224 - [ c42480a4 ][ -658.010010 ] [ 3290726564 ] [ 32932 50212 ] [ 164 128 36 196 ] [..$.]
  7225 - [ 46849fb3 ][ 16975.849609 ] [ 1183096755 ] [ 40883 18052 ] [ 179 159 132 70 ] [...F]
  7226 - [ 3f800000 ][ 1.000000 ] [ 1065353216 ] [ 0 16256 ] [ 0 0 128 63 ] [...?]
  7227 - [ 46828280 ][ 16705.250000 ] [ 1182958208 ] [ 33408 18050 ] [ 128 130 130 70 ] [...F]
  7228 - [ c42480a4 ][ -658.010010 ] [ 3290726564 ] [ 32932 50212 ] [ 164 128 36 196 ] [..$.]
  7229 - [ 46831c1a ][ 16782.050781 ] [ 1182997530 ] [ 7194 18051 ] [ 26 28 131 70 ] [...F]
  7230 - [ 3f800000 ][ 1.000000 ] [ 1065353216 ] [ 0 16256 ] [ 0 0 128 63 ] [...?]
  7231 - [ 466eafcd ][ 15275.950195 ] [ 1181659085 ] [ 45005 18030 ] [ 205 175 110 70 ] [..nF]
  7232 - [ c42480a4 ][ -658.010010 ] [ 3290726564 ] [ 32932 50212 ] [ 164 128 36 196 ] [..$.]
  7233 - [ 46707466 ][ 15389.099609 ] [ 1181774950 ] [ 29798 18032 ] [ 102 116 112 70 ] [ftpF]
  7234 - [ 3f800000 ][ 1.000000 ] [ 1065353216 ] [ 0 16256 ] [ 0 0 128 63 ] [...?]
  7235 - [ 466c8acd ][ 15138.700195 ] [ 1181518541 ] [ 35533 18028 ] [ 205 138 108 70 ] [..lF]
  7236 - [ c42480a4 ][ -658.010010 ] [ 3290726564 ] [ 32932 50212 ] [ 164 128 36 196 ] [..$.]
  7237 - [ 467248cd ][ 15506.200195 ] [ 1181894861 ] [ 18637 18034 ] [ 205 72 114 70 ] [.HrF]
  7238 - [ 3f800000 ][ 1.000000 ] [ 1065353216 ] [ 0 16256 ] [ 0 0 128 63 ] [...?]
  7239 - [ 00000101 ][ 0.000000 ] [ 257 ] [ 257 0 ] [ 1 1 0 0 ] [....]
  7240 - [ 00000004 ][ 0.000000 ] [ 4 ] [ 4 0 ] [ 4 0 0 0 ] [....]
  7241 - [ 00000001 ][ 0.000000 ] [ 1 ] [ 1 0 ] [ 1 0 0 0 ] [....]
  7242 - [ 00000000 ][ 0.000000 ] [ 0 ] [ 0 0 ] [ 0 0 0 0 ] [....]
  7243 - [ 468782e6 ][ 17345.449219 ] [ 1183285990 ] [ 33510 18055 ] [ 230 130 135 70 ] [...F]
  7244 - [ 43fe4ae1 ][ 508.584991 ] [ 1140738785 ] [ 19169 17406 ] [ 225 74 254 67 ] [.J.C]
  7245 - [ 46805a66 ][ 16429.199219 ] [ 1182816870 ] [ 23142 18048 ] [ 102 90 128 70 ] [fZ.F]
  7246 - [ 3f800000 ][ 1.000000 ] [ 1065353216 ] [ 0 16256 ] [ 0 0 128 63 ] [...?]
  7247 - [ 468782e6 ][ 17345.449219 ] [ 1183285990 ] [ 33510 18055 ] [ 230 130 135 70 ] [...F]
  7248 - [ c42480a4 ][ -658.010010 ] [ 3290726564 ] [ 32932 50212 ] [ 164 128 36 196 ] [..$.]
  7249 - [ 46805a66 ][ 16429.199219 ] [ 1182816870 ] [ 23142 18048 ] [ 102 90 128 70 ] [fZ.F]
  7250 - [ 3f800000 ][ 1.000000 ] [ 1065353216 ] [ 0 16256 ] [ 0 0 128 63 ] [...?]
  7251 - [ 4682521a ][ 16681.050781 ] [ 1182945818 ] [ 21018 18050 ] [ 26 82 130 70 ] [.R.F]
  7252 - [ c42480a4 ][ -658.010010 ] [ 3290726564 ] [ 32932 50212 ] [ 164 128 36 196 ] [..$.]
  7253 - [ 46849fb3 ][ 16975.849609 ] [ 1183096755 ] [ 40883 18052 ] [ 179 159 132 70 ] [...F]
  7254 - [ 3f800000 ][ 1.000000 ] [ 1065353216 ] [ 0 16256 ] [ 0 0 128 63 ] [...?]
  7255 - [ 4682521a ][ 16681.050781 ] [ 1182945818 ] [ 21018 18050 ] [ 26 82 130 70 ] [.R.F]
  7256 - [ 43fe4ae1 ][ 508.584991 ] [ 1140738785 ] [ 19169 17406 ] [ 225 74 254 67 ] [.J.C]
  7257 - [ 46849fb3 ][ 16975.849609 ] [ 1183096755 ] [ 40883 18052 ] [ 179 159 132 70 ] [...F]
  7258 - [ 3f800000 ][ 1.000000 ] [ 1065353216 ] [ 0 16256 ] [ 0 0 128 63 ] [...?]
  7259 - [ 00000101 ][ 0.000000 ] [ 257 ] [ 257 0 ] [ 1 1 0 0 ] [....]
  7260 - [ 00000004 ][ 0.000000 ] [ 4 ] [ 4 0 ] [ 4 0 0 0 ] [....]
  7261 - [ 00000001 ][ 0.000000 ] [ 1 ] [ 1 0 ] [ 1 0 0 0 ] [....]
  7262 - [ 00000000 ][ 0.000000 ] [ 0 ] [ 0 0 ] [ 0 0 0 0 ] [....]
  7263 - [ 4685facd ][ 17149.400391 ] [ 1183185613 ] [ 64205 18053 ] [ 205 250 133 70 ] [...F]
  7264 - [ c42480a4 ][ -658.010010 ] [ 3290726564 ] [ 32932 50212 ] [ 164 128 36 196 ] [..$.]
  7265 - [ 467ff966 ][ 16382.349609 ] [ 1182792038 ] [ 63846 18047 ] [ 102 249 127 70 ] [f..F]
  7266 - [ 3f800000 ][ 1.000000 ] [ 1065353216 ] [ 0 16256 ] [ 0 0 128 63 ] [...?]
  7267 - [ 468782e6 ][ 17345.449219 ] [ 1183285990 ] [ 33510 18055 ] [ 230 130 135 70 ] [...F]
  7268 - [ c42480a4 ][ -658.010010 ] [ 3290726564 ] [ 32932 50212 ] [ 164 128 36 196 ] [..$.]
  7269 - [ 46805a66 ][ 16429.199219 ] [ 1182816870 ] [ 23142 18048 ] [ 102 90 128 70 ] [fZ.F]
  7270 - [ 3f800000 ][ 1.000000 ] [ 1065353216 ] [ 0 16256 ] [ 0 0 128 63 ] [...?]
  7271 - [ 4681bb4d ][ 16605.650391 ] [ 1182907213 ] [ 47949 18049 ] [ 77 187 129 70 ] [M..F]
  7272 - [ c42480a4 ][ -658.010010 ] [ 3290726564 ] [ 32932 50212 ] [ 164 128 36 196 ] [..$.]
  7273 - [ 46704a33 ][ 15378.549805 ] [ 1181764147 ] [ 18995 18032 ] [ 51 74 112 70 ] [3JpF]
  7274 - [ 3f800000 ][ 1.000000 ] [ 1065353216 ] [ 0 16256 ] [ 0 0 128 63 ] [...?]
  7275 - [ 4680d4b3 ][ 16490.349609 ] [ 1182848179 ] [ 54451 18048 ] [ 179 212 128 70 ] [...F]
  7276 - [ c42480a4 ][ -658.010010 ] [ 3290726564 ] [ 32932 50212 ] [ 164 128 36 196 ] [..$.]
  7277 - [ 46716000 ][ 15448.000000 ] [ 1181835264 ] [ 24576 18033 ] [ 0 96 113 70 ] [.`qF]
  7278 - [ 3f800000 ][ 1.000000 ] [ 1065353216 ] [ 0 16256 ] [ 0 0 128 63 ] [...?]
  7279 - [ 00000101 ][ 0.000000 ] [ 257 ] [ 257 0 ] [ 1 1 0 0 ] [....]
  7280 - [ 00000004 ][ 0.000000 ] [ 4 ] [ 4 0 ] [ 4 0 0 0 ] [....]
  7281 - [ 00000001 ][ 0.000000 ] [ 1 ] [ 1 0 ] [ 1 0 0 0 ] [....]
  7282 - [ 00000000 ][ 0.000000 ] [ 0 ] [ 0 0 ] [ 0 0 0 0 ] [....]
  7283 - [ 4685facd ][ 17149.400391 ] [ 1183185613 ] [ 64205 18053 ] [ 205 250 133 70 ] [...F]
  7284 - [ c42480a4 ][ -658.010010 ] [ 3290726564 ] [ 32932 50212 ] [ 164 128 36 196 ] [..$.]
  7285 - [ 467ff966 ][ 16382.349609 ] [ 1182792038 ] [ 63846 18047 ] [ 102 249 127 70 ] [f..F]
  7286 - [ 3f800000 ][ 1.000000 ] [ 1065353216 ] [ 0 16256 ] [ 0 0 128 63 ] [...?]
  7287 - [ 46828280 ][ 16705.250000 ] [ 1182958208 ] [ 33408 18050 ] [ 128 130 130 70 ] [...F]
  7288 - [ c42480a4 ][ -658.010010 ] [ 3290726564 ] [ 32932 50212 ] [ 164 128 36 196 ] [..$.]
  7289 - [ 46831c1a ][ 16782.050781 ] [ 1182997530 ] [ 7194 18051 ] [ 26 28 131 70 ] [...F]
  7290 - [ 3f800000 ][ 1.000000 ] [ 1065353216 ] [ 0 16256 ] [ 0 0 128 63 ] [...?]
  7291 - [ 4682521a ][ 16681.050781 ] [ 1182945818 ] [ 21018 18050 ] [ 26 82 130 70 ] [.R.F]
  7292 - [ c42480a4 ][ -658.010010 ] [ 3290726564 ] [ 32932 50212 ] [ 164 128 36 196 ] [..$.]
  7293 - [ 46849fb3 ][ 16975.849609 ] [ 1183096755 ] [ 40883 18052 ] [ 179 159 132 70 ] [...F]
  7294 - [ 3f800000 ][ 1.000000 ] [ 1065353216 ] [ 0 16256 ] [ 0 0 128 63 ] [...?]
  7295 - [ 468782e6 ][ 17345.449219 ] [ 1183285990 ] [ 33510 18055 ] [ 230 130 135 70 ] [...F]
  7296 - [ c42480a4 ][ -658.010010 ] [ 3290726564 ] [ 32932 50212 ] [ 164 128 36 196 ] [..$.]
  7297 - [ 46805a66 ][ 16429.199219 ] [ 1182816870 ] [ 23142 18048 ] [ 102 90 128 70 ] [fZ.F]
  7298 - [ 3f800000 ][ 1.000000 ] [ 1065353216 ] [ 0 16256 ] [ 0 0 128 63 ] [...?]
  7299 - [ 00000101 ][ 0.000000 ] [ 257 ] [ 257 0 ] [ 1 1 0 0 ] [....]
  7300 - [ 00000004 ][ 0.000000 ] [ 4 ] [ 4 0 ] [ 4 0 0 0 ] [....]
  7301 - [ 00000800 ][ 0.000000 ] [ 2048 ] [ 2048 0 ] [ 0 8 0 0 ] [....]
  7302 - [ 00000000 ][ 0.000000 ] [ 0 ] [ 0 0 ] [ 0 0 0 0 ] [....]
  7303 - [ 46c7fab3 ][ 25597.349609 ] [ 1187510963 ] [ 64179 18119 ] [ 179 250 199 70 ] [...F]
  7304 - [ 444f1ccd ][ 828.450012 ] [ 1146035405 ] [ 7373 17487 ] [ 205 28 79 68 ] [..OD]
  7305 - [ 469e4c33 ][ 20262.099609 ] [ 1184779315 ] [ 19507 18078 ] [ 51 76 158 70 ] [3L.F]
  7306 - [ 3f800000 ][ 1.000000 ] [ 1065353216 ] [ 0 16256 ] [ 0 0 128 63 ] [...?]
  7307 - [ 46c8c666 ][ 25699.199219 ] [ 1187563110 ] [ 50790 18120 ] [ 102 198 200 70 ] [f..F]
  7308 - [ 444f1ccd ][ 828.450012 ] [ 1146035405 ] [ 7373 17487 ] [ 205 28 79 68 ] [..OD]
  7309 - [ 46a3659a ][ 20914.800781 ] [ 1185113498 ] [ 26010 18083 ] [ 154 101 163 70 ] [.e.F]
  7310 - [ 3f800000 ][ 1.000000 ] [ 1065353216 ] [ 0 16256 ] [ 0 0 128 63 ] [...?]
  7311 - [ 46c8c666 ][ 25699.199219 ] [ 1187563110 ] [ 50790 18120 ] [ 102 198 200 70 ] [f..F]
  7312 - [ c429dc7b ][ -679.445007 ] [ 3291077755 ] [ 56443 50217 ] [ 123 220 41 196 ] [{.).]
  7313 - [ 46a3659a ][ 20914.800781 ] [ 1185113498 ] [ 26010 18083 ] [ 154 101 163 70 ] [.e.F]
  7314 - [ 3f800000 ][ 1.000000 ] [ 1065353216 ] [ 0 16256 ] [ 0 0 128 63 ] [...?]
  7315 - [ 46c7fab3 ][ 25597.349609 ] [ 1187510963 ] [ 64179 18119 ] [ 179 250 199 70 ] [...F]
  7316 - [ c429dc7b ][ -679.445007 ] [ 3291077755 ] [ 56443 50217 ] [ 123 220 41 196 ] [{.).]
  7317 - [ 469e4c33 ][ 20262.099609 ] [ 1184779315 ] [ 19507 18078 ] [ 51 76 158 70 ] [3L.F]
  7318 - [ 3f800000 ][ 1.000000 ] [ 1065353216 ] [ 0 16256 ] [ 0 0 128 63 ] [...?]
  7319 - [ 00000101 ][ 0.000000 ] [ 257 ] [ 257 0 ] [ 1 1 0 0 ] [....]
  7320 - [ 00000004 ][ 0.000000 ] [ 4 ] [ 4 0 ] [ 4 0 0 0 ] [....]
  7321 - [ 00000800 ][ 0.000000 ] [ 2048 ] [ 2048 0 ] [ 0 8 0 0 ] [....]
  7322 - [ 00000000 ][ 0.000000 ] [ 0 ] [ 0 0 ] [ 0 0 0 0 ] [....]
  7323 - [ 46c8c666 ][ 25699.199219 ] [ 1187563110 ] [ 50790 18120 ] [ 102 198 200 70 ] [f..F]
  7324 - [ c429dc7b ][ -679.445007 ] [ 3291077755 ] [ 56443 50217 ] [ 123 220 41 196 ] [{.).]
  7325 - [ 46a3659a ][ 20914.800781 ] [ 1185113498 ] [ 26010 18083 ] [ 154 101 163 70 ] [.e.F]
  7326 - [ 3f800000 ][ 1.000000 ] [ 1065353216 ] [ 0 16256 ] [ 0 0 128 63 ] [...?]
  7327 - [ 46c9de33 ][ 25839.099609 ] [ 1187634739 ] [ 56883 18121 ] [ 51 222 201 70 ] [3..F]
  7328 - [ c429dc7b ][ -679.445007 ] [ 3291077755 ] [ 56443 50217 ] [ 123 220 41 196 ] [{.).]
  7329 - [ 46a33d66 ][ 20894.699219 ] [ 1185103206 ] [ 15718 18083 ] [ 102 61 163 70 ] [f=.F]
  7330 - [ 3f800000 ][ 1.000000 ] [ 1065353216 ] [ 0 16256 ] [ 0 0 128 63 ] [...?]
  7331 - [ 46c90680 ][ 25731.250000 ] [ 1187579520 ] [ 1664 18121 ] [ 128 6 201 70 ] [...F]
  7332 - [ c429dc7b ][ -679.445007 ] [ 3291077755 ] [ 56443 50217 ] [ 123 220 41 196 ] [{.).]
  7333 - [ 469e2680 ][ 20243.250000 ] [ 1184769664 ] [ 9856 18078 ] [ 128 38 158 70 ] [.&.F]
  7334 - [ 3f800000 ][ 1.000000 ] [ 1065353216 ] [ 0 16256 ] [ 0 0 128 63 ] [...?]
  7335 - [ 46c7fab3 ][ 25597.349609 ] [ 1187510963 ] [ 64179 18119 ] [ 179 250 199 70 ] [...F]
  7336 - [ c429dc7b ][ -679.445007 ] [ 3291077755 ] [ 56443 50217 ] [ 123 220 41 196 ] [{.).]
  7337 - [ 469e4c33 ][ 20262.099609 ] [ 1184779315 ] [ 19507 18078 ] [ 51 76 158 70 ] [3L.F]
  7338 - [ 3f800000 ][ 1.000000 ] [ 1065353216 ] [ 0 16256 ] [ 0 0 128 63 ] [...?]
  7339 - [ 00000101 ][ 0.000000 ] [ 257 ] [ 257 0 ] [ 1 1 0 0 ] [....]
  7340 - [ 00000004 ][ 0.000000 ] [ 4 ] [ 4 0 ] [ 4 0 0 0 ] [....]
  7341 - [ 00000800 ][ 0.000000 ] [ 2048 ] [ 2048 0 ] [ 0 8 0 0 ] [....]
  7342 - [ 00000000 ][ 0.000000 ] [ 0 ] [ 0 0 ] [ 0 0 0 0 ] [....]
  7343 - [ 46c9de33 ][ 25839.099609 ] [ 1187634739 ] [ 56883 18121 ] [ 51 222 201 70 ] [3..F]
  7344 - [ c429dc7b ][ -679.445007 ] [ 3291077755 ] [ 56443 50217 ] [ 123 220 41 196 ] [{.).]
  7345 - [ 46a33d66 ][ 20894.699219 ] [ 1185103206 ] [ 15718 18083 ] [ 102 61 163 70 ] [f=.F]
  7346 - [ 3f800000 ][ 1.000000 ] [ 1065353216 ] [ 0 16256 ] [ 0 0 128 63 ] [...?]
  7347 - [ 46c8c666 ][ 25699.199219 ] [ 1187563110 ] [ 50790 18120 ] [ 102 198 200 70 ] [f..F]
  7348 - [ c429dc7b ][ -679.445007 ] [ 3291077755 ] [ 56443 50217 ] [ 123 220 41 196 ] [{.).]
  7349 - [ 46a3659a ][ 20914.800781 ] [ 1185113498 ] [ 26010 18083 ] [ 154 101 163 70 ] [.e.F]
  7350 - [ 3f800000 ][ 1.000000 ] [ 1065353216 ] [ 0 16256 ] [ 0 0 128 63 ] [...?]
  7351 - [ 46d02a4d ][ 26645.150391 ] [ 1188047437 ] [ 10829 18128 ] [ 77 42 208 70 ] [M*.F]
  7352 - [ c33cb51f ][ -188.707504 ] [ 3275535647 ] [ 46367 49980 ] [ 31 181 60 195 ] [..<.]
  7353 - [ 46a6c200 ][ 21345.000000 ] [ 1185333760 ] [ 49664 18086 ] [ 0 194 166 70 ] [...F]
  7354 - [ 3f800000 ][ 1.000000 ] [ 1065353216 ] [ 0 16256 ] [ 0 0 128 63 ] [...?]
  7355 - [ 46d07e4d ][ 26687.150391 ] [ 1188068941 ] [ 32333 18128 ] [ 77 126 208 70 ] [M~.F]
  7356 - [ c33cb51f ][ -188.707504 ] [ 3275535647 ] [ 46367 49980 ] [ 31 181 60 195 ] [..<.]
  7357 - [ 46a5cee6 ][ 21223.449219 ] [ 1185271526 ] [ 52966 18085 ] [ 230 206 165 70 ] [...F]
  7358 - [ 3f800000 ][ 1.000000 ] [ 1065353216 ] [ 0 16256 ] [ 0 0 128 63 ] [...?]
  7359 - [ 00000101 ][ 0.000000 ] [ 257 ] [ 257 0 ] [ 1 1 0 0 ] [....]
  7360 - [ 00000004 ][ 0.000000 ] [ 4 ] [ 4 0 ] [ 4 0 0 0 ] [....]
  7361 - [ 00000800 ][ 0.000000 ] [ 2048 ] [ 2048 0 ] [ 0 8 0 0 ] [....]
  7362 - [ 00000000 ][ 0.000000 ] [ 0 ] [ 0 0 ] [ 0 0 0 0 ] [....]
  7363 - [ 46c8c666 ][ 25699.199219 ] [ 1187563110 ] [ 50790 18120 ] [ 102 198 200 70 ] [f..F]
  7364 - [ 444f1ccd ][ 828.450012 ] [ 1146035405 ] [ 7373 17487 ] [ 205 28 79 68 ] [..OD]
  7365 - [ 46a3659a ][ 20914.800781 ] [ 1185113498 ] [ 26010 18083 ] [ 154 101 163 70 ] [.e.F]
  7366 - [ 3f800000 ][ 1.000000 ] [ 1065353216 ] [ 0 16256 ] [ 0 0 128 63 ] [...?]
  7367 - [ 46d02a4d ][ 26645.150391 ] [ 1188047437 ] [ 10829 18128 ] [ 77 42 208 70 ] [M*.F]
  7368 - [ 44500333 ][ 832.049988 ] [ 1146094387 ] [ 819 17488 ] [ 51 3 80 68 ] [3.PD]
  7369 - [ 46a6c200 ][ 21345.000000 ] [ 1185333760 ] [ 49664 18086 ] [ 0 194 166 70 ] [...F]
  7370 - [ 3f800000 ][ 1.000000 ] [ 1065353216 ] [ 0 16256 ] [ 0 0 128 63 ] [...?]
  7371 - [ 46d02a4d ][ 26645.150391 ] [ 1188047437 ] [ 10829 18128 ] [ 77 42 208 70 ] [M*.F]
  7372 - [ c33cb51f ][ -188.707504 ] [ 3275535647 ] [ 46367 49980 ] [ 31 181 60 195 ] [..<.]
  7373 - [ 46a6c200 ][ 21345.000000 ] [ 1185333760 ] [ 49664 18086 ] [ 0 194 166 70 ] [...F]
  7374 - [ 3f800000 ][ 1.000000 ] [ 1065353216 ] [ 0 16256 ] [ 0 0 128 63 ] [...?]
  7375 - [ 46c8c666 ][ 25699.199219 ] [ 1187563110 ] [ 50790 18120 ] [ 102 198 200 70 ] [f..F]
  7376 - [ c429dc7b ][ -679.445007 ] [ 3291077755 ] [ 56443 50217 ] [ 123 220 41 196 ] [{.).]
  7377 - [ 46a3659a ][ 20914.800781 ] [ 1185113498 ] [ 26010 18083 ] [ 154 101 163 70 ] [.e.F]
  7378 - [ 3f800000 ][ 1.000000 ] [ 1065353216 ] [ 0 16256 ] [ 0 0 128 63 ] [...?]
  7379 - [ 00000101 ][ 0.000000 ] [ 257 ] [ 257 0 ] [ 1 1 0 0 ] [....]
  7380 - [ 00000004 ][ 0.000000 ] [ 4 ] [ 4 0 ] [ 4 0 0 0 ] [....]
  7381 - [ 00000020 ][ 0.000000 ] [ 32 ] [ 32 0 ] [ 32 0 0 0 ] [....]
  7382 - [ 00000000 ][ 0.000000 ] [ 0 ] [ 0 0 ] [ 0 0 0 0 ] [....]
  7383 - [ 46cd5bb3 ][ 26285.849609 ] [ 1187863475 ] [ 23475 18125 ] [ 179 91 205 70 ] [.[.F]
  7384 - [ 441a4f0a ][ 617.234985 ] [ 1142574858 ] [ 20234 17434 ] [ 10 79 26 68 ] [.O.D]
  7385 - [ 46acdbb3 ][ 22125.849609 ] [ 1185733555 ] [ 56243 18092 ] [ 179 219 172 70 ] [...F]
  7386 - [ 3f800000 ][ 1.000000 ] [ 1065353216 ] [ 0 16256 ] [ 0 0 128 63 ] [...?]
  7387 - [ 46cd5bb3 ][ 26285.849609 ] [ 1187863475 ] [ 23475 18125 ] [ 179 91 205 70 ] [.[.F]
  7388 - [ c347999a ][ -199.600006 ] [ 3276249498 ] [ 39322 49991 ] [ 154 153 71 195 ] [..G.]
  7389 - [ 46acdbb3 ][ 22125.849609 ] [ 1185733555 ] [ 56243 18092 ] [ 179 219 172 70 ] [...F]
  7390 - [ 3f800000 ][ 1.000000 ] [ 1065353216 ] [ 0 16256 ] [ 0 0 128 63 ] [...?]
  7391 - [ 46cdea00 ][ 26357.000000 ] [ 1187899904 ] [ 59904 18125 ] [ 0 234 205 70 ] [...F]
  7392 - [ c347999a ][ -199.600006 ] [ 3276249498 ] [ 39322 49991 ] [ 154 153 71 195 ] [..G.]
  7393 - [ 46ab8166 ][ 21952.699219 ] [ 1185644902 ] [ 33126 18091 ] [ 102 129 171 70 ] [f..F]
  7394 - [ 3f800000 ][ 1.000000 ] [ 1065353216 ] [ 0 16256 ] [ 0 0 128 63 ] [...?]
  7395 - [ 46cdea00 ][ 26357.000000 ] [ 1187899904 ] [ 59904 18125 ] [ 0 234 205 70 ] [...F]
  7396 - [ 441a4f0a ][ 617.234985 ] [ 1142574858 ] [ 20234 17434 ] [ 10 79 26 68 ] [.O.D]
  7397 - [ 46ab8166 ][ 21952.699219 ] [ 1185644902 ] [ 33126 18091 ] [ 102 129 171 70 ] [f..F]
  7398 - [ 3f800000 ][ 1.000000 ] [ 1065353216 ] [ 0 16256 ] [ 0 0 128 63 ] [...?]
  7399 - [ 00000101 ][ 0.000000 ] [ 257 ] [ 257 0 ] [ 1 1 0 0 ] [....]
  7400 - [ 00000004 ][ 0.000000 ] [ 4 ] [ 4 0 ] [ 4 0 0 0 ] [....]
  7401 - [ 00000020 ][ 0.000000 ] [ 32 ] [ 32 0 ] [ 32 0 0 0 ] [....]
  7402 - [ 00000000 ][ 0.000000 ] [ 0 ] [ 0 0 ] [ 0 0 0 0 ] [....]
  7403 - [ 46cdea00 ][ 26357.000000 ] [ 1187899904 ] [ 59904 18125 ] [ 0 234 205 70 ] [...F]
  7404 - [ 441a4f0a ][ 617.234985 ] [ 1142574858 ] [ 20234 17434 ] [ 10 79 26 68 ] [.O.D]
  7405 - [ 46ab8166 ][ 21952.699219 ] [ 1185644902 ] [ 33126 18091 ] [ 102 129 171 70 ] [f..F]
  7406 - [ 3f800000 ][ 1.000000 ] [ 1065353216 ] [ 0 16256 ] [ 0 0 128 63 ] [...?]
  7407 - [ 46cdea00 ][ 26357.000000 ] [ 1187899904 ] [ 59904 18125 ] [ 0 234 205 70 ] [...F]
  7408 - [ c347999a ][ -199.600006 ] [ 3276249498 ] [ 39322 49991 ] [ 154 153 71 195 ] [..G.]
  7409 - [ 46ab8166 ][ 21952.699219 ] [ 1185644902 ] [ 33126 18091 ] [ 102 129 171 70 ] [f..F]
  7410 - [ 3f800000 ][ 1.000000 ] [ 1065353216 ] [ 0 16256 ] [ 0 0 128 63 ] [...?]
  7411 - [ 46cf444d ][ 26530.150391 ] [ 1187988557 ] [ 17485 18127 ] [ 77 68 207 70 ] [MD.F]
  7412 - [ c347999a ][ -199.600006 ] [ 3276249498 ] [ 39322 49991 ] [ 154 153 71 195 ] [..G.]
  7413 - [ 46ac0fb3 ][ 22023.849609 ] [ 1185681331 ] [ 4019 18092 ] [ 179 15 172 70 ] [...F]
  7414 - [ 3f800000 ][ 1.000000 ] [ 1065353216 ] [ 0 16256 ] [ 0 0 128 63 ] [...?]
  7415 - [ 46cf444d ][ 26530.150391 ] [ 1187988557 ] [ 17485 18127 ] [ 77 68 207 70 ] [MD.F]
  7416 - [ 441a4f0a ][ 617.234985 ] [ 1142574858 ] [ 20234 17434 ] [ 10 79 26 68 ] [.O.D]
  7417 - [ 46ac0fb3 ][ 22023.849609 ] [ 1185681331 ] [ 4019 18092 ] [ 179 15 172 70 ] [...F]
  7418 - [ 3f800000 ][ 1.000000 ] [ 1065353216 ] [ 0 16256 ] [ 0 0 128 63 ] [...?]
  7419 - [ 00000101 ][ 0.000000 ] [ 257 ] [ 257 0 ] [ 1 1 0 0 ] [....]
  7420 - [ 00000004 ][ 0.000000 ] [ 4 ] [ 4 0 ] [ 4 0 0 0 ] [....]
  7421 - [ 00000020 ][ 0.000000 ] [ 32 ] [ 32 0 ] [ 32 0 0 0 ] [....]
  7422 - [ 00000000 ][ 0.000000 ] [ 0 ] [ 0 0 ] [ 0 0 0 0 ] [....]
  7423 - [ 46cd5bb3 ][ 26285.849609 ] [ 1187863475 ] [ 23475 18125 ] [ 179 91 205 70 ] [.[.F]
  7424 - [ c347999a ][ -199.600006 ] [ 3276249498 ] [ 39322 49991 ] [ 154 153 71 195 ] [..G.]
  7425 - [ 46acdbb3 ][ 22125.849609 ] [ 1185733555 ] [ 56243 18092 ] [ 179 219 172 70 ] [...F]
  7426 - [ 3f800000 ][ 1.000000 ] [ 1065353216 ] [ 0 16256 ] [ 0 0 128 63 ] [...?]
  7427 - [ 46ceb600 ][ 26459.000000 ] [ 1187952128 ] [ 46592 18126 ] [ 0 182 206 70 ] [...F]
  7428 - [ c347999a ][ -199.600006 ] [ 3276249498 ] [ 39322 49991 ] [ 154 153 71 195 ] [..G.]
  7429 - [ 46ad6a00 ][ 22197.000000 ] [ 1185769984 ] [ 27136 18093 ] [ 0 106 173 70 ] [.j.F]
  7430 - [ 3f800000 ][ 1.000000 ] [ 1065353216 ] [ 0 16256 ] [ 0 0 128 63 ] [...?]
  7431 - [ 46cf444d ][ 26530.150391 ] [ 1187988557 ] [ 17485 18127 ] [ 77 68 207 70 ] [MD.F]
  7432 - [ c347999a ][ -199.600006 ] [ 3276249498 ] [ 39322 49991 ] [ 154 153 71 195 ] [..G.]
  7433 - [ 46ac0fb3 ][ 22023.849609 ] [ 1185681331 ] [ 4019 18092 ] [ 179 15 172 70 ] [...F]
  7434 - [ 3f800000 ][ 1.000000 ] [ 1065353216 ] [ 0 16256 ] [ 0 0 128 63 ] [...?]
  7435 - [ 46cdea00 ][ 26357.000000 ] [ 1187899904 ] [ 59904 18125 ] [ 0 234 205 70 ] [...F]
  7436 - [ c347999a ][ -199.600006 ] [ 3276249498 ] [ 39322 49991 ] [ 154 153 71 195 ] [..G.]
  7437 - [ 46ab8166 ][ 21952.699219 ] [ 1185644902 ] [ 33126 18091 ] [ 102 129 171 70 ] [f..F]
  7438 - [ 3f800000 ][ 1.000000 ] [ 1065353216 ] [ 0 16256 ] [ 0 0 128 63 ] [...?]
  7439 - [ 00000101 ][ 0.000000 ] [ 257 ] [ 257 0 ] [ 1 1 0 0 ] [....]
  7440 - [ 00000004 ][ 0.000000 ] [ 4 ] [ 4 0 ] [ 4 0 0 0 ] [....]
  7441 - [ 00000800 ][ 0.000000 ] [ 2048 ] [ 2048 0 ] [ 0 8 0 0 ] [....]
  7442 - [ 00000000 ][ 0.000000 ] [ 0 ] [ 0 0 ] [ 0 0 0 0 ] [....]
  7443 - [ 468ccb4d ][ 18021.650391 ] [ 1183632205 ] [ 52045 18060 ] [ 77 203 140 70 ] [M..F]
  7444 - [ c427b99a ][ -670.900024 ] [ 3290937754 ] [ 47514 50215 ] [ 154 185 39 196 ] [..'.]
  7445 - [ 46766b66 ][ 15770.849609 ] [ 1182165862 ] [ 27494 18038 ] [ 102 107 118 70 ] [fkvF]
  7446 - [ 3f800000 ][ 1.000000 ] [ 1065353216 ] [ 0 16256 ] [ 0 0 128 63 ] [...?]
  7447 - [ 468c719a ][ 17976.800781 ] [ 1183609242 ] [ 29082 18060 ] [ 154 113 140 70 ] [.q.F]
  7448 - [ c427b99a ][ -670.900024 ] [ 3290937754 ] [ 47514 50215 ] [ 154 185 39 196 ] [..'.]
  7449 - [ 467a3366 ][ 16012.849609 ] [ 1182413670 ] [ 13158 18042 ] [ 102 51 122 70 ] [f3zF]
  7450 - [ 3f800000 ][ 1.000000 ] [ 1065353216 ] [ 0 16256 ] [ 0 0 128 63 ] [...?]
  7451 - [ 468f2a9a ][ 18325.300781 ] [ 1183787674 ] [ 10906 18063 ] [ 154 42 143 70 ] [.*.F]
  7452 - [ c427b99a ][ -670.900024 ] [ 3290937754 ] [ 47514 50215 ] [ 154 185 39 196 ] [..'.]
  7453 - [ 46754566 ][ 15697.349609 ] [ 1182090598 ] [ 17766 18037 ] [ 102 69 117 70 ] [fEuF]
  7454 - [ 3f800000 ][ 1.000000 ] [ 1065353216 ] [ 0 16256 ] [ 0 0 128 63 ] [...?]
  7455 - [ 468e1bcd ][ 18189.900391 ] [ 1183718349 ] [ 7117 18062 ] [ 205 27 142 70 ] [...F]
  7456 - [ c427b99a ][ -670.900024 ] [ 3290937754 ] [ 47514 50215 ] [ 154 185 39 196 ] [..'.]
  7457 - [ 4674aacd ][ 15658.700195 ] [ 1182051021 ] [ 43725 18036 ] [ 205 170 116 70 ] [..tF]
  7458 - [ 3f800000 ][ 1.000000 ] [ 1065353216 ] [ 0 16256 ] [ 0 0 128 63 ] [...?]
  7459 - [ 00000101 ][ 0.000000 ] [ 257 ] [ 257 0 ] [ 1 1 0 0 ] [....]
  7460 - [ 00000004 ][ 0.000000 ] [ 4 ] [ 4 0 ] [ 4 0 0 0 ] [....]
  7461 - [ 00000800 ][ 0.000000 ] [ 2048 ] [ 2048 0 ] [ 0 8 0 0 ] [....]
  7462 - [ 00000000 ][ 0.000000 ] [ 0 ] [ 0 0 ] [ 0 0 0 0 ] [....]
  7463 - [ 468f2a9a ][ 18325.300781 ] [ 1183787674 ] [ 10906 18063 ] [ 154 42 143 70 ] [.*.F]
  7464 - [ c427b99a ][ -670.900024 ] [ 3290937754 ] [ 47514 50215 ] [ 154 185 39 196 ] [..'.]
  7465 - [ 46754566 ][ 15697.349609 ] [ 1182090598 ] [ 17766 18037 ] [ 102 69 117 70 ] [fEuF]
  7466 - [ 3f800000 ][ 1.000000 ] [ 1065353216 ] [ 0 16256 ] [ 0 0 128 63 ] [...?]
  7467 - [ 468c5180 ][ 17960.750000 ] [ 1183601024 ] [ 20864 18060 ] [ 128 81 140 70 ] [.Q.F]
  7468 - [ c427b99a ][ -670.900024 ] [ 3290937754 ] [ 47514 50215 ] [ 154 185 39 196 ] [..'.]
  7469 - [ 465d0666 ][ 14145.599609 ] [ 1180501606 ] [ 1638 18013 ] [ 102 6 93 70 ] [f.]F]
  7470 - [ 3f800000 ][ 1.000000 ] [ 1065353216 ] [ 0 16256 ] [ 0 0 128 63 ] [...?]
  7471 - [ 468b681a ][ 17844.050781 ] [ 1183541274 ] [ 26650 18059 ] [ 26 104 139 70 ] [.h.F]
  7472 - [ c427b99a ][ -670.900024 ] [ 3290937754 ] [ 47514 50215 ] [ 154 185 39 196 ] [..'.]
  7473 - [ 465d719a ][ 14172.400391 ] [ 1180529050 ] [ 29082 18013 ] [ 154 113 93 70 ] [.q]F]
  7474 - [ 3f800000 ][ 1.000000 ] [ 1065353216 ] [ 0 16256 ] [ 0 0 128 63 ] [...?]
  7475 - [ 468e1bcd ][ 18189.900391 ] [ 1183718349 ] [ 7117 18062 ] [ 205 27 142 70 ] [...F]
  7476 - [ c427b99a ][ -670.900024 ] [ 3290937754 ] [ 47514 50215 ] [ 154 185 39 196 ] [..'.]
  7477 - [ 4674aacd ][ 15658.700195 ] [ 1182051021 ] [ 43725 18036 ] [ 205 170 116 70 ] [..tF]
  7478 - [ 3f800000 ][ 1.000000 ] [ 1065353216 ] [ 0 16256 ] [ 0 0 128 63 ] [...?]
  7479 - [ 00000101 ][ 0.000000 ] [ 257 ] [ 257 0 ] [ 1 1 0 0 ] [....]
  7480 - [ 00000004 ][ 0.000000 ] [ 4 ] [ 4 0 ] [ 4 0 0 0 ] [....]
  7481 - [ 00000800 ][ 0.000000 ] [ 2048 ] [ 2048 0 ] [ 0 8 0 0 ] [....]
  7482 - [ 00000000 ][ 0.000000 ] [ 0 ] [ 0 0 ] [ 0 0 0 0 ] [....]
  7483 - [ 468f2a9a ][ 18325.300781 ] [ 1183787674 ] [ 10906 18063 ] [ 154 42 143 70 ] [.*.F]
  7484 - [ 43e51439 ][ 458.157990 ] [ 1139086393 ] [ 5177 17381 ] [ 57 20 229 67 ] [9..C]
  7485 - [ 46754566 ][ 15697.349609 ] [ 1182090598 ] [ 17766 18037 ] [ 102 69 117 70 ] [fEuF]
  7486 - [ 3f800000 ][ 1.000000 ] [ 1065353216 ] [ 0 16256 ] [ 0 0 128 63 ] [...?]
  7487 - [ 468f2a9a ][ 18325.300781 ] [ 1183787674 ] [ 10906 18063 ] [ 154 42 143 70 ] [.*.F]
  7488 - [ c427b99a ][ -670.900024 ] [ 3290937754 ] [ 47514 50215 ] [ 154 185 39 196 ] [..'.]
  7489 - [ 46754566 ][ 15697.349609 ] [ 1182090598 ] [ 17766 18037 ] [ 102 69 117 70 ] [fEuF]
  7490 - [ 3f800000 ][ 1.000000 ] [ 1065353216 ] [ 0 16256 ] [ 0 0 128 63 ] [...?]
  7491 - [ 468c719a ][ 17976.800781 ] [ 1183609242 ] [ 29082 18060 ] [ 154 113 140 70 ] [.q.F]
  7492 - [ c427b99a ][ -670.900024 ] [ 3290937754 ] [ 47514 50215 ] [ 154 185 39 196 ] [..'.]
  7493 - [ 467a3366 ][ 16012.849609 ] [ 1182413670 ] [ 13158 18042 ] [ 102 51 122 70 ] [f3zF]
  7494 - [ 3f800000 ][ 1.000000 ] [ 1065353216 ] [ 0 16256 ] [ 0 0 128 63 ] [...?]
  7495 - [ 468c719a ][ 17976.800781 ] [ 1183609242 ] [ 29082 18060 ] [ 154 113 140 70 ] [.q.F]
  7496 - [ 43e51439 ][ 458.157990 ] [ 1139086393 ] [ 5177 17381 ] [ 57 20 229 67 ] [9..C]
  7497 - [ 467a3366 ][ 16012.849609 ] [ 1182413670 ] [ 13158 18042 ] [ 102 51 122 70 ] [f3zF]
  7498 - [ 3f800000 ][ 1.000000 ] [ 1065353216 ] [ 0 16256 ] [ 0 0 128 63 ] [...?]
  7499 - [ 00000101 ][ 0.000000 ] [ 257 ] [ 257 0 ] [ 1 1 0 0 ] [....]
  7500 - [ 00000004 ][ 0.000000 ] [ 4 ] [ 4 0 ] [ 4 0 0 0 ] [....]
  7501 - [ 00000800 ][ 0.000000 ] [ 2048 ] [ 2048 0 ] [ 0 8 0 0 ] [....]
  7502 - [ 00000000 ][ 0.000000 ] [ 0 ] [ 0 0 ] [ 0 0 0 0 ] [....]
  7503 - [ 46866b80 ][ 17205.750000 ] [ 1183214464 ] [ 27520 18054 ] [ 128 107 134 70 ] [.k.F]
  7504 - [ c427b99a ][ -670.900024 ] [ 3290937754 ] [ 47514 50215 ] [ 154 185 39 196 ] [..'.]
  7505 - [ 46694f9a ][ 14931.900391 ] [ 1181306778 ] [ 20378 18025 ] [ 154 79 105 70 ] [.OiF]
  7506 - [ 3f800000 ][ 1.000000 ] [ 1065353216 ] [ 0 16256 ] [ 0 0 128 63 ] [...?]
  7507 - [ 46866b80 ][ 17205.750000 ] [ 1183214464 ] [ 27520 18054 ] [ 128 107 134 70 ] [.k.F]
  7508 - [ 43e51439 ][ 458.157990 ] [ 1139086393 ] [ 5177 17381 ] [ 57 20 229 67 ] [9..C]
  7509 - [ 46694f9a ][ 14931.900391 ] [ 1181306778 ] [ 20378 18025 ] [ 154 79 105 70 ] [.OiF]
  7510 - [ 3f800000 ][ 1.000000 ] [ 1065353216 ] [ 0 16256 ] [ 0 0 128 63 ] [...?]
  7511 - [ 468c719a ][ 17976.800781 ] [ 1183609242 ] [ 29082 18060 ] [ 154 113 140 70 ] [.q.F]
  7512 - [ 43e51439 ][ 458.157990 ] [ 1139086393 ] [ 5177 17381 ] [ 57 20 229 67 ] [9..C]
  7513 - [ 467a3366 ][ 16012.849609 ] [ 1182413670 ] [ 13158 18042 ] [ 102 51 122 70 ] [f3zF]
  7514 - [ 3f800000 ][ 1.000000 ] [ 1065353216 ] [ 0 16256 ] [ 0 0 128 63 ] [...?]
  7515 - [ 468c719a ][ 17976.800781 ] [ 1183609242 ] [ 29082 18060 ] [ 154 113 140 70 ] [.q.F]
  7516 - [ c427b99a ][ -670.900024 ] [ 3290937754 ] [ 47514 50215 ] [ 154 185 39 196 ] [..'.]
  7517 - [ 467a3366 ][ 16012.849609 ] [ 1182413670 ] [ 13158 18042 ] [ 102 51 122 70 ] [f3zF]
  7518 - [ 3f800000 ][ 1.000000 ] [ 1065353216 ] [ 0 16256 ] [ 0 0 128 63 ] [...?]
  7519 - [ 00000101 ][ 0.000000 ] [ 257 ] [ 257 0 ] [ 1 1 0 0 ] [....]
  7520 - [ 00000004 ][ 0.000000 ] [ 4 ] [ 4 0 ] [ 4 0 0 0 ] [....]
  7521 - [ 00000800 ][ 0.000000 ] [ 2048 ] [ 2048 0 ] [ 0 8 0 0 ] [....]
  7522 - [ 00000000 ][ 0.000000 ] [ 0 ] [ 0 0 ] [ 0 0 0 0 ] [....]
  7523 - [ 468f2a9a ][ 18325.300781 ] [ 1183787674 ] [ 10906 18063 ] [ 154 42 143 70 ] [.*.F]
  7524 - [ c427b99a ][ -670.900024 ] [ 3290937754 ] [ 47514 50215 ] [ 154 185 39 196 ] [..'.]
  7525 - [ 46754566 ][ 15697.349609 ] [ 1182090598 ] [ 17766 18037 ] [ 102 69 117 70 ] [fEuF]
  7526 - [ 3f800000 ][ 1.000000 ] [ 1065353216 ] [ 0 16256 ] [ 0 0 128 63 ] [...?]
  7527 - [ 468f2a9a ][ 18325.300781 ] [ 1183787674 ] [ 10906 18063 ] [ 154 42 143 70 ] [.*.F]
  7528 - [ 43e51439 ][ 458.157990 ] [ 1139086393 ] [ 5177 17381 ] [ 57 20 229 67 ] [9..C]
  7529 - [ 46754566 ][ 15697.349609 ] [ 1182090598 ] [ 17766 18037 ] [ 102 69 117 70 ] [fEuF]
  7530 - [ 3f800000 ][ 1.000000 ] [ 1065353216 ] [ 0 16256 ] [ 0 0 128 63 ] [...?]
  7531 - [ 468c5180 ][ 17960.750000 ] [ 1183601024 ] [ 20864 18060 ] [ 128 81 140 70 ] [.Q.F]
  7532 - [ 43e51439 ][ 458.157990 ] [ 1139086393 ] [ 5177 17381 ] [ 57 20 229 67 ] [9..C]
  7533 - [ 465d0666 ][ 14145.599609 ] [ 1180501606 ] [ 1638 18013 ] [ 102 6 93 70 ] [f.]F]
  7534 - [ 3f800000 ][ 1.000000 ] [ 1065353216 ] [ 0 16256 ] [ 0 0 128 63 ] [...?]
  7535 - [ 468c5180 ][ 17960.750000 ] [ 1183601024 ] [ 20864 18060 ] [ 128 81 140 70 ] [.Q.F]
  7536 - [ c427b99a ][ -670.900024 ] [ 3290937754 ] [ 47514 50215 ] [ 154 185 39 196 ] [..'.]
  7537 - [ 465d0666 ][ 14145.599609 ] [ 1180501606 ] [ 1638 18013 ] [ 102 6 93 70 ] [f.]F]
  7538 - [ 3f800000 ][ 1.000000 ] [ 1065353216 ] [ 0 16256 ] [ 0 0 128 63 ] [...?]
  7539 - [ 00000101 ][ 0.000000 ] [ 257 ] [ 257 0 ] [ 1 1 0 0 ] [....]
  7540 - [ 00000004 ][ 0.000000 ] [ 4 ] [ 4 0 ] [ 4 0 0 0 ] [....]
  7541 - [ 00000800 ][ 0.000000 ] [ 2048 ] [ 2048 0 ] [ 0 8 0 0 ] [....]
  7542 - [ 00000000 ][ 0.000000 ] [ 0 ] [ 0 0 ] [ 0 0 0 0 ] [....]
  7543 - [ 468ccb4d ][ 18021.650391 ] [ 1183632205 ] [ 52045 18060 ] [ 77 203 140 70 ] [M..F]
  7544 - [ c427b99a ][ -670.900024 ] [ 3290937754 ] [ 47514 50215 ] [ 154 185 39 196 ] [..'.]
  7545 - [ 46766b66 ][ 15770.849609 ] [ 1182165862 ] [ 27494 18038 ] [ 102 107 118 70 ] [fkvF]
  7546 - [ 3f800000 ][ 1.000000 ] [ 1065353216 ] [ 0 16256 ] [ 0 0 128 63 ] [...?]
  7547 - [ 46878933 ][ 17348.599609 ] [ 1183287603 ] [ 35123 18055 ] [ 51 137 135 70 ] [3..F]
  7548 - [ c427b99a ][ -670.900024 ] [ 3290937754 ] [ 47514 50215 ] [ 154 185 39 196 ] [..'.]
  7549 - [ 4667d066 ][ 14836.099609 ] [ 1181208678 ] [ 53350 18023 ] [ 102 208 103 70 ] [f.gF]
  7550 - [ 3f800000 ][ 1.000000 ] [ 1065353216 ] [ 0 16256 ] [ 0 0 128 63 ] [...?]
  7551 - [ 46866b80 ][ 17205.750000 ] [ 1183214464 ] [ 27520 18054 ] [ 128 107 134 70 ] [.k.F]
  7552 - [ c427b99a ][ -670.900024 ] [ 3290937754 ] [ 47514 50215 ] [ 154 185 39 196 ] [..'.]
  7553 - [ 46694f9a ][ 14931.900391 ] [ 1181306778 ] [ 20378 18025 ] [ 154 79 105 70 ] [.OiF]
  7554 - [ 3f800000 ][ 1.000000 ] [ 1065353216 ] [ 0 16256 ] [ 0 0 128 63 ] [...?]
  7555 - [ 468c719a ][ 17976.800781 ] [ 1183609242 ] [ 29082 18060 ] [ 154 113 140 70 ] [.q.F]
  7556 - [ c427b99a ][ -670.900024 ] [ 3290937754 ] [ 47514 50215 ] [ 154 185 39 196 ] [..'.]
  7557 - [ 467a3366 ][ 16012.849609 ] [ 1182413670 ] [ 13158 18042 ] [ 102 51 122 70 ] [f3zF]
  7558 - [ 3f800000 ][ 1.000000 ] [ 1065353216 ] [ 0 16256 ] [ 0 0 128 63 ] [...?]
  7559 - [ 00000101 ][ 0.000000 ] [ 257 ] [ 257 0 ] [ 1 1 0 0 ] [....]
  7560 - [ 00000004 ][ 0.000000 ] [ 4 ] [ 4 0 ] [ 4 0 0 0 ] [....]
  7561 - [ 00000800 ][ 0.000000 ] [ 2048 ] [ 2048 0 ] [ 0 8 0 0 ] [....]
  7562 - [ 00000000 ][ 0.000000 ] [ 0 ] [ 0 0 ] [ 0 0 0 0 ] [....]
  7563 - [ 46c5e6b3 ][ 25331.349609 ] [ 1187374771 ] [ 59059 18117 ] [ 179 230 197 70 ] [...F]
  7564 - [ 42f86c4a ][ 124.211502 ] [ 1123576906 ] [ 27722 17144 ] [ 74 108 248 66 ] [Jl.B]
  7565 - [ 46b1b44d ][ 22746.150391 ] [ 1186051149 ] [ 46157 18097 ] [ 77 180 177 70 ] [M..F]
  7566 - [ 3f800000 ][ 1.000000 ] [ 1065353216 ] [ 0 16256 ] [ 0 0 128 63 ] [...?]
  7567 - [ 46bf201a ][ 24464.050781 ] [ 1186930714 ] [ 8218 18111 ] [ 26 32 191 70 ] [...F]
  7568 - [ 42f86c4a ][ 124.211502 ] [ 1123576906 ] [ 27722 17144 ] [ 74 108 248 66 ] [Jl.B]
  7569 - [ 46baf380 ][ 23929.750000 ] [ 1186657152 ] [ 62336 18106 ] [ 128 243 186 70 ] [...F]
  7570 - [ 3f800000 ][ 1.000000 ] [ 1065353216 ] [ 0 16256 ] [ 0 0 128 63 ] [...?]
  7571 - [ 46bf201a ][ 24464.050781 ] [ 1186930714 ] [ 8218 18111 ] [ 26 32 191 70 ] [...F]
  7572 - [ c4322a3d ][ -712.659973 ] [ 3291621949 ] [ 10813 50226 ] [ 61 42 50 196 ] [=*2.]
  7573 - [ 46baf380 ][ 23929.750000 ] [ 1186657152 ] [ 62336 18106 ] [ 128 243 186 70 ] [...F]
  7574 - [ 3f800000 ][ 1.000000 ] [ 1065353216 ] [ 0 16256 ] [ 0 0 128 63 ] [...?]
  7575 - [ 46c5e6b3 ][ 25331.349609 ] [ 1187374771 ] [ 59059 18117 ] [ 179 230 197 70 ] [...F]
  7576 - [ c4322a3d ][ -712.659973 ] [ 3291621949 ] [ 10813 50226 ] [ 61 42 50 196 ] [=*2.]
  7577 - [ 46b1b44d ][ 22746.150391 ] [ 1186051149 ] [ 46157 18097 ] [ 77 180 177 70 ] [M..F]
  7578 - [ 3f800000 ][ 1.000000 ] [ 1065353216 ] [ 0 16256 ] [ 0 0 128 63 ] [...?]
  7579 - [ 00000101 ][ 0.000000 ] [ 257 ] [ 257 0 ] [ 1 1 0 0 ] [....]
  7580 - [ 00000004 ][ 0.000000 ] [ 4 ] [ 4 0 ] [ 4 0 0 0 ] [....]
  7581 - [ 00000800 ][ 0.000000 ] [ 2048 ] [ 2048 0 ] [ 0 8 0 0 ] [....]
  7582 - [ 00000000 ][ 0.000000 ] [ 0 ] [ 0 0 ] [ 0 0 0 0 ] [....]
  7583 - [ 46c5534d ][ 25257.650391 ] [ 1187337037 ] [ 21325 18117 ] [ 77 83 197 70 ] [MS.F]
  7584 - [ 43503e35 ][ 208.242996 ] [ 1129332277 ] [ 15925 17232 ] [ 53 62 80 67 ] [5>PC]
  7585 - [ 46aa3e80 ][ 21791.250000 ] [ 1185562240 ] [ 16000 18090 ] [ 128 62 170 70 ] [.>.F]
  7586 - [ 3f800000 ][ 1.000000 ] [ 1065353216 ] [ 0 16256 ] [ 0 0 128 63 ] [...?]
  7587 - [ 46c5534d ][ 25257.650391 ] [ 1187337037 ] [ 21325 18117 ] [ 77 83 197 70 ] [MS.F]
  7588 - [ c41d2852 ][ -628.630005 ] [ 3290245202 ] [ 10322 50205 ] [ 82 40 29 196 ] [R(..]
  7589 - [ 46aa3e80 ][ 21791.250000 ] [ 1185562240 ] [ 16000 18090 ] [ 128 62 170 70 ] [.>.F]
  7590 - [ 3f800000 ][ 1.000000 ] [ 1065353216 ] [ 0 16256 ] [ 0 0 128 63 ] [...?]
  7591 - [ 46c5a380 ][ 25297.750000 ] [ 1187357568 ] [ 41856 18117 ] [ 128 163 197 70 ] [...F]
  7592 - [ c41d2852 ][ -628.630005 ] [ 3290245202 ] [ 10322 50205 ] [ 82 40 29 196 ] [R(..]
  7593 - [ 46a97ccd ][ 21694.400391 ] [ 1185512653 ] [ 31949 18089 ] [ 205 124 169 70 ] [.|.F]
  7594 - [ 3f800000 ][ 1.000000 ] [ 1065353216 ] [ 0 16256 ] [ 0 0 128 63 ] [...?]
  7595 - [ 46c5a380 ][ 25297.750000 ] [ 1187357568 ] [ 41856 18117 ] [ 128 163 197 70 ] [...F]
  7596 - [ 43503e35 ][ 208.242996 ] [ 1129332277 ] [ 15925 17232 ] [ 53 62 80 67 ] [5>PC]
  7597 - [ 46a97ccd ][ 21694.400391 ] [ 1185512653 ] [ 31949 18089 ] [ 205 124 169 70 ] [.|.F]
  7598 - [ 3f800000 ][ 1.000000 ] [ 1065353216 ] [ 0 16256 ] [ 0 0 128 63 ] [...?]
  7599 - [ 00000101 ][ 0.000000 ] [ 257 ] [ 257 0 ] [ 1 1 0 0 ] [....]
  7600 - [ 00000004 ][ 0.000000 ] [ 4 ] [ 4 0 ] [ 4 0 0 0 ] [....]
  7601 - [ 00000800 ][ 0.000000 ] [ 2048 ] [ 2048 0 ] [ 0 8 0 0 ] [....]
  7602 - [ 00000000 ][ 0.000000 ] [ 0 ] [ 0 0 ] [ 0 0 0 0 ] [....]
  7603 - [ 46c5a380 ][ 25297.750000 ] [ 1187357568 ] [ 41856 18117 ] [ 128 163 197 70 ] [...F]
  7604 - [ c41d2852 ][ -628.630005 ] [ 3290245202 ] [ 10322 50205 ] [ 82 40 29 196 ] [R(..]
  7605 - [ 46a97ccd ][ 21694.400391 ] [ 1185512653 ] [ 31949 18089 ] [ 205 124 169 70 ] [.|.F]
  7606 - [ 3f800000 ][ 1.000000 ] [ 1065353216 ] [ 0 16256 ] [ 0 0 128 63 ] [...?]
  7607 - [ 46cba533 ][ 26066.599609 ] [ 1187751219 ] [ 42291 18123 ] [ 51 165 203 70 ] [3..F]
  7608 - [ c487975c ][ -1084.729980 ] [ 3297220444 ] [ 38748 50311 ] [ 92 151 135 196 ] [\...]
  7609 - [ 46abf3cd ][ 22009.900391 ] [ 1185674189 ] [ 62413 18091 ] [ 205 243 171 70 ] [...F]
  7610 - [ 3f800000 ][ 1.000000 ] [ 1065353216 ] [ 0 16256 ] [ 0 0 128 63 ] [...?]
  7611 - [ 46cba533 ][ 26066.599609 ] [ 1187751219 ] [ 42291 18123 ] [ 51 165 203 70 ] [3..F]
  7612 - [ c377dc4a ][ -247.860504 ] [ 3279412298 ] [ 56394 50039 ] [ 74 220 119 195 ] [J.w.]
  7613 - [ 46abf3cd ][ 22009.900391 ] [ 1185674189 ] [ 62413 18091 ] [ 205 243 171 70 ] [...F]
  7614 - [ 3f800000 ][ 1.000000 ] [ 1065353216 ] [ 0 16256 ] [ 0 0 128 63 ] [...?]
  7615 - [ 46c5a380 ][ 25297.750000 ] [ 1187357568 ] [ 41856 18117 ] [ 128 163 197 70 ] [...F]
  7616 - [ 43503e35 ][ 208.242996 ] [ 1129332277 ] [ 15925 17232 ] [ 53 62 80 67 ] [5>PC]
  7617 - [ 46a97ccd ][ 21694.400391 ] [ 1185512653 ] [ 31949 18089 ] [ 205 124 169 70 ] [.|.F]
  7618 - [ 3f800000 ][ 1.000000 ] [ 1065353216 ] [ 0 16256 ] [ 0 0 128 63 ] [...?]
  7619 - [ 00000101 ][ 0.000000 ] [ 257 ] [ 257 0 ] [ 1 1 0 0 ] [....]
  7620 - [ 00000004 ][ 0.000000 ] [ 4 ] [ 4 0 ] [ 4 0 0 0 ] [....]
  7621 - [ 00000800 ][ 0.000000 ] [ 2048 ] [ 2048 0 ] [ 0 8 0 0 ] [....]
  7622 - [ 00000000 ][ 0.000000 ] [ 0 ] [ 0 0 ] [ 0 0 0 0 ] [....]
  7623 - [ 46cb5500 ][ 26026.500000 ] [ 1187730688 ] [ 21760 18123 ] [ 0 85 203 70 ] [.U.F]
  7624 - [ c487975c ][ -1084.729980 ] [ 3297220444 ] [ 38748 50311 ] [ 92 151 135 196 ] [\...]
  7625 - [ 46acb580 ][ 22106.750000 ] [ 1185723776 ] [ 46464 18092 ] [ 128 181 172 70 ] [...F]
  7626 - [ 3f800000 ][ 1.000000 ] [ 1065353216 ] [ 0 16256 ] [ 0 0 128 63 ] [...?]
  7627 - [ 46cdd100 ][ 26344.500000 ] [ 1187893504 ] [ 53504 18125 ] [ 0 209 205 70 ] [...F]
  7628 - [ c487975c ][ -1084.729980 ] [ 3297220444 ] [ 38748 50311 ] [ 92 151 135 196 ] [\...]
  7629 - [ 46ade066 ][ 22256.199219 ] [ 1185800294 ] [ 57446 18093 ] [ 102 224 173 70 ] [f..F]
  7630 - [ 3f800000 ][ 1.000000 ] [ 1065353216 ] [ 0 16256 ] [ 0 0 128 63 ] [...?]
  7631 - [ 46ce309a ][ 26392.300781 ] [ 1187917978 ] [ 12442 18126 ] [ 154 48 206 70 ] [.0.F]
  7632 - [ c487975c ][ -1084.729980 ] [ 3297220444 ] [ 38748 50311 ] [ 92 151 135 196 ] [\...]
  7633 - [ 46ad044d ][ 22146.150391 ] [ 1185743949 ] [ 1101 18093 ] [ 77 4 173 70 ] [M..F]
  7634 - [ 3f800000 ][ 1.000000 ] [ 1065353216 ] [ 0 16256 ] [ 0 0 128 63 ] [...?]
  7635 - [ 46cba533 ][ 26066.599609 ] [ 1187751219 ] [ 42291 18123 ] [ 51 165 203 70 ] [3..F]
  7636 - [ c487975c ][ -1084.729980 ] [ 3297220444 ] [ 38748 50311 ] [ 92 151 135 196 ] [\...]
  7637 - [ 46abf3cd ][ 22009.900391 ] [ 1185674189 ] [ 62413 18091 ] [ 205 243 171 70 ] [...F]
  7638 - [ 3f800000 ][ 1.000000 ] [ 1065353216 ] [ 0 16256 ] [ 0 0 128 63 ] [...?]
  7639 - [ 00000101 ][ 0.000000 ] [ 257 ] [ 257 0 ] [ 1 1 0 0 ] [....]
  7640 - [ 00000004 ][ 0.000000 ] [ 4 ] [ 4 0 ] [ 4 0 0 0 ] [....]
  7641 - [ 00000800 ][ 0.000000 ] [ 2048 ] [ 2048 0 ] [ 0 8 0 0 ] [....]
  7642 - [ 00000000 ][ 0.000000 ] [ 0 ] [ 0 0 ] [ 0 0 0 0 ] [....]
  7643 - [ 46c5534d ][ 25257.650391 ] [ 1187337037 ] [ 21325 18117 ] [ 77 83 197 70 ] [MS.F]
  7644 - [ 43503e35 ][ 208.242996 ] [ 1129332277 ] [ 15925 17232 ] [ 53 62 80 67 ] [5>PC]
  7645 - [ 46aa3e80 ][ 21791.250000 ] [ 1185562240 ] [ 16000 18090 ] [ 128 62 170 70 ] [.>.F]
  7646 - [ 3f800000 ][ 1.000000 ] [ 1065353216 ] [ 0 16256 ] [ 0 0 128 63 ] [...?]
  7647 - [ 46cb5500 ][ 26026.500000 ] [ 1187730688 ] [ 21760 18123 ] [ 0 85 203 70 ] [.U.F]
  7648 - [ c377dc4a ][ -247.860504 ] [ 3279412298 ] [ 56394 50039 ] [ 74 220 119 195 ] [J.w.]
  7649 - [ 46acb580 ][ 22106.750000 ] [ 1185723776 ] [ 46464 18092 ] [ 128 181 172 70 ] [...F]
  7650 - [ 3f800000 ][ 1.000000 ] [ 1065353216 ] [ 0 16256 ] [ 0 0 128 63 ] [...?]
  7651 - [ 46cb5500 ][ 26026.500000 ] [ 1187730688 ] [ 21760 18123 ] [ 0 85 203 70 ] [.U.F]
  7652 - [ c487975c ][ -1084.729980 ] [ 3297220444 ] [ 38748 50311 ] [ 92 151 135 196 ] [\...]
  7653 - [ 46acb580 ][ 22106.750000 ] [ 1185723776 ] [ 46464 18092 ] [ 128 181 172 70 ] [...F]
  7654 - [ 3f800000 ][ 1.000000 ] [ 1065353216 ] [ 0 16256 ] [ 0 0 128 63 ] [...?]
  7655 - [ 46c5534d ][ 25257.650391 ] [ 1187337037 ] [ 21325 18117 ] [ 77 83 197 70 ] [MS.F]
  7656 - [ c41d2852 ][ -628.630005 ] [ 3290245202 ] [ 10322 50205 ] [ 82 40 29 196 ] [R(..]
  7657 - [ 46aa3e80 ][ 21791.250000 ] [ 1185562240 ] [ 16000 18090 ] [ 128 62 170 70 ] [.>.F]
  7658 - [ 3f800000 ][ 1.000000 ] [ 1065353216 ] [ 0 16256 ] [ 0 0 128 63 ] [...?]
  7659 - [ 00000101 ][ 0.000000 ] [ 257 ] [ 257 0 ] [ 1 1 0 0 ] [....]
  7660 - [ 00000004 ][ 0.000000 ] [ 4 ] [ 4 0 ] [ 4 0 0 0 ] [....]
  7661 - [ 00000800 ][ 0.000000 ] [ 2048 ] [ 2048 0 ] [ 0 8 0 0 ] [....]
  7662 - [ 00000000 ][ 0.000000 ] [ 0 ] [ 0 0 ] [ 0 0 0 0 ] [....]
  7663 - [ 46cba533 ][ 26066.599609 ] [ 1187751219 ] [ 42291 18123 ] [ 51 165 203 70 ] [3..F]
  7664 - [ c487975c ][ -1084.729980 ] [ 3297220444 ] [ 38748 50311 ] [ 92 151 135 196 ] [\...]
  7665 - [ 46abf3cd ][ 22009.900391 ] [ 1185674189 ] [ 62413 18091 ] [ 205 243 171 70 ] [...F]
  7666 - [ 3f800000 ][ 1.000000 ] [ 1065353216 ] [ 0 16256 ] [ 0 0 128 63 ] [...?]
  7667 - [ 46ce309a ][ 26392.300781 ] [ 1187917978 ] [ 12442 18126 ] [ 154 48 206 70 ] [.0.F]
  7668 - [ c487975c ][ -1084.729980 ] [ 3297220444 ] [ 38748 50311 ] [ 92 151 135 196 ] [\...]
  7669 - [ 46ad044d ][ 22146.150391 ] [ 1185743949 ] [ 1101 18093 ] [ 77 4 173 70 ] [M..F]
  7670 - [ 3f800000 ][ 1.000000 ] [ 1065353216 ] [ 0 16256 ] [ 0 0 128 63 ] [...?]
  7671 - [ 46ce309a ][ 26392.300781 ] [ 1187917978 ] [ 12442 18126 ] [ 154 48 206 70 ] [.0.F]
  7672 - [ c377dc4a ][ -247.860504 ] [ 3279412298 ] [ 56394 50039 ] [ 74 220 119 195 ] [J.w.]
  7673 - [ 46ad044d ][ 22146.150391 ] [ 1185743949 ] [ 1101 18093 ] [ 77 4 173 70 ] [M..F]
  7674 - [ 3f800000 ][ 1.000000 ] [ 1065353216 ] [ 0 16256 ] [ 0 0 128 63 ] [...?]
  7675 - [ 46cba533 ][ 26066.599609 ] [ 1187751219 ] [ 42291 18123 ] [ 51 165 203 70 ] [3..F]
  7676 - [ c377dc4a ][ -247.860504 ] [ 3279412298 ] [ 56394 50039 ] [ 74 220 119 195 ] [J.w.]
  7677 - [ 46abf3cd ][ 22009.900391 ] [ 1185674189 ] [ 62413 18091 ] [ 205 243 171 70 ] [...F]
  7678 - [ 3f800000 ][ 1.000000 ] [ 1065353216 ] [ 0 16256 ] [ 0 0 128 63 ] [...?]
  7679 - [ 00000101 ][ 0.000000 ] [ 257 ] [ 257 0 ] [ 1 1 0 0 ] [....]
  7680 - [ 00000004 ][ 0.000000 ] [ 4 ] [ 4 0 ] [ 4 0 0 0 ] [....]
  7681 - [ 00000800 ][ 0.000000 ] [ 2048 ] [ 2048 0 ] [ 0 8 0 0 ] [....]
  7682 - [ 00000000 ][ 0.000000 ] [ 0 ] [ 0 0 ] [ 0 0 0 0 ] [....]
  7683 - [ 46c5534d ][ 25257.650391 ] [ 1187337037 ] [ 21325 18117 ] [ 77 83 197 70 ] [MS.F]
  7684 - [ c41d2852 ][ -628.630005 ] [ 3290245202 ] [ 10322 50205 ] [ 82 40 29 196 ] [R(..]
  7685 - [ 46aa3e80 ][ 21791.250000 ] [ 1185562240 ] [ 16000 18090 ] [ 128 62 170 70 ] [.>.F]
  7686 - [ 3f800000 ][ 1.000000 ] [ 1065353216 ] [ 0 16256 ] [ 0 0 128 63 ] [...?]
  7687 - [ 46cb5500 ][ 26026.500000 ] [ 1187730688 ] [ 21760 18123 ] [ 0 85 203 70 ] [.U.F]
  7688 - [ c487975c ][ -1084.729980 ] [ 3297220444 ] [ 38748 50311 ] [ 92 151 135 196 ] [\...]
  7689 - [ 46acb580 ][ 22106.750000 ] [ 1185723776 ] [ 46464 18092 ] [ 128 181 172 70 ] [...F]
  7690 - [ 3f800000 ][ 1.000000 ] [ 1065353216 ] [ 0 16256 ] [ 0 0 128 63 ] [...?]
  7691 - [ 46cba533 ][ 26066.599609 ] [ 1187751219 ] [ 42291 18123 ] [ 51 165 203 70 ] [3..F]
  7692 - [ c487975c ][ -1084.729980 ] [ 3297220444 ] [ 38748 50311 ] [ 92 151 135 196 ] [\...]
  7693 - [ 46abf3cd ][ 22009.900391 ] [ 1185674189 ] [ 62413 18091 ] [ 205 243 171 70 ] [...F]
  7694 - [ 3f800000 ][ 1.000000 ] [ 1065353216 ] [ 0 16256 ] [ 0 0 128 63 ] [...?]
  7695 - [ 46c5a380 ][ 25297.750000 ] [ 1187357568 ] [ 41856 18117 ] [ 128 163 197 70 ] [...F]
  7696 - [ c41d2852 ][ -628.630005 ] [ 3290245202 ] [ 10322 50205 ] [ 82 40 29 196 ] [R(..]
  7697 - [ 46a97ccd ][ 21694.400391 ] [ 1185512653 ] [ 31949 18089 ] [ 205 124 169 70 ] [.|.F]
  7698 - [ 3f800000 ][ 1.000000 ] [ 1065353216 ] [ 0 16256 ] [ 0 0 128 63 ] [...?]
  7699 - [ 00000101 ][ 0.000000 ] [ 257 ] [ 257 0 ] [ 1 1 0 0 ] [....]
  7700 - [ 00000004 ][ 0.000000 ] [ 4 ] [ 4 0 ] [ 4 0 0 0 ] [....]
  7701 - [ 00000800 ][ 0.000000 ] [ 2048 ] [ 2048 0 ] [ 0 8 0 0 ] [....]
  7702 - [ 00000000 ][ 0.000000 ] [ 0 ] [ 0 0 ] [ 0 0 0 0 ] [....]
  7703 - [ 46cb5500 ][ 26026.500000 ] [ 1187730688 ] [ 21760 18123 ] [ 0 85 203 70 ] [.U.F]
  7704 - [ c377dc4a ][ -247.860504 ] [ 3279412298 ] [ 56394 50039 ] [ 74 220 119 195 ] [J.w.]
  7705 - [ 46acb580 ][ 22106.750000 ] [ 1185723776 ] [ 46464 18092 ] [ 128 181 172 70 ] [...F]
  7706 - [ 3f800000 ][ 1.000000 ] [ 1065353216 ] [ 0 16256 ] [ 0 0 128 63 ] [...?]
  7707 - [ 46cdd100 ][ 26344.500000 ] [ 1187893504 ] [ 53504 18125 ] [ 0 209 205 70 ] [...F]
  7708 - [ c377dc4a ][ -247.860504 ] [ 3279412298 ] [ 56394 50039 ] [ 74 220 119 195 ] [J.w.]
  7709 - [ 46ade066 ][ 22256.199219 ] [ 1185800294 ] [ 57446 18093 ] [ 102 224 173 70 ] [f..F]
  7710 - [ 3f800000 ][ 1.000000 ] [ 1065353216 ] [ 0 16256 ] [ 0 0 128 63 ] [...?]
  7711 - [ 46cdd100 ][ 26344.500000 ] [ 1187893504 ] [ 53504 18125 ] [ 0 209 205 70 ] [...F]
  7712 - [ c487975c ][ -1084.729980 ] [ 3297220444 ] [ 38748 50311 ] [ 92 151 135 196 ] [\...]
  7713 - [ 46ade066 ][ 22256.199219 ] [ 1185800294 ] [ 57446 18093 ] [ 102 224 173 70 ] [f..F]
  7714 - [ 3f800000 ][ 1.000000 ] [ 1065353216 ] [ 0 16256 ] [ 0 0 128 63 ] [...?]
  7715 - [ 46cb5500 ][ 26026.500000 ] [ 1187730688 ] [ 21760 18123 ] [ 0 85 203 70 ] [.U.F]
  7716 - [ c487975c ][ -1084.729980 ] [ 3297220444 ] [ 38748 50311 ] [ 92 151 135 196 ] [\...]
  7717 - [ 46acb580 ][ 22106.750000 ] [ 1185723776 ] [ 46464 18092 ] [ 128 181 172 70 ] [...F]
  7718 - [ 3f800000 ][ 1.000000 ] [ 1065353216 ] [ 0 16256 ] [ 0 0 128 63 ] [...?]
  7719 - [ 00000101 ][ 0.000000 ] [ 257 ] [ 257 0 ] [ 1 1 0 0 ] [....]
  7720 - [ 00000004 ][ 0.000000 ] [ 4 ] [ 4 0 ] [ 4 0 0 0 ] [....]
  7721 - [ 00000020 ][ 0.000000 ] [ 32 ] [ 32 0 ] [ 32 0 0 0 ] [....]
  7722 - [ 00000000 ][ 0.000000 ] [ 0 ] [ 0 0 ] [ 0 0 0 0 ] [....]
  7723 - [ 46a05566 ][ 20522.699219 ] [ 1184912742 ] [ 21862 18080 ] [ 102 85 160 70 ] [fU.F]
  7724 - [ c3af7be7 ][ -350.967987 ] [ 3283057639 ] [ 31719 50095 ] [ 231 123 175 195 ] [.{..]
  7725 - [ 46b5a99a ][ 23252.800781 ] [ 1186310554 ] [ 43418 18101 ] [ 154 169 181 70 ] [...F]
  7726 - [ 3f800000 ][ 1.000000 ] [ 1065353216 ] [ 0 16256 ] [ 0 0 128 63 ] [...?]
  7727 - [ 469d07e6 ][ 20099.949219 ] [ 1184696294 ] [ 2022 18077 ] [ 230 7 157 70 ] [...F]
  7728 - [ c3759062 ][ -245.563995 ] [ 3279261794 ] [ 36962 50037 ] [ 98 144 117 195 ] [b.u.]
  7729 - [ 46b6d59a ][ 23402.800781 ] [ 1186387354 ] [ 54682 18102 ] [ 154 213 182 70 ] [...F]
  7730 - [ 3f800000 ][ 1.000000 ] [ 1065353216 ] [ 0 16256 ] [ 0 0 128 63 ] [...?]
  7731 - [ 469d0fcd ][ 20103.900391 ] [ 1184698317 ] [ 4045 18077 ] [ 205 15 157 70 ] [...F]
  7732 - [ c406870a ][ -538.109985 ] [ 3288762122 ] [ 34570 50182 ] [ 10 135 6 196 ] [....]
  7733 - [ 46b886cd ][ 23619.400391 ] [ 1186498253 ] [ 34509 18104 ] [ 205 134 184 70 ] [...F]
  7734 - [ 3f800000 ][ 1.000000 ] [ 1065353216 ] [ 0 16256 ] [ 0 0 128 63 ] [...?]
  7735 - [ 46a05d4d ][ 20526.650391 ] [ 1184914765 ] [ 23885 18080 ] [ 77 93 160 70 ] [M].F]
  7736 - [ c420e0f6 ][ -643.515015 ] [ 3290489078 ] [ 57590 50208 ] [ 246 224 32 196 ] [....]
  7737 - [ 46b75acd ][ 23469.400391 ] [ 1186421453 ] [ 23245 18103 ] [ 205 90 183 70 ] [.Z.F]
  7738 - [ 3f800000 ][ 1.000000 ] [ 1065353216 ] [ 0 16256 ] [ 0 0 128 63 ] [...?]
  7739 - [ 00000101 ][ 0.000000 ] [ 257 ] [ 257 0 ] [ 1 1 0 0 ] [....]
  7740 - [ 00000004 ][ 0.000000 ] [ 4 ] [ 4 0 ] [ 4 0 0 0 ] [....]
  7741 - [ 00000020 ][ 0.000000 ] [ 32 ] [ 32 0 ] [ 32 0 0 0 ] [....]
  7742 - [ 00000000 ][ 0.000000 ] [ 0 ] [ 0 0 ] [ 0 0 0 0 ] [....]
  7743 - [ 46822f66 ][ 16663.699219 ] [ 1182936934 ] [ 12134 18050 ] [ 102 47 130 70 ] [f/.F]
  7744 - [ c3c0b8b4 ][ -385.442993 ] [ 3284187316 ] [ 47284 50112 ] [ 180 184 192 195 ] [....]
  7745 - [ 468673cd ][ 17209.900391 ] [ 1183216589 ] [ 29645 18054 ] [ 205 115 134 70 ] [.s.F]
  7746 - [ 3f800000 ][ 1.000000 ] [ 1065353216 ] [ 0 16256 ] [ 0 0 128 63 ] [...?]
  7747 - [ 46837db3 ][ 16830.849609 ] [ 1183022515 ] [ 32179 18051 ] [ 179 125 131 70 ] [.}.F]
  7748 - [ c3c0b8b4 ][ -385.442993 ] [ 3284187316 ] [ 47284 50112 ] [ 180 184 192 195 ] [....]
  7749 - [ 46873333 ][ 17305.599609 ] [ 1183265587 ] [ 13107 18055 ] [ 51 51 135 70 ] [33.F]
  7750 - [ 3f800000 ][ 1.000000 ] [ 1065353216 ] [ 0 16256 ] [ 0 0 128 63 ] [...?]
  7751 - [ 46843f4d ][ 16927.650391 ] [ 1183072077 ] [ 16205 18052 ] [ 77 63 132 70 ] [M?.F]
  7752 - [ c3c0b8b4 ][ -385.442993 ] [ 3284187316 ] [ 47284 50112 ] [ 180 184 192 195 ] [....]
  7753 - [ 4685e100 ][ 17136.500000 ] [ 1183179008 ] [ 57600 18053 ] [ 0 225 133 70 ] [...F]
  7754 - [ 3f800000 ][ 1.000000 ] [ 1065353216 ] [ 0 16256 ] [ 0 0 128 63 ] [...?]
  7755 - [ 4682f11a ][ 16760.550781 ] [ 1182986522 ] [ 61722 18050 ] [ 26 241 130 70 ] [...F]
  7756 - [ c3c0b8b4 ][ -385.442993 ] [ 3284187316 ] [ 47284 50112 ] [ 180 184 192 195 ] [....]
  7757 - [ 4685219a ][ 17040.800781 ] [ 1183130010 ] [ 8602 18053 ] [ 154 33 133 70 ] [.!.F]
  7758 - [ 3f800000 ][ 1.000000 ] [ 1065353216 ] [ 0 16256 ] [ 0 0 128 63 ] [...?]
  7759 - [ 00000101 ][ 0.000000 ] [ 257 ] [ 257 0 ] [ 1 1 0 0 ] [....]
  7760 - [ 00000004 ][ 0.000000 ] [ 4 ] [ 4 0 ] [ 4 0 0 0 ] [....]
  7761 - [ 00000020 ][ 0.000000 ] [ 32 ] [ 32 0 ] [ 32 0 0 0 ] [....]
  7762 - [ 00000000 ][ 0.000000 ] [ 0 ] [ 0 0 ] [ 0 0 0 0 ] [....]
  7763 - [ 46901a80 ][ 18445.250000 ] [ 1183849088 ] [ 6784 18064 ] [ 128 26 144 70 ] [...F]
  7764 - [ c4154852 ][ -597.130005 ] [ 3289729106 ] [ 18514 50197 ] [ 82 72 21 196 ] [RH..]
  7765 - [ 466abe66 ][ 15023.599609 ] [ 1181400678 ] [ 48742 18026 ] [ 102 190 106 70 ] [f.jF]
  7766 - [ 3f800000 ][ 1.000000 ] [ 1065353216 ] [ 0 16256 ] [ 0 0 128 63 ] [...?]
  7767 - [ 4692d34d ][ 18793.650391 ] [ 1184027469 ] [ 54093 18066 ] [ 77 211 146 70 ] [M..F]
  7768 - [ c4154852 ][ -597.130005 ] [ 3289729106 ] [ 18514 50197 ] [ 82 72 21 196 ] [RH..]
  7769 - [ 46684200 ][ 14864.500000 ] [ 1181237760 ] [ 16896 18024 ] [ 0 66 104 70 ] [.BhF]
  7770 - [ 3f800000 ][ 1.000000 ] [ 1065353216 ] [ 0 16256 ] [ 0 0 128 63 ] [...?]
  7771 - [ 4691eab3 ][ 18677.349609 ] [ 1183967923 ] [ 60083 18065 ] [ 179 234 145 70 ] [...F]
  7772 - [ c4154852 ][ -597.130005 ] [ 3289729106 ] [ 18514 50197 ] [ 82 72 21 196 ] [RH..]
  7773 - [ 466465cd ][ 14617.450195 ] [ 1180984781 ] [ 26061 18020 ] [ 205 101 100 70 ] [.edF]
  7774 - [ 3f800000 ][ 1.000000 ] [ 1065353216 ] [ 0 16256 ] [ 0 0 128 63 ] [...?]
  7775 - [ 468f31e6 ][ 18328.949219 ] [ 1183789542 ] [ 12774 18063 ] [ 230 49 143 70 ] [.1.F]
  7776 - [ c4154852 ][ -597.130005 ] [ 3289729106 ] [ 18514 50197 ] [ 82 72 21 196 ] [RH..]
  7777 - [ 4666e266 ][ 14776.599609 ] [ 1181147750 ] [ 57958 18022 ] [ 102 226 102 70 ] [f.fF]
  7778 - [ 3f800000 ][ 1.000000 ] [ 1065353216 ] [ 0 16256 ] [ 0 0 128 63 ] [...?]
  7779 - [ 00000101 ][ 0.000000 ] [ 257 ] [ 257 0 ] [ 1 1 0 0 ] [....]
  7780 - [ 00000004 ][ 0.000000 ] [ 4 ] [ 4 0 ] [ 4 0 0 0 ] [....]
  7781 - [ 00000020 ][ 0.000000 ] [ 32 ] [ 32 0 ] [ 32 0 0 0 ] [....]
  7782 - [ 00000000 ][ 0.000000 ] [ 0 ] [ 0 0 ] [ 0 0 0 0 ] [....]
  7783 - [ 4691eab3 ][ 18677.349609 ] [ 1183967923 ] [ 60083 18065 ] [ 179 234 145 70 ] [...F]
  7784 - [ c1c18312 ][ -24.188999 ] [ 3250684690 ] [ 33554 49601 ] [ 18 131 193 193 ] [....]
  7785 - [ 466465cd ][ 14617.450195 ] [ 1180984781 ] [ 26061 18020 ] [ 205 101 100 70 ] [.edF]
  7786 - [ 3f800000 ][ 1.000000 ] [ 1065353216 ] [ 0 16256 ] [ 0 0 128 63 ] [...?]
  7787 - [ 4691eab3 ][ 18677.349609 ] [ 1183967923 ] [ 60083 18065 ] [ 179 234 145 70 ] [...F]
  7788 - [ c4154852 ][ -597.130005 ] [ 3289729106 ] [ 18514 50197 ] [ 82 72 21 196 ] [RH..]
  7789 - [ 466465cd ][ 14617.450195 ] [ 1180984781 ] [ 26061 18020 ] [ 205 101 100 70 ] [.edF]
  7790 - [ 3f800000 ][ 1.000000 ] [ 1065353216 ] [ 0 16256 ] [ 0 0 128 63 ] [...?]
  7791 - [ 4692d34d ][ 18793.650391 ] [ 1184027469 ] [ 54093 18066 ] [ 77 211 146 70 ] [M..F]
  7792 - [ c4154852 ][ -597.130005 ] [ 3289729106 ] [ 18514 50197 ] [ 82 72 21 196 ] [RH..]
  7793 - [ 46684200 ][ 14864.500000 ] [ 1181237760 ] [ 16896 18024 ] [ 0 66 104 70 ] [.BhF]
  7794 - [ 3f800000 ][ 1.000000 ] [ 1065353216 ] [ 0 16256 ] [ 0 0 128 63 ] [...?]
  7795 - [ 4692d34d ][ 18793.650391 ] [ 1184027469 ] [ 54093 18066 ] [ 77 211 146 70 ] [M..F]
  7796 - [ c1c182de ][ -24.188900 ] [ 3250684638 ] [ 33502 49601 ] [ 222 130 193 193 ] [....]
  7797 - [ 46684200 ][ 14864.500000 ] [ 1181237760 ] [ 16896 18024 ] [ 0 66 104 70 ] [.BhF]
  7798 - [ 3f800000 ][ 1.000000 ] [ 1065353216 ] [ 0 16256 ] [ 0 0 128 63 ] [...?]
  7799 - [ 00000101 ][ 0.000000 ] [ 257 ] [ 257 0 ] [ 1 1 0 0 ] [....]
  7800 - [ 00000004 ][ 0.000000 ] [ 4 ] [ 4 0 ] [ 4 0 0 0 ] [....]
  7801 - [ 00000020 ][ 0.000000 ] [ 32 ] [ 32 0 ] [ 32 0 0 0 ] [....]
  7802 - [ 00000000 ][ 0.000000 ] [ 0 ] [ 0 0 ] [ 0 0 0 0 ] [....]
  7803 - [ 46901a80 ][ 18445.250000 ] [ 1183849088 ] [ 6784 18064 ] [ 128 26 144 70 ] [...F]
  7804 - [ c1c182de ][ -24.188900 ] [ 3250684638 ] [ 33502 49601 ] [ 222 130 193 193 ] [....]
  7805 - [ 466abe66 ][ 15023.599609 ] [ 1181400678 ] [ 48742 18026 ] [ 102 190 106 70 ] [f.jF]
  7806 - [ 3f800000 ][ 1.000000 ] [ 1065353216 ] [ 0 16256 ] [ 0 0 128 63 ] [...?]
  7807 - [ 46901a80 ][ 18445.250000 ] [ 1183849088 ] [ 6784 18064 ] [ 128 26 144 70 ] [...F]
  7808 - [ c4154852 ][ -597.130005 ] [ 3289729106 ] [ 18514 50197 ] [ 82 72 21 196 ] [RH..]
  7809 - [ 466abe66 ][ 15023.599609 ] [ 1181400678 ] [ 48742 18026 ] [ 102 190 106 70 ] [f.jF]
  7810 - [ 3f800000 ][ 1.000000 ] [ 1065353216 ] [ 0 16256 ] [ 0 0 128 63 ] [...?]
  7811 - [ 468f31e6 ][ 18328.949219 ] [ 1183789542 ] [ 12774 18063 ] [ 230 49 143 70 ] [.1.F]
  7812 - [ c4154852 ][ -597.130005 ] [ 3289729106 ] [ 18514 50197 ] [ 82 72 21 196 ] [RH..]
  7813 - [ 4666e266 ][ 14776.599609 ] [ 1181147750 ] [ 57958 18022 ] [ 102 226 102 70 ] [f.fF]
  7814 - [ 3f800000 ][ 1.000000 ] [ 1065353216 ] [ 0 16256 ] [ 0 0 128 63 ] [...?]
  7815 - [ 468f31e6 ][ 18328.949219 ] [ 1183789542 ] [ 12774 18063 ] [ 230 49 143 70 ] [.1.F]
  7816 - [ c1c18312 ][ -24.188999 ] [ 3250684690 ] [ 33554 49601 ] [ 18 131 193 193 ] [....]
  7817 - [ 4666e266 ][ 14776.599609 ] [ 1181147750 ] [ 57958 18022 ] [ 102 226 102 70 ] [f.fF]
  7818 - [ 3f800000 ][ 1.000000 ] [ 1065353216 ] [ 0 16256 ] [ 0 0 128 63 ] [...?]
  7819 - [ 00000101 ][ 0.000000 ] [ 257 ] [ 257 0 ] [ 1 1 0 0 ] [....]
  7820 - [ 00000004 ][ 0.000000 ] [ 4 ] [ 4 0 ] [ 4 0 0 0 ] [....]
  7821 - [ 00000020 ][ 0.000000 ] [ 32 ] [ 32 0 ] [ 32 0 0 0 ] [....]
  7822 - [ 00000000 ][ 0.000000 ] [ 0 ] [ 0 0 ] [ 0 0 0 0 ] [....]
  7823 - [ 468f31e6 ][ 18328.949219 ] [ 1183789542 ] [ 12774 18063 ] [ 230 49 143 70 ] [.1.F]
  7824 - [ c1c18312 ][ -24.188999 ] [ 3250684690 ] [ 33554 49601 ] [ 18 131 193 193 ] [....]
  7825 - [ 4666e266 ][ 14776.599609 ] [ 1181147750 ] [ 57958 18022 ] [ 102 226 102 70 ] [f.fF]
  7826 - [ 3f800000 ][ 1.000000 ] [ 1065353216 ] [ 0 16256 ] [ 0 0 128 63 ] [...?]
  7827 - [ 468f31e6 ][ 18328.949219 ] [ 1183789542 ] [ 12774 18063 ] [ 230 49 143 70 ] [.1.F]
  7828 - [ c4154852 ][ -597.130005 ] [ 3289729106 ] [ 18514 50197 ] [ 82 72 21 196 ] [RH..]
  7829 - [ 4666e266 ][ 14776.599609 ] [ 1181147750 ] [ 57958 18022 ] [ 102 226 102 70 ] [f.fF]
  7830 - [ 3f800000 ][ 1.000000 ] [ 1065353216 ] [ 0 16256 ] [ 0 0 128 63 ] [...?]
  7831 - [ 4691eab3 ][ 18677.349609 ] [ 1183967923 ] [ 60083 18065 ] [ 179 234 145 70 ] [...F]
  7832 - [ c4154852 ][ -597.130005 ] [ 3289729106 ] [ 18514 50197 ] [ 82 72 21 196 ] [RH..]
  7833 - [ 466465cd ][ 14617.450195 ] [ 1180984781 ] [ 26061 18020 ] [ 205 101 100 70 ] [.edF]
  7834 - [ 3f800000 ][ 1.000000 ] [ 1065353216 ] [ 0 16256 ] [ 0 0 128 63 ] [...?]
  7835 - [ 4691eab3 ][ 18677.349609 ] [ 1183967923 ] [ 60083 18065 ] [ 179 234 145 70 ] [...F]
  7836 - [ c1c18312 ][ -24.188999 ] [ 3250684690 ] [ 33554 49601 ] [ 18 131 193 193 ] [....]
  7837 - [ 466465cd ][ 14617.450195 ] [ 1180984781 ] [ 26061 18020 ] [ 205 101 100 70 ] [.edF]
  7838 - [ 3f800000 ][ 1.000000 ] [ 1065353216 ] [ 0 16256 ] [ 0 0 128 63 ] [...?]
  7839 - [ 00000101 ][ 0.000000 ] [ 257 ] [ 257 0 ] [ 1 1 0 0 ] [....]
  7840 - [ 00000004 ][ 0.000000 ] [ 4 ] [ 4 0 ] [ 4 0 0 0 ] [....]
  7841 - [ 00000020 ][ 0.000000 ] [ 32 ] [ 32 0 ] [ 32 0 0 0 ] [....]
  7842 - [ 00000000 ][ 0.000000 ] [ 0 ] [ 0 0 ] [ 0 0 0 0 ] [....]
  7843 - [ 4692d34d ][ 18793.650391 ] [ 1184027469 ] [ 54093 18066 ] [ 77 211 146 70 ] [M..F]
  7844 - [ c1c182de ][ -24.188900 ] [ 3250684638 ] [ 33502 49601 ] [ 222 130 193 193 ] [....]
  7845 - [ 46684200 ][ 14864.500000 ] [ 1181237760 ] [ 16896 18024 ] [ 0 66 104 70 ] [.BhF]
  7846 - [ 3f800000 ][ 1.000000 ] [ 1065353216 ] [ 0 16256 ] [ 0 0 128 63 ] [...?]
  7847 - [ 4692d34d ][ 18793.650391 ] [ 1184027469 ] [ 54093 18066 ] [ 77 211 146 70 ] [M..F]
  7848 - [ c4154852 ][ -597.130005 ] [ 3289729106 ] [ 18514 50197 ] [ 82 72 21 196 ] [RH..]
  7849 - [ 46684200 ][ 14864.500000 ] [ 1181237760 ] [ 16896 18024 ] [ 0 66 104 70 ] [.BhF]
  7850 - [ 3f800000 ][ 1.000000 ] [ 1065353216 ] [ 0 16256 ] [ 0 0 128 63 ] [...?]
  7851 - [ 46901a80 ][ 18445.250000 ] [ 1183849088 ] [ 6784 18064 ] [ 128 26 144 70 ] [...F]
  7852 - [ c4154852 ][ -597.130005 ] [ 3289729106 ] [ 18514 50197 ] [ 82 72 21 196 ] [RH..]
  7853 - [ 466abe66 ][ 15023.599609 ] [ 1181400678 ] [ 48742 18026 ] [ 102 190 106 70 ] [f.jF]
  7854 - [ 3f800000 ][ 1.000000 ] [ 1065353216 ] [ 0 16256 ] [ 0 0 128 63 ] [...?]
  7855 - [ 46901a80 ][ 18445.250000 ] [ 1183849088 ] [ 6784 18064 ] [ 128 26 144 70 ] [...F]
  7856 - [ c1c182de ][ -24.188900 ] [ 3250684638 ] [ 33502 49601 ] [ 222 130 193 193 ] [....]
  7857 - [ 466abe66 ][ 15023.599609 ] [ 1181400678 ] [ 48742 18026 ] [ 102 190 106 70 ] [f.jF]
  7858 - [ 3f800000 ][ 1.000000 ] [ 1065353216 ] [ 0 16256 ] [ 0 0 128 63 ] [...?]
  7859 - [ 00000101 ][ 0.000000 ] [ 257 ] [ 257 0 ] [ 1 1 0 0 ] [....]
  7860 - [ 00000004 ][ 0.000000 ] [ 4 ] [ 4 0 ] [ 4 0 0 0 ] [....]
  7861 - [ 00000020 ][ 0.000000 ] [ 32 ] [ 32 0 ] [ 32 0 0 0 ] [....]
  7862 - [ 00000000 ][ 0.000000 ] [ 0 ] [ 0 0 ] [ 0 0 0 0 ] [....]
  7863 - [ 46c4719a ][ 25144.800781 ] [ 1187279258 ] [ 29082 18116 ] [ 154 113 196 70 ] [.q.F]
  7864 - [ c41e15c3 ][ -632.340027 ] [ 3290305987 ] [ 5571 50206 ] [ 195 21 30 196 ] [....]
  7865 - [ 469ea680 ][ 20307.250000 ] [ 1184802432 ] [ 42624 18078 ] [ 128 166 158 70 ] [...F]
  7866 - [ 3f800000 ][ 1.000000 ] [ 1065353216 ] [ 0 16256 ] [ 0 0 128 63 ] [...?]
  7867 - [ 46c3579a ][ 25003.800781 ] [ 1187207066 ] [ 22426 18115 ] [ 154 87 195 70 ] [.W.F]
  7868 - [ c41e15c3 ][ -632.340027 ] [ 3290305987 ] [ 5571 50206 ] [ 195 21 30 196 ] [....]
  7869 - [ 46a0a4e6 ][ 20562.449219 ] [ 1184933094 ] [ 42214 18080 ] [ 230 164 160 70 ] [...F]
  7870 - [ 3f800000 ][ 1.000000 ] [ 1065353216 ] [ 0 16256 ] [ 0 0 128 63 ] [...?]
  7871 - [ 46c63333 ][ 25369.599609 ] [ 1187394355 ] [ 13107 18118 ] [ 51 51 198 70 ] [33.F]
  7872 - [ c41e15c3 ][ -632.340027 ] [ 3290305987 ] [ 5571 50206 ] [ 195 21 30 196 ] [....]
  7873 - [ 46a2261a ][ 20755.050781 ] [ 1185031706 ] [ 9754 18082 ] [ 26 38 162 70 ] [.&.F]
  7874 - [ 3f800000 ][ 1.000000 ] [ 1065353216 ] [ 0 16256 ] [ 0 0 128 63 ] [...?]
  7875 - [ 46c74d4d ][ 25510.650391 ] [ 1187466573 ] [ 19789 18119 ] [ 77 77 199 70 ] [MM.F]
  7876 - [ c41e15c3 ][ -632.340027 ] [ 3290305987 ] [ 5571 50206 ] [ 195 21 30 196 ] [....]
  7877 - [ 46a0454d ][ 20514.650391 ] [ 1184908621 ] [ 17741 18080 ] [ 77 69 160 70 ] [ME.F]
  7878 - [ 3f800000 ][ 1.000000 ] [ 1065353216 ] [ 0 16256 ] [ 0 0 128 63 ] [...?]
  7879 - [ 00000101 ][ 0.000000 ] [ 257 ] [ 257 0 ] [ 1 1 0 0 ] [....]
  7880 - [ 00000004 ][ 0.000000 ] [ 4 ] [ 4 0 ] [ 4 0 0 0 ] [....]
  7881 - [ 00000020 ][ 0.000000 ] [ 32 ] [ 32 0 ] [ 32 0 0 0 ] [....]
  7882 - [ 00000000 ][ 0.000000 ] [ 0 ] [ 0 0 ] [ 0 0 0 0 ] [....]
  7883 - [ 46c63333 ][ 25369.599609 ] [ 1187394355 ] [ 13107 18118 ] [ 51 51 198 70 ] [33.F]
  7884 - [ c245b3c3 ][ -49.425549 ] [ 3259347907 ] [ 46019 49733 ] [ 195 179 69 194 ] [..E.]
  7885 - [ 46a2261a ][ 20755.050781 ] [ 1185031706 ] [ 9754 18082 ] [ 26 38 162 70 ] [.&.F]
  7886 - [ 3f800000 ][ 1.000000 ] [ 1065353216 ] [ 0 16256 ] [ 0 0 128 63 ] [...?]
  7887 - [ 46c63333 ][ 25369.599609 ] [ 1187394355 ] [ 13107 18118 ] [ 51 51 198 70 ] [33.F]
  7888 - [ c41e15c3 ][ -632.340027 ] [ 3290305987 ] [ 5571 50206 ] [ 195 21 30 196 ] [....]
  7889 - [ 46a2261a ][ 20755.050781 ] [ 1185031706 ] [ 9754 18082 ] [ 26 38 162 70 ] [.&.F]
  7890 - [ 3f800000 ][ 1.000000 ] [ 1065353216 ] [ 0 16256 ] [ 0 0 128 63 ] [...?]
  7891 - [ 46c3579a ][ 25003.800781 ] [ 1187207066 ] [ 22426 18115 ] [ 154 87 195 70 ] [.W.F]
  7892 - [ c41e15c3 ][ -632.340027 ] [ 3290305987 ] [ 5571 50206 ] [ 195 21 30 196 ] [....]
  7893 - [ 46a0a4e6 ][ 20562.449219 ] [ 1184933094 ] [ 42214 18080 ] [ 230 164 160 70 ] [...F]
  7894 - [ 3f800000 ][ 1.000000 ] [ 1065353216 ] [ 0 16256 ] [ 0 0 128 63 ] [...?]
  7895 - [ 46c3579a ][ 25003.800781 ] [ 1187207066 ] [ 22426 18115 ] [ 154 87 195 70 ] [.W.F]
  7896 - [ c245b3de ][ -49.425652 ] [ 3259347934 ] [ 46046 49733 ] [ 222 179 69 194 ] [..E.]
  7897 - [ 46a0a4e6 ][ 20562.449219 ] [ 1184933094 ] [ 42214 18080 ] [ 230 164 160 70 ] [...F]
  7898 - [ 3f800000 ][ 1.000000 ] [ 1065353216 ] [ 0 16256 ] [ 0 0 128 63 ] [...?]
  7899 - [ 00000101 ][ 0.000000 ] [ 257 ] [ 257 0 ] [ 1 1 0 0 ] [....]
  7900 - [ 00000004 ][ 0.000000 ] [ 4 ] [ 4 0 ] [ 4 0 0 0 ] [....]
  7901 - [ 00000020 ][ 0.000000 ] [ 32 ] [ 32 0 ] [ 32 0 0 0 ] [....]
  7902 - [ 00000000 ][ 0.000000 ] [ 0 ] [ 0 0 ] [ 0 0 0 0 ] [....]
  7903 - [ 46c3579a ][ 25003.800781 ] [ 1187207066 ] [ 22426 18115 ] [ 154 87 195 70 ] [.W.F]
  7904 - [ c245b3de ][ -49.425652 ] [ 3259347934 ] [ 46046 49733 ] [ 222 179 69 194 ] [..E.]
  7905 - [ 46a0a4e6 ][ 20562.449219 ] [ 1184933094 ] [ 42214 18080 ] [ 230 164 160 70 ] [...F]
  7906 - [ 3f800000 ][ 1.000000 ] [ 1065353216 ] [ 0 16256 ] [ 0 0 128 63 ] [...?]
  7907 - [ 46c3579a ][ 25003.800781 ] [ 1187207066 ] [ 22426 18115 ] [ 154 87 195 70 ] [.W.F]
  7908 - [ c41e15c3 ][ -632.340027 ] [ 3290305987 ] [ 5571 50206 ] [ 195 21 30 196 ] [....]
  7909 - [ 46a0a4e6 ][ 20562.449219 ] [ 1184933094 ] [ 42214 18080 ] [ 230 164 160 70 ] [...F]
  7910 - [ 3f800000 ][ 1.000000 ] [ 1065353216 ] [ 0 16256 ] [ 0 0 128 63 ] [...?]
  7911 - [ 46c4719a ][ 25144.800781 ] [ 1187279258 ] [ 29082 18116 ] [ 154 113 196 70 ] [.q.F]
  7912 - [ c41e15c3 ][ -632.340027 ] [ 3290305987 ] [ 5571 50206 ] [ 195 21 30 196 ] [....]
  7913 - [ 469ea680 ][ 20307.250000 ] [ 1184802432 ] [ 42624 18078 ] [ 128 166 158 70 ] [...F]
  7914 - [ 3f800000 ][ 1.000000 ] [ 1065353216 ] [ 0 16256 ] [ 0 0 128 63 ] [...?]
  7915 - [ 46c4719a ][ 25144.800781 ] [ 1187279258 ] [ 29082 18116 ] [ 154 113 196 70 ] [.q.F]
  7916 - [ c245b3f8 ][ -49.425751 ] [ 3259347960 ] [ 46072 49733 ] [ 248 179 69 194 ] [..E.]
  7917 - [ 469ea680 ][ 20307.250000 ] [ 1184802432 ] [ 42624 18078 ] [ 128 166 158 70 ] [...F]
  7918 - [ 3f800000 ][ 1.000000 ] [ 1065353216 ] [ 0 16256 ] [ 0 0 128 63 ] [...?]
  7919 - [ 00000101 ][ 0.000000 ] [ 257 ] [ 257 0 ] [ 1 1 0 0 ] [....]
  7920 - [ 00000004 ][ 0.000000 ] [ 4 ] [ 4 0 ] [ 4 0 0 0 ] [....]
  7921 - [ 00000020 ][ 0.000000 ] [ 32 ] [ 32 0 ] [ 32 0 0 0 ] [....]
  7922 - [ 00000000 ][ 0.000000 ] [ 0 ] [ 0 0 ] [ 0 0 0 0 ] [....]
  7923 - [ 46c74d4d ][ 25510.650391 ] [ 1187466573 ] [ 19789 18119 ] [ 77 77 199 70 ] [MM.F]
  7924 - [ c245b3de ][ -49.425652 ] [ 3259347934 ] [ 46046 49733 ] [ 222 179 69 194 ] [..E.]
  7925 - [ 46a0454d ][ 20514.650391 ] [ 1184908621 ] [ 17741 18080 ] [ 77 69 160 70 ] [ME.F]
  7926 - [ 3f800000 ][ 1.000000 ] [ 1065353216 ] [ 0 16256 ] [ 0 0 128 63 ] [...?]
  7927 - [ 46c74d4d ][ 25510.650391 ] [ 1187466573 ] [ 19789 18119 ] [ 77 77 199 70 ] [MM.F]
  7928 - [ c41e15c3 ][ -632.340027 ] [ 3290305987 ] [ 5571 50206 ] [ 195 21 30 196 ] [....]
  7929 - [ 46a0454d ][ 20514.650391 ] [ 1184908621 ] [ 17741 18080 ] [ 77 69 160 70 ] [ME.F]
  7930 - [ 3f800000 ][ 1.000000 ] [ 1065353216 ] [ 0 16256 ] [ 0 0 128 63 ] [...?]
  7931 - [ 46c63333 ][ 25369.599609 ] [ 1187394355 ] [ 13107 18118 ] [ 51 51 198 70 ] [33.F]
  7932 - [ c41e15c3 ][ -632.340027 ] [ 3290305987 ] [ 5571 50206 ] [ 195 21 30 196 ] [....]
  7933 - [ 46a2261a ][ 20755.050781 ] [ 1185031706 ] [ 9754 18082 ] [ 26 38 162 70 ] [.&.F]
  7934 - [ 3f800000 ][ 1.000000 ] [ 1065353216 ] [ 0 16256 ] [ 0 0 128 63 ] [...?]
  7935 - [ 46c63333 ][ 25369.599609 ] [ 1187394355 ] [ 13107 18118 ] [ 51 51 198 70 ] [33.F]
  7936 - [ c245b3c3 ][ -49.425549 ] [ 3259347907 ] [ 46019 49733 ] [ 195 179 69 194 ] [..E.]
  7937 - [ 46a2261a ][ 20755.050781 ] [ 1185031706 ] [ 9754 18082 ] [ 26 38 162 70 ] [.&.F]
  7938 - [ 3f800000 ][ 1.000000 ] [ 1065353216 ] [ 0 16256 ] [ 0 0 128 63 ] [...?]
  7939 - [ 00000101 ][ 0.000000 ] [ 257 ] [ 257 0 ] [ 1 1 0 0 ] [....]
  7940 - [ 00000004 ][ 0.000000 ] [ 4 ] [ 4 0 ] [ 4 0 0 0 ] [....]
  7941 - [ 00000020 ][ 0.000000 ] [ 32 ] [ 32 0 ] [ 32 0 0 0 ] [....]
  7942 - [ 00000000 ][ 0.000000 ] [ 0 ] [ 0 0 ] [ 0 0 0 0 ] [....]
  7943 - [ 46c4719a ][ 25144.800781 ] [ 1187279258 ] [ 29082 18116 ] [ 154 113 196 70 ] [.q.F]
  7944 - [ c245b3f8 ][ -49.425751 ] [ 3259347960 ] [ 46072 49733 ] [ 248 179 69 194 ] [..E.]
  7945 - [ 469ea680 ][ 20307.250000 ] [ 1184802432 ] [ 42624 18078 ] [ 128 166 158 70 ] [...F]
  7946 - [ 3f800000 ][ 1.000000 ] [ 1065353216 ] [ 0 16256 ] [ 0 0 128 63 ] [...?]
  7947 - [ 46c4719a ][ 25144.800781 ] [ 1187279258 ] [ 29082 18116 ] [ 154 113 196 70 ] [.q.F]
  7948 - [ c41e15c3 ][ -632.340027 ] [ 3290305987 ] [ 5571 50206 ] [ 195 21 30 196 ] [....]
  7949 - [ 469ea680 ][ 20307.250000 ] [ 1184802432 ] [ 42624 18078 ] [ 128 166 158 70 ] [...F]
  7950 - [ 3f800000 ][ 1.000000 ] [ 1065353216 ] [ 0 16256 ] [ 0 0 128 63 ] [...?]
  7951 - [ 46c74d4d ][ 25510.650391 ] [ 1187466573 ] [ 19789 18119 ] [ 77 77 199 70 ] [MM.F]
  7952 - [ c41e15c3 ][ -632.340027 ] [ 3290305987 ] [ 5571 50206 ] [ 195 21 30 196 ] [....]
  7953 - [ 46a0454d ][ 20514.650391 ] [ 1184908621 ] [ 17741 18080 ] [ 77 69 160 70 ] [ME.F]
  7954 - [ 3f800000 ][ 1.000000 ] [ 1065353216 ] [ 0 16256 ] [ 0 0 128 63 ] [...?]
  7955 - [ 46c74d4d ][ 25510.650391 ] [ 1187466573 ] [ 19789 18119 ] [ 77 77 199 70 ] [MM.F]
  7956 - [ c245b3de ][ -49.425652 ] [ 3259347934 ] [ 46046 49733 ] [ 222 179 69 194 ] [..E.]
  7957 - [ 46a0454d ][ 20514.650391 ] [ 1184908621 ] [ 17741 18080 ] [ 77 69 160 70 ] [ME.F]
  7958 - [ 3f800000 ][ 1.000000 ] [ 1065353216 ] [ 0 16256 ] [ 0 0 128 63 ] [...?]
  7959 - [ 00000101 ][ 0.000000 ] [ 257 ] [ 257 0 ] [ 1 1 0 0 ] [....]
  7960 - [ 00000004 ][ 0.000000 ] [ 4 ] [ 4 0 ] [ 4 0 0 0 ] [....]
  7961 - [ 00000080 ][ 0.000000 ] [ 128 ] [ 128 0 ] [ 128 0 0 0 ] [....]
  7962 - [ 00000000 ][ 0.000000 ] [ 0 ] [ 0 0 ] [ 0 0 0 0 ] [....]
  7963 - [ 46810ae6 ][ 16517.449219 ] [ 1182862054 ] [ 2790 18049 ] [ 230 10 129 70 ] [...F]
  7964 - [ c422728f ][ -649.789978 ] [ 3290591887 ] [ 29327 50210 ] [ 143 114 34 196 ] [.r".]
  7965 - [ 4686de00 ][ 17263.000000 ] [ 1183243776 ] [ 56832 18054 ] [ 0 222 134 70 ] [...F]
  7966 - [ 3f800000 ][ 1.000000 ] [ 1065353216 ] [ 0 16256 ] [ 0 0 128 63 ] [...?]
  7967 - [ 46786fcd ][ 15899.950195 ] [ 1182298061 ] [ 28621 18040 ] [ 205 111 120 70 ] [.oxF]
  7968 - [ c422728f ][ -649.789978 ] [ 3290591887 ] [ 29327 50210 ] [ 143 114 34 196 ] [.r".]
  7969 - [ 468f4ee6 ][ 18343.449219 ] [ 1183796966 ] [ 20198 18063 ] [ 230 78 143 70 ] [.N.F]
  7970 - [ 3f800000 ][ 1.000000 ] [ 1065353216 ] [ 0 16256 ] [ 0 0 128 63 ] [...?]
  7971 - [ 467d6433 ][ 16217.049805 ] [ 1182622771 ] [ 25651 18045 ] [ 51 100 125 70 ] [3d}F]
  7972 - [ c36b7062 ][ -235.438995 ] [ 3278598242 ] [ 28770 50027 ] [ 98 112 107 195 ] [bpk.]
  7973 - [ 4690b79a ][ 18523.800781 ] [ 1183889306 ] [ 47002 18064 ] [ 154 183 144 70 ] [...F]
  7974 - [ 3f800000 ][ 1.000000 ] [ 1065353216 ] [ 0 16256 ] [ 0 0 128 63 ] [...?]
  7975 - [ 4683851a ][ 16834.550781 ] [ 1183024410 ] [ 34074 18051 ] [ 26 133 131 70 ] [...F]
  7976 - [ c36b7062 ][ -235.438995 ] [ 3278598242 ] [ 28770 50027 ] [ 98 112 107 195 ] [bpk.]
  7977 - [ 468846b3 ][ 17443.349609 ] [ 1183336115 ] [ 18099 18056 ] [ 179 70 136 70 ] [.F.F]
  7978 - [ 3f800000 ][ 1.000000 ] [ 1065353216 ] [ 0 16256 ] [ 0 0 128 63 ] [...?]
  7979 - [ 00000101 ][ 0.000000 ] [ 257 ] [ 257 0 ] [ 1 1 0 0 ] [....]
  7980 - [ 00000004 ][ 0.000000 ] [ 4 ] [ 4 0 ] [ 4 0 0 0 ] [....]
  7981 - [ 00000800 ][ 0.000000 ] [ 2048 ] [ 2048 0 ] [ 0 8 0 0 ] [....]
  7982 - [ 00000000 ][ 0.000000 ] [ 0 ] [ 0 0 ] [ 0 0 0 0 ] [....]
  7983 - [ 46b7e600 ][ 23539.000000 ] [ 1186457088 ] [ 58880 18103 ] [ 0 230 183 70 ] [...F]
  7984 - [ c42483d7 ][ -658.059998 ] [ 3290727383 ] [ 33751 50212 ] [ 215 131 36 196 ] [..$.]
  7985 - [ 46a2069a ][ 20739.300781 ] [ 1185023642 ] [ 1690 18082 ] [ 154 6 162 70 ] [...F]
  7986 - [ 3f800000 ][ 1.000000 ] [ 1065353216 ] [ 0 16256 ] [ 0 0 128 63 ] [...?]
  7987 - [ 46b75ecd ][ 23471.400391 ] [ 1186422477 ] [ 24269 18103 ] [ 205 94 183 70 ] [.^.F]
  7988 - [ c42483d7 ][ -658.059998 ] [ 3290727383 ] [ 33751 50212 ] [ 215 131 36 196 ] [..$.]
  7989 - [ 469cf000 ][ 20088.000000 ] [ 1184690176 ] [ 61440 18076 ] [ 0 240 156 70 ] [...F]
  7990 - [ 3f800000 ][ 1.000000 ] [ 1065353216 ] [ 0 16256 ] [ 0 0 128 63 ] [...?]
  7991 - [ 46b6ff00 ][ 23423.500000 ] [ 1186397952 ] [ 65280 18102 ] [ 0 255 182 70 ] [...F]
  7992 - [ c42483d7 ][ -658.059998 ] [ 3290727383 ] [ 33751 50212 ] [ 215 131 36 196 ] [..$.]
  7993 - [ 469d0c80 ][ 20102.250000 ] [ 1184697472 ] [ 3200 18077 ] [ 128 12 157 70 ] [...F]
  7994 - [ 3f800000 ][ 1.000000 ] [ 1065353216 ] [ 0 16256 ] [ 0 0 128 63 ] [...?]
  7995 - [ 46b78633 ][ 23491.099609 ] [ 1186432563 ] [ 34355 18103 ] [ 51 134 183 70 ] [3..F]
  7996 - [ c42483d7 ][ -658.059998 ] [ 3290727383 ] [ 33751 50212 ] [ 215 131 36 196 ] [..$.]
  7997 - [ 46a2231a ][ 20753.550781 ] [ 1185030938 ] [ 8986 18082 ] [ 26 35 162 70 ] [.#.F]
  7998 - [ 3f800000 ][ 1.000000 ] [ 1065353216 ] [ 0 16256 ] [ 0 0 128 63 ] [...?]
  7999 - [ 00000101 ][ 0.000000 ] [ 257 ] [ 257 0 ] [ 1 1 0 0 ] [....]
  8000 - [ 00000004 ][ 0.000000 ] [ 4 ] [ 4 0 ] [ 4 0 0 0 ] [....]
  8001 - [ 00000800 ][ 0.000000 ] [ 2048 ] [ 2048 0 ] [ 0 8 0 0 ] [....]
  8002 - [ 00000000 ][ 0.000000 ] [ 0 ] [ 0 0 ] [ 0 0 0 0 ] [....]
  8003 - [ 46b75ecd ][ 23471.400391 ] [ 1186422477 ] [ 24269 18103 ] [ 205 94 183 70 ] [.^.F]
  8004 - [ 41c7ff2e ][ 24.999599 ] [ 1103626030 ] [ 65326 16839 ] [ 46 255 199 65 ] [...A]
  8005 - [ 469cf000 ][ 20088.000000 ] [ 1184690176 ] [ 61440 18076 ] [ 0 240 156 70 ] [...F]
  8006 - [ 3f800000 ][ 1.000000 ] [ 1065353216 ] [ 0 16256 ] [ 0 0 128 63 ] [...?]
  8007 - [ 46b75ecd ][ 23471.400391 ] [ 1186422477 ] [ 24269 18103 ] [ 205 94 183 70 ] [.^.F]
  8008 - [ c42483d7 ][ -658.059998 ] [ 3290727383 ] [ 33751 50212 ] [ 215 131 36 196 ] [..$.]
  8009 - [ 469cf000 ][ 20088.000000 ] [ 1184690176 ] [ 61440 18076 ] [ 0 240 156 70 ] [...F]
  8010 - [ 3f800000 ][ 1.000000 ] [ 1065353216 ] [ 0 16256 ] [ 0 0 128 63 ] [...?]
  8011 - [ 46b7e600 ][ 23539.000000 ] [ 1186457088 ] [ 58880 18103 ] [ 0 230 183 70 ] [...F]
  8012 - [ c42483d7 ][ -658.059998 ] [ 3290727383 ] [ 33751 50212 ] [ 215 131 36 196 ] [..$.]
  8013 - [ 46a2069a ][ 20739.300781 ] [ 1185023642 ] [ 1690 18082 ] [ 154 6 162 70 ] [...F]
  8014 - [ 3f800000 ][ 1.000000 ] [ 1065353216 ] [ 0 16256 ] [ 0 0 128 63 ] [...?]
  8015 - [ 46b7e600 ][ 23539.000000 ] [ 1186457088 ] [ 58880 18103 ] [ 0 230 183 70 ] [...F]
  8016 - [ 41c7ff97 ][ 24.999800 ] [ 1103626135 ] [ 65431 16839 ] [ 151 255 199 65 ] [...A]
  8017 - [ 46a2069a ][ 20739.300781 ] [ 1185023642 ] [ 1690 18082 ] [ 154 6 162 70 ] [...F]
  8018 - [ 3f800000 ][ 1.000000 ] [ 1065353216 ] [ 0 16256 ] [ 0 0 128 63 ] [...?]
  8019 - [ 00000101 ][ 0.000000 ] [ 257 ] [ 257 0 ] [ 1 1 0 0 ] [....]
  8020 - [ 00000004 ][ 0.000000 ] [ 4 ] [ 4 0 ] [ 4 0 0 0 ] [....]
  8021 - [ 00000800 ][ 0.000000 ] [ 2048 ] [ 2048 0 ] [ 0 8 0 0 ] [....]
  8022 - [ 00000000 ][ 0.000000 ] [ 0 ] [ 0 0 ] [ 0 0 0 0 ] [....]
  8023 - [ 46b6ff00 ][ 23423.500000 ] [ 1186397952 ] [ 65280 18102 ] [ 0 255 182 70 ] [...F]
  8024 - [ 41c7ff2e ][ 24.999599 ] [ 1103626030 ] [ 65326 16839 ] [ 46 255 199 65 ] [...A]
  8025 - [ 469d0c80 ][ 20102.250000 ] [ 1184697472 ] [ 3200 18077 ] [ 128 12 157 70 ] [...F]
  8026 - [ 3f800000 ][ 1.000000 ] [ 1065353216 ] [ 0 16256 ] [ 0 0 128 63 ] [...?]
  8027 - [ 46b6ff00 ][ 23423.500000 ] [ 1186397952 ] [ 65280 18102 ] [ 0 255 182 70 ] [...F]
  8028 - [ c42483d7 ][ -658.059998 ] [ 3290727383 ] [ 33751 50212 ] [ 215 131 36 196 ] [..$.]
  8029 - [ 469d0c80 ][ 20102.250000 ] [ 1184697472 ] [ 3200 18077 ] [ 128 12 157 70 ] [...F]
  8030 - [ 3f800000 ][ 1.000000 ] [ 1065353216 ] [ 0 16256 ] [ 0 0 128 63 ] [...?]
  8031 - [ 46b75ecd ][ 23471.400391 ] [ 1186422477 ] [ 24269 18103 ] [ 205 94 183 70 ] [.^.F]
  8032 - [ c42483d7 ][ -658.059998 ] [ 3290727383 ] [ 33751 50212 ] [ 215 131 36 196 ] [..$.]
  8033 - [ 469cf000 ][ 20088.000000 ] [ 1184690176 ] [ 61440 18076 ] [ 0 240 156 70 ] [...F]
  8034 - [ 3f800000 ][ 1.000000 ] [ 1065353216 ] [ 0 16256 ] [ 0 0 128 63 ] [...?]
  8035 - [ 46b75ecd ][ 23471.400391 ] [ 1186422477 ] [ 24269 18103 ] [ 205 94 183 70 ] [.^.F]
  8036 - [ 41c7ff2e ][ 24.999599 ] [ 1103626030 ] [ 65326 16839 ] [ 46 255 199 65 ] [...A]
  8037 - [ 469cf000 ][ 20088.000000 ] [ 1184690176 ] [ 61440 18076 ] [ 0 240 156 70 ] [...F]
  8038 - [ 3f800000 ][ 1.000000 ] [ 1065353216 ] [ 0 16256 ] [ 0 0 128 63 ] [...?]
  8039 - [ 00000101 ][ 0.000000 ] [ 257 ] [ 257 0 ] [ 1 1 0 0 ] [....]
  8040 - [ 00000004 ][ 0.000000 ] [ 4 ] [ 4 0 ] [ 4 0 0 0 ] [....]
  8041 - [ 00000800 ][ 0.000000 ] [ 2048 ] [ 2048 0 ] [ 0 8 0 0 ] [....]
  8042 - [ 00000000 ][ 0.000000 ] [ 0 ] [ 0 0 ] [ 0 0 0 0 ] [....]
  8043 - [ 468d74b3 ][ 18106.349609 ] [ 1183675571 ] [ 29875 18061 ] [ 179 116 141 70 ] [.t.F]
  8044 - [ c42483d7 ][ -658.059998 ] [ 3290727383 ] [ 33751 50212 ] [ 215 131 36 196 ] [..$.]
  8045 - [ 468aa500 ][ 17746.500000 ] [ 1183491328 ] [ 42240 18058 ] [ 0 165 138 70 ] [...F]
  8046 - [ 3f800000 ][ 1.000000 ] [ 1065353216 ] [ 0 16256 ] [ 0 0 128 63 ] [...?]
  8047 - [ 468b25b3 ][ 17810.849609 ] [ 1183524275 ] [ 9651 18059 ] [ 179 37 139 70 ] [.%.F]
  8048 - [ c42483d7 ][ -658.059998 ] [ 3290727383 ] [ 33751 50212 ] [ 215 131 36 196 ] [..$.]
  8049 - [ 468f35b3 ][ 18330.849609 ] [ 1183790515 ] [ 13747 18063 ] [ 179 53 143 70 ] [.5.F]
  8050 - [ 3f800000 ][ 1.000000 ] [ 1065353216 ] [ 0 16256 ] [ 0 0 128 63 ] [...?]
  8051 - [ 468b85cd ][ 17858.900391 ] [ 1183548877 ] [ 34253 18059 ] [ 205 133 139 70 ] [...F]
  8052 - [ c42483d7 ][ -658.059998 ] [ 3290727383 ] [ 33751 50212 ] [ 215 131 36 196 ] [..$.]
  8053 - [ 468f519a ][ 18344.800781 ] [ 1183797658 ] [ 20890 18063 ] [ 154 81 143 70 ] [.Q.F]
  8054 - [ 3f800000 ][ 1.000000 ] [ 1065353216 ] [ 0 16256 ] [ 0 0 128 63 ] [...?]
  8055 - [ 468dd4b3 ][ 18154.349609 ] [ 1183700147 ] [ 54451 18061 ] [ 179 212 141 70 ] [...F]
  8056 - [ c42483d7 ][ -658.059998 ] [ 3290727383 ] [ 33751 50212 ] [ 215 131 36 196 ] [..$.]
  8057 - [ 468ac0cd ][ 17760.400391 ] [ 1183498445 ] [ 49357 18058 ] [ 205 192 138 70 ] [...F]
  8058 - [ 3f800000 ][ 1.000000 ] [ 1065353216 ] [ 0 16256 ] [ 0 0 128 63 ] [...?]
  8059 - [ 00000101 ][ 0.000000 ] [ 257 ] [ 257 0 ] [ 1 1 0 0 ] [....]
  8060 - [ 00000004 ][ 0.000000 ] [ 4 ] [ 4 0 ] [ 4 0 0 0 ] [....]
  8061 - [ 00000800 ][ 0.000000 ] [ 2048 ] [ 2048 0 ] [ 0 8 0 0 ] [....]
  8062 - [ 00000000 ][ 0.000000 ] [ 0 ] [ 0 0 ] [ 0 0 0 0 ] [....]
  8063 - [ 468b25b3 ][ 17810.849609 ] [ 1183524275 ] [ 9651 18059 ] [ 179 37 139 70 ] [.%.F]
  8064 - [ 41c7fdd9 ][ 24.998949 ] [ 1103625689 ] [ 64985 16839 ] [ 217 253 199 65 ] [...A]
  8065 - [ 468f35b3 ][ 18330.849609 ] [ 1183790515 ] [ 13747 18063 ] [ 179 53 143 70 ] [.5.F]
  8066 - [ 3f800000 ][ 1.000000 ] [ 1065353216 ] [ 0 16256 ] [ 0 0 128 63 ] [...?]
  8067 - [ 468b25b3 ][ 17810.849609 ] [ 1183524275 ] [ 9651 18059 ] [ 179 37 139 70 ] [.%.F]
  8068 - [ c42483d7 ][ -658.059998 ] [ 3290727383 ] [ 33751 50212 ] [ 215 131 36 196 ] [..$.]
  8069 - [ 468f35b3 ][ 18330.849609 ] [ 1183790515 ] [ 13747 18063 ] [ 179 53 143 70 ] [.5.F]
  8070 - [ 3f800000 ][ 1.000000 ] [ 1065353216 ] [ 0 16256 ] [ 0 0 128 63 ] [...?]
  8071 - [ 468d74b3 ][ 18106.349609 ] [ 1183675571 ] [ 29875 18061 ] [ 179 116 141 70 ] [.t.F]
  8072 - [ c42483d7 ][ -658.059998 ] [ 3290727383 ] [ 33751 50212 ] [ 215 131 36 196 ] [..$.]
  8073 - [ 468aa500 ][ 17746.500000 ] [ 1183491328 ] [ 42240 18058 ] [ 0 165 138 70 ] [...F]
  8074 - [ 3f800000 ][ 1.000000 ] [ 1065353216 ] [ 0 16256 ] [ 0 0 128 63 ] [...?]
  8075 - [ 468d74b3 ][ 18106.349609 ] [ 1183675571 ] [ 29875 18061 ] [ 179 116 141 70 ] [.t.F]
  8076 - [ 41c7fda5 ][ 24.998850 ] [ 1103625637 ] [ 64933 16839 ] [ 165 253 199 65 ] [...A]
  8077 - [ 468aa500 ][ 17746.500000 ] [ 1183491328 ] [ 42240 18058 ] [ 0 165 138 70 ] [...F]
  8078 - [ 3f800000 ][ 1.000000 ] [ 1065353216 ] [ 0 16256 ] [ 0 0 128 63 ] [...?]
  8079 - [ 00000101 ][ 0.000000 ] [ 257 ] [ 257 0 ] [ 1 1 0 0 ] [....]
  8080 - [ 00000004 ][ 0.000000 ] [ 4 ] [ 4 0 ] [ 4 0 0 0 ] [....]
  8081 - [ 00000800 ][ 0.000000 ] [ 2048 ] [ 2048 0 ] [ 0 8 0 0 ] [....]
  8082 - [ 00000000 ][ 0.000000 ] [ 0 ] [ 0 0 ] [ 0 0 0 0 ] [....]
  8083 - [ 468b85cd ][ 17858.900391 ] [ 1183548877 ] [ 34253 18059 ] [ 205 133 139 70 ] [...F]
  8084 - [ 41c7fdd9 ][ 24.998949 ] [ 1103625689 ] [ 64985 16839 ] [ 217 253 199 65 ] [...A]
  8085 - [ 468f519a ][ 18344.800781 ] [ 1183797658 ] [ 20890 18063 ] [ 154 81 143 70 ] [.Q.F]
  8086 - [ 3f800000 ][ 1.000000 ] [ 1065353216 ] [ 0 16256 ] [ 0 0 128 63 ] [...?]
  8087 - [ 468b85cd ][ 17858.900391 ] [ 1183548877 ] [ 34253 18059 ] [ 205 133 139 70 ] [...F]
  8088 - [ c42483d7 ][ -658.059998 ] [ 3290727383 ] [ 33751 50212 ] [ 215 131 36 196 ] [..$.]
  8089 - [ 468f519a ][ 18344.800781 ] [ 1183797658 ] [ 20890 18063 ] [ 154 81 143 70 ] [.Q.F]
  8090 - [ 3f800000 ][ 1.000000 ] [ 1065353216 ] [ 0 16256 ] [ 0 0 128 63 ] [...?]
  8091 - [ 468b25b3 ][ 17810.849609 ] [ 1183524275 ] [ 9651 18059 ] [ 179 37 139 70 ] [.%.F]
  8092 - [ c42483d7 ][ -658.059998 ] [ 3290727383 ] [ 33751 50212 ] [ 215 131 36 196 ] [..$.]
  8093 - [ 468f35b3 ][ 18330.849609 ] [ 1183790515 ] [ 13747 18063 ] [ 179 53 143 70 ] [.5.F]
  8094 - [ 3f800000 ][ 1.000000 ] [ 1065353216 ] [ 0 16256 ] [ 0 0 128 63 ] [...?]
  8095 - [ 468b25b3 ][ 17810.849609 ] [ 1183524275 ] [ 9651 18059 ] [ 179 37 139 70 ] [.%.F]
  8096 - [ 41c7fdd9 ][ 24.998949 ] [ 1103625689 ] [ 64985 16839 ] [ 217 253 199 65 ] [...A]
  8097 - [ 468f35b3 ][ 18330.849609 ] [ 1183790515 ] [ 13747 18063 ] [ 179 53 143 70 ] [.5.F]
  8098 - [ 3f800000 ][ 1.000000 ] [ 1065353216 ] [ 0 16256 ] [ 0 0 128 63 ] [...?]
  8099 - [ 00000101 ][ 0.000000 ] [ 257 ] [ 257 0 ] [ 1 1 0 0 ] [....]
  8100 - [ 00000004 ][ 0.000000 ] [ 4 ] [ 4 0 ] [ 4 0 0 0 ] [....]
  8101 - [ 00000800 ][ 0.000000 ] [ 2048 ] [ 2048 0 ] [ 0 8 0 0 ] [....]
  8102 - [ 00000000 ][ 0.000000 ] [ 0 ] [ 0 0 ] [ 0 0 0 0 ] [....]
  8103 - [ 46acac00 ][ 22102.000000 ] [ 1185721344 ] [ 44032 18092 ] [ 0 172 172 70 ] [...F]
  8104 - [ c42483d7 ][ -658.059998 ] [ 3290727383 ] [ 33751 50212 ] [ 215 131 36 196 ] [..$.]
  8105 - [ 46b07800 ][ 22588.000000 ] [ 1185970176 ] [ 30720 18096 ] [ 0 120 176 70 ] [.x.F]
  8106 - [ 3f800000 ][ 1.000000 ] [ 1065353216 ] [ 0 16256 ] [ 0 0 128 63 ] [...?]
  8107 - [ 46af7600 ][ 22459.000000 ] [ 1185904128 ] [ 30208 18095 ] [ 0 118 175 70 ] [.v.F]
  8108 - [ c42483d7 ][ -658.059998 ] [ 3290727383 ] [ 33751 50212 ] [ 215 131 36 196 ] [..$.]
  8109 - [ 46ac2e00 ][ 22039.000000 ] [ 1185689088 ] [ 11776 18092 ] [ 0 46 172 70 ] [...F]
  8110 - [ 3f800000 ][ 1.000000 ] [ 1065353216 ] [ 0 16256 ] [ 0 0 128 63 ] [...?]
  8111 - [ 46af1980 ][ 22412.750000 ] [ 1185880448 ] [ 6528 18095 ] [ 128 25 175 70 ] [...F]
  8112 - [ c42483d7 ][ -658.059998 ] [ 3290727383 ] [ 33751 50212 ] [ 215 131 36 196 ] [..$.]
  8113 - [ 46ac07e6 ][ 22019.949219 ] [ 1185679334 ] [ 2022 18092 ] [ 230 7 172 70 ] [...F]
  8114 - [ 3f800000 ][ 1.000000 ] [ 1065353216 ] [ 0 16256 ] [ 0 0 128 63 ] [...?]
  8115 - [ 46ac4f80 ][ 22055.750000 ] [ 1185697664 ] [ 20352 18092 ] [ 128 79 172 70 ] [.O.F]
  8116 - [ c42483d7 ][ -658.059998 ] [ 3290727383 ] [ 33751 50212 ] [ 215 131 36 196 ] [..$.]
  8117 - [ 46b051e6 ][ 22568.949219 ] [ 1185960422 ] [ 20966 18096 ] [ 230 81 176 70 ] [.Q.F]
  8118 - [ 3f800000 ][ 1.000000 ] [ 1065353216 ] [ 0 16256 ] [ 0 0 128 63 ] [...?]
  8119 - [ 00000101 ][ 0.000000 ] [ 257 ] [ 257 0 ] [ 1 1 0 0 ] [....]
  8120 - [ 00000004 ][ 0.000000 ] [ 4 ] [ 4 0 ] [ 4 0 0 0 ] [....]
  8121 - [ 00000800 ][ 0.000000 ] [ 2048 ] [ 2048 0 ] [ 0 8 0 0 ] [....]
  8122 - [ 00000000 ][ 0.000000 ] [ 0 ] [ 0 0 ] [ 0 0 0 0 ] [....]
  8123 - [ 46af7600 ][ 22459.000000 ] [ 1185904128 ] [ 30208 18095 ] [ 0 118 175 70 ] [.v.F]
  8124 - [ 41c8001a ][ 25.000050 ] [ 1103626266 ] [ 26 16840 ] [ 26 0 200 65 ] [...A]
  8125 - [ 46ac2e00 ][ 22039.000000 ] [ 1185689088 ] [ 11776 18092 ] [ 0 46 172 70 ] [...F]
  8126 - [ 3f800000 ][ 1.000000 ] [ 1065353216 ] [ 0 16256 ] [ 0 0 128 63 ] [...?]
  8127 - [ 46af7600 ][ 22459.000000 ] [ 1185904128 ] [ 30208 18095 ] [ 0 118 175 70 ] [.v.F]
  8128 - [ c42483d7 ][ -658.059998 ] [ 3290727383 ] [ 33751 50212 ] [ 215 131 36 196 ] [..$.]
  8129 - [ 46ac2e00 ][ 22039.000000 ] [ 1185689088 ] [ 11776 18092 ] [ 0 46 172 70 ] [...F]
  8130 - [ 3f800000 ][ 1.000000 ] [ 1065353216 ] [ 0 16256 ] [ 0 0 128 63 ] [...?]
  8131 - [ 46acac00 ][ 22102.000000 ] [ 1185721344 ] [ 44032 18092 ] [ 0 172 172 70 ] [...F]
  8132 - [ c42483d7 ][ -658.059998 ] [ 3290727383 ] [ 33751 50212 ] [ 215 131 36 196 ] [..$.]
  8133 - [ 46b07800 ][ 22588.000000 ] [ 1185970176 ] [ 30720 18096 ] [ 0 120 176 70 ] [.x.F]
  8134 - [ 3f800000 ][ 1.000000 ] [ 1065353216 ] [ 0 16256 ] [ 0 0 128 63 ] [...?]
  8135 - [ 46acac00 ][ 22102.000000 ] [ 1185721344 ] [ 44032 18092 ] [ 0 172 172 70 ] [...F]
  8136 - [ 41c8004f ][ 25.000151 ] [ 1103626319 ] [ 79 16840 ] [ 79 0 200 65 ] [O..A]
  8137 - [ 46b07800 ][ 22588.000000 ] [ 1185970176 ] [ 30720 18096 ] [ 0 120 176 70 ] [.x.F]
  8138 - [ 3f800000 ][ 1.000000 ] [ 1065353216 ] [ 0 16256 ] [ 0 0 128 63 ] [...?]
  8139 - [ 00000101 ][ 0.000000 ] [ 257 ] [ 257 0 ] [ 1 1 0 0 ] [....]
  8140 - [ 00000004 ][ 0.000000 ] [ 4 ] [ 4 0 ] [ 4 0 0 0 ] [....]
  8141 - [ 00000800 ][ 0.000000 ] [ 2048 ] [ 2048 0 ] [ 0 8 0 0 ] [....]
  8142 - [ 00000000 ][ 0.000000 ] [ 0 ] [ 0 0 ] [ 0 0 0 0 ] [....]
  8143 - [ 46af1980 ][ 22412.750000 ] [ 1185880448 ] [ 6528 18095 ] [ 128 25 175 70 ] [...F]
  8144 - [ 41c8001a ][ 25.000050 ] [ 1103626266 ] [ 26 16840 ] [ 26 0 200 65 ] [...A]
  8145 - [ 46ac07e6 ][ 22019.949219 ] [ 1185679334 ] [ 2022 18092 ] [ 230 7 172 70 ] [...F]
  8146 - [ 3f800000 ][ 1.000000 ] [ 1065353216 ] [ 0 16256 ] [ 0 0 128 63 ] [...?]
  8147 - [ 46af1980 ][ 22412.750000 ] [ 1185880448 ] [ 6528 18095 ] [ 128 25 175 70 ] [...F]
  8148 - [ c42483d7 ][ -658.059998 ] [ 3290727383 ] [ 33751 50212 ] [ 215 131 36 196 ] [..$.]
  8149 - [ 46ac07e6 ][ 22019.949219 ] [ 1185679334 ] [ 2022 18092 ] [ 230 7 172 70 ] [...F]
  8150 - [ 3f800000 ][ 1.000000 ] [ 1065353216 ] [ 0 16256 ] [ 0 0 128 63 ] [...?]
  8151 - [ 46af7600 ][ 22459.000000 ] [ 1185904128 ] [ 30208 18095 ] [ 0 118 175 70 ] [.v.F]
  8152 - [ c42483d7 ][ -658.059998 ] [ 3290727383 ] [ 33751 50212 ] [ 215 131 36 196 ] [..$.]
  8153 - [ 46ac2e00 ][ 22039.000000 ] [ 1185689088 ] [ 11776 18092 ] [ 0 46 172 70 ] [...F]
  8154 - [ 3f800000 ][ 1.000000 ] [ 1065353216 ] [ 0 16256 ] [ 0 0 128 63 ] [...?]
  8155 - [ 46af7600 ][ 22459.000000 ] [ 1185904128 ] [ 30208 18095 ] [ 0 118 175 70 ] [.v.F]
  8156 - [ 41c8001a ][ 25.000050 ] [ 1103626266 ] [ 26 16840 ] [ 26 0 200 65 ] [...A]
  8157 - [ 46ac2e00 ][ 22039.000000 ] [ 1185689088 ] [ 11776 18092 ] [ 0 46 172 70 ] [...F]
  8158 - [ 3f800000 ][ 1.000000 ] [ 1065353216 ] [ 0 16256 ] [ 0 0 128 63 ] [...?]
  8159 - [ 00000101 ][ 0.000000 ] [ 257 ] [ 257 0 ] [ 1 1 0 0 ] [....]
  8160 - [ 00000004 ][ 0.000000 ] [ 4 ] [ 4 0 ] [ 4 0 0 0 ] [....]
  8161 - [ 00000800 ][ 0.000000 ] [ 2048 ] [ 2048 0 ] [ 0 8 0 0 ] [....]
  8162 - [ 00000000 ][ 0.000000 ] [ 0 ] [ 0 0 ] [ 0 0 0 0 ] [....]
  8163 - [ 469db366 ][ 20185.699219 ] [ 1184740198 ] [ 45926 18077 ] [ 102 179 157 70 ] [f..F]
  8164 - [ c42483d7 ][ -658.059998 ] [ 3290727383 ] [ 33751 50212 ] [ 215 131 36 196 ] [..$.]
  8165 - [ 4683dbb3 ][ 16877.849609 ] [ 1183046579 ] [ 56243 18051 ] [ 179 219 131 70 ] [...F]
  8166 - [ 3f800000 ][ 1.000000 ] [ 1065353216 ] [ 0 16256 ] [ 0 0 128 63 ] [...?]
  8167 - [ 46998400 ][ 19650.000000 ] [ 1184465920 ] [ 33792 18073 ] [ 0 132 153 70 ] [...F]
  8168 - [ c42483d7 ][ -658.059998 ] [ 3290727383 ] [ 33751 50212 ] [ 215 131 36 196 ] [..$.]
  8169 - [ 4686cccd ][ 17254.400391 ] [ 1183239373 ] [ 52429 18054 ] [ 205 204 134 70 ] [...F]
  8170 - [ 3f800000 ][ 1.000000 ] [ 1065353216 ] [ 0 16256 ] [ 0 0 128 63 ] [...?]
  8171 - [ 4699cb9a ][ 19685.800781 ] [ 1184484250 ] [ 52122 18073 ] [ 154 203 153 70 ] [...F]
  8172 - [ c42483d7 ][ -658.059998 ] [ 3290727383 ] [ 33751 50212 ] [ 215 131 36 196 ] [..$.]
  8173 - [ 4687129a ][ 17289.300781 ] [ 1183257242 ] [ 4762 18055 ] [ 154 18 135 70 ] [...F]
  8174 - [ 3f800000 ][ 1.000000 ] [ 1065353216 ] [ 0 16256 ] [ 0 0 128 63 ] [...?]
  8175 - [ 469dfb1a ][ 20221.550781 ] [ 1184758554 ] [ 64282 18077 ] [ 26 251 157 70 ] [...F]
  8176 - [ c42483d7 ][ -658.059998 ] [ 3290727383 ] [ 33751 50212 ] [ 215 131 36 196 ] [..$.]
  8177 - [ 46842180 ][ 16912.750000 ] [ 1183064448 ] [ 8576 18052 ] [ 128 33 132 70 ] [.!.F]
  8178 - [ 3f800000 ][ 1.000000 ] [ 1065353216 ] [ 0 16256 ] [ 0 0 128 63 ] [...?]
  8179 - [ 00000101 ][ 0.000000 ] [ 257 ] [ 257 0 ] [ 1 1 0 0 ] [....]
  8180 - [ 00000004 ][ 0.000000 ] [ 4 ] [ 4 0 ] [ 4 0 0 0 ] [....]
  8181 - [ 00000800 ][ 0.000000 ] [ 2048 ] [ 2048 0 ] [ 0 8 0 0 ] [....]
  8182 - [ 00000000 ][ 0.000000 ] [ 0 ] [ 0 0 ] [ 0 0 0 0 ] [....]
  8183 - [ 46998400 ][ 19650.000000 ] [ 1184465920 ] [ 33792 18073 ] [ 0 132 153 70 ] [...F]
  8184 - [ 41c7fd8b ][ 24.998800 ] [ 1103625611 ] [ 64907 16839 ] [ 139 253 199 65 ] [...A]
  8185 - [ 4686cccd ][ 17254.400391 ] [ 1183239373 ] [ 52429 18054 ] [ 205 204 134 70 ] [...F]
  8186 - [ 3f800000 ][ 1.000000 ] [ 1065353216 ] [ 0 16256 ] [ 0 0 128 63 ] [...?]
  8187 - [ 46998400 ][ 19650.000000 ] [ 1184465920 ] [ 33792 18073 ] [ 0 132 153 70 ] [...F]
  8188 - [ c42483d7 ][ -658.059998 ] [ 3290727383 ] [ 33751 50212 ] [ 215 131 36 196 ] [..$.]
  8189 - [ 4686cccd ][ 17254.400391 ] [ 1183239373 ] [ 52429 18054 ] [ 205 204 134 70 ] [...F]
  8190 - [ 3f800000 ][ 1.000000 ] [ 1065353216 ] [ 0 16256 ] [ 0 0 128 63 ] [...?]
  8191 - [ 469db366 ][ 20185.699219 ] [ 1184740198 ] [ 45926 18077 ] [ 102 179 157 70 ] [f..F]
  8192 - [ c42483d7 ][ -658.059998 ] [ 3290727383 ] [ 33751 50212 ] [ 215 131 36 196 ] [..$.]
  8193 - [ 4683dbb3 ][ 16877.849609 ] [ 1183046579 ] [ 56243 18051 ] [ 179 219 131 70 ] [...F]
  8194 - [ 3f800000 ][ 1.000000 ] [ 1065353216 ] [ 0 16256 ] [ 0 0 128 63 ] [...?]
  8195 - [ 469db366 ][ 20185.699219 ] [ 1184740198 ] [ 45926 18077 ] [ 102 179 157 70 ] [f..F]
  8196 - [ 41c7fd56 ][ 24.998699 ] [ 1103625558 ] [ 64854 16839 ] [ 86 253 199 65 ] [V..A]
  8197 - [ 4683dbb3 ][ 16877.849609 ] [ 1183046579 ] [ 56243 18051 ] [ 179 219 131 70 ] [...F]
  8198 - [ 3f800000 ][ 1.000000 ] [ 1065353216 ] [ 0 16256 ] [ 0 0 128 63 ] [...?]
  8199 - [ 00000101 ][ 0.000000 ] [ 257 ] [ 257 0 ] [ 1 1 0 0 ] [....]
  8200 - [ 00000004 ][ 0.000000 ] [ 4 ] [ 4 0 ] [ 4 0 0 0 ] [....]
  8201 - [ 00000800 ][ 0.000000 ] [ 2048 ] [ 2048 0 ] [ 0 8 0 0 ] [....]
  8202 - [ 00000000 ][ 0.000000 ] [ 0 ] [ 0 0 ] [ 0 0 0 0 ] [....]
  8203 - [ 4699cb9a ][ 19685.800781 ] [ 1184484250 ] [ 52122 18073 ] [ 154 203 153 70 ] [...F]
  8204 - [ 41c7fd8b ][ 24.998800 ] [ 1103625611 ] [ 64907 16839 ] [ 139 253 199 65 ] [...A]
  8205 - [ 4687129a ][ 17289.300781 ] [ 1183257242 ] [ 4762 18055 ] [ 154 18 135 70 ] [...F]
  8206 - [ 3f800000 ][ 1.000000 ] [ 1065353216 ] [ 0 16256 ] [ 0 0 128 63 ] [...?]
  8207 - [ 4699cb9a ][ 19685.800781 ] [ 1184484250 ] [ 52122 18073 ] [ 154 203 153 70 ] [...F]
  8208 - [ c42483d7 ][ -658.059998 ] [ 3290727383 ] [ 33751 50212 ] [ 215 131 36 196 ] [..$.]
  8209 - [ 4687129a ][ 17289.300781 ] [ 1183257242 ] [ 4762 18055 ] [ 154 18 135 70 ] [...F]
  8210 - [ 3f800000 ][ 1.000000 ] [ 1065353216 ] [ 0 16256 ] [ 0 0 128 63 ] [...?]
  8211 - [ 46998400 ][ 19650.000000 ] [ 1184465920 ] [ 33792 18073 ] [ 0 132 153 70 ] [...F]
  8212 - [ c42483d7 ][ -658.059998 ] [ 3290727383 ] [ 33751 50212 ] [ 215 131 36 196 ] [..$.]
  8213 - [ 4686cccd ][ 17254.400391 ] [ 1183239373 ] [ 52429 18054 ] [ 205 204 134 70 ] [...F]
  8214 - [ 3f800000 ][ 1.000000 ] [ 1065353216 ] [ 0 16256 ] [ 0 0 128 63 ] [...?]
  8215 - [ 46998400 ][ 19650.000000 ] [ 1184465920 ] [ 33792 18073 ] [ 0 132 153 70 ] [...F]
  8216 - [ 41c7fd8b ][ 24.998800 ] [ 1103625611 ] [ 64907 16839 ] [ 139 253 199 65 ] [...A]
  8217 - [ 4686cccd ][ 17254.400391 ] [ 1183239373 ] [ 52429 18054 ] [ 205 204 134 70 ] [...F]
  8218 - [ 3f800000 ][ 1.000000 ] [ 1065353216 ] [ 0 16256 ] [ 0 0 128 63 ] [...?]
  8219 - [ 00000101 ][ 0.000000 ] [ 257 ] [ 257 0 ] [ 1 1 0 0 ] [....]
  8220 - [ 00000004 ][ 0.000000 ] [ 4 ] [ 4 0 ] [ 4 0 0 0 ] [....]
  8221 - [ 00000800 ][ 0.000000 ] [ 2048 ] [ 2048 0 ] [ 0 8 0 0 ] [....]
  8222 - [ 00000000 ][ 0.000000 ] [ 0 ] [ 0 0 ] [ 0 0 0 0 ] [....]
  8223 - [ 4689d11a ][ 17640.550781 ] [ 1183437082 ] [ 53530 18057 ] [ 26 209 137 70 ] [...F]
  8224 - [ 41c7fdf4 ][ 24.999001 ] [ 1103625716 ] [ 65012 16839 ] [ 244 253 199 65 ] [...A]
  8225 - [ 4691339a ][ 18585.800781 ] [ 1183921050 ] [ 13210 18065 ] [ 154 51 145 70 ] [.3.F]
  8226 - [ 3f800000 ][ 1.000000 ] [ 1065353216 ] [ 0 16256 ] [ 0 0 128 63 ] [...?]
  8227 - [ 4689d11a ][ 17640.550781 ] [ 1183437082 ] [ 53530 18057 ] [ 26 209 137 70 ] [...F]
  8228 - [ c42483d7 ][ -658.059998 ] [ 3290727383 ] [ 33751 50212 ] [ 215 131 36 196 ] [..$.]
  8229 - [ 4691339a ][ 18585.800781 ] [ 1183921050 ] [ 13210 18065 ] [ 154 51 145 70 ] [.3.F]
  8230 - [ 3f800000 ][ 1.000000 ] [ 1065353216 ] [ 0 16256 ] [ 0 0 128 63 ] [...?]
  8231 - [ 468a351a ][ 17690.550781 ] [ 1183462682 ] [ 13594 18058 ] [ 26 53 138 70 ] [.5.F]
  8232 - [ c42483d7 ][ -658.059998 ] [ 3290727383 ] [ 33751 50212 ] [ 215 131 36 196 ] [..$.]
  8233 - [ 469131cd ][ 18584.900391 ] [ 1183920589 ] [ 12749 18065 ] [ 205 49 145 70 ] [.1.F]
  8234 - [ 3f800000 ][ 1.000000 ] [ 1065353216 ] [ 0 16256 ] [ 0 0 128 63 ] [...?]
  8235 - [ 468a351a ][ 17690.550781 ] [ 1183462682 ] [ 13594 18058 ] [ 26 53 138 70 ] [.5.F]
  8236 - [ 41c7fdf4 ][ 24.999001 ] [ 1103625716 ] [ 65012 16839 ] [ 244 253 199 65 ] [...A]
  8237 - [ 469131cd ][ 18584.900391 ] [ 1183920589 ] [ 12749 18065 ] [ 205 49 145 70 ] [.1.F]
  8238 - [ 3f800000 ][ 1.000000 ] [ 1065353216 ] [ 0 16256 ] [ 0 0 128 63 ] [...?]
  8239 - [ 00000101 ][ 0.000000 ] [ 257 ] [ 257 0 ] [ 1 1 0 0 ] [....]
  8240 - [ 00000004 ][ 0.000000 ] [ 4 ] [ 4 0 ] [ 4 0 0 0 ] [....]
  8241 - [ 00000800 ][ 0.000000 ] [ 2048 ] [ 2048 0 ] [ 0 8 0 0 ] [....]
  8242 - [ 00000000 ][ 0.000000 ] [ 0 ] [ 0 0 ] [ 0 0 0 0 ] [....]
  8243 - [ 4689d11a ][ 17640.550781 ] [ 1183437082 ] [ 53530 18057 ] [ 26 209 137 70 ] [...F]
  8244 - [ c42483d7 ][ -658.059998 ] [ 3290727383 ] [ 33751 50212 ] [ 215 131 36 196 ] [..$.]
  8245 - [ 4691339a ][ 18585.800781 ] [ 1183921050 ] [ 13210 18065 ] [ 154 51 145 70 ] [.3.F]
  8246 - [ 3f800000 ][ 1.000000 ] [ 1065353216 ] [ 0 16256 ] [ 0 0 128 63 ] [...?]
  8247 - [ 46875a9a ][ 17325.300781 ] [ 1183275674 ] [ 23194 18055 ] [ 154 90 135 70 ] [.Z.F]
  8248 - [ c42483d7 ][ -658.059998 ] [ 3290727383 ] [ 33751 50212 ] [ 215 131 36 196 ] [..$.]
  8249 - [ 469b1be6 ][ 19853.949219 ] [ 1184570342 ] [ 7142 18075 ] [ 230 27 155 70 ] [...F]
  8250 - [ 3f800000 ][ 1.000000 ] [ 1065353216 ] [ 0 16256 ] [ 0 0 128 63 ] [...?]
  8251 - [ 4687be9a ][ 17375.300781 ] [ 1183301274 ] [ 48794 18055 ] [ 154 190 135 70 ] [...F]
  8252 - [ c42483d7 ][ -658.059998 ] [ 3290727383 ] [ 33751 50212 ] [ 215 131 36 196 ] [..$.]
  8253 - [ 469b1a33 ][ 19853.099609 ] [ 1184569907 ] [ 6707 18075 ] [ 51 26 155 70 ] [3..F]
  8254 - [ 3f800000 ][ 1.000000 ] [ 1065353216 ] [ 0 16256 ] [ 0 0 128 63 ] [...?]
  8255 - [ 468a351a ][ 17690.550781 ] [ 1183462682 ] [ 13594 18058 ] [ 26 53 138 70 ] [.5.F]
  8256 - [ c42483d7 ][ -658.059998 ] [ 3290727383 ] [ 33751 50212 ] [ 215 131 36 196 ] [..$.]
  8257 - [ 469131cd ][ 18584.900391 ] [ 1183920589 ] [ 12749 18065 ] [ 205 49 145 70 ] [.1.F]
  8258 - [ 3f800000 ][ 1.000000 ] [ 1065353216 ] [ 0 16256 ] [ 0 0 128 63 ] [...?]
  8259 - [ 00000101 ][ 0.000000 ] [ 257 ] [ 257 0 ] [ 1 1 0 0 ] [....]
  8260 - [ 00000004 ][ 0.000000 ] [ 4 ] [ 4 0 ] [ 4 0 0 0 ] [....]
  8261 - [ 00000800 ][ 0.000000 ] [ 2048 ] [ 2048 0 ] [ 0 8 0 0 ] [....]
  8262 - [ 00000000 ][ 0.000000 ] [ 0 ] [ 0 0 ] [ 0 0 0 0 ] [....]
  8263 - [ 4687be9a ][ 17375.300781 ] [ 1183301274 ] [ 48794 18055 ] [ 154 190 135 70 ] [...F]
  8264 - [ 41c7fe91 ][ 24.999300 ] [ 1103625873 ] [ 65169 16839 ] [ 145 254 199 65 ] [...A]
  8265 - [ 469b1a33 ][ 19853.099609 ] [ 1184569907 ] [ 6707 18075 ] [ 51 26 155 70 ] [3..F]
  8266 - [ 3f800000 ][ 1.000000 ] [ 1065353216 ] [ 0 16256 ] [ 0 0 128 63 ] [...?]
  8267 - [ 4687be9a ][ 17375.300781 ] [ 1183301274 ] [ 48794 18055 ] [ 154 190 135 70 ] [...F]
  8268 - [ c42483d7 ][ -658.059998 ] [ 3290727383 ] [ 33751 50212 ] [ 215 131 36 196 ] [..$.]
  8269 - [ 469b1a33 ][ 19853.099609 ] [ 1184569907 ] [ 6707 18075 ] [ 51 26 155 70 ] [3..F]
  8270 - [ 3f800000 ][ 1.000000 ] [ 1065353216 ] [ 0 16256 ] [ 0 0 128 63 ] [...?]
  8271 - [ 46875a9a ][ 17325.300781 ] [ 1183275674 ] [ 23194 18055 ] [ 154 90 135 70 ] [.Z.F]
  8272 - [ c42483d7 ][ -658.059998 ] [ 3290727383 ] [ 33751 50212 ] [ 215 131 36 196 ] [..$.]
  8273 - [ 469b1be6 ][ 19853.949219 ] [ 1184570342 ] [ 7142 18075 ] [ 230 27 155 70 ] [...F]
  8274 - [ 3f800000 ][ 1.000000 ] [ 1065353216 ] [ 0 16256 ] [ 0 0 128 63 ] [...?]
  8275 - [ 46875a9a ][ 17325.300781 ] [ 1183275674 ] [ 23194 18055 ] [ 154 90 135 70 ] [.Z.F]
  8276 - [ 41c7fe91 ][ 24.999300 ] [ 1103625873 ] [ 65169 16839 ] [ 145 254 199 65 ] [...A]
  8277 - [ 469b1be6 ][ 19853.949219 ] [ 1184570342 ] [ 7142 18075 ] [ 230 27 155 70 ] [...F]
  8278 - [ 3f800000 ][ 1.000000 ] [ 1065353216 ] [ 0 16256 ] [ 0 0 128 63 ] [...?]
  8279 - [ 00000101 ][ 0.000000 ] [ 257 ] [ 257 0 ] [ 1 1 0 0 ] [....]
  8280 - [ 00000004 ][ 0.000000 ] [ 4 ] [ 4 0 ] [ 4 0 0 0 ] [....]
  8281 - [ 00000800 ][ 0.000000 ] [ 2048 ] [ 2048 0 ] [ 0 8 0 0 ] [....]
  8282 - [ 00000000 ][ 0.000000 ] [ 0 ] [ 0 0 ] [ 0 0 0 0 ] [....]
  8283 - [ 46875a9a ][ 17325.300781 ] [ 1183275674 ] [ 23194 18055 ] [ 154 90 135 70 ] [.Z.F]
  8284 - [ c42483d7 ][ -658.059998 ] [ 3290727383 ] [ 33751 50212 ] [ 215 131 36 196 ] [..$.]
  8285 - [ 469b1be6 ][ 19853.949219 ] [ 1184570342 ] [ 7142 18075 ] [ 230 27 155 70 ] [...F]
  8286 - [ 3f800000 ][ 1.000000 ] [ 1065353216 ] [ 0 16256 ] [ 0 0 128 63 ] [...?]
  8287 - [ 4689d11a ][ 17640.550781 ] [ 1183437082 ] [ 53530 18057 ] [ 26 209 137 70 ] [...F]
  8288 - [ c42483d7 ][ -658.059998 ] [ 3290727383 ] [ 33751 50212 ] [ 215 131 36 196 ] [..$.]
  8289 - [ 4691339a ][ 18585.800781 ] [ 1183921050 ] [ 13210 18065 ] [ 154 51 145 70 ] [.3.F]
  8290 - [ 3f800000 ][ 1.000000 ] [ 1065353216 ] [ 0 16256 ] [ 0 0 128 63 ] [...?]
  8291 - [ 4689d11a ][ 17640.550781 ] [ 1183437082 ] [ 53530 18057 ] [ 26 209 137 70 ] [...F]
  8292 - [ 41c7fdf4 ][ 24.999001 ] [ 1103625716 ] [ 65012 16839 ] [ 244 253 199 65 ] [...A]
  8293 - [ 4691339a ][ 18585.800781 ] [ 1183921050 ] [ 13210 18065 ] [ 154 51 145 70 ] [.3.F]
  8294 - [ 3f800000 ][ 1.000000 ] [ 1065353216 ] [ 0 16256 ] [ 0 0 128 63 ] [...?]
  8295 - [ 46875a9a ][ 17325.300781 ] [ 1183275674 ] [ 23194 18055 ] [ 154 90 135 70 ] [.Z.F]
  8296 - [ 41c7fe91 ][ 24.999300 ] [ 1103625873 ] [ 65169 16839 ] [ 145 254 199 65 ] [...A]
  8297 - [ 469b1be6 ][ 19853.949219 ] [ 1184570342 ] [ 7142 18075 ] [ 230 27 155 70 ] [...F]
  8298 - [ 3f800000 ][ 1.000000 ] [ 1065353216 ] [ 0 16256 ] [ 0 0 128 63 ] [...?]
  8299 - [ 00000101 ][ 0.000000 ] [ 257 ] [ 257 0 ] [ 1 1 0 0 ] [....]
  8300 - [ 00000004 ][ 0.000000 ] [ 4 ] [ 4 0 ] [ 4 0 0 0 ] [....]
  8301 - [ 00000800 ][ 0.000000 ] [ 2048 ] [ 2048 0 ] [ 0 8 0 0 ] [....]
  8302 - [ 00000000 ][ 0.000000 ] [ 0 ] [ 0 0 ] [ 0 0 0 0 ] [....]
  8303 - [ 46872fcd ][ 17303.900391 ] [ 1183264717 ] [ 12237 18055 ] [ 205 47 135 70 ] [./.F]
  8304 - [ 41c7fec5 ][ 24.999399 ] [ 1103625925 ] [ 65221 16839 ] [ 197 254 199 65 ] [...A]
  8305 - [ 469d7d66 ][ 20158.699219 ] [ 1184726374 ] [ 32102 18077 ] [ 102 125 157 70 ] [f}.F]
  8306 - [ 3f800000 ][ 1.000000 ] [ 1065353216 ] [ 0 16256 ] [ 0 0 128 63 ] [...?]
  8307 - [ 46872fcd ][ 17303.900391 ] [ 1183264717 ] [ 12237 18055 ] [ 205 47 135 70 ] [./.F]
  8308 - [ c42483d7 ][ -658.059998 ] [ 3290727383 ] [ 33751 50212 ] [ 215 131 36 196 ] [..$.]
  8309 - [ 469d7d66 ][ 20158.699219 ] [ 1184726374 ] [ 32102 18077 ] [ 102 125 157 70 ] [f}.F]
  8310 - [ 3f800000 ][ 1.000000 ] [ 1065353216 ] [ 0 16256 ] [ 0 0 128 63 ] [...?]
  8311 - [ 46878633 ][ 17347.099609 ] [ 1183286835 ] [ 34355 18055 ] [ 51 134 135 70 ] [3..F]
  8312 - [ c42483d7 ][ -658.059998 ] [ 3290727383 ] [ 33751 50212 ] [ 215 131 36 196 ] [..$.]
  8313 - [ 469d4b1a ][ 20133.550781 ] [ 1184713498 ] [ 19226 18077 ] [ 26 75 157 70 ] [.K.F]
  8314 - [ 3f800000 ][ 1.000000 ] [ 1065353216 ] [ 0 16256 ] [ 0 0 128 63 ] [...?]
  8315 - [ 46878633 ][ 17347.099609 ] [ 1183286835 ] [ 34355 18055 ] [ 51 134 135 70 ] [3..F]
  8316 - [ 41c7fec5 ][ 24.999399 ] [ 1103625925 ] [ 65221 16839 ] [ 197 254 199 65 ] [...A]
  8317 - [ 469d4b1a ][ 20133.550781 ] [ 1184713498 ] [ 19226 18077 ] [ 26 75 157 70 ] [.K.F]
  8318 - [ 3f800000 ][ 1.000000 ] [ 1065353216 ] [ 0 16256 ] [ 0 0 128 63 ] [...?]
  8319 - [ 00000101 ][ 0.000000 ] [ 257 ] [ 257 0 ] [ 1 1 0 0 ] [....]
  8320 - [ 00000004 ][ 0.000000 ] [ 4 ] [ 4 0 ] [ 4 0 0 0 ] [....]
  8321 - [ 00000800 ][ 0.000000 ] [ 2048 ] [ 2048 0 ] [ 0 8 0 0 ] [....]
  8322 - [ 00000000 ][ 0.000000 ] [ 0 ] [ 0 0 ] [ 0 0 0 0 ] [....]
  8323 - [ 46872fcd ][ 17303.900391 ] [ 1183264717 ] [ 12237 18055 ] [ 205 47 135 70 ] [./.F]
  8324 - [ c42483d7 ][ -658.059998 ] [ 3290727383 ] [ 33751 50212 ] [ 215 131 36 196 ] [..$.]
  8325 - [ 469d7d66 ][ 20158.699219 ] [ 1184726374 ] [ 32102 18077 ] [ 102 125 157 70 ] [f}.F]
  8326 - [ 3f800000 ][ 1.000000 ] [ 1065353216 ] [ 0 16256 ] [ 0 0 128 63 ] [...?]
  8327 - [ 4689dfcd ][ 17647.900391 ] [ 1183440845 ] [ 57293 18057 ] [ 205 223 137 70 ] [...F]
  8328 - [ c42483d7 ][ -658.059998 ] [ 3290727383 ] [ 33751 50212 ] [ 215 131 36 196 ] [..$.]
  8329 - [ 46a756cd ][ 21419.400391 ] [ 1185371853 ] [ 22221 18087 ] [ 205 86 167 70 ] [.V.F]
  8330 - [ 3f800000 ][ 1.000000 ] [ 1065353216 ] [ 0 16256 ] [ 0 0 128 63 ] [...?]
  8331 - [ 468a3633 ][ 17691.099609 ] [ 1183462963 ] [ 13875 18058 ] [ 51 54 138 70 ] [36.F]
  8332 - [ c42483d7 ][ -658.059998 ] [ 3290727383 ] [ 33751 50212 ] [ 215 131 36 196 ] [..$.]
  8333 - [ 46a72480 ][ 21394.250000 ] [ 1185358976 ] [ 9344 18087 ] [ 128 36 167 70 ] [.$.F]
  8334 - [ 3f800000 ][ 1.000000 ] [ 1065353216 ] [ 0 16256 ] [ 0 0 128 63 ] [...?]
  8335 - [ 46878633 ][ 17347.099609 ] [ 1183286835 ] [ 34355 18055 ] [ 51 134 135 70 ] [3..F]
  8336 - [ c42483d7 ][ -658.059998 ] [ 3290727383 ] [ 33751 50212 ] [ 215 131 36 196 ] [..$.]
  8337 - [ 469d4b1a ][ 20133.550781 ] [ 1184713498 ] [ 19226 18077 ] [ 26 75 157 70 ] [.K.F]
  8338 - [ 3f800000 ][ 1.000000 ] [ 1065353216 ] [ 0 16256 ] [ 0 0 128 63 ] [...?]
  8339 - [ 00000101 ][ 0.000000 ] [ 257 ] [ 257 0 ] [ 1 1 0 0 ] [....]
  8340 - [ 00000004 ][ 0.000000 ] [ 4 ] [ 4 0 ] [ 4 0 0 0 ] [....]
  8341 - [ 00000800 ][ 0.000000 ] [ 2048 ] [ 2048 0 ] [ 0 8 0 0 ] [....]
  8342 - [ 00000000 ][ 0.000000 ] [ 0 ] [ 0 0 ] [ 0 0 0 0 ] [....]
  8343 - [ 468a3633 ][ 17691.099609 ] [ 1183462963 ] [ 13875 18058 ] [ 51 54 138 70 ] [36.F]
  8344 - [ 41c7ff63 ][ 24.999701 ] [ 1103626083 ] [ 65379 16839 ] [ 99 255 199 65 ] [c..A]
  8345 - [ 46a72480 ][ 21394.250000 ] [ 1185358976 ] [ 9344 18087 ] [ 128 36 167 70 ] [.$.F]
  8346 - [ 3f800000 ][ 1.000000 ] [ 1065353216 ] [ 0 16256 ] [ 0 0 128 63 ] [...?]
  8347 - [ 468a3633 ][ 17691.099609 ] [ 1183462963 ] [ 13875 18058 ] [ 51 54 138 70 ] [36.F]
  8348 - [ c42483d7 ][ -658.059998 ] [ 3290727383 ] [ 33751 50212 ] [ 215 131 36 196 ] [..$.]
  8349 - [ 46a72480 ][ 21394.250000 ] [ 1185358976 ] [ 9344 18087 ] [ 128 36 167 70 ] [.$.F]
  8350 - [ 3f800000 ][ 1.000000 ] [ 1065353216 ] [ 0 16256 ] [ 0 0 128 63 ] [...?]
  8351 - [ 4689dfcd ][ 17647.900391 ] [ 1183440845 ] [ 57293 18057 ] [ 205 223 137 70 ] [...F]
  8352 - [ c42483d7 ][ -658.059998 ] [ 3290727383 ] [ 33751 50212 ] [ 215 131 36 196 ] [..$.]
  8353 - [ 46a756cd ][ 21419.400391 ] [ 1185371853 ] [ 22221 18087 ] [ 205 86 167 70 ] [.V.F]
  8354 - [ 3f800000 ][ 1.000000 ] [ 1065353216 ] [ 0 16256 ] [ 0 0 128 63 ] [...?]
  8355 - [ 4689dfcd ][ 17647.900391 ] [ 1183440845 ] [ 57293 18057 ] [ 205 223 137 70 ] [...F]
  8356 - [ 41c7ff63 ][ 24.999701 ] [ 1103626083 ] [ 65379 16839 ] [ 99 255 199 65 ] [c..A]
  8357 - [ 46a756cd ][ 21419.400391 ] [ 1185371853 ] [ 22221 18087 ] [ 205 86 167 70 ] [.V.F]
  8358 - [ 3f800000 ][ 1.000000 ] [ 1065353216 ] [ 0 16256 ] [ 0 0 128 63 ] [...?]
  8359 - [ 00000101 ][ 0.000000 ] [ 257 ] [ 257 0 ] [ 1 1 0 0 ] [....]
  8360 - [ 00000004 ][ 0.000000 ] [ 4 ] [ 4 0 ] [ 4 0 0 0 ] [....]
  8361 - [ 00000800 ][ 0.000000 ] [ 2048 ] [ 2048 0 ] [ 0 8 0 0 ] [....]
  8362 - [ 00000000 ][ 0.000000 ] [ 0 ] [ 0 0 ] [ 0 0 0 0 ] [....]
  8363 - [ 4689dfcd ][ 17647.900391 ] [ 1183440845 ] [ 57293 18057 ] [ 205 223 137 70 ] [...F]
  8364 - [ c42483d7 ][ -658.059998 ] [ 3290727383 ] [ 33751 50212 ] [ 215 131 36 196 ] [..$.]
  8365 - [ 46a756cd ][ 21419.400391 ] [ 1185371853 ] [ 22221 18087 ] [ 205 86 167 70 ] [.V.F]
  8366 - [ 3f800000 ][ 1.000000 ] [ 1065353216 ] [ 0 16256 ] [ 0 0 128 63 ] [...?]
  8367 - [ 46872fcd ][ 17303.900391 ] [ 1183264717 ] [ 12237 18055 ] [ 205 47 135 70 ] [./.F]
  8368 - [ c42483d7 ][ -658.059998 ] [ 3290727383 ] [ 33751 50212 ] [ 215 131 36 196 ] [..$.]
  8369 - [ 469d7d66 ][ 20158.699219 ] [ 1184726374 ] [ 32102 18077 ] [ 102 125 157 70 ] [f}.F]
  8370 - [ 3f800000 ][ 1.000000 ] [ 1065353216 ] [ 0 16256 ] [ 0 0 128 63 ] [...?]
  8371 - [ 46872fcd ][ 17303.900391 ] [ 1183264717 ] [ 12237 18055 ] [ 205 47 135 70 ] [./.F]
  8372 - [ 41c7fec5 ][ 24.999399 ] [ 1103625925 ] [ 65221 16839 ] [ 197 254 199 65 ] [...A]
  8373 - [ 469d7d66 ][ 20158.699219 ] [ 1184726374 ] [ 32102 18077 ] [ 102 125 157 70 ] [f}.F]
  8374 - [ 3f800000 ][ 1.000000 ] [ 1065353216 ] [ 0 16256 ] [ 0 0 128 63 ] [...?]
  8375 - [ 4689dfcd ][ 17647.900391 ] [ 1183440845 ] [ 57293 18057 ] [ 205 223 137 70 ] [...F]
  8376 - [ 41c7ff63 ][ 24.999701 ] [ 1103626083 ] [ 65379 16839 ] [ 99 255 199 65 ] [c..A]
  8377 - [ 46a756cd ][ 21419.400391 ] [ 1185371853 ] [ 22221 18087 ] [ 205 86 167 70 ] [.V.F]
  8378 - [ 3f800000 ][ 1.000000 ] [ 1065353216 ] [ 0 16256 ] [ 0 0 128 63 ] [...?]
  8379 - [ 00000101 ][ 0.000000 ] [ 257 ] [ 257 0 ] [ 1 1 0 0 ] [....]
  8380 - [ 00000004 ][ 0.000000 ] [ 4 ] [ 4 0 ] [ 4 0 0 0 ] [....]
  8381 - [ 00000800 ][ 0.000000 ] [ 2048 ] [ 2048 0 ] [ 0 8 0 0 ] [....]
  8382 - [ 00000000 ][ 0.000000 ] [ 0 ] [ 0 0 ] [ 0 0 0 0 ] [....]
  8383 - [ 46b447cd ][ 23075.900391 ] [ 1186219981 ] [ 18381 18100 ] [ 205 71 180 70 ] [.G.F]
  8384 - [ 41c7fe5d ][ 24.999201 ] [ 1103625821 ] [ 65117 16839 ] [ 93 254 199 65 ] []..A]
  8385 - [ 468fcc80 ][ 18406.250000 ] [ 1183829120 ] [ 52352 18063 ] [ 128 204 143 70 ] [...F]
  8386 - [ 3f800000 ][ 1.000000 ] [ 1065353216 ] [ 0 16256 ] [ 0 0 128 63 ] [...?]
  8387 - [ 46b447cd ][ 23075.900391 ] [ 1186219981 ] [ 18381 18100 ] [ 205 71 180 70 ] [.G.F]
  8388 - [ c42483d7 ][ -658.059998 ] [ 3290727383 ] [ 33751 50212 ] [ 215 131 36 196 ] [..$.]
  8389 - [ 468fcc80 ][ 18406.250000 ] [ 1183829120 ] [ 52352 18063 ] [ 128 204 143 70 ] [...F]
  8390 - [ 3f800000 ][ 1.000000 ] [ 1065353216 ] [ 0 16256 ] [ 0 0 128 63 ] [...?]
  8391 - [ 46b41366 ][ 23049.699219 ] [ 1186206566 ] [ 4966 18100 ] [ 102 19 180 70 ] [f..F]
  8392 - [ c42483d7 ][ -658.059998 ] [ 3290727383 ] [ 33751 50212 ] [ 215 131 36 196 ] [..$.]
  8393 - [ 4690219a ][ 18448.800781 ] [ 1183850906 ] [ 8602 18064 ] [ 154 33 144 70 ] [.!.F]
  8394 - [ 3f800000 ][ 1.000000 ] [ 1065353216 ] [ 0 16256 ] [ 0 0 128 63 ] [...?]
  8395 - [ 46b41366 ][ 23049.699219 ] [ 1186206566 ] [ 4966 18100 ] [ 102 19 180 70 ] [f..F]
  8396 - [ 41c7fe5d ][ 24.999201 ] [ 1103625821 ] [ 65117 16839 ] [ 93 254 199 65 ] []..A]
  8397 - [ 4690219a ][ 18448.800781 ] [ 1183850906 ] [ 8602 18064 ] [ 154 33 144 70 ] [.!.F]
  8398 - [ 3f800000 ][ 1.000000 ] [ 1065353216 ] [ 0 16256 ] [ 0 0 128 63 ] [...?]
  8399 - [ 00000101 ][ 0.000000 ] [ 257 ] [ 257 0 ] [ 1 1 0 0 ] [....]
  8400 - [ 00000004 ][ 0.000000 ] [ 4 ] [ 4 0 ] [ 4 0 0 0 ] [....]
  8401 - [ 00000800 ][ 0.000000 ] [ 2048 ] [ 2048 0 ] [ 0 8 0 0 ] [....]
  8402 - [ 00000000 ][ 0.000000 ] [ 0 ] [ 0 0 ] [ 0 0 0 0 ] [....]
  8403 - [ 46b447cd ][ 23075.900391 ] [ 1186219981 ] [ 18381 18100 ] [ 205 71 180 70 ] [.G.F]
  8404 - [ c42483d7 ][ -658.059998 ] [ 3290727383 ] [ 33751 50212 ] [ 215 131 36 196 ] [..$.]
  8405 - [ 468fcc80 ][ 18406.250000 ] [ 1183829120 ] [ 52352 18063 ] [ 128 204 143 70 ] [...F]
  8406 - [ 3f800000 ][ 1.000000 ] [ 1065353216 ] [ 0 16256 ] [ 0 0 128 63 ] [...?]
  8407 - [ 46ad4333 ][ 22177.599609 ] [ 1185760051 ] [ 17203 18093 ] [ 51 67 173 70 ] [3C.F]
  8408 - [ c42483d7 ][ -658.059998 ] [ 3290727383 ] [ 33751 50212 ] [ 215 131 36 196 ] [..$.]
  8409 - [ 46886266 ][ 17457.199219 ] [ 1183343206 ] [ 25190 18056 ] [ 102 98 136 70 ] [fb.F]
  8410 - [ 3f800000 ][ 1.000000 ] [ 1065353216 ] [ 0 16256 ] [ 0 0 128 63 ] [...?]
  8411 - [ 46ad0ecd ][ 22151.400391 ] [ 1185746637 ] [ 3789 18093 ] [ 205 14 173 70 ] [...F]
  8412 - [ c42483d7 ][ -658.059998 ] [ 3290727383 ] [ 33751 50212 ] [ 215 131 36 196 ] [..$.]
  8413 - [ 4688b780 ][ 17499.750000 ] [ 1183364992 ] [ 46976 18056 ] [ 128 183 136 70 ] [...F]
  8414 - [ 3f800000 ][ 1.000000 ] [ 1065353216 ] [ 0 16256 ] [ 0 0 128 63 ] [...?]
  8415 - [ 46b41366 ][ 23049.699219 ] [ 1186206566 ] [ 4966 18100 ] [ 102 19 180 70 ] [f..F]
  8416 - [ c42483d7 ][ -658.059998 ] [ 3290727383 ] [ 33751 50212 ] [ 215 131 36 196 ] [..$.]
  8417 - [ 4690219a ][ 18448.800781 ] [ 1183850906 ] [ 8602 18064 ] [ 154 33 144 70 ] [.!.F]
  8418 - [ 3f800000 ][ 1.000000 ] [ 1065353216 ] [ 0 16256 ] [ 0 0 128 63 ] [...?]
  8419 - [ 00000101 ][ 0.000000 ] [ 257 ] [ 257 0 ] [ 1 1 0 0 ] [....]
  8420 - [ 00000004 ][ 0.000000 ] [ 4 ] [ 4 0 ] [ 4 0 0 0 ] [....]
  8421 - [ 00000800 ][ 0.000000 ] [ 2048 ] [ 2048 0 ] [ 0 8 0 0 ] [....]
  8422 - [ 00000000 ][ 0.000000 ] [ 0 ] [ 0 0 ] [ 0 0 0 0 ] [....]
  8423 - [ 46ad0ecd ][ 22151.400391 ] [ 1185746637 ] [ 3789 18093 ] [ 205 14 173 70 ] [...F]
  8424 - [ 41c7fdd9 ][ 24.998949 ] [ 1103625689 ] [ 64985 16839 ] [ 217 253 199 65 ] [...A]
  8425 - [ 4688b780 ][ 17499.750000 ] [ 1183364992 ] [ 46976 18056 ] [ 128 183 136 70 ] [...F]
  8426 - [ 3f800000 ][ 1.000000 ] [ 1065353216 ] [ 0 16256 ] [ 0 0 128 63 ] [...?]
  8427 - [ 46ad0ecd ][ 22151.400391 ] [ 1185746637 ] [ 3789 18093 ] [ 205 14 173 70 ] [...F]
  8428 - [ c42483d7 ][ -658.059998 ] [ 3290727383 ] [ 33751 50212 ] [ 215 131 36 196 ] [..$.]
  8429 - [ 4688b780 ][ 17499.750000 ] [ 1183364992 ] [ 46976 18056 ] [ 128 183 136 70 ] [...F]
  8430 - [ 3f800000 ][ 1.000000 ] [ 1065353216 ] [ 0 16256 ] [ 0 0 128 63 ] [...?]
  8431 - [ 46ad4333 ][ 22177.599609 ] [ 1185760051 ] [ 17203 18093 ] [ 51 67 173 70 ] [3C.F]
  8432 - [ c42483d7 ][ -658.059998 ] [ 3290727383 ] [ 33751 50212 ] [ 215 131 36 196 ] [..$.]
  8433 - [ 46886266 ][ 17457.199219 ] [ 1183343206 ] [ 25190 18056 ] [ 102 98 136 70 ] [fb.F]
  8434 - [ 3f800000 ][ 1.000000 ] [ 1065353216 ] [ 0 16256 ] [ 0 0 128 63 ] [...?]
  8435 - [ 46ad4333 ][ 22177.599609 ] [ 1185760051 ] [ 17203 18093 ] [ 51 67 173 70 ] [3C.F]
  8436 - [ 41c7fdd9 ][ 24.998949 ] [ 1103625689 ] [ 64985 16839 ] [ 217 253 199 65 ] [...A]
  8437 - [ 46886266 ][ 17457.199219 ] [ 1183343206 ] [ 25190 18056 ] [ 102 98 136 70 ] [fb.F]
  8438 - [ 3f800000 ][ 1.000000 ] [ 1065353216 ] [ 0 16256 ] [ 0 0 128 63 ] [...?]
  8439 - [ 00000101 ][ 0.000000 ] [ 257 ] [ 257 0 ] [ 1 1 0 0 ] [....]
  8440 - [ 00000004 ][ 0.000000 ] [ 4 ] [ 4 0 ] [ 4 0 0 0 ] [....]
  8441 - [ 00000800 ][ 0.000000 ] [ 2048 ] [ 2048 0 ] [ 0 8 0 0 ] [....]
  8442 - [ 00000000 ][ 0.000000 ] [ 0 ] [ 0 0 ] [ 0 0 0 0 ] [....]
  8443 - [ 46ad4333 ][ 22177.599609 ] [ 1185760051 ] [ 17203 18093 ] [ 51 67 173 70 ] [3C.F]
  8444 - [ c42483d7 ][ -658.059998 ] [ 3290727383 ] [ 33751 50212 ] [ 215 131 36 196 ] [..$.]
  8445 - [ 46886266 ][ 17457.199219 ] [ 1183343206 ] [ 25190 18056 ] [ 102 98 136 70 ] [fb.F]
  8446 - [ 3f800000 ][ 1.000000 ] [ 1065353216 ] [ 0 16256 ] [ 0 0 128 63 ] [...?]
  8447 - [ 46b447cd ][ 23075.900391 ] [ 1186219981 ] [ 18381 18100 ] [ 205 71 180 70 ] [.G.F]
  8448 - [ c42483d7 ][ -658.059998 ] [ 3290727383 ] [ 33751 50212 ] [ 215 131 36 196 ] [..$.]
  8449 - [ 468fcc80 ][ 18406.250000 ] [ 1183829120 ] [ 52352 18063 ] [ 128 204 143 70 ] [...F]
  8450 - [ 3f800000 ][ 1.000000 ] [ 1065353216 ] [ 0 16256 ] [ 0 0 128 63 ] [...?]
  8451 - [ 46b447cd ][ 23075.900391 ] [ 1186219981 ] [ 18381 18100 ] [ 205 71 180 70 ] [.G.F]
  8452 - [ 41c7fe5d ][ 24.999201 ] [ 1103625821 ] [ 65117 16839 ] [ 93 254 199 65 ] []..A]
  8453 - [ 468fcc80 ][ 18406.250000 ] [ 1183829120 ] [ 52352 18063 ] [ 128 204 143 70 ] [...F]
  8454 - [ 3f800000 ][ 1.000000 ] [ 1065353216 ] [ 0 16256 ] [ 0 0 128 63 ] [...?]
  8455 - [ 46ad4333 ][ 22177.599609 ] [ 1185760051 ] [ 17203 18093 ] [ 51 67 173 70 ] [3C.F]
  8456 - [ 41c7fdd9 ][ 24.998949 ] [ 1103625689 ] [ 64985 16839 ] [ 217 253 199 65 ] [...A]
  8457 - [ 46886266 ][ 17457.199219 ] [ 1183343206 ] [ 25190 18056 ] [ 102 98 136 70 ] [fb.F]
  8458 - [ 3f800000 ][ 1.000000 ] [ 1065353216 ] [ 0 16256 ] [ 0 0 128 63 ] [...?]
  8459 - [ 00000101 ][ 0.000000 ] [ 257 ] [ 257 0 ] [ 1 1 0 0 ] [....]
  8460 - [ 00000004 ][ 0.000000 ] [ 4 ] [ 4 0 ] [ 4 0 0 0 ] [....]
  8461 - [ 00000800 ][ 0.000000 ] [ 2048 ] [ 2048 0 ] [ 0 8 0 0 ] [....]
  8462 - [ 00000000 ][ 0.000000 ] [ 0 ] [ 0 0 ] [ 0 0 0 0 ] [....]
  8463 - [ 46b7d1b3 ][ 23528.849609 ] [ 1186451891 ] [ 53683 18103 ] [ 179 209 183 70 ] [...F]
  8464 - [ 41c7ff14 ][ 24.999550 ] [ 1103626004 ] [ 65300 16839 ] [ 20 255 199 65 ] [...A]
  8465 - [ 469b01b3 ][ 19840.849609 ] [ 1184563635 ] [ 435 18075 ] [ 179 1 155 70 ] [...F]
  8466 - [ 3f800000 ][ 1.000000 ] [ 1065353216 ] [ 0 16256 ] [ 0 0 128 63 ] [...?]
  8467 - [ 46b7d1b3 ][ 23528.849609 ] [ 1186451891 ] [ 53683 18103 ] [ 179 209 183 70 ] [...F]
  8468 - [ c42483d7 ][ -658.059998 ] [ 3290727383 ] [ 33751 50212 ] [ 215 131 36 196 ] [..$.]
  8469 - [ 469b01b3 ][ 19840.849609 ] [ 1184563635 ] [ 435 18075 ] [ 179 1 155 70 ] [...F]
  8470 - [ 3f800000 ][ 1.000000 ] [ 1065353216 ] [ 0 16256 ] [ 0 0 128 63 ] [...?]
  8471 - [ 46b77b66 ][ 23485.699219 ] [ 1186429798 ] [ 31590 18103 ] [ 102 123 183 70 ] [f{.F]
  8472 - [ c42483d7 ][ -658.059998 ] [ 3290727383 ] [ 33751 50212 ] [ 215 131 36 196 ] [..$.]
  8473 - [ 469b3433 ][ 19866.099609 ] [ 1184576563 ] [ 13363 18075 ] [ 51 52 155 70 ] [34.F]
  8474 - [ 3f800000 ][ 1.000000 ] [ 1065353216 ] [ 0 16256 ] [ 0 0 128 63 ] [...?]
  8475 - [ 46b77b66 ][ 23485.699219 ] [ 1186429798 ] [ 31590 18103 ] [ 102 123 183 70 ] [f{.F]
  8476 - [ 41c7ff14 ][ 24.999550 ] [ 1103626004 ] [ 65300 16839 ] [ 20 255 199 65 ] [...A]
  8477 - [ 469b3433 ][ 19866.099609 ] [ 1184576563 ] [ 13363 18075 ] [ 51 52 155 70 ] [34.F]
  8478 - [ 3f800000 ][ 1.000000 ] [ 1065353216 ] [ 0 16256 ] [ 0 0 128 63 ] [...?]
  8479 - [ 00000101 ][ 0.000000 ] [ 257 ] [ 257 0 ] [ 1 1 0 0 ] [....]
  8480 - [ 00000004 ][ 0.000000 ] [ 4 ] [ 4 0 ] [ 4 0 0 0 ] [....]
  8481 - [ 00000800 ][ 0.000000 ] [ 2048 ] [ 2048 0 ] [ 0 8 0 0 ] [....]
  8482 - [ 00000000 ][ 0.000000 ] [ 0 ] [ 0 0 ] [ 0 0 0 0 ] [....]
  8483 - [ 46b7d1b3 ][ 23528.849609 ] [ 1186451891 ] [ 53683 18103 ] [ 179 209 183 70 ] [...F]
  8484 - [ c42483d7 ][ -658.059998 ] [ 3290727383 ] [ 33751 50212 ] [ 215 131 36 196 ] [..$.]
  8485 - [ 469b01b3 ][ 19840.849609 ] [ 1184563635 ] [ 435 18075 ] [ 179 1 155 70 ] [...F]
  8486 - [ 3f800000 ][ 1.000000 ] [ 1065353216 ] [ 0 16256 ] [ 0 0 128 63 ] [...?]
  8487 - [ 46b51db3 ][ 23182.849609 ] [ 1186274739 ] [ 7603 18101 ] [ 179 29 181 70 ] [...F]
  8488 - [ c42483d7 ][ -658.059998 ] [ 3290727383 ] [ 33751 50212 ] [ 215 131 36 196 ] [..$.]
  8489 - [ 46912966 ][ 18580.699219 ] [ 1183918438 ] [ 10598 18065 ] [ 102 41 145 70 ] [f).F]
  8490 - [ 3f800000 ][ 1.000000 ] [ 1065353216 ] [ 0 16256 ] [ 0 0 128 63 ] [...?]
  8491 - [ 46b4c766 ][ 23139.699219 ] [ 1186252646 ] [ 51046 18100 ] [ 102 199 180 70 ] [f..F]
  8492 - [ c42483d7 ][ -658.059998 ] [ 3290727383 ] [ 33751 50212 ] [ 215 131 36 196 ] [..$.]
  8493 - [ 46915be6 ][ 18605.949219 ] [ 1183931366 ] [ 23526 18065 ] [ 230 91 145 70 ] [.[.F]
  8494 - [ 3f800000 ][ 1.000000 ] [ 1065353216 ] [ 0 16256 ] [ 0 0 128 63 ] [...?]
  8495 - [ 46b77b66 ][ 23485.699219 ] [ 1186429798 ] [ 31590 18103 ] [ 102 123 183 70 ] [f{.F]
  8496 - [ c42483d7 ][ -658.059998 ] [ 3290727383 ] [ 33751 50212 ] [ 215 131 36 196 ] [..$.]
  8497 - [ 469b3433 ][ 19866.099609 ] [ 1184576563 ] [ 13363 18075 ] [ 51 52 155 70 ] [34.F]
  8498 - [ 3f800000 ][ 1.000000 ] [ 1065353216 ] [ 0 16256 ] [ 0 0 128 63 ] [...?]
  8499 - [ 00000101 ][ 0.000000 ] [ 257 ] [ 257 0 ] [ 1 1 0 0 ] [....]
  8500 - [ 00000004 ][ 0.000000 ] [ 4 ] [ 4 0 ] [ 4 0 0 0 ] [....]
  8501 - [ 00000800 ][ 0.000000 ] [ 2048 ] [ 2048 0 ] [ 0 8 0 0 ] [....]
  8502 - [ 00000000 ][ 0.000000 ] [ 0 ] [ 0 0 ] [ 0 0 0 0 ] [....]
  8503 - [ 46b4c766 ][ 23139.699219 ] [ 1186252646 ] [ 51046 18100 ] [ 102 199 180 70 ] [f..F]
  8504 - [ 41c7fe77 ][ 24.999250 ] [ 1103625847 ] [ 65143 16839 ] [ 119 254 199 65 ] [w..A]
  8505 - [ 46915be6 ][ 18605.949219 ] [ 1183931366 ] [ 23526 18065 ] [ 230 91 145 70 ] [.[.F]
  8506 - [ 3f800000 ][ 1.000000 ] [ 1065353216 ] [ 0 16256 ] [ 0 0 128 63 ] [...?]
  8507 - [ 46b4c766 ][ 23139.699219 ] [ 1186252646 ] [ 51046 18100 ] [ 102 199 180 70 ] [f..F]
  8508 - [ c42483d7 ][ -658.059998 ] [ 3290727383 ] [ 33751 50212 ] [ 215 131 36 196 ] [..$.]
  8509 - [ 46915be6 ][ 18605.949219 ] [ 1183931366 ] [ 23526 18065 ] [ 230 91 145 70 ] [.[.F]
  8510 - [ 3f800000 ][ 1.000000 ] [ 1065353216 ] [ 0 16256 ] [ 0 0 128 63 ] [...?]
  8511 - [ 46b51db3 ][ 23182.849609 ] [ 1186274739 ] [ 7603 18101 ] [ 179 29 181 70 ] [...F]
  8512 - [ c42483d7 ][ -658.059998 ] [ 3290727383 ] [ 33751 50212 ] [ 215 131 36 196 ] [..$.]
  8513 - [ 46912966 ][ 18580.699219 ] [ 1183918438 ] [ 10598 18065 ] [ 102 41 145 70 ] [f).F]
  8514 - [ 3f800000 ][ 1.000000 ] [ 1065353216 ] [ 0 16256 ] [ 0 0 128 63 ] [...?]
  8515 - [ 46b51db3 ][ 23182.849609 ] [ 1186274739 ] [ 7603 18101 ] [ 179 29 181 70 ] [...F]
  8516 - [ 41c7fe77 ][ 24.999250 ] [ 1103625847 ] [ 65143 16839 ] [ 119 254 199 65 ] [w..A]
  8517 - [ 46912966 ][ 18580.699219 ] [ 1183918438 ] [ 10598 18065 ] [ 102 41 145 70 ] [f).F]
  8518 - [ 3f800000 ][ 1.000000 ] [ 1065353216 ] [ 0 16256 ] [ 0 0 128 63 ] [...?]
  8519 - [ 00000101 ][ 0.000000 ] [ 257 ] [ 257 0 ] [ 1 1 0 0 ] [....]
  8520 - [ 00000004 ][ 0.000000 ] [ 4 ] [ 4 0 ] [ 4 0 0 0 ] [....]
  8521 - [ 00000800 ][ 0.000000 ] [ 2048 ] [ 2048 0 ] [ 0 8 0 0 ] [....]
  8522 - [ 00000000 ][ 0.000000 ] [ 0 ] [ 0 0 ] [ 0 0 0 0 ] [....]
  8523 - [ 46b51db3 ][ 23182.849609 ] [ 1186274739 ] [ 7603 18101 ] [ 179 29 181 70 ] [...F]
  8524 - [ c42483d7 ][ -658.059998 ] [ 3290727383 ] [ 33751 50212 ] [ 215 131 36 196 ] [..$.]
  8525 - [ 46912966 ][ 18580.699219 ] [ 1183918438 ] [ 10598 18065 ] [ 102 41 145 70 ] [f).F]
  8526 - [ 3f800000 ][ 1.000000 ] [ 1065353216 ] [ 0 16256 ] [ 0 0 128 63 ] [...?]
  8527 - [ 46b7d1b3 ][ 23528.849609 ] [ 1186451891 ] [ 53683 18103 ] [ 179 209 183 70 ] [...F]
  8528 - [ c42483d7 ][ -658.059998 ] [ 3290727383 ] [ 33751 50212 ] [ 215 131 36 196 ] [..$.]
  8529 - [ 469b01b3 ][ 19840.849609 ] [ 1184563635 ] [ 435 18075 ] [ 179 1 155 70 ] [...F]
  8530 - [ 3f800000 ][ 1.000000 ] [ 1065353216 ] [ 0 16256 ] [ 0 0 128 63 ] [...?]
  8531 - [ 46b7d1b3 ][ 23528.849609 ] [ 1186451891 ] [ 53683 18103 ] [ 179 209 183 70 ] [...F]
  8532 - [ 41c7ff14 ][ 24.999550 ] [ 1103626004 ] [ 65300 16839 ] [ 20 255 199 65 ] [...A]
  8533 - [ 469b01b3 ][ 19840.849609 ] [ 1184563635 ] [ 435 18075 ] [ 179 1 155 70 ] [...F]
  8534 - [ 3f800000 ][ 1.000000 ] [ 1065353216 ] [ 0 16256 ] [ 0 0 128 63 ] [...?]
  8535 - [ 46b51db3 ][ 23182.849609 ] [ 1186274739 ] [ 7603 18101 ] [ 179 29 181 70 ] [...F]
  8536 - [ 41c7fe77 ][ 24.999250 ] [ 1103625847 ] [ 65143 16839 ] [ 119 254 199 65 ] [w..A]
  8537 - [ 46912966 ][ 18580.699219 ] [ 1183918438 ] [ 10598 18065 ] [ 102 41 145 70 ] [f).F]
  8538 - [ 3f800000 ][ 1.000000 ] [ 1065353216 ] [ 0 16256 ] [ 0 0 128 63 ] [...?]
  8539 - [ 00000101 ][ 0.000000 ] [ 257 ] [ 257 0 ] [ 1 1 0 0 ] [....]
  8540 - [ 00000004 ][ 0.000000 ] [ 4 ] [ 4 0 ] [ 4 0 0 0 ] [....]
  8541 - [ 00000800 ][ 0.000000 ] [ 2048 ] [ 2048 0 ] [ 0 8 0 0 ] [....]
  8542 - [ 00000000 ][ 0.000000 ] [ 0 ] [ 0 0 ] [ 0 0 0 0 ] [....]
  8543 - [ 46a0a700 ][ 20563.500000 ] [ 1184933632 ] [ 42752 18080 ] [ 0 167 160 70 ] [...F]
  8544 - [ 41c80083 ][ 25.000250 ] [ 1103626371 ] [ 131 16840 ] [ 131 0 200 65 ] [...A]
  8545 - [ 46b48c9a ][ 23110.300781 ] [ 1186237594 ] [ 35994 18100 ] [ 154 140 180 70 ] [...F]
  8546 - [ 3f800000 ][ 1.000000 ] [ 1065353216 ] [ 0 16256 ] [ 0 0 128 63 ] [...?]
  8547 - [ 46a0a700 ][ 20563.500000 ] [ 1184933632 ] [ 42752 18080 ] [ 0 167 160 70 ] [...F]
  8548 - [ c42483d7 ][ -658.059998 ] [ 3290727383 ] [ 33751 50212 ] [ 215 131 36 196 ] [..$.]
  8549 - [ 46b48c9a ][ 23110.300781 ] [ 1186237594 ] [ 35994 18100 ] [ 154 140 180 70 ] [...F]
  8550 - [ 3f800000 ][ 1.000000 ] [ 1065353216 ] [ 0 16256 ] [ 0 0 128 63 ] [...?]
  8551 - [ 46a07466 ][ 20538.199219 ] [ 1184920678 ] [ 29798 18080 ] [ 102 116 160 70 ] [ft.F]
  8552 - [ c42483d7 ][ -658.059998 ] [ 3290727383 ] [ 33751 50212 ] [ 215 131 36 196 ] [..$.]
  8553 - [ 46b4364d ][ 23067.150391 ] [ 1186215501 ] [ 13901 18100 ] [ 77 54 180 70 ] [M6.F]
  8554 - [ 3f800000 ][ 1.000000 ] [ 1065353216 ] [ 0 16256 ] [ 0 0 128 63 ] [...?]
  8555 - [ 46a07466 ][ 20538.199219 ] [ 1184920678 ] [ 29798 18080 ] [ 102 116 160 70 ] [ft.F]
  8556 - [ 41c80069 ][ 25.000200 ] [ 1103626345 ] [ 105 16840 ] [ 105 0 200 65 ] [i..A]
  8557 - [ 46b4364d ][ 23067.150391 ] [ 1186215501 ] [ 13901 18100 ] [ 77 54 180 70 ] [M6.F]
  8558 - [ 3f800000 ][ 1.000000 ] [ 1065353216 ] [ 0 16256 ] [ 0 0 128 63 ] [...?]
  8559 - [ 00000101 ][ 0.000000 ] [ 257 ] [ 257 0 ] [ 1 1 0 0 ] [....]
  8560 - [ 00000004 ][ 0.000000 ] [ 4 ] [ 4 0 ] [ 4 0 0 0 ] [....]
  8561 - [ 00000800 ][ 0.000000 ] [ 2048 ] [ 2048 0 ] [ 0 8 0 0 ] [....]
  8562 - [ 00000000 ][ 0.000000 ] [ 0 ] [ 0 0 ] [ 0 0 0 0 ] [....]
  8563 - [ 46a0a700 ][ 20563.500000 ] [ 1184933632 ] [ 42752 18080 ] [ 0 167 160 70 ] [...F]
  8564 - [ c42483d7 ][ -658.059998 ] [ 3290727383 ] [ 33751 50212 ] [ 215 131 36 196 ] [..$.]
  8565 - [ 46b48c9a ][ 23110.300781 ] [ 1186237594 ] [ 35994 18100 ] [ 154 140 180 70 ] [...F]
  8566 - [ 3f800000 ][ 1.000000 ] [ 1065353216 ] [ 0 16256 ] [ 0 0 128 63 ] [...?]
  8567 - [ 46aa7eb3 ][ 21823.349609 ] [ 1185578675 ] [ 32435 18090 ] [ 179 126 170 70 ] [.~.F]
  8568 - [ c42483d7 ][ -658.059998 ] [ 3290727383 ] [ 33751 50212 ] [ 215 131 36 196 ] [..$.]
  8569 - [ 46b1d6b3 ][ 22763.349609 ] [ 1186059955 ] [ 54963 18097 ] [ 179 214 177 70 ] [...F]
  8570 - [ 3f800000 ][ 1.000000 ] [ 1065353216 ] [ 0 16256 ] [ 0 0 128 63 ] [...?]
  8571 - [ 46aa4c33 ][ 21798.099609 ] [ 1185565747 ] [ 19507 18090 ] [ 51 76 170 70 ] [3L.F]
  8572 - [ c42483d7 ][ -658.059998 ] [ 3290727383 ] [ 33751 50212 ] [ 215 131 36 196 ] [..$.]
  8573 - [ 46b18080 ][ 22720.250000 ] [ 1186037888 ] [ 32896 18097 ] [ 128 128 177 70 ] [...F]
  8574 - [ 3f800000 ][ 1.000000 ] [ 1065353216 ] [ 0 16256 ] [ 0 0 128 63 ] [...?]
  8575 - [ 46a07466 ][ 20538.199219 ] [ 1184920678 ] [ 29798 18080 ] [ 102 116 160 70 ] [ft.F]
  8576 - [ c42483d7 ][ -658.059998 ] [ 3290727383 ] [ 33751 50212 ] [ 215 131 36 196 ] [..$.]
  8577 - [ 46b4364d ][ 23067.150391 ] [ 1186215501 ] [ 13901 18100 ] [ 77 54 180 70 ] [M6.F]
  8578 - [ 3f800000 ][ 1.000000 ] [ 1065353216 ] [ 0 16256 ] [ 0 0 128 63 ] [...?]
  8579 - [ 00000101 ][ 0.000000 ] [ 257 ] [ 257 0 ] [ 1 1 0 0 ] [....]
  8580 - [ 00000004 ][ 0.000000 ] [ 4 ] [ 4 0 ] [ 4 0 0 0 ] [....]
  8581 - [ 00000800 ][ 0.000000 ] [ 2048 ] [ 2048 0 ] [ 0 8 0 0 ] [....]
  8582 - [ 00000000 ][ 0.000000 ] [ 0 ] [ 0 0 ] [ 0 0 0 0 ] [....]
  8583 - [ 46aa4c33 ][ 21798.099609 ] [ 1185565747 ] [ 19507 18090 ] [ 51 76 170 70 ] [3L.F]
  8584 - [ 41c80069 ][ 25.000200 ] [ 1103626345 ] [ 105 16840 ] [ 105 0 200 65 ] [i..A]
  8585 - [ 46b18080 ][ 22720.250000 ] [ 1186037888 ] [ 32896 18097 ] [ 128 128 177 70 ] [...F]
  8586 - [ 3f800000 ][ 1.000000 ] [ 1065353216 ] [ 0 16256 ] [ 0 0 128 63 ] [...?]
  8587 - [ 46aa4c33 ][ 21798.099609 ] [ 1185565747 ] [ 19507 18090 ] [ 51 76 170 70 ] [3L.F]
  8588 - [ c42483d7 ][ -658.059998 ] [ 3290727383 ] [ 33751 50212 ] [ 215 131 36 196 ] [..$.]
  8589 - [ 46b18080 ][ 22720.250000 ] [ 1186037888 ] [ 32896 18097 ] [ 128 128 177 70 ] [...F]
  8590 - [ 3f800000 ][ 1.000000 ] [ 1065353216 ] [ 0 16256 ] [ 0 0 128 63 ] [...?]
  8591 - [ 46aa7eb3 ][ 21823.349609 ] [ 1185578675 ] [ 32435 18090 ] [ 179 126 170 70 ] [.~.F]
  8592 - [ c42483d7 ][ -658.059998 ] [ 3290727383 ] [ 33751 50212 ] [ 215 131 36 196 ] [..$.]
  8593 - [ 46b1d6b3 ][ 22763.349609 ] [ 1186059955 ] [ 54963 18097 ] [ 179 214 177 70 ] [...F]
  8594 - [ 3f800000 ][ 1.000000 ] [ 1065353216 ] [ 0 16256 ] [ 0 0 128 63 ] [...?]
  8595 - [ 46aa7eb3 ][ 21823.349609 ] [ 1185578675 ] [ 32435 18090 ] [ 179 126 170 70 ] [.~.F]
  8596 - [ 41c80069 ][ 25.000200 ] [ 1103626345 ] [ 105 16840 ] [ 105 0 200 65 ] [i..A]
  8597 - [ 46b1d6b3 ][ 22763.349609 ] [ 1186059955 ] [ 54963 18097 ] [ 179 214 177 70 ] [...F]
  8598 - [ 3f800000 ][ 1.000000 ] [ 1065353216 ] [ 0 16256 ] [ 0 0 128 63 ] [...?]
  8599 - [ 00000101 ][ 0.000000 ] [ 257 ] [ 257 0 ] [ 1 1 0 0 ] [....]
  8600 - [ 00000004 ][ 0.000000 ] [ 4 ] [ 4 0 ] [ 4 0 0 0 ] [....]
  8601 - [ 00000800 ][ 0.000000 ] [ 2048 ] [ 2048 0 ] [ 0 8 0 0 ] [....]
  8602 - [ 00000000 ][ 0.000000 ] [ 0 ] [ 0 0 ] [ 0 0 0 0 ] [....]
  8603 - [ 46aa7eb3 ][ 21823.349609 ] [ 1185578675 ] [ 32435 18090 ] [ 179 126 170 70 ] [.~.F]
  8604 - [ c42483d7 ][ -658.059998 ] [ 3290727383 ] [ 33751 50212 ] [ 215 131 36 196 ] [..$.]
  8605 - [ 46b1d6b3 ][ 22763.349609 ] [ 1186059955 ] [ 54963 18097 ] [ 179 214 177 70 ] [...F]
  8606 - [ 3f800000 ][ 1.000000 ] [ 1065353216 ] [ 0 16256 ] [ 0 0 128 63 ] [...?]
  8607 - [ 46a0a700 ][ 20563.500000 ] [ 1184933632 ] [ 42752 18080 ] [ 0 167 160 70 ] [...F]
  8608 - [ c42483d7 ][ -658.059998 ] [ 3290727383 ] [ 33751 50212 ] [ 215 131 36 196 ] [..$.]
  8609 - [ 46b48c9a ][ 23110.300781 ] [ 1186237594 ] [ 35994 18100 ] [ 154 140 180 70 ] [...F]
  8610 - [ 3f800000 ][ 1.000000 ] [ 1065353216 ] [ 0 16256 ] [ 0 0 128 63 ] [...?]
  8611 - [ 46a0a700 ][ 20563.500000 ] [ 1184933632 ] [ 42752 18080 ] [ 0 167 160 70 ] [...F]
  8612 - [ 41c80083 ][ 25.000250 ] [ 1103626371 ] [ 131 16840 ] [ 131 0 200 65 ] [...A]
  8613 - [ 46b48c9a ][ 23110.300781 ] [ 1186237594 ] [ 35994 18100 ] [ 154 140 180 70 ] [...F]
  8614 - [ 3f800000 ][ 1.000000 ] [ 1065353216 ] [ 0 16256 ] [ 0 0 128 63 ] [...?]
  8615 - [ 46aa7eb3 ][ 21823.349609 ] [ 1185578675 ] [ 32435 18090 ] [ 179 126 170 70 ] [.~.F]
  8616 - [ 41c80069 ][ 25.000200 ] [ 1103626345 ] [ 105 16840 ] [ 105 0 200 65 ] [i..A]
  8617 - [ 46b1d6b3 ][ 22763.349609 ] [ 1186059955 ] [ 54963 18097 ] [ 179 214 177 70 ] [...F]
  8618 - [ 3f800000 ][ 1.000000 ] [ 1065353216 ] [ 0 16256 ] [ 0 0 128 63 ] [...?]
  8619 - [ 00000101 ][ 0.000000 ] [ 257 ] [ 257 0 ] [ 1 1 0 0 ] [....]
  8620 - [ 00000004 ][ 0.000000 ] [ 4 ] [ 4 0 ] [ 4 0 0 0 ] [....]
  8621 - [ 00000800 ][ 0.000000 ] [ 2048 ] [ 2048 0 ] [ 0 8 0 0 ] [....]
  8622 - [ 00000000 ][ 0.000000 ] [ 0 ] [ 0 0 ] [ 0 0 0 0 ] [....]
  8623 - [ 4694bd80 ][ 19038.750000 ] [ 1184152960 ] [ 48512 18068 ] [ 128 189 148 70 ] [...F]
  8624 - [ 41c80034 ][ 25.000099 ] [ 1103626292 ] [ 52 16840 ] [ 52 0 200 65 ] [4..A]
  8625 - [ 46b1f2e6 ][ 22777.449219 ] [ 1186067174 ] [ 62182 18097 ] [ 230 242 177 70 ] [...F]
  8626 - [ 3f800000 ][ 1.000000 ] [ 1065353216 ] [ 0 16256 ] [ 0 0 128 63 ] [...?]
  8627 - [ 4694bd80 ][ 19038.750000 ] [ 1184152960 ] [ 48512 18068 ] [ 128 189 148 70 ] [...F]
  8628 - [ c42483d7 ][ -658.059998 ] [ 3290727383 ] [ 33751 50212 ] [ 215 131 36 196 ] [..$.]
  8629 - [ 46b1f2e6 ][ 22777.449219 ] [ 1186067174 ] [ 62182 18097 ] [ 230 242 177 70 ] [...F]
  8630 - [ 3f800000 ][ 1.000000 ] [ 1065353216 ] [ 0 16256 ] [ 0 0 128 63 ] [...?]
  8631 - [ 4694bd80 ][ 19038.750000 ] [ 1184152960 ] [ 48512 18068 ] [ 128 189 148 70 ] [...F]
  8632 - [ c42483d7 ][ -658.059998 ] [ 3290727383 ] [ 33751 50212 ] [ 215 131 36 196 ] [..$.]
  8633 - [ 46b18ee6 ][ 22727.449219 ] [ 1186041574 ] [ 36582 18097 ] [ 230 142 177 70 ] [...F]
  8634 - [ 3f800000 ][ 1.000000 ] [ 1065353216 ] [ 0 16256 ] [ 0 0 128 63 ] [...?]
  8635 - [ 4694bd80 ][ 19038.750000 ] [ 1184152960 ] [ 48512 18068 ] [ 128 189 148 70 ] [...F]
  8636 - [ 41c80034 ][ 25.000099 ] [ 1103626292 ] [ 52 16840 ] [ 52 0 200 65 ] [4..A]
  8637 - [ 46b18ee6 ][ 22727.449219 ] [ 1186041574 ] [ 36582 18097 ] [ 230 142 177 70 ] [...F]
  8638 - [ 3f800000 ][ 1.000000 ] [ 1065353216 ] [ 0 16256 ] [ 0 0 128 63 ] [...?]
  8639 - [ 00000101 ][ 0.000000 ] [ 257 ] [ 257 0 ] [ 1 1 0 0 ] [....]
  8640 - [ 00000004 ][ 0.000000 ] [ 4 ] [ 4 0 ] [ 4 0 0 0 ] [....]
  8641 - [ 00000800 ][ 0.000000 ] [ 2048 ] [ 2048 0 ] [ 0 8 0 0 ] [....]
  8642 - [ 00000000 ][ 0.000000 ] [ 0 ] [ 0 0 ] [ 0 0 0 0 ] [....]
  8643 - [ 4694bd80 ][ 19038.750000 ] [ 1184152960 ] [ 48512 18068 ] [ 128 189 148 70 ] [...F]
  8644 - [ c42483d7 ][ -658.059998 ] [ 3290727383 ] [ 33751 50212 ] [ 215 131 36 196 ] [..$.]
  8645 - [ 46b1f2e6 ][ 22777.449219 ] [ 1186067174 ] [ 62182 18097 ] [ 230 242 177 70 ] [...F]
  8646 - [ 3f800000 ][ 1.000000 ] [ 1065353216 ] [ 0 16256 ] [ 0 0 128 63 ] [...?]
  8647 - [ 469e9a4d ][ 20301.150391 ] [ 1184799309 ] [ 39501 18078 ] [ 77 154 158 70 ] [M..F]
  8648 - [ c42483d7 ][ -658.059998 ] [ 3290727383 ] [ 33751 50212 ] [ 215 131 36 196 ] [..$.]
  8649 - [ 46b4961a ][ 23115.050781 ] [ 1186240026 ] [ 38426 18100 ] [ 26 150 180 70 ] [...F]
  8650 - [ 3f800000 ][ 1.000000 ] [ 1065353216 ] [ 0 16256 ] [ 0 0 128 63 ] [...?]
  8651 - [ 469e9a4d ][ 20301.150391 ] [ 1184799309 ] [ 39501 18078 ] [ 77 154 158 70 ] [M..F]
  8652 - [ c42483d7 ][ -658.059998 ] [ 3290727383 ] [ 33751 50212 ] [ 215 131 36 196 ] [..$.]
  8653 - [ 46b4321a ][ 23065.050781 ] [ 1186214426 ] [ 12826 18100 ] [ 26 50 180 70 ] [.2.F]
  8654 - [ 3f800000 ][ 1.000000 ] [ 1065353216 ] [ 0 16256 ] [ 0 0 128 63 ] [...?]
  8655 - [ 4694bd80 ][ 19038.750000 ] [ 1184152960 ] [ 48512 18068 ] [ 128 189 148 70 ] [...F]
  8656 - [ c42483d7 ][ -658.059998 ] [ 3290727383 ] [ 33751 50212 ] [ 215 131 36 196 ] [..$.]
  8657 - [ 46b18ee6 ][ 22727.449219 ] [ 1186041574 ] [ 36582 18097 ] [ 230 142 177 70 ] [...F]
  8658 - [ 3f800000 ][ 1.000000 ] [ 1065353216 ] [ 0 16256 ] [ 0 0 128 63 ] [...?]
  8659 - [ 00000101 ][ 0.000000 ] [ 257 ] [ 257 0 ] [ 1 1 0 0 ] [....]
  8660 - [ 00000004 ][ 0.000000 ] [ 4 ] [ 4 0 ] [ 4 0 0 0 ] [....]
  8661 - [ 00000800 ][ 0.000000 ] [ 2048 ] [ 2048 0 ] [ 0 8 0 0 ] [....]
  8662 - [ 00000000 ][ 0.000000 ] [ 0 ] [ 0 0 ] [ 0 0 0 0 ] [....]
  8663 - [ 469e9a4d ][ 20301.150391 ] [ 1184799309 ] [ 39501 18078 ] [ 77 154 158 70 ] [M..F]
  8664 - [ 41c80069 ][ 25.000200 ] [ 1103626345 ] [ 105 16840 ] [ 105 0 200 65 ] [i..A]
  8665 - [ 46b4321a ][ 23065.050781 ] [ 1186214426 ] [ 12826 18100 ] [ 26 50 180 70 ] [.2.F]
  8666 - [ 3f800000 ][ 1.000000 ] [ 1065353216 ] [ 0 16256 ] [ 0 0 128 63 ] [...?]
  8667 - [ 469e9a4d ][ 20301.150391 ] [ 1184799309 ] [ 39501 18078 ] [ 77 154 158 70 ] [M..F]
  8668 - [ c42483d7 ][ -658.059998 ] [ 3290727383 ] [ 33751 50212 ] [ 215 131 36 196 ] [..$.]
  8669 - [ 46b4321a ][ 23065.050781 ] [ 1186214426 ] [ 12826 18100 ] [ 26 50 180 70 ] [.2.F]
  8670 - [ 3f800000 ][ 1.000000 ] [ 1065353216 ] [ 0 16256 ] [ 0 0 128 63 ] [...?]
  8671 - [ 469e9a4d ][ 20301.150391 ] [ 1184799309 ] [ 39501 18078 ] [ 77 154 158 70 ] [M..F]
  8672 - [ c42483d7 ][ -658.059998 ] [ 3290727383 ] [ 33751 50212 ] [ 215 131 36 196 ] [..$.]
  8673 - [ 46b4961a ][ 23115.050781 ] [ 1186240026 ] [ 38426 18100 ] [ 26 150 180 70 ] [...F]
  8674 - [ 3f800000 ][ 1.000000 ] [ 1065353216 ] [ 0 16256 ] [ 0 0 128 63 ] [...?]
  8675 - [ 469e9a4d ][ 20301.150391 ] [ 1184799309 ] [ 39501 18078 ] [ 77 154 158 70 ] [M..F]
  8676 - [ 41c80083 ][ 25.000250 ] [ 1103626371 ] [ 131 16840 ] [ 131 0 200 65 ] [...A]
  8677 - [ 46b4961a ][ 23115.050781 ] [ 1186240026 ] [ 38426 18100 ] [ 26 150 180 70 ] [...F]
  8678 - [ 3f800000 ][ 1.000000 ] [ 1065353216 ] [ 0 16256 ] [ 0 0 128 63 ] [...?]
  8679 - [ 00000101 ][ 0.000000 ] [ 257 ] [ 257 0 ] [ 1 1 0 0 ] [....]
  8680 - [ 00000004 ][ 0.000000 ] [ 4 ] [ 4 0 ] [ 4 0 0 0 ] [....]
  8681 - [ 00000800 ][ 0.000000 ] [ 2048 ] [ 2048 0 ] [ 0 8 0 0 ] [....]
  8682 - [ 00000000 ][ 0.000000 ] [ 0 ] [ 0 0 ] [ 0 0 0 0 ] [....]
  8683 - [ 469e9a4d ][ 20301.150391 ] [ 1184799309 ] [ 39501 18078 ] [ 77 154 158 70 ] [M..F]
  8684 - [ c42483d7 ][ -658.059998 ] [ 3290727383 ] [ 33751 50212 ] [ 215 131 36 196 ] [..$.]
  8685 - [ 46b4961a ][ 23115.050781 ] [ 1186240026 ] [ 38426 18100 ] [ 26 150 180 70 ] [...F]
  8686 - [ 3f800000 ][ 1.000000 ] [ 1065353216 ] [ 0 16256 ] [ 0 0 128 63 ] [...?]
  8687 - [ 4694bd80 ][ 19038.750000 ] [ 1184152960 ] [ 48512 18068 ] [ 128 189 148 70 ] [...F]
  8688 - [ c42483d7 ][ -658.059998 ] [ 3290727383 ] [ 33751 50212 ] [ 215 131 36 196 ] [..$.]
  8689 - [ 46b1f2e6 ][ 22777.449219 ] [ 1186067174 ] [ 62182 18097 ] [ 230 242 177 70 ] [...F]
  8690 - [ 3f800000 ][ 1.000000 ] [ 1065353216 ] [ 0 16256 ] [ 0 0 128 63 ] [...?]
  8691 - [ 4694bd80 ][ 19038.750000 ] [ 1184152960 ] [ 48512 18068 ] [ 128 189 148 70 ] [...F]
  8692 - [ 41c80034 ][ 25.000099 ] [ 1103626292 ] [ 52 16840 ] [ 52 0 200 65 ] [4..A]
  8693 - [ 46b1f2e6 ][ 22777.449219 ] [ 1186067174 ] [ 62182 18097 ] [ 230 242 177 70 ] [...F]
  8694 - [ 3f800000 ][ 1.000000 ] [ 1065353216 ] [ 0 16256 ] [ 0 0 128 63 ] [...?]
  8695 - [ 469e9a4d ][ 20301.150391 ] [ 1184799309 ] [ 39501 18078 ] [ 77 154 158 70 ] [M..F]
  8696 - [ 41c80083 ][ 25.000250 ] [ 1103626371 ] [ 131 16840 ] [ 131 0 200 65 ] [...A]
  8697 - [ 46b4961a ][ 23115.050781 ] [ 1186240026 ] [ 38426 18100 ] [ 26 150 180 70 ] [...F]
  8698 - [ 3f800000 ][ 1.000000 ] [ 1065353216 ] [ 0 16256 ] [ 0 0 128 63 ] [...?]
  8699 - [ 00000101 ][ 0.000000 ] [ 257 ] [ 257 0 ] [ 1 1 0 0 ] [....]
  8700 - [ 00000004 ][ 0.000000 ] [ 4 ] [ 4 0 ] [ 4 0 0 0 ] [....]
  8701 - [ 00000020 ][ 0.000000 ] [ 32 ] [ 32 0 ] [ 32 0 0 0 ] [....]
  8702 - [ 00000000 ][ 0.000000 ] [ 0 ] [ 0 0 ] [ 0 0 0 0 ] [....]
  8703 - [ 46976380 ][ 19377.750000 ] [ 1184326528 ] [ 25472 18071 ] [ 128 99 151 70 ] [.c.F]
  8704 - [ c467f385 ][ -927.804993 ] [ 3295146885 ] [ 62341 50279 ] [ 133 243 103 196 ] [..g.]
  8705 - [ 46bba280 ][ 24017.250000 ] [ 1186701952 ] [ 41600 18107 ] [ 128 162 187 70 ] [...F]
  8706 - [ 3f800000 ][ 1.000000 ] [ 1065353216 ] [ 0 16256 ] [ 0 0 128 63 ] [...?]
  8707 - [ 46976180 ][ 19376.750000 ] [ 1184326016 ] [ 24960 18071 ] [ 128 97 151 70 ] [.a.F]
  8708 - [ c46e7666 ][ -953.849976 ] [ 3295573606 ] [ 30310 50286 ] [ 102 118 110 196 ] [fvn.]
  8709 - [ 46bba14d ][ 24016.650391 ] [ 1186701645 ] [ 41293 18107 ] [ 77 161 187 70 ] [M..F]
  8710 - [ 3f800000 ][ 1.000000 ] [ 1065353216 ] [ 0 16256 ] [ 0 0 128 63 ] [...?]
  8711 - [ 46976180 ][ 19376.750000 ] [ 1184326016 ] [ 24960 18071 ] [ 128 97 151 70 ] [.a.F]
  8712 - [ c46e7666 ][ -953.849976 ] [ 3295573606 ] [ 30310 50286 ] [ 102 118 110 196 ] [fvn.]
  8713 - [ 46b89a9a ][ 23629.300781 ] [ 1186503322 ] [ 39578 18104 ] [ 154 154 184 70 ] [...F]
  8714 - [ 3f800000 ][ 1.000000 ] [ 1065353216 ] [ 0 16256 ] [ 0 0 128 63 ] [...?]
  8715 - [ 46976380 ][ 19377.750000 ] [ 1184326528 ] [ 25472 18071 ] [ 128 99 151 70 ] [.c.F]
  8716 - [ c467f385 ][ -927.804993 ] [ 3295146885 ] [ 62341 50279 ] [ 133 243 103 196 ] [..g.]
  8717 - [ 46b89bcd ][ 23629.900391 ] [ 1186503629 ] [ 39885 18104 ] [ 205 155 184 70 ] [...F]
  8718 - [ 3f800000 ][ 1.000000 ] [ 1065353216 ] [ 0 16256 ] [ 0 0 128 63 ] [...?]
  8719 - [ 00000101 ][ 0.000000 ] [ 257 ] [ 257 0 ] [ 1 1 0 0 ] [....]
  8720 - [ 00000004 ][ 0.000000 ] [ 4 ] [ 4 0 ] [ 4 0 0 0 ] [....]
  8721 - [ 00000020 ][ 0.000000 ] [ 32 ] [ 32 0 ] [ 32 0 0 0 ] [....]
  8722 - [ 00000000 ][ 0.000000 ] [ 0 ] [ 0 0 ] [ 0 0 0 0 ] [....]
  8723 - [ 46976380 ][ 19377.750000 ] [ 1184326528 ] [ 25472 18071 ] [ 128 99 151 70 ] [.c.F]
  8724 - [ c467f385 ][ -927.804993 ] [ 3295146885 ] [ 62341 50279 ] [ 133 243 103 196 ] [..g.]
  8725 - [ 46b89bcd ][ 23629.900391 ] [ 1186503629 ] [ 39885 18104 ] [ 205 155 184 70 ] [...F]
  8726 - [ 3f800000 ][ 1.000000 ] [ 1065353216 ] [ 0 16256 ] [ 0 0 128 63 ] [...?]
  8727 - [ 46976180 ][ 19376.750000 ] [ 1184326016 ] [ 24960 18071 ] [ 128 97 151 70 ] [.a.F]
  8728 - [ c46e7666 ][ -953.849976 ] [ 3295573606 ] [ 30310 50286 ] [ 102 118 110 196 ] [fvn.]
  8729 - [ 46b89a9a ][ 23629.300781 ] [ 1186503322 ] [ 39578 18104 ] [ 154 154 184 70 ] [...F]
  8730 - [ 3f800000 ][ 1.000000 ] [ 1065353216 ] [ 0 16256 ] [ 0 0 128 63 ] [...?]
  8731 - [ 4697a0cd ][ 19408.400391 ] [ 1184342221 ] [ 41165 18071 ] [ 205 160 151 70 ] [...F]
  8732 - [ c46e7666 ][ -953.849976 ] [ 3295573606 ] [ 30310 50286 ] [ 102 118 110 196 ] [fvn.]
  8733 - [ 46b89a9a ][ 23629.300781 ] [ 1186503322 ] [ 39578 18104 ] [ 154 154 184 70 ] [...F]
  8734 - [ 3f800000 ][ 1.000000 ] [ 1065353216 ] [ 0 16256 ] [ 0 0 128 63 ] [...?]
  8735 - [ 4697a2b3 ][ 19409.349609 ] [ 1184342707 ] [ 41651 18071 ] [ 179 162 151 70 ] [...F]
  8736 - [ c467f385 ][ -927.804993 ] [ 3295146885 ] [ 62341 50279 ] [ 133 243 103 196 ] [..g.]
  8737 - [ 46b89bcd ][ 23629.900391 ] [ 1186503629 ] [ 39885 18104 ] [ 205 155 184 70 ] [...F]
  8738 - [ 3f800000 ][ 1.000000 ] [ 1065353216 ] [ 0 16256 ] [ 0 0 128 63 ] [...?]
  8739 - [ 00000101 ][ 0.000000 ] [ 257 ] [ 257 0 ] [ 1 1 0 0 ] [....]
  8740 - [ 00000004 ][ 0.000000 ] [ 4 ] [ 4 0 ] [ 4 0 0 0 ] [....]
  8741 - [ 00000020 ][ 0.000000 ] [ 32 ] [ 32 0 ] [ 32 0 0 0 ] [....]
  8742 - [ 00000000 ][ 0.000000 ] [ 0 ] [ 0 0 ] [ 0 0 0 0 ] [....]
  8743 - [ 46976180 ][ 19376.750000 ] [ 1184326016 ] [ 24960 18071 ] [ 128 97 151 70 ] [.a.F]
  8744 - [ c46e7666 ][ -953.849976 ] [ 3295573606 ] [ 30310 50286 ] [ 102 118 110 196 ] [fvn.]
  8745 - [ 46bba14d ][ 24016.650391 ] [ 1186701645 ] [ 41293 18107 ] [ 77 161 187 70 ] [M..F]
  8746 - [ 3f800000 ][ 1.000000 ] [ 1065353216 ] [ 0 16256 ] [ 0 0 128 63 ] [...?]
  8747 - [ 4697a0cd ][ 19408.400391 ] [ 1184342221 ] [ 41165 18071 ] [ 205 160 151 70 ] [...F]
  8748 - [ c46e7666 ][ -953.849976 ] [ 3295573606 ] [ 30310 50286 ] [ 102 118 110 196 ] [fvn.]
  8749 - [ 46bba14d ][ 24016.650391 ] [ 1186701645 ] [ 41293 18107 ] [ 77 161 187 70 ] [M..F]
  8750 - [ 3f800000 ][ 1.000000 ] [ 1065353216 ] [ 0 16256 ] [ 0 0 128 63 ] [...?]
  8751 - [ 4697a0cd ][ 19408.400391 ] [ 1184342221 ] [ 41165 18071 ] [ 205 160 151 70 ] [...F]
  8752 - [ c46e7666 ][ -953.849976 ] [ 3295573606 ] [ 30310 50286 ] [ 102 118 110 196 ] [fvn.]
  8753 - [ 46b89a9a ][ 23629.300781 ] [ 1186503322 ] [ 39578 18104 ] [ 154 154 184 70 ] [...F]
  8754 - [ 3f800000 ][ 1.000000 ] [ 1065353216 ] [ 0 16256 ] [ 0 0 128 63 ] [...?]
  8755 - [ 46976180 ][ 19376.750000 ] [ 1184326016 ] [ 24960 18071 ] [ 128 97 151 70 ] [.a.F]
  8756 - [ c46e7666 ][ -953.849976 ] [ 3295573606 ] [ 30310 50286 ] [ 102 118 110 196 ] [fvn.]
  8757 - [ 46b89a9a ][ 23629.300781 ] [ 1186503322 ] [ 39578 18104 ] [ 154 154 184 70 ] [...F]
  8758 - [ 3f800000 ][ 1.000000 ] [ 1065353216 ] [ 0 16256 ] [ 0 0 128 63 ] [...?]
  8759 - [ 00000101 ][ 0.000000 ] [ 257 ] [ 257 0 ] [ 1 1 0 0 ] [....]
  8760 - [ 00000004 ][ 0.000000 ] [ 4 ] [ 4 0 ] [ 4 0 0 0 ] [....]
  8761 - [ 00000020 ][ 0.000000 ] [ 32 ] [ 32 0 ] [ 32 0 0 0 ] [....]
  8762 - [ 00000000 ][ 0.000000 ] [ 0 ] [ 0 0 ] [ 0 0 0 0 ] [....]
  8763 - [ 469f5c00 ][ 20398.000000 ] [ 1184848896 ] [ 23552 18079 ] [ 0 92 159 70 ] [.\.F]
  8764 - [ c3223396 ][ -162.201508 ] [ 3273798550 ] [ 13206 49954 ] [ 150 51 34 195 ] [.3".]
  8765 - [ 46b7c21a ][ 23521.050781 ] [ 1186447898 ] [ 49690 18103 ] [ 26 194 183 70 ] [...F]
  8766 - [ 3f800000 ][ 1.000000 ] [ 1065353216 ] [ 0 16256 ] [ 0 0 128 63 ] [...?]
  8767 - [ 46a1759a ][ 20666.800781 ] [ 1184986522 ] [ 30106 18081 ] [ 154 117 161 70 ] [.u.F]
  8768 - [ c3223396 ][ -162.201508 ] [ 3273798550 ] [ 13206 49954 ] [ 150 51 34 195 ] [.3".]
  8769 - [ 46b6b0e6 ][ 23384.449219 ] [ 1186377958 ] [ 45286 18102 ] [ 230 176 182 70 ] [...F]
  8770 - [ 3f800000 ][ 1.000000 ] [ 1065353216 ] [ 0 16256 ] [ 0 0 128 63 ] [...?]
  8771 - [ 46a0ef80 ][ 20599.750000 ] [ 1184952192 ] [ 61312 18080 ] [ 128 239 160 70 ] [...F]
  8772 - [ c3223396 ][ -162.201508 ] [ 3273798550 ] [ 13206 49954 ] [ 150 51 34 195 ] [.3".]
  8773 - [ 46b596b3 ][ 23243.349609 ] [ 1186305715 ] [ 38579 18101 ] [ 179 150 181 70 ] [...F]
  8774 - [ 3f800000 ][ 1.000000 ] [ 1065353216 ] [ 0 16256 ] [ 0 0 128 63 ] [...?]
  8775 - [ 469ed600 ][ 20331.000000 ] [ 1184814592 ] [ 54784 18078 ] [ 0 214 158 70 ] [...F]
  8776 - [ c3223396 ][ -162.201508 ] [ 3273798550 ] [ 13206 49954 ] [ 150 51 34 195 ] [.3".]
  8777 - [ 46b6a7e6 ][ 23379.949219 ] [ 1186375654 ] [ 42982 18102 ] [ 230 167 182 70 ] [...F]
  8778 - [ 3f800000 ][ 1.000000 ] [ 1065353216 ] [ 0 16256 ] [ 0 0 128 63 ] [...?]
  8779 - [ 00000101 ][ 0.000000 ] [ 257 ] [ 257 0 ] [ 1 1 0 0 ] [....]
  8780 - [ 00000004 ][ 0.000000 ] [ 4 ] [ 4 0 ] [ 4 0 0 0 ] [....]
  8781 - [ 00000020 ][ 0.000000 ] [ 32 ] [ 32 0 ] [ 32 0 0 0 ] [....]
  8782 - [ 00000000 ][ 0.000000 ] [ 0 ] [ 0 0 ] [ 0 0 0 0 ] [....]
  8783 - [ 469ed866 ][ 20332.199219 ] [ 1184815206 ] [ 55398 18078 ] [ 102 216 158 70 ] [f..F]
  8784 - [ 4042096c ][ 3.031825 ] [ 1078069612 ] [ 2412 16450 ] [ 108 9 66 64 ] [l.B@]
  8785 - [ 46b6a866 ][ 23380.199219 ] [ 1186375782 ] [ 43110 18102 ] [ 102 168 182 70 ] [f..F]
  8786 - [ 3f800000 ][ 1.000000 ] [ 1065353216 ] [ 0 16256 ] [ 0 0 128 63 ] [...?]
  8787 - [ 469ed600 ][ 20331.000000 ] [ 1184814592 ] [ 54784 18078 ] [ 0 214 158 70 ] [...F]
  8788 - [ c3223396 ][ -162.201508 ] [ 3273798550 ] [ 13206 49954 ] [ 150 51 34 195 ] [.3".]
  8789 - [ 46b6a7e6 ][ 23379.949219 ] [ 1186375654 ] [ 42982 18102 ] [ 230 167 182 70 ] [...F]
  8790 - [ 3f800000 ][ 1.000000 ] [ 1065353216 ] [ 0 16256 ] [ 0 0 128 63 ] [...?]
  8791 - [ 46a0ef80 ][ 20599.750000 ] [ 1184952192 ] [ 61312 18080 ] [ 128 239 160 70 ] [...F]
  8792 - [ c3223396 ][ -162.201508 ] [ 3273798550 ] [ 13206 49954 ] [ 150 51 34 195 ] [.3".]
  8793 - [ 46b596b3 ][ 23243.349609 ] [ 1186305715 ] [ 38579 18101 ] [ 179 150 181 70 ] [...F]
  8794 - [ 3f800000 ][ 1.000000 ] [ 1065353216 ] [ 0 16256 ] [ 0 0 128 63 ] [...?]
  8795 - [ 46a0f200 ][ 20601.000000 ] [ 1184952832 ] [ 61952 18080 ] [ 0 242 160 70 ] [...F]
  8796 - [ 4042096c ][ 3.031825 ] [ 1078069612 ] [ 2412 16450 ] [ 108 9 66 64 ] [l.B@]
  8797 - [ 46b59733 ][ 23243.599609 ] [ 1186305843 ] [ 38707 18101 ] [ 51 151 181 70 ] [3..F]
  8798 - [ 3f800000 ][ 1.000000 ] [ 1065353216 ] [ 0 16256 ] [ 0 0 128 63 ] [...?]
  8799 - [ 00000101 ][ 0.000000 ] [ 257 ] [ 257 0 ] [ 1 1 0 0 ] [....]
  8800 - [ 00000004 ][ 0.000000 ] [ 4 ] [ 4 0 ] [ 4 0 0 0 ] [....]
  8801 - [ 00000020 ][ 0.000000 ] [ 32 ] [ 32 0 ] [ 32 0 0 0 ] [....]
  8802 - [ 00000000 ][ 0.000000 ] [ 0 ] [ 0 0 ] [ 0 0 0 0 ] [....]
  8803 - [ 46a0f200 ][ 20601.000000 ] [ 1184952832 ] [ 61952 18080 ] [ 0 242 160 70 ] [...F]
  8804 - [ 4042096c ][ 3.031825 ] [ 1078069612 ] [ 2412 16450 ] [ 108 9 66 64 ] [l.B@]
  8805 - [ 46b59733 ][ 23243.599609 ] [ 1186305843 ] [ 38707 18101 ] [ 51 151 181 70 ] [3..F]
  8806 - [ 3f800000 ][ 1.000000 ] [ 1065353216 ] [ 0 16256 ] [ 0 0 128 63 ] [...?]
  8807 - [ 46a0ef80 ][ 20599.750000 ] [ 1184952192 ] [ 61312 18080 ] [ 128 239 160 70 ] [...F]
  8808 - [ c3223396 ][ -162.201508 ] [ 3273798550 ] [ 13206 49954 ] [ 150 51 34 195 ] [.3".]
  8809 - [ 46b596b3 ][ 23243.349609 ] [ 1186305715 ] [ 38579 18101 ] [ 179 150 181 70 ] [...F]
  8810 - [ 3f800000 ][ 1.000000 ] [ 1065353216 ] [ 0 16256 ] [ 0 0 128 63 ] [...?]
  8811 - [ 46a1759a ][ 20666.800781 ] [ 1184986522 ] [ 30106 18081 ] [ 154 117 161 70 ] [.u.F]
  8812 - [ c3223396 ][ -162.201508 ] [ 3273798550 ] [ 13206 49954 ] [ 150 51 34 195 ] [.3".]
  8813 - [ 46b6b0e6 ][ 23384.449219 ] [ 1186377958 ] [ 45286 18102 ] [ 230 176 182 70 ] [...F]
  8814 - [ 3f800000 ][ 1.000000 ] [ 1065353216 ] [ 0 16256 ] [ 0 0 128 63 ] [...?]
  8815 - [ 46a17800 ][ 20668.000000 ] [ 1184987136 ] [ 30720 18081 ] [ 0 120 161 70 ] [.x.F]
  8816 - [ 4042096c ][ 3.031825 ] [ 1078069612 ] [ 2412 16450 ] [ 108 9 66 64 ] [l.B@]
  8817 - [ 46b6b180 ][ 23384.750000 ] [ 1186378112 ] [ 45440 18102 ] [ 128 177 182 70 ] [...F]
  8818 - [ 3f800000 ][ 1.000000 ] [ 1065353216 ] [ 0 16256 ] [ 0 0 128 63 ] [...?]
  8819 - [ 00000101 ][ 0.000000 ] [ 257 ] [ 257 0 ] [ 1 1 0 0 ] [....]
  8820 - [ 00000004 ][ 0.000000 ] [ 4 ] [ 4 0 ] [ 4 0 0 0 ] [....]
  8821 - [ 00000020 ][ 0.000000 ] [ 32 ] [ 32 0 ] [ 32 0 0 0 ] [....]
  8822 - [ 00000000 ][ 0.000000 ] [ 0 ] [ 0 0 ] [ 0 0 0 0 ] [....]
  8823 - [ 46a17800 ][ 20668.000000 ] [ 1184987136 ] [ 30720 18081 ] [ 0 120 161 70 ] [.x.F]
  8824 - [ 4042096c ][ 3.031825 ] [ 1078069612 ] [ 2412 16450 ] [ 108 9 66 64 ] [l.B@]
  8825 - [ 46b6b180 ][ 23384.750000 ] [ 1186378112 ] [ 45440 18102 ] [ 128 177 182 70 ] [...F]
  8826 - [ 3f800000 ][ 1.000000 ] [ 1065353216 ] [ 0 16256 ] [ 0 0 128 63 ] [...?]
  8827 - [ 46a1759a ][ 20666.800781 ] [ 1184986522 ] [ 30106 18081 ] [ 154 117 161 70 ] [.u.F]
  8828 - [ c3223396 ][ -162.201508 ] [ 3273798550 ] [ 13206 49954 ] [ 150 51 34 195 ] [.3".]
  8829 - [ 46b6b0e6 ][ 23384.449219 ] [ 1186377958 ] [ 45286 18102 ] [ 230 176 182 70 ] [...F]
  8830 - [ 3f800000 ][ 1.000000 ] [ 1065353216 ] [ 0 16256 ] [ 0 0 128 63 ] [...?]
  8831 - [ 469f5c00 ][ 20398.000000 ] [ 1184848896 ] [ 23552 18079 ] [ 0 92 159 70 ] [.\.F]
  8832 - [ c3223396 ][ -162.201508 ] [ 3273798550 ] [ 13206 49954 ] [ 150 51 34 195 ] [.3".]
  8833 - [ 46b7c21a ][ 23521.050781 ] [ 1186447898 ] [ 49690 18103 ] [ 26 194 183 70 ] [...F]
  8834 - [ 3f800000 ][ 1.000000 ] [ 1065353216 ] [ 0 16256 ] [ 0 0 128 63 ] [...?]
  8835 - [ 469f5e80 ][ 20399.250000 ] [ 1184849536 ] [ 24192 18079 ] [ 128 94 159 70 ] [.^.F]
  8836 - [ 4042096c ][ 3.031825 ] [ 1078069612 ] [ 2412 16450 ] [ 108 9 66 64 ] [l.B@]
  8837 - [ 46b7c2b3 ][ 23521.349609 ] [ 1186448051 ] [ 49843 18103 ] [ 179 194 183 70 ] [...F]
  8838 - [ 3f800000 ][ 1.000000 ] [ 1065353216 ] [ 0 16256 ] [ 0 0 128 63 ] [...?]
  8839 - [ 00000101 ][ 0.000000 ] [ 257 ] [ 257 0 ] [ 1 1 0 0 ] [....]
  8840 - [ 00000004 ][ 0.000000 ] [ 4 ] [ 4 0 ] [ 4 0 0 0 ] [....]
  8841 - [ 00004000 ][ 0.000000 ] [ 16384 ] [ 16384 0 ] [ 0 64 0 0 ] [.@..]
  8842 - [ 00000000 ][ 0.000000 ] [ 0 ] [ 0 0 ] [ 0 0 0 0 ] [....]
  8843 - [ 46b04ab3 ][ 22565.349609 ] [ 1185958579 ] [ 19123 18096 ] [ 179 74 176 70 ] [.J.F]
  8844 - [ c3223396 ][ -162.201508 ] [ 3273798550 ] [ 13206 49954 ] [ 150 51 34 195 ] [.3".]
  8845 - [ 465b5a00 ][ 14038.500000 ] [ 1180391936 ] [ 23040 18011 ] [ 0 90 91 70 ] [.Z[F]
  8846 - [ 3f800000 ][ 1.000000 ] [ 1065353216 ] [ 0 16256 ] [ 0 0 128 63 ] [...?]
  8847 - [ 46b0edcd ][ 22646.900391 ] [ 1186000333 ] [ 60877 18096 ] [ 205 237 176 70 ] [...F]
  8848 - [ c3223396 ][ -162.201508 ] [ 3273798550 ] [ 13206 49954 ] [ 150 51 34 195 ] [.3".]
  8849 - [ 466053cd ][ 14356.950195 ] [ 1180718029 ] [ 21453 18016 ] [ 205 83 96 70 ] [.S`F]
  8850 - [ 3f800000 ][ 1.000000 ] [ 1065353216 ] [ 0 16256 ] [ 0 0 128 63 ] [...?]
  8851 - [ 46b2eb66 ][ 22901.699219 ] [ 1186130790 ] [ 60262 18098 ] [ 102 235 178 70 ] [f..F]
  8852 - [ c3223396 ][ -162.201508 ] [ 3273798550 ] [ 13206 49954 ] [ 150 51 34 195 ] [.3".]
  8853 - [ 465f4ecd ][ 14291.700195 ] [ 1180651213 ] [ 20173 18015 ] [ 205 78 95 70 ] [.N_F]
  8854 - [ 3f800000 ][ 1.000000 ] [ 1065353216 ] [ 0 16256 ] [ 0 0 128 63 ] [...?]
  8855 - [ 46b24833 ][ 22820.099609 ] [ 1186089011 ] [ 18483 18098 ] [ 51 72 178 70 ] [3H.F]
  8856 - [ c3223396 ][ -162.201508 ] [ 3273798550 ] [ 13206 49954 ] [ 150 51 34 195 ] [.3".]
  8857 - [ 465a54cd ][ 13973.200195 ] [ 1180325069 ] [ 21709 18010 ] [ 205 84 90 70 ] [.TZF]
  8858 - [ 3f800000 ][ 1.000000 ] [ 1065353216 ] [ 0 16256 ] [ 0 0 128 63 ] [...?]
  8859 - [ 00000101 ][ 0.000000 ] [ 257 ] [ 257 0 ] [ 1 1 0 0 ] [....]
  8860 - [ 00000004 ][ 0.000000 ] [ 4 ] [ 4 0 ] [ 4 0 0 0 ] [....]
  8861 - [ 00004000 ][ 0.000000 ] [ 16384 ] [ 16384 0 ] [ 0 64 0 0 ] [.@..]
  8862 - [ 00000000 ][ 0.000000 ] [ 0 ] [ 0 0 ] [ 0 0 0 0 ] [....]
  8863 - [ 46b24700 ][ 22819.500000 ] [ 1186088704 ] [ 18176 18098 ] [ 0 71 178 70 ] [.G.F]
  8864 - [ 40420942 ][ 3.031815 ] [ 1078069570 ] [ 2370 16450 ] [ 66 9 66 64 ] [B.B@]
  8865 - [ 465a59cd ][ 13974.450195 ] [ 1180326349 ] [ 22989 18010 ] [ 205 89 90 70 ] [.YZF]
  8866 - [ 3f800000 ][ 1.000000 ] [ 1065353216 ] [ 0 16256 ] [ 0 0 128 63 ] [...?]
  8867 - [ 46b24833 ][ 22820.099609 ] [ 1186089011 ] [ 18483 18098 ] [ 51 72 178 70 ] [3H.F]
  8868 - [ c3223396 ][ -162.201508 ] [ 3273798550 ] [ 13206 49954 ] [ 150 51 34 195 ] [.3".]
  8869 - [ 465a54cd ][ 13973.200195 ] [ 1180325069 ] [ 21709 18010 ] [ 205 84 90 70 ] [.TZF]
  8870 - [ 3f800000 ][ 1.000000 ] [ 1065353216 ] [ 0 16256 ] [ 0 0 128 63 ] [...?]
  8871 - [ 46b2eb66 ][ 22901.699219 ] [ 1186130790 ] [ 60262 18098 ] [ 102 235 178 70 ] [f..F]
  8872 - [ c3223396 ][ -162.201508 ] [ 3273798550 ] [ 13206 49954 ] [ 150 51 34 195 ] [.3".]
  8873 - [ 465f4ecd ][ 14291.700195 ] [ 1180651213 ] [ 20173 18015 ] [ 205 78 95 70 ] [.N_F]
  8874 - [ 3f800000 ][ 1.000000 ] [ 1065353216 ] [ 0 16256 ] [ 0 0 128 63 ] [...?]
  8875 - [ 46b2ea33 ][ 22901.099609 ] [ 1186130483 ] [ 59955 18098 ] [ 51 234 178 70 ] [3..F]
  8876 - [ 40420942 ][ 3.031815 ] [ 1078069570 ] [ 2370 16450 ] [ 66 9 66 64 ] [B.B@]
  8877 - [ 465f539a ][ 14292.900391 ] [ 1180652442 ] [ 21402 18015 ] [ 154 83 95 70 ] [.S_F]
  8878 - [ 3f800000 ][ 1.000000 ] [ 1065353216 ] [ 0 16256 ] [ 0 0 128 63 ] [...?]
  8879 - [ 00000101 ][ 0.000000 ] [ 257 ] [ 257 0 ] [ 1 1 0 0 ] [....]
  8880 - [ 00000004 ][ 0.000000 ] [ 4 ] [ 4 0 ] [ 4 0 0 0 ] [....]
  8881 - [ 00004000 ][ 0.000000 ] [ 16384 ] [ 16384 0 ] [ 0 64 0 0 ] [.@..]
  8882 - [ 00000000 ][ 0.000000 ] [ 0 ] [ 0 0 ] [ 0 0 0 0 ] [....]
  8883 - [ 46b2ea33 ][ 22901.099609 ] [ 1186130483 ] [ 59955 18098 ] [ 51 234 178 70 ] [3..F]
  8884 - [ 40420942 ][ 3.031815 ] [ 1078069570 ] [ 2370 16450 ] [ 66 9 66 64 ] [B.B@]
  8885 - [ 465f539a ][ 14292.900391 ] [ 1180652442 ] [ 21402 18015 ] [ 154 83 95 70 ] [.S_F]
  8886 - [ 3f800000 ][ 1.000000 ] [ 1065353216 ] [ 0 16256 ] [ 0 0 128 63 ] [...?]
  8887 - [ 46b2eb66 ][ 22901.699219 ] [ 1186130790 ] [ 60262 18098 ] [ 102 235 178 70 ] [f..F]
  8888 - [ c3223396 ][ -162.201508 ] [ 3273798550 ] [ 13206 49954 ] [ 150 51 34 195 ] [.3".]
  8889 - [ 465f4ecd ][ 14291.700195 ] [ 1180651213 ] [ 20173 18015 ] [ 205 78 95 70 ] [.N_F]
  8890 - [ 3f800000 ][ 1.000000 ] [ 1065353216 ] [ 0 16256 ] [ 0 0 128 63 ] [...?]
  8891 - [ 46b0edcd ][ 22646.900391 ] [ 1186000333 ] [ 60877 18096 ] [ 205 237 176 70 ] [...F]
  8892 - [ c3223396 ][ -162.201508 ] [ 3273798550 ] [ 13206 49954 ] [ 150 51 34 195 ] [.3".]
  8893 - [ 466053cd ][ 14356.950195 ] [ 1180718029 ] [ 21453 18016 ] [ 205 83 96 70 ] [.S`F]
  8894 - [ 3f800000 ][ 1.000000 ] [ 1065353216 ] [ 0 16256 ] [ 0 0 128 63 ] [...?]
  8895 - [ 46b0ec9a ][ 22646.300781 ] [ 1186000026 ] [ 60570 18096 ] [ 154 236 176 70 ] [...F]
  8896 - [ 40420942 ][ 3.031815 ] [ 1078069570 ] [ 2370 16450 ] [ 66 9 66 64 ] [B.B@]
  8897 - [ 466058cd ][ 14358.200195 ] [ 1180719309 ] [ 22733 18016 ] [ 205 88 96 70 ] [.X`F]
  8898 - [ 3f800000 ][ 1.000000 ] [ 1065353216 ] [ 0 16256 ] [ 0 0 128 63 ] [...?]
  8899 - [ 00000101 ][ 0.000000 ] [ 257 ] [ 257 0 ] [ 1 1 0 0 ] [....]
  8900 - [ 00000004 ][ 0.000000 ] [ 4 ] [ 4 0 ] [ 4 0 0 0 ] [....]
  8901 - [ 00004000 ][ 0.000000 ] [ 16384 ] [ 16384 0 ] [ 0 64 0 0 ] [.@..]
  8902 - [ 00000000 ][ 0.000000 ] [ 0 ] [ 0 0 ] [ 0 0 0 0 ] [....]
  8903 - [ 46b0ec9a ][ 22646.300781 ] [ 1186000026 ] [ 60570 18096 ] [ 154 236 176 70 ] [...F]
  8904 - [ 40420942 ][ 3.031815 ] [ 1078069570 ] [ 2370 16450 ] [ 66 9 66 64 ] [B.B@]
  8905 - [ 466058cd ][ 14358.200195 ] [ 1180719309 ] [ 22733 18016 ] [ 205 88 96 70 ] [.X`F]
  8906 - [ 3f800000 ][ 1.000000 ] [ 1065353216 ] [ 0 16256 ] [ 0 0 128 63 ] [...?]
  8907 - [ 46b0edcd ][ 22646.900391 ] [ 1186000333 ] [ 60877 18096 ] [ 205 237 176 70 ] [...F]
  8908 - [ c3223396 ][ -162.201508 ] [ 3273798550 ] [ 13206 49954 ] [ 150 51 34 195 ] [.3".]
  8909 - [ 466053cd ][ 14356.950195 ] [ 1180718029 ] [ 21453 18016 ] [ 205 83 96 70 ] [.S`F]
  8910 - [ 3f800000 ][ 1.000000 ] [ 1065353216 ] [ 0 16256 ] [ 0 0 128 63 ] [...?]
  8911 - [ 46b04ab3 ][ 22565.349609 ] [ 1185958579 ] [ 19123 18096 ] [ 179 74 176 70 ] [.J.F]
  8912 - [ c3223396 ][ -162.201508 ] [ 3273798550 ] [ 13206 49954 ] [ 150 51 34 195 ] [.3".]
  8913 - [ 465b5a00 ][ 14038.500000 ] [ 1180391936 ] [ 23040 18011 ] [ 0 90 91 70 ] [.Z[F]
  8914 - [ 3f800000 ][ 1.000000 ] [ 1065353216 ] [ 0 16256 ] [ 0 0 128 63 ] [...?]
  8915 - [ 46b04966 ][ 22564.699219 ] [ 1185958246 ] [ 18790 18096 ] [ 102 73 176 70 ] [fI.F]
  8916 - [ 40420942 ][ 3.031815 ] [ 1078069570 ] [ 2370 16450 ] [ 66 9 66 64 ] [B.B@]
  8917 - [ 465b5ecd ][ 14039.700195 ] [ 1180393165 ] [ 24269 18011 ] [ 205 94 91 70 ] [.^[F]
  8918 - [ 3f800000 ][ 1.000000 ] [ 1065353216 ] [ 0 16256 ] [ 0 0 128 63 ] [...?]
  8919 - [ 00000101 ][ 0.000000 ] [ 257 ] [ 257 0 ] [ 1 1 0 0 ] [....]
  8920 - [ 00000004 ][ 0.000000 ] [ 4 ] [ 4 0 ] [ 4 0 0 0 ] [....]
  8921 - [ 00004000 ][ 0.000000 ] [ 16384 ] [ 16384 0 ] [ 0 64 0 0 ] [.@..]
  8922 - [ 00000000 ][ 0.000000 ] [ 0 ] [ 0 0 ] [ 0 0 0 0 ] [....]
  8923 - [ 469c8b33 ][ 20037.599609 ] [ 1184664371 ] [ 35635 18076 ] [ 51 139 156 70 ] [3..F]
  8924 - [ 40b75fd9 ][ 5.730450 ] [ 1085759449 ] [ 24537 16567 ] [ 217 95 183 64 ] [._.@]
  8925 - [ 46b9fc00 ][ 23806.000000 ] [ 1186593792 ] [ 64512 18105 ] [ 0 252 185 70 ] [...F]
  8926 - [ 3f800000 ][ 1.000000 ] [ 1065353216 ] [ 0 16256 ] [ 0 0 128 63 ] [...?]
  8927 - [ 469c8a1a ][ 20037.050781 ] [ 1184664090 ] [ 35354 18076 ] [ 26 138 156 70 ] [...F]
  8928 - [ c36dc375 ][ -237.763504 ] [ 3278750581 ] [ 50037 50029 ] [ 117 195 109 195 ] [u.m.]
  8929 - [ 46b9fbb3 ][ 23805.849609 ] [ 1186593715 ] [ 64435 18105 ] [ 179 251 185 70 ] [...F]
  8930 - [ 3f800000 ][ 1.000000 ] [ 1065353216 ] [ 0 16256 ] [ 0 0 128 63 ] [...?]
  8931 - [ 469d0c33 ][ 20102.099609 ] [ 1184697395 ] [ 3123 18077 ] [ 51 12 157 70 ] [3..F]
  8932 - [ c36dc375 ][ -237.763504 ] [ 3278750581 ] [ 50037 50029 ] [ 117 195 109 195 ] [u.m.]
  8933 - [ 46b87fe6 ][ 23615.949219 ] [ 1186496486 ] [ 32742 18104 ] [ 230 127 184 70 ] [...F]
  8934 - [ 3f800000 ][ 1.000000 ] [ 1065353216 ] [ 0 16256 ] [ 0 0 128 63 ] [...?]
  8935 - [ 469d0d4d ][ 20102.650391 ] [ 1184697677 ] [ 3405 18077 ] [ 77 13 157 70 ] [M..F]
  8936 - [ 40b75fd9 ][ 5.730450 ] [ 1085759449 ] [ 24537 16567 ] [ 217 95 183 64 ] [._.@]
  8937 - [ 46b88033 ][ 23616.099609 ] [ 1186496563 ] [ 32819 18104 ] [ 51 128 184 70 ] [3..F]
  8938 - [ 3f800000 ][ 1.000000 ] [ 1065353216 ] [ 0 16256 ] [ 0 0 128 63 ] [...?]
  8939 - [ 00000101 ][ 0.000000 ] [ 257 ] [ 257 0 ] [ 1 1 0 0 ] [....]
  8940 - [ 00000004 ][ 0.000000 ] [ 4 ] [ 4 0 ] [ 4 0 0 0 ] [....]
  8941 - [ 00004000 ][ 0.000000 ] [ 16384 ] [ 16384 0 ] [ 0 64 0 0 ] [.@..]
  8942 - [ 00000000 ][ 0.000000 ] [ 0 ] [ 0 0 ] [ 0 0 0 0 ] [....]
  8943 - [ 469d0d4d ][ 20102.650391 ] [ 1184697677 ] [ 3405 18077 ] [ 77 13 157 70 ] [M..F]
  8944 - [ 40b75fd9 ][ 5.730450 ] [ 1085759449 ] [ 24537 16567 ] [ 217 95 183 64 ] [._.@]
  8945 - [ 46b88033 ][ 23616.099609 ] [ 1186496563 ] [ 32819 18104 ] [ 51 128 184 70 ] [3..F]
  8946 - [ 3f800000 ][ 1.000000 ] [ 1065353216 ] [ 0 16256 ] [ 0 0 128 63 ] [...?]
  8947 - [ 469d0c33 ][ 20102.099609 ] [ 1184697395 ] [ 3123 18077 ] [ 51 12 157 70 ] [3..F]
  8948 - [ c36dc375 ][ -237.763504 ] [ 3278750581 ] [ 50037 50029 ] [ 117 195 109 195 ] [u.m.]
  8949 - [ 46b87fe6 ][ 23615.949219 ] [ 1186496486 ] [ 32742 18104 ] [ 230 127 184 70 ] [...F]
  8950 - [ 3f800000 ][ 1.000000 ] [ 1065353216 ] [ 0 16256 ] [ 0 0 128 63 ] [...?]
  8951 - [ 469e589a ][ 20268.300781 ] [ 1184782490 ] [ 22682 18078 ] [ 154 88 158 70 ] [.X.F]
  8952 - [ c36dc375 ][ -237.763504 ] [ 3278750581 ] [ 50037 50029 ] [ 117 195 109 195 ] [u.m.]
  8953 - [ 46b8f1cd ][ 23672.900391 ] [ 1186525645 ] [ 61901 18104 ] [ 205 241 184 70 ] [...F]
  8954 - [ 3f800000 ][ 1.000000 ] [ 1065353216 ] [ 0 16256 ] [ 0 0 128 63 ] [...?]
  8955 - [ 469e59b3 ][ 20268.849609 ] [ 1184782771 ] [ 22963 18078 ] [ 179 89 158 70 ] [.Y.F]
  8956 - [ 40b75fd9 ][ 5.730450 ] [ 1085759449 ] [ 24537 16567 ] [ 217 95 183 64 ] [._.@]
  8957 - [ 46b8f21a ][ 23673.050781 ] [ 1186525722 ] [ 61978 18104 ] [ 26 242 184 70 ] [...F]
  8958 - [ 3f800000 ][ 1.000000 ] [ 1065353216 ] [ 0 16256 ] [ 0 0 128 63 ] [...?]
  8959 - [ 00000101 ][ 0.000000 ] [ 257 ] [ 257 0 ] [ 1 1 0 0 ] [....]
  8960 - [ 00000004 ][ 0.000000 ] [ 4 ] [ 4 0 ] [ 4 0 0 0 ] [....]
  8961 - [ 00004000 ][ 0.000000 ] [ 16384 ] [ 16384 0 ] [ 0 64 0 0 ] [.@..]
  8962 - [ 00000000 ][ 0.000000 ] [ 0 ] [ 0 0 ] [ 0 0 0 0 ] [....]
  8963 - [ 469c8a1a ][ 20037.050781 ] [ 1184664090 ] [ 35354 18076 ] [ 26 138 156 70 ] [...F]
  8964 - [ c36dc375 ][ -237.763504 ] [ 3278750581 ] [ 50037 50029 ] [ 117 195 109 195 ] [u.m.]
  8965 - [ 46b9fbb3 ][ 23805.849609 ] [ 1186593715 ] [ 64435 18105 ] [ 179 251 185 70 ] [...F]
  8966 - [ 3f800000 ][ 1.000000 ] [ 1065353216 ] [ 0 16256 ] [ 0 0 128 63 ] [...?]
  8967 - [ 469dd680 ][ 20203.250000 ] [ 1184749184 ] [ 54912 18077 ] [ 128 214 157 70 ] [...F]
  8968 - [ c36dc375 ][ -237.763504 ] [ 3278750581 ] [ 50037 50029 ] [ 117 195 109 195 ] [u.m.]
  8969 - [ 46ba6d9a ][ 23862.800781 ] [ 1186622874 ] [ 28058 18106 ] [ 154 109 186 70 ] [.m.F]
  8970 - [ 3f800000 ][ 1.000000 ] [ 1065353216 ] [ 0 16256 ] [ 0 0 128 63 ] [...?]
  8971 - [ 469e589a ][ 20268.300781 ] [ 1184782490 ] [ 22682 18078 ] [ 154 88 158 70 ] [.X.F]
  8972 - [ c36dc375 ][ -237.763504 ] [ 3278750581 ] [ 50037 50029 ] [ 117 195 109 195 ] [u.m.]
  8973 - [ 46b8f1cd ][ 23672.900391 ] [ 1186525645 ] [ 61901 18104 ] [ 205 241 184 70 ] [...F]
  8974 - [ 3f800000 ][ 1.000000 ] [ 1065353216 ] [ 0 16256 ] [ 0 0 128 63 ] [...?]
  8975 - [ 469d0c33 ][ 20102.099609 ] [ 1184697395 ] [ 3123 18077 ] [ 51 12 157 70 ] [3..F]
  8976 - [ c36dc375 ][ -237.763504 ] [ 3278750581 ] [ 50037 50029 ] [ 117 195 109 195 ] [u.m.]
  8977 - [ 46b87fe6 ][ 23615.949219 ] [ 1186496486 ] [ 32742 18104 ] [ 230 127 184 70 ] [...F]
  8978 - [ 3f800000 ][ 1.000000 ] [ 1065353216 ] [ 0 16256 ] [ 0 0 128 63 ] [...?]
  8979 - [ 00000101 ][ 0.000000 ] [ 257 ] [ 257 0 ] [ 1 1 0 0 ] [....]
  8980 - [ 00000004 ][ 0.000000 ] [ 4 ] [ 4 0 ] [ 4 0 0 0 ] [....]
  8981 - [ 00004000 ][ 0.000000 ] [ 16384 ] [ 16384 0 ] [ 0 64 0 0 ] [.@..]
  8982 - [ 00000000 ][ 0.000000 ] [ 0 ] [ 0 0 ] [ 0 0 0 0 ] [....]
  8983 - [ 469dd79a ][ 20203.800781 ] [ 1184749466 ] [ 55194 18077 ] [ 154 215 157 70 ] [...F]
  8984 - [ 40b75fd9 ][ 5.730450 ] [ 1085759449 ] [ 24537 16567 ] [ 217 95 183 64 ] [._.@]
  8985 - [ 46ba6de6 ][ 23862.949219 ] [ 1186622950 ] [ 28134 18106 ] [ 230 109 186 70 ] [.m.F]
  8986 - [ 3f800000 ][ 1.000000 ] [ 1065353216 ] [ 0 16256 ] [ 0 0 128 63 ] [...?]
  8987 - [ 469dd680 ][ 20203.250000 ] [ 1184749184 ] [ 54912 18077 ] [ 128 214 157 70 ] [...F]
  8988 - [ c36dc375 ][ -237.763504 ] [ 3278750581 ] [ 50037 50029 ] [ 117 195 109 195 ] [u.m.]
  8989 - [ 46ba6d9a ][ 23862.800781 ] [ 1186622874 ] [ 28058 18106 ] [ 154 109 186 70 ] [.m.F]
  8990 - [ 3f800000 ][ 1.000000 ] [ 1065353216 ] [ 0 16256 ] [ 0 0 128 63 ] [...?]
  8991 - [ 469c8a1a ][ 20037.050781 ] [ 1184664090 ] [ 35354 18076 ] [ 26 138 156 70 ] [...F]
  8992 - [ c36dc375 ][ -237.763504 ] [ 3278750581 ] [ 50037 50029 ] [ 117 195 109 195 ] [u.m.]
  8993 - [ 46b9fbb3 ][ 23805.849609 ] [ 1186593715 ] [ 64435 18105 ] [ 179 251 185 70 ] [...F]
  8994 - [ 3f800000 ][ 1.000000 ] [ 1065353216 ] [ 0 16256 ] [ 0 0 128 63 ] [...?]
  8995 - [ 469c8b33 ][ 20037.599609 ] [ 1184664371 ] [ 35635 18076 ] [ 51 139 156 70 ] [3..F]
  8996 - [ 40b75fd9 ][ 5.730450 ] [ 1085759449 ] [ 24537 16567 ] [ 217 95 183 64 ] [._.@]
  8997 - [ 46b9fc00 ][ 23806.000000 ] [ 1186593792 ] [ 64512 18105 ] [ 0 252 185 70 ] [...F]
  8998 - [ 3f800000 ][ 1.000000 ] [ 1065353216 ] [ 0 16256 ] [ 0 0 128 63 ] [...?]
  8999 - [ 00000101 ][ 0.000000 ] [ 257 ] [ 257 0 ] [ 1 1 0 0 ] [....]
  9000 - [ 00000004 ][ 0.000000 ] [ 4 ] [ 4 0 ] [ 4 0 0 0 ] [....]
  9001 - [ 00004000 ][ 0.000000 ] [ 16384 ] [ 16384 0 ] [ 0 64 0 0 ] [.@..]
  9002 - [ 00000000 ][ 0.000000 ] [ 0 ] [ 0 0 ] [ 0 0 0 0 ] [....]
  9003 - [ 469ac480 ][ 19810.250000 ] [ 1184547968 ] [ 50304 18074 ] [ 128 196 154 70 ] [...F]
  9004 - [ 40420942 ][ 3.031815 ] [ 1078069570 ] [ 2370 16450 ] [ 66 9 66 64 ] [B.B@]
  9005 - [ 46b6bacd ][ 23389.400391 ] [ 1186380493 ] [ 47821 18102 ] [ 205 186 182 70 ] [...F]
  9006 - [ 3f800000 ][ 1.000000 ] [ 1065353216 ] [ 0 16256 ] [ 0 0 128 63 ] [...?]
  9007 - [ 469ac29a ][ 19809.300781 ] [ 1184547482 ] [ 49818 18074 ] [ 154 194 154 70 ] [...F]
  9008 - [ c3223396 ][ -162.201508 ] [ 3273798550 ] [ 13206 49954 ] [ 150 51 34 195 ] [.3".]
  9009 - [ 46b6b91a ][ 23388.550781 ] [ 1186380058 ] [ 47386 18102 ] [ 26 185 182 70 ] [...F]
  9010 - [ 3f800000 ][ 1.000000 ] [ 1065353216 ] [ 0 16256 ] [ 0 0 128 63 ] [...?]
  9011 - [ 469ad500 ][ 19818.500000 ] [ 1184552192 ] [ 54528 18074 ] [ 0 213 154 70 ] [...F]
  9012 - [ c3223396 ][ -162.201508 ] [ 3273798550 ] [ 13206 49954 ] [ 150 51 34 195 ] [.3".]
  9013 - [ 46b4ec1a ][ 23158.050781 ] [ 1186262042 ] [ 60442 18100 ] [ 26 236 180 70 ] [...F]
  9014 - [ 3f800000 ][ 1.000000 ] [ 1065353216 ] [ 0 16256 ] [ 0 0 128 63 ] [...?]
  9015 - [ 469ad6e6 ][ 19819.449219 ] [ 1184552678 ] [ 55014 18074 ] [ 230 214 154 70 ] [...F]
  9016 - [ 40420942 ][ 3.031815 ] [ 1078069570 ] [ 2370 16450 ] [ 66 9 66 64 ] [B.B@]
  9017 - [ 46b4edb3 ][ 23158.849609 ] [ 1186262451 ] [ 60851 18100 ] [ 179 237 180 70 ] [...F]
  9018 - [ 3f800000 ][ 1.000000 ] [ 1065353216 ] [ 0 16256 ] [ 0 0 128 63 ] [...?]
  9019 - [ 00000101 ][ 0.000000 ] [ 257 ] [ 257 0 ] [ 1 1 0 0 ] [....]
  9020 - [ 00000004 ][ 0.000000 ] [ 4 ] [ 4 0 ] [ 4 0 0 0 ] [....]
  9021 - [ 00004000 ][ 0.000000 ] [ 16384 ] [ 16384 0 ] [ 0 64 0 0 ] [.@..]
  9022 - [ 00000000 ][ 0.000000 ] [ 0 ] [ 0 0 ] [ 0 0 0 0 ] [....]
  9023 - [ 469ad6e6 ][ 19819.449219 ] [ 1184552678 ] [ 55014 18074 ] [ 230 214 154 70 ] [...F]
  9024 - [ 40420942 ][ 3.031815 ] [ 1078069570 ] [ 2370 16450 ] [ 66 9 66 64 ] [B.B@]
  9025 - [ 46b4edb3 ][ 23158.849609 ] [ 1186262451 ] [ 60851 18100 ] [ 179 237 180 70 ] [...F]
  9026 - [ 3f800000 ][ 1.000000 ] [ 1065353216 ] [ 0 16256 ] [ 0 0 128 63 ] [...?]
  9027 - [ 469ad500 ][ 19818.500000 ] [ 1184552192 ] [ 54528 18074 ] [ 0 213 154 70 ] [...F]
  9028 - [ c3223396 ][ -162.201508 ] [ 3273798550 ] [ 13206 49954 ] [ 150 51 34 195 ] [.3".]
  9029 - [ 46b4ec1a ][ 23158.050781 ] [ 1186262042 ] [ 60442 18100 ] [ 26 236 180 70 ] [...F]
  9030 - [ 3f800000 ][ 1.000000 ] [ 1065353216 ] [ 0 16256 ] [ 0 0 128 63 ] [...?]
  9031 - [ 469d4680 ][ 20131.250000 ] [ 1184712320 ] [ 18048 18077 ] [ 128 70 157 70 ] [.F.F]
  9032 - [ c3223396 ][ -162.201508 ] [ 3273798550 ] [ 13206 49954 ] [ 150 51 34 195 ] [.3".]
  9033 - [ 46b5051a ][ 23170.550781 ] [ 1186268442 ] [ 1306 18101 ] [ 26 5 181 70 ] [...F]
  9034 - [ 3f800000 ][ 1.000000 ] [ 1065353216 ] [ 0 16256 ] [ 0 0 128 63 ] [...?]
  9035 - [ 469d4866 ][ 20132.199219 ] [ 1184712806 ] [ 18534 18077 ] [ 102 72 157 70 ] [fH.F]
  9036 - [ 40420942 ][ 3.031815 ] [ 1078069570 ] [ 2370 16450 ] [ 66 9 66 64 ] [B.B@]
  9037 - [ 46b506cd ][ 23171.400391 ] [ 1186268877 ] [ 1741 18101 ] [ 205 6 181 70 ] [...F]
  9038 - [ 3f800000 ][ 1.000000 ] [ 1065353216 ] [ 0 16256 ] [ 0 0 128 63 ] [...?]
  9039 - [ 00000101 ][ 0.000000 ] [ 257 ] [ 257 0 ] [ 1 1 0 0 ] [....]
  9040 - [ 00000004 ][ 0.000000 ] [ 4 ] [ 4 0 ] [ 4 0 0 0 ] [....]
  9041 - [ 00004000 ][ 0.000000 ] [ 16384 ] [ 16384 0 ] [ 0 64 0 0 ] [.@..]
  9042 - [ 00000000 ][ 0.000000 ] [ 0 ] [ 0 0 ] [ 0 0 0 0 ] [....]
  9043 - [ 469ac29a ][ 19809.300781 ] [ 1184547482 ] [ 49818 18074 ] [ 154 194 154 70 ] [...F]
  9044 - [ c3223396 ][ -162.201508 ] [ 3273798550 ] [ 13206 49954 ] [ 150 51 34 195 ] [.3".]
  9045 - [ 46b6b91a ][ 23388.550781 ] [ 1186380058 ] [ 47386 18102 ] [ 26 185 182 70 ] [...F]
  9046 - [ 3f800000 ][ 1.000000 ] [ 1065353216 ] [ 0 16256 ] [ 0 0 128 63 ] [...?]
  9047 - [ 469d341a ][ 20122.050781 ] [ 1184707610 ] [ 13338 18077 ] [ 26 52 157 70 ] [.4.F]
  9048 - [ c3223396 ][ -162.201508 ] [ 3273798550 ] [ 13206 49954 ] [ 150 51 34 195 ] [.3".]
  9049 - [ 46b6d233 ][ 23401.099609 ] [ 1186386483 ] [ 53811 18102 ] [ 51 210 182 70 ] [3..F]
  9050 - [ 3f800000 ][ 1.000000 ] [ 1065353216 ] [ 0 16256 ] [ 0 0 128 63 ] [...?]
  9051 - [ 469d4680 ][ 20131.250000 ] [ 1184712320 ] [ 18048 18077 ] [ 128 70 157 70 ] [.F.F]
  9052 - [ c3223396 ][ -162.201508 ] [ 3273798550 ] [ 13206 49954 ] [ 150 51 34 195 ] [.3".]
  9053 - [ 46b5051a ][ 23170.550781 ] [ 1186268442 ] [ 1306 18101 ] [ 26 5 181 70 ] [...F]
  9054 - [ 3f800000 ][ 1.000000 ] [ 1065353216 ] [ 0 16256 ] [ 0 0 128 63 ] [...?]
  9055 - [ 469ad500 ][ 19818.500000 ] [ 1184552192 ] [ 54528 18074 ] [ 0 213 154 70 ] [...F]
  9056 - [ c3223396 ][ -162.201508 ] [ 3273798550 ] [ 13206 49954 ] [ 150 51 34 195 ] [.3".]
  9057 - [ 46b4ec1a ][ 23158.050781 ] [ 1186262042 ] [ 60442 18100 ] [ 26 236 180 70 ] [...F]
  9058 - [ 3f800000 ][ 1.000000 ] [ 1065353216 ] [ 0 16256 ] [ 0 0 128 63 ] [...?]
  9059 - [ 00000101 ][ 0.000000 ] [ 257 ] [ 257 0 ] [ 1 1 0 0 ] [....]
  9060 - [ 00000004 ][ 0.000000 ] [ 4 ] [ 4 0 ] [ 4 0 0 0 ] [....]
  9061 - [ 00004000 ][ 0.000000 ] [ 16384 ] [ 16384 0 ] [ 0 64 0 0 ] [.@..]
  9062 - [ 00000000 ][ 0.000000 ] [ 0 ] [ 0 0 ] [ 0 0 0 0 ] [....]
  9063 - [ 469d3600 ][ 20123.000000 ] [ 1184708096 ] [ 13824 18077 ] [ 0 54 157 70 ] [.6.F]
  9064 - [ 40420942 ][ 3.031815 ] [ 1078069570 ] [ 2370 16450 ] [ 66 9 66 64 ] [B.B@]
  9065 - [ 46b6d3cd ][ 23401.900391 ] [ 1186386893 ] [ 54221 18102 ] [ 205 211 182 70 ] [...F]
  9066 - [ 3f800000 ][ 1.000000 ] [ 1065353216 ] [ 0 16256 ] [ 0 0 128 63 ] [...?]
  9067 - [ 469d341a ][ 20122.050781 ] [ 1184707610 ] [ 13338 18077 ] [ 26 52 157 70 ] [.4.F]
  9068 - [ c3223396 ][ -162.201508 ] [ 3273798550 ] [ 13206 49954 ] [ 150 51 34 195 ] [.3".]
  9069 - [ 46b6d233 ][ 23401.099609 ] [ 1186386483 ] [ 53811 18102 ] [ 51 210 182 70 ] [3..F]
  9070 - [ 3f800000 ][ 1.000000 ] [ 1065353216 ] [ 0 16256 ] [ 0 0 128 63 ] [...?]
  9071 - [ 469ac29a ][ 19809.300781 ] [ 1184547482 ] [ 49818 18074 ] [ 154 194 154 70 ] [...F]
  9072 - [ c3223396 ][ -162.201508 ] [ 3273798550 ] [ 13206 49954 ] [ 150 51 34 195 ] [.3".]
  9073 - [ 46b6b91a ][ 23388.550781 ] [ 1186380058 ] [ 47386 18102 ] [ 26 185 182 70 ] [...F]
  9074 - [ 3f800000 ][ 1.000000 ] [ 1065353216 ] [ 0 16256 ] [ 0 0 128 63 ] [...?]
  9075 - [ 469ac480 ][ 19810.250000 ] [ 1184547968 ] [ 50304 18074 ] [ 128 196 154 70 ] [...F]
  9076 - [ 40420942 ][ 3.031815 ] [ 1078069570 ] [ 2370 16450 ] [ 66 9 66 64 ] [B.B@]
  9077 - [ 46b6bacd ][ 23389.400391 ] [ 1186380493 ] [ 47821 18102 ] [ 205 186 182 70 ] [...F]
  9078 - [ 3f800000 ][ 1.000000 ] [ 1065353216 ] [ 0 16256 ] [ 0 0 128 63 ] [...?]
  9079 - [ 00000101 ][ 0.000000 ] [ 257 ] [ 257 0 ] [ 1 1 0 0 ] [....]
  9080 - [ 00000004 ][ 0.000000 ] [ 4 ] [ 4 0 ] [ 4 0 0 0 ] [....]
  9081 - [ 00004000 ][ 0.000000 ] [ 16384 ] [ 16384 0 ] [ 0 64 0 0 ] [.@..]
  9082 - [ 00000000 ][ 0.000000 ] [ 0 ] [ 0 0 ] [ 0 0 0 0 ] [....]
  9083 - [ 46985333 ][ 19497.599609 ] [ 1184387891 ] [ 21299 18072 ] [ 51 83 152 70 ] [3S.F]
  9084 - [ 40420942 ][ 3.031815 ] [ 1078069570 ] [ 2370 16450 ] [ 66 9 66 64 ] [B.B@]
  9085 - [ 46b7954d ][ 23498.650391 ] [ 1186436429 ] [ 38221 18103 ] [ 77 149 183 70 ] [M..F]
  9086 - [ 3f800000 ][ 1.000000 ] [ 1065353216 ] [ 0 16256 ] [ 0 0 128 63 ] [...?]
  9087 - [ 46985333 ][ 19497.599609 ] [ 1184387891 ] [ 21299 18072 ] [ 51 83 152 70 ] [3S.F]
  9088 - [ c3223396 ][ -162.201508 ] [ 3273798550 ] [ 13206 49954 ] [ 150 51 34 195 ] [.3".]
  9089 - [ 46b792cd ][ 23497.400391 ] [ 1186435789 ] [ 37581 18103 ] [ 205 146 183 70 ] [...F]
  9090 - [ 3f800000 ][ 1.000000 ] [ 1065353216 ] [ 0 16256 ] [ 0 0 128 63 ] [...?]
  9091 - [ 4699b9cd ][ 19676.900391 ] [ 1184479693 ] [ 47565 18073 ] [ 205 185 153 70 ] [...F]
  9092 - [ c3223396 ][ -162.201508 ] [ 3273798550 ] [ 13206 49954 ] [ 150 51 34 195 ] [.3".]
  9093 - [ 46b6704d ][ 23352.150391 ] [ 1186361421 ] [ 28749 18102 ] [ 77 112 182 70 ] [Mp.F]
  9094 - [ 3f800000 ][ 1.000000 ] [ 1065353216 ] [ 0 16256 ] [ 0 0 128 63 ] [...?]
  9095 - [ 4699b9cd ][ 19676.900391 ] [ 1184479693 ] [ 47565 18073 ] [ 205 185 153 70 ] [...F]
  9096 - [ 40420942 ][ 3.031815 ] [ 1078069570 ] [ 2370 16450 ] [ 66 9 66 64 ] [B.B@]
  9097 - [ 46b672e6 ][ 23353.449219 ] [ 1186362086 ] [ 29414 18102 ] [ 230 114 182 70 ] [.r.F]
  9098 - [ 3f800000 ][ 1.000000 ] [ 1065353216 ] [ 0 16256 ] [ 0 0 128 63 ] [...?]
  9099 - [ 00000101 ][ 0.000000 ] [ 257 ] [ 257 0 ] [ 1 1 0 0 ] [....]
  9100 - [ 00000004 ][ 0.000000 ] [ 4 ] [ 4 0 ] [ 4 0 0 0 ] [....]
  9101 - [ 00004000 ][ 0.000000 ] [ 16384 ] [ 16384 0 ] [ 0 64 0 0 ] [.@..]
  9102 - [ 00000000 ][ 0.000000 ] [ 0 ] [ 0 0 ] [ 0 0 0 0 ] [....]
  9103 - [ 4699b9cd ][ 19676.900391 ] [ 1184479693 ] [ 47565 18073 ] [ 205 185 153 70 ] [...F]
  9104 - [ 40420942 ][ 3.031815 ] [ 1078069570 ] [ 2370 16450 ] [ 66 9 66 64 ] [B.B@]
  9105 - [ 46b672e6 ][ 23353.449219 ] [ 1186362086 ] [ 29414 18102 ] [ 230 114 182 70 ] [.r.F]
  9106 - [ 3f800000 ][ 1.000000 ] [ 1065353216 ] [ 0 16256 ] [ 0 0 128 63 ] [...?]
  9107 - [ 4699b9cd ][ 19676.900391 ] [ 1184479693 ] [ 47565 18073 ] [ 205 185 153 70 ] [...F]
  9108 - [ c3223396 ][ -162.201508 ] [ 3273798550 ] [ 13206 49954 ] [ 150 51 34 195 ] [.3".]
  9109 - [ 46b6704d ][ 23352.150391 ] [ 1186361421 ] [ 28749 18102 ] [ 77 112 182 70 ] [Mp.F]
  9110 - [ 3f800000 ][ 1.000000 ] [ 1065353216 ] [ 0 16256 ] [ 0 0 128 63 ] [...?]
  9111 - [ 469b43cd ][ 19873.900391 ] [ 1184580557 ] [ 17357 18075 ] [ 205 67 155 70 ] [.C.F]
  9112 - [ c3223396 ][ -162.201508 ] [ 3273798550 ] [ 13206 49954 ] [ 150 51 34 195 ] [.3".]
  9113 - [ 46b856cd ][ 23595.400391 ] [ 1186485965 ] [ 22221 18104 ] [ 205 86 184 70 ] [.V.F]
  9114 - [ 3f800000 ][ 1.000000 ] [ 1065353216 ] [ 0 16256 ] [ 0 0 128 63 ] [...?]
  9115 - [ 469b43cd ][ 19873.900391 ] [ 1184580557 ] [ 17357 18075 ] [ 205 67 155 70 ] [.C.F]
  9116 - [ 40420942 ][ 3.031815 ] [ 1078069570 ] [ 2370 16450 ] [ 66 9 66 64 ] [B.B@]
  9117 - [ 46b8594d ][ 23596.650391 ] [ 1186486605 ] [ 22861 18104 ] [ 77 89 184 70 ] [MY.F]
  9118 - [ 3f800000 ][ 1.000000 ] [ 1065353216 ] [ 0 16256 ] [ 0 0 128 63 ] [...?]
  9119 - [ 00000101 ][ 0.000000 ] [ 257 ] [ 257 0 ] [ 1 1 0 0 ] [....]
  9120 - [ 00000004 ][ 0.000000 ] [ 4 ] [ 4 0 ] [ 4 0 0 0 ] [....]
  9121 - [ 00004000 ][ 0.000000 ] [ 16384 ] [ 16384 0 ] [ 0 64 0 0 ] [.@..]
  9122 - [ 00000000 ][ 0.000000 ] [ 0 ] [ 0 0 ] [ 0 0 0 0 ] [....]
  9123 - [ 469b43cd ][ 19873.900391 ] [ 1184580557 ] [ 17357 18075 ] [ 205 67 155 70 ] [.C.F]
  9124 - [ 40420942 ][ 3.031815 ] [ 1078069570 ] [ 2370 16450 ] [ 66 9 66 64 ] [B.B@]
  9125 - [ 46b8594d ][ 23596.650391 ] [ 1186486605 ] [ 22861 18104 ] [ 77 89 184 70 ] [MY.F]
  9126 - [ 3f800000 ][ 1.000000 ] [ 1065353216 ] [ 0 16256 ] [ 0 0 128 63 ] [...?]
  9127 - [ 469b43cd ][ 19873.900391 ] [ 1184580557 ] [ 17357 18075 ] [ 205 67 155 70 ] [.C.F]
  9128 - [ c3223396 ][ -162.201508 ] [ 3273798550 ] [ 13206 49954 ] [ 150 51 34 195 ] [.3".]
  9129 - [ 46b856cd ][ 23595.400391 ] [ 1186485965 ] [ 22221 18104 ] [ 205 86 184 70 ] [.V.F]
  9130 - [ 3f800000 ][ 1.000000 ] [ 1065353216 ] [ 0 16256 ] [ 0 0 128 63 ] [...?]
  9131 - [ 4699dd33 ][ 19694.599609 ] [ 1184488755 ] [ 56627 18073 ] [ 51 221 153 70 ] [3..F]
  9132 - [ c3223396 ][ -162.201508 ] [ 3273798550 ] [ 13206 49954 ] [ 150 51 34 195 ] [.3".]
  9133 - [ 46b97933 ][ 23740.599609 ] [ 1186560307 ] [ 31027 18105 ] [ 51 121 185 70 ] [3y.F]
  9134 - [ 3f800000 ][ 1.000000 ] [ 1065353216 ] [ 0 16256 ] [ 0 0 128 63 ] [...?]
  9135 - [ 4699dd33 ][ 19694.599609 ] [ 1184488755 ] [ 56627 18073 ] [ 51 221 153 70 ] [3..F]
  9136 - [ 40420942 ][ 3.031815 ] [ 1078069570 ] [ 2370 16450 ] [ 66 9 66 64 ] [B.B@]
  9137 - [ 46b97bb3 ][ 23741.849609 ] [ 1186560947 ] [ 31667 18105 ] [ 179 123 185 70 ] [.{.F]
  9138 - [ 3f800000 ][ 1.000000 ] [ 1065353216 ] [ 0 16256 ] [ 0 0 128 63 ] [...?]
  9139 - [ 00000101 ][ 0.000000 ] [ 257 ] [ 257 0 ] [ 1 1 0 0 ] [....]
  9140 - [ 00000004 ][ 0.000000 ] [ 4 ] [ 4 0 ] [ 4 0 0 0 ] [....]
  9141 - [ 00004000 ][ 0.000000 ] [ 16384 ] [ 16384 0 ] [ 0 64 0 0 ] [.@..]
  9142 - [ 00000000 ][ 0.000000 ] [ 0 ] [ 0 0 ] [ 0 0 0 0 ] [....]
  9143 - [ 4699dd33 ][ 19694.599609 ] [ 1184488755 ] [ 56627 18073 ] [ 51 221 153 70 ] [3..F]
  9144 - [ 40420942 ][ 3.031815 ] [ 1078069570 ] [ 2370 16450 ] [ 66 9 66 64 ] [B.B@]
  9145 - [ 46b97bb3 ][ 23741.849609 ] [ 1186560947 ] [ 31667 18105 ] [ 179 123 185 70 ] [.{.F]
  9146 - [ 3f800000 ][ 1.000000 ] [ 1065353216 ] [ 0 16256 ] [ 0 0 128 63 ] [...?]
  9147 - [ 4699dd33 ][ 19694.599609 ] [ 1184488755 ] [ 56627 18073 ] [ 51 221 153 70 ] [3..F]
  9148 - [ c3223396 ][ -162.201508 ] [ 3273798550 ] [ 13206 49954 ] [ 150 51 34 195 ] [.3".]
  9149 - [ 46b97933 ][ 23740.599609 ] [ 1186560307 ] [ 31027 18105 ] [ 51 121 185 70 ] [3y.F]
  9150 - [ 3f800000 ][ 1.000000 ] [ 1065353216 ] [ 0 16256 ] [ 0 0 128 63 ] [...?]
  9151 - [ 46985333 ][ 19497.599609 ] [ 1184387891 ] [ 21299 18072 ] [ 51 83 152 70 ] [3S.F]
  9152 - [ c3223396 ][ -162.201508 ] [ 3273798550 ] [ 13206 49954 ] [ 150 51 34 195 ] [.3".]
  9153 - [ 46b792cd ][ 23497.400391 ] [ 1186435789 ] [ 37581 18103 ] [ 205 146 183 70 ] [...F]
  9154 - [ 3f800000 ][ 1.000000 ] [ 1065353216 ] [ 0 16256 ] [ 0 0 128 63 ] [...?]
  9155 - [ 46985333 ][ 19497.599609 ] [ 1184387891 ] [ 21299 18072 ] [ 51 83 152 70 ] [3S.F]
  9156 - [ 40420942 ][ 3.031815 ] [ 1078069570 ] [ 2370 16450 ] [ 66 9 66 64 ] [B.B@]
  9157 - [ 46b7954d ][ 23498.650391 ] [ 1186436429 ] [ 38221 18103 ] [ 77 149 183 70 ] [M..F]
  9158 - [ 3f800000 ][ 1.000000 ] [ 1065353216 ] [ 0 16256 ] [ 0 0 128 63 ] [...?]
  9159 - [ 00000101 ][ 0.000000 ] [ 257 ] [ 257 0 ] [ 1 1 0 0 ] [....]
  9160 - [ 00000004 ][ 0.000000 ] [ 4 ] [ 4 0 ] [ 4 0 0 0 ] [....]
  9161 - [ 00004000 ][ 0.000000 ] [ 16384 ] [ 16384 0 ] [ 0 64 0 0 ] [.@..]
  9162 - [ 00000000 ][ 0.000000 ] [ 0 ] [ 0 0 ] [ 0 0 0 0 ] [....]
  9163 - [ 46985333 ][ 19497.599609 ] [ 1184387891 ] [ 21299 18072 ] [ 51 83 152 70 ] [3S.F]
  9164 - [ c3223396 ][ -162.201508 ] [ 3273798550 ] [ 13206 49954 ] [ 150 51 34 195 ] [.3".]
  9165 - [ 46b792cd ][ 23497.400391 ] [ 1186435789 ] [ 37581 18103 ] [ 205 146 183 70 ] [...F]
  9166 - [ 3f800000 ][ 1.000000 ] [ 1065353216 ] [ 0 16256 ] [ 0 0 128 63 ] [...?]
  9167 - [ 4699dd33 ][ 19694.599609 ] [ 1184488755 ] [ 56627 18073 ] [ 51 221 153 70 ] [3..F]
  9168 - [ c3223396 ][ -162.201508 ] [ 3273798550 ] [ 13206 49954 ] [ 150 51 34 195 ] [.3".]
  9169 - [ 46b97933 ][ 23740.599609 ] [ 1186560307 ] [ 31027 18105 ] [ 51 121 185 70 ] [3y.F]
  9170 - [ 3f800000 ][ 1.000000 ] [ 1065353216 ] [ 0 16256 ] [ 0 0 128 63 ] [...?]
  9171 - [ 469b43cd ][ 19873.900391 ] [ 1184580557 ] [ 17357 18075 ] [ 205 67 155 70 ] [.C.F]
  9172 - [ c3223396 ][ -162.201508 ] [ 3273798550 ] [ 13206 49954 ] [ 150 51 34 195 ] [.3".]
  9173 - [ 46b856cd ][ 23595.400391 ] [ 1186485965 ] [ 22221 18104 ] [ 205 86 184 70 ] [.V.F]
  9174 - [ 3f800000 ][ 1.000000 ] [ 1065353216 ] [ 0 16256 ] [ 0 0 128 63 ] [...?]
  9175 - [ 4699b9cd ][ 19676.900391 ] [ 1184479693 ] [ 47565 18073 ] [ 205 185 153 70 ] [...F]
  9176 - [ c3223396 ][ -162.201508 ] [ 3273798550 ] [ 13206 49954 ] [ 150 51 34 195 ] [.3".]
  9177 - [ 46b6704d ][ 23352.150391 ] [ 1186361421 ] [ 28749 18102 ] [ 77 112 182 70 ] [Mp.F]
  9178 - [ 3f800000 ][ 1.000000 ] [ 1065353216 ] [ 0 16256 ] [ 0 0 128 63 ] [...?]
  9179 - [ 00000101 ][ 0.000000 ] [ 257 ] [ 257 0 ] [ 1 1 0 0 ] [....]
  9180 - [ 00000004 ][ 0.000000 ] [ 4 ] [ 4 0 ] [ 4 0 0 0 ] [....]
  9181 - [ 00000001 ][ 0.000000 ] [ 1 ] [ 1 0 ] [ 1 0 0 0 ] [....]
  9182 - [ 00000000 ][ 0.000000 ] [ 0 ] [ 0 0 ] [ 0 0 0 0 ] [....]
  9183 - [ 46bc891a ][ 24132.550781 ] [ 1186760986 ] [ 35098 18108 ] [ 26 137 188 70 ] [...F]
  9184 - [ c4dd363d ][ -1769.694946 ] [ 3302831677 ] [ 13885 50397 ] [ 61 54 221 196 ] [=6..]
  9185 - [ 468e29b3 ][ 18196.849609 ] [ 1183721907 ] [ 10675 18062 ] [ 179 41 142 70 ] [.).F]
  9186 - [ 3f800000 ][ 1.000000 ] [ 1065353216 ] [ 0 16256 ] [ 0 0 128 63 ] [...?]
  9187 - [ 46bd5466 ][ 24234.199219 ] [ 1186813030 ] [ 21606 18109 ] [ 102 84 189 70 ] [fT.F]
  9188 - [ c49f21ec ][ -1273.060059 ] [ 3298763244 ] [ 8684 50335 ] [ 236 33 159 196 ] [.!..]
  9189 - [ 468e29b3 ][ 18196.849609 ] [ 1183721907 ] [ 10675 18062 ] [ 179 41 142 70 ] [.).F]
  9190 - [ 3f800000 ][ 1.000000 ] [ 1065353216 ] [ 0 16256 ] [ 0 0 128 63 ] [...?]
  9191 - [ 46be3acd ][ 24349.400391 ] [ 1186872013 ] [ 15053 18110 ] [ 205 58 190 70 ] [.:.F]
  9192 - [ c49f21ec ][ -1273.060059 ] [ 3298763244 ] [ 8684 50335 ] [ 236 33 159 196 ] [.!..]
  9193 - [ 4692379a ][ 18715.800781 ] [ 1183987610 ] [ 14234 18066 ] [ 154 55 146 70 ] [.7.F]
  9194 - [ 3f800000 ][ 1.000000 ] [ 1065353216 ] [ 0 16256 ] [ 0 0 128 63 ] [...?]
  9195 - [ 46bd6f80 ][ 24247.750000 ] [ 1186819968 ] [ 28544 18109 ] [ 128 111 189 70 ] [.o.F]
  9196 - [ c4dd363d ][ -1769.694946 ] [ 3302831677 ] [ 13885 50397 ] [ 61 54 221 196 ] [=6..]
  9197 - [ 4693619a ][ 18864.800781 ] [ 1184063898 ] [ 24986 18067 ] [ 154 97 147 70 ] [.a.F]
  9198 - [ 3f800000 ][ 1.000000 ] [ 1065353216 ] [ 0 16256 ] [ 0 0 128 63 ] [...?]
  9199 - [ 00000101 ][ 0.000000 ] [ 257 ] [ 257 0 ] [ 1 1 0 0 ] [....]
  9200 - [ 00000004 ][ 0.000000 ] [ 4 ] [ 4 0 ] [ 4 0 0 0 ] [....]
  9201 - [ 00000001 ][ 0.000000 ] [ 1 ] [ 1 0 ] [ 1 0 0 0 ] [....]
  9202 - [ 00000000 ][ 0.000000 ] [ 0 ] [ 0 0 ] [ 0 0 0 0 ] [....]
  9203 - [ 46bd6f80 ][ 24247.750000 ] [ 1186819968 ] [ 28544 18109 ] [ 128 111 189 70 ] [.o.F]
  9204 - [ c4dd363d ][ -1769.694946 ] [ 3302831677 ] [ 13885 50397 ] [ 61 54 221 196 ] [=6..]
  9205 - [ 4693619a ][ 18864.800781 ] [ 1184063898 ] [ 24986 18067 ] [ 154 97 147 70 ] [.a.F]
  9206 - [ 3f800000 ][ 1.000000 ] [ 1065353216 ] [ 0 16256 ] [ 0 0 128 63 ] [...?]
  9207 - [ 46be3acd ][ 24349.400391 ] [ 1186872013 ] [ 15053 18110 ] [ 205 58 190 70 ] [.:.F]
  9208 - [ c49f21ec ][ -1273.060059 ] [ 3298763244 ] [ 8684 50335 ] [ 236 33 159 196 ] [.!..]
  9209 - [ 4692379a ][ 18715.800781 ] [ 1183987610 ] [ 14234 18066 ] [ 154 55 146 70 ] [.7.F]
  9210 - [ 3f800000 ][ 1.000000 ] [ 1065353216 ] [ 0 16256 ] [ 0 0 128 63 ] [...?]
  9211 - [ 46c22e80 ][ 24855.250000 ] [ 1187131008 ] [ 11904 18114 ] [ 128 46 194 70 ] [...F]
  9212 - [ c49f21ec ][ -1273.060059 ] [ 3298763244 ] [ 8684 50335 ] [ 236 33 159 196 ] [.!..]
  9213 - [ 46928f00 ][ 18759.500000 ] [ 1184009984 ] [ 36608 18066 ] [ 0 143 146 70 ] [...F]
  9214 - [ 3f800000 ][ 1.000000 ] [ 1065353216 ] [ 0 16256 ] [ 0 0 128 63 ] [...?]
  9215 - [ 46c23c1a ][ 24862.050781 ] [ 1187134490 ] [ 15386 18114 ] [ 26 60 194 70 ] [.<.F]
  9216 - [ c4dd363d ][ -1769.694946 ] [ 3302831677 ] [ 13885 50397 ] [ 61 54 221 196 ] [=6..]
  9217 - [ 4693ca66 ][ 18917.199219 ] [ 1184090726 ] [ 51814 18067 ] [ 102 202 147 70 ] [f..F]
  9218 - [ 3f800000 ][ 1.000000 ] [ 1065353216 ] [ 0 16256 ] [ 0 0 128 63 ] [...?]
  9219 - [ 00000101 ][ 0.000000 ] [ 257 ] [ 257 0 ] [ 1 1 0 0 ] [....]
  9220 - [ 00000004 ][ 0.000000 ] [ 4 ] [ 4 0 ] [ 4 0 0 0 ] [....]
  9221 - [ 00000001 ][ 0.000000 ] [ 1 ] [ 1 0 ] [ 1 0 0 0 ] [....]
  9222 - [ 00000000 ][ 0.000000 ] [ 0 ] [ 0 0 ] [ 0 0 0 0 ] [....]
  9223 - [ 46bd5466 ][ 24234.199219 ] [ 1186813030 ] [ 21606 18109 ] [ 102 84 189 70 ] [fT.F]
  9224 - [ c49f21ec ][ -1273.060059 ] [ 3298763244 ] [ 8684 50335 ] [ 236 33 159 196 ] [.!..]
  9225 - [ 468e29b3 ][ 18196.849609 ] [ 1183721907 ] [ 10675 18062 ] [ 179 41 142 70 ] [.).F]
  9226 - [ 3f800000 ][ 1.000000 ] [ 1065353216 ] [ 0 16256 ] [ 0 0 128 63 ] [...?]
  9227 - [ 46c22e80 ][ 24855.250000 ] [ 1187131008 ] [ 11904 18114 ] [ 128 46 194 70 ] [...F]
  9228 - [ c49f21ec ][ -1273.060059 ] [ 3298763244 ] [ 8684 50335 ] [ 236 33 159 196 ] [.!..]
  9229 - [ 468e29b3 ][ 18196.849609 ] [ 1183721907 ] [ 10675 18062 ] [ 179 41 142 70 ] [.).F]
  9230 - [ 3f800000 ][ 1.000000 ] [ 1065353216 ] [ 0 16256 ] [ 0 0 128 63 ] [...?]
  9231 - [ 46c22e80 ][ 24855.250000 ] [ 1187131008 ] [ 11904 18114 ] [ 128 46 194 70 ] [...F]
  9232 - [ c49f21ec ][ -1273.060059 ] [ 3298763244 ] [ 8684 50335 ] [ 236 33 159 196 ] [.!..]
  9233 - [ 46928f00 ][ 18759.500000 ] [ 1184009984 ] [ 36608 18066 ] [ 0 143 146 70 ] [...F]
  9234 - [ 3f800000 ][ 1.000000 ] [ 1065353216 ] [ 0 16256 ] [ 0 0 128 63 ] [...?]
  9235 - [ 46be3acd ][ 24349.400391 ] [ 1186872013 ] [ 15053 18110 ] [ 205 58 190 70 ] [.:.F]
  9236 - [ c49f21ec ][ -1273.060059 ] [ 3298763244 ] [ 8684 50335 ] [ 236 33 159 196 ] [.!..]
  9237 - [ 4692379a ][ 18715.800781 ] [ 1183987610 ] [ 14234 18066 ] [ 154 55 146 70 ] [.7.F]
  9238 - [ 3f800000 ][ 1.000000 ] [ 1065353216 ] [ 0 16256 ] [ 0 0 128 63 ] [...?]
  9239 - [ 00000101 ][ 0.000000 ] [ 257 ] [ 257 0 ] [ 1 1 0 0 ] [....]
  9240 - [ 00000004 ][ 0.000000 ] [ 4 ] [ 4 0 ] [ 4 0 0 0 ] [....]
  9241 - [ 00000001 ][ 0.000000 ] [ 1 ] [ 1 0 ] [ 1 0 0 0 ] [....]
  9242 - [ 00000000 ][ 0.000000 ] [ 0 ] [ 0 0 ] [ 0 0 0 0 ] [....]
  9243 - [ 46c23c1a ][ 24862.050781 ] [ 1187134490 ] [ 15386 18114 ] [ 26 60 194 70 ] [.<.F]
  9244 - [ c4dd363d ][ -1769.694946 ] [ 3302831677 ] [ 13885 50397 ] [ 61 54 221 196 ] [=6..]
  9245 - [ 46886a33 ][ 17461.099609 ] [ 1183345203 ] [ 27187 18056 ] [ 51 106 136 70 ] [3j.F]
  9246 - [ 3f800000 ][ 1.000000 ] [ 1065353216 ] [ 0 16256 ] [ 0 0 128 63 ] [...?]
  9247 - [ 46c22e80 ][ 24855.250000 ] [ 1187131008 ] [ 11904 18114 ] [ 128 46 194 70 ] [...F]
  9248 - [ c49f21ec ][ -1273.060059 ] [ 3298763244 ] [ 8684 50335 ] [ 236 33 159 196 ] [.!..]
  9249 - [ 4689f99a ][ 17660.800781 ] [ 1183447450 ] [ 63898 18057 ] [ 154 249 137 70 ] [...F]
  9250 - [ 3f800000 ][ 1.000000 ] [ 1065353216 ] [ 0 16256 ] [ 0 0 128 63 ] [...?]
  9251 - [ 46be3acd ][ 24349.400391 ] [ 1186872013 ] [ 15053 18110 ] [ 205 58 190 70 ] [.:.F]
  9252 - [ c49f21ec ][ -1273.060059 ] [ 3298763244 ] [ 8684 50335 ] [ 236 33 159 196 ] [.!..]
  9253 - [ 468ab7b3 ][ 17755.849609 ] [ 1183496115 ] [ 47027 18058 ] [ 179 183 138 70 ] [...F]
  9254 - [ 3f800000 ][ 1.000000 ] [ 1065353216 ] [ 0 16256 ] [ 0 0 128 63 ] [...?]
  9255 - [ 46bd6f80 ][ 24247.750000 ] [ 1186819968 ] [ 28544 18109 ] [ 128 111 189 70 ] [.o.F]
  9256 - [ c4dd363d ][ -1769.694946 ] [ 3302831677 ] [ 13885 50397 ] [ 61 54 221 196 ] [=6..]
  9257 - [ 4689309a ][ 17560.300781 ] [ 1183395994 ] [ 12442 18057 ] [ 154 48 137 70 ] [.0.F]
  9258 - [ 3f800000 ][ 1.000000 ] [ 1065353216 ] [ 0 16256 ] [ 0 0 128 63 ] [...?]
  9259 - [ 00000101 ][ 0.000000 ] [ 257 ] [ 257 0 ] [ 1 1 0 0 ] [....]
  9260 - [ 00000004 ][ 0.000000 ] [ 4 ] [ 4 0 ] [ 4 0 0 0 ] [....]
  9261 - [ 00000001 ][ 0.000000 ] [ 1 ] [ 1 0 ] [ 1 0 0 0 ] [....]
  9262 - [ 00000000 ][ 0.000000 ] [ 0 ] [ 0 0 ] [ 0 0 0 0 ] [....]
  9263 - [ 46bd5466 ][ 24234.199219 ] [ 1186813030 ] [ 21606 18109 ] [ 102 84 189 70 ] [fT.F]
  9264 - [ c49f21ec ][ -1273.060059 ] [ 3298763244 ] [ 8684 50335 ] [ 236 33 159 196 ] [.!..]
  9265 - [ 468e29b3 ][ 18196.849609 ] [ 1183721907 ] [ 10675 18062 ] [ 179 41 142 70 ] [.).F]
  9266 - [ 3f800000 ][ 1.000000 ] [ 1065353216 ] [ 0 16256 ] [ 0 0 128 63 ] [...?]
  9267 - [ 46bc891a ][ 24132.550781 ] [ 1186760986 ] [ 35098 18108 ] [ 26 137 188 70 ] [...F]
  9268 - [ c4dd363d ][ -1769.694946 ] [ 3302831677 ] [ 13885 50397 ] [ 61 54 221 196 ] [=6..]
  9269 - [ 468e29b3 ][ 18196.849609 ] [ 1183721907 ] [ 10675 18062 ] [ 179 41 142 70 ] [.).F]
  9270 - [ 3f800000 ][ 1.000000 ] [ 1065353216 ] [ 0 16256 ] [ 0 0 128 63 ] [...?]
  9271 - [ 46bd6f80 ][ 24247.750000 ] [ 1186819968 ] [ 28544 18109 ] [ 128 111 189 70 ] [.o.F]
  9272 - [ c4dd363d ][ -1769.694946 ] [ 3302831677 ] [ 13885 50397 ] [ 61 54 221 196 ] [=6..]
  9273 - [ 4689309a ][ 17560.300781 ] [ 1183395994 ] [ 12442 18057 ] [ 154 48 137 70 ] [.0.F]
  9274 - [ 3f800000 ][ 1.000000 ] [ 1065353216 ] [ 0 16256 ] [ 0 0 128 63 ] [...?]
  9275 - [ 46be3acd ][ 24349.400391 ] [ 1186872013 ] [ 15053 18110 ] [ 205 58 190 70 ] [.:.F]
  9276 - [ c49f21ec ][ -1273.060059 ] [ 3298763244 ] [ 8684 50335 ] [ 236 33 159 196 ] [.!..]
  9277 - [ 468ab7b3 ][ 17755.849609 ] [ 1183496115 ] [ 47027 18058 ] [ 179 183 138 70 ] [...F]
  9278 - [ 3f800000 ][ 1.000000 ] [ 1065353216 ] [ 0 16256 ] [ 0 0 128 63 ] [...?]
  9279 - [ 00000101 ][ 0.000000 ] [ 257 ] [ 257 0 ] [ 1 1 0 0 ] [....]
  9280 - [ 00000004 ][ 0.000000 ] [ 4 ] [ 4 0 ] [ 4 0 0 0 ] [....]
  9281 - [ 00000001 ][ 0.000000 ] [ 1 ] [ 1 0 ] [ 1 0 0 0 ] [....]
  9282 - [ 00000000 ][ 0.000000 ] [ 0 ] [ 0 0 ] [ 0 0 0 0 ] [....]
  9283 - [ 46c22e80 ][ 24855.250000 ] [ 1187131008 ] [ 11904 18114 ] [ 128 46 194 70 ] [...F]
  9284 - [ c49f21ec ][ -1273.060059 ] [ 3298763244 ] [ 8684 50335 ] [ 236 33 159 196 ] [.!..]
  9285 - [ 468e29b3 ][ 18196.849609 ] [ 1183721907 ] [ 10675 18062 ] [ 179 41 142 70 ] [.).F]
  9286 - [ 3f800000 ][ 1.000000 ] [ 1065353216 ] [ 0 16256 ] [ 0 0 128 63 ] [...?]
  9287 - [ 46bd5466 ][ 24234.199219 ] [ 1186813030 ] [ 21606 18109 ] [ 102 84 189 70 ] [fT.F]
  9288 - [ c49f21ec ][ -1273.060059 ] [ 3298763244 ] [ 8684 50335 ] [ 236 33 159 196 ] [.!..]
  9289 - [ 468e29b3 ][ 18196.849609 ] [ 1183721907 ] [ 10675 18062 ] [ 179 41 142 70 ] [.).F]
  9290 - [ 3f800000 ][ 1.000000 ] [ 1065353216 ] [ 0 16256 ] [ 0 0 128 63 ] [...?]
  9291 - [ 46be3acd ][ 24349.400391 ] [ 1186872013 ] [ 15053 18110 ] [ 205 58 190 70 ] [.:.F]
  9292 - [ c49f21ec ][ -1273.060059 ] [ 3298763244 ] [ 8684 50335 ] [ 236 33 159 196 ] [.!..]
  9293 - [ 468ab7b3 ][ 17755.849609 ] [ 1183496115 ] [ 47027 18058 ] [ 179 183 138 70 ] [...F]
  9294 - [ 3f800000 ][ 1.000000 ] [ 1065353216 ] [ 0 16256 ] [ 0 0 128 63 ] [...?]
  9295 - [ 46c22e80 ][ 24855.250000 ] [ 1187131008 ] [ 11904 18114 ] [ 128 46 194 70 ] [...F]
  9296 - [ c49f21ec ][ -1273.060059 ] [ 3298763244 ] [ 8684 50335 ] [ 236 33 159 196 ] [.!..]
  9297 - [ 4689f99a ][ 17660.800781 ] [ 1183447450 ] [ 63898 18057 ] [ 154 249 137 70 ] [...F]
  9298 - [ 3f800000 ][ 1.000000 ] [ 1065353216 ] [ 0 16256 ] [ 0 0 128 63 ] [...?]
  9299 - [ 00000101 ][ 0.000000 ] [ 257 ] [ 257 0 ] [ 1 1 0 0 ] [....]
  9300 - [ 00000004 ][ 0.000000 ] [ 4 ] [ 4 0 ] [ 4 0 0 0 ] [....]
  9301 - [ 00000001 ][ 0.000000 ] [ 1 ] [ 1 0 ] [ 1 0 0 0 ] [....]
  9302 - [ 00000000 ][ 0.000000 ] [ 0 ] [ 0 0 ] [ 0 0 0 0 ] [....]
  9303 - [ 46bfa633 ][ 24531.099609 ] [ 1186965043 ] [ 42547 18111 ] [ 51 166 191 70 ] [3..F]
  9304 - [ c4c94f0a ][ -1610.469971 ] [ 3301527306 ] [ 20234 50377 ] [ 10 79 201 196 ] [.O..]
  9305 - [ 46993466 ][ 19610.199219 ] [ 1184445542 ] [ 13414 18073 ] [ 102 52 153 70 ] [f4.F]
  9306 - [ 3f800000 ][ 1.000000 ] [ 1065353216 ] [ 0 16256 ] [ 0 0 128 63 ] [...?]
  9307 - [ 46bfa633 ][ 24531.099609 ] [ 1186965043 ] [ 42547 18111 ] [ 51 166 191 70 ] [3..F]
  9308 - [ c22ca241 ][ -43.158451 ] [ 3257705025 ] [ 41537 49708 ] [ 65 162 44 194 ] [A.,.]
  9309 - [ 46993466 ][ 19610.199219 ] [ 1184445542 ] [ 13414 18073 ] [ 102 52 153 70 ] [f4.F]
  9310 - [ 3f800000 ][ 1.000000 ] [ 1065353216 ] [ 0 16256 ] [ 0 0 128 63 ] [...?]
  9311 - [ 46c083e6 ][ 24641.949219 ] [ 1187021798 ] [ 33766 18112 ] [ 230 131 192 70 ] [...F]
  9312 - [ c22ca227 ][ -43.158352 ] [ 3257704999 ] [ 41511 49708 ] [ 39 162 44 194 ] ['.,.]
  9313 - [ 469c5bcd ][ 20013.900391 ] [ 1184652237 ] [ 23501 18076 ] [ 205 91 156 70 ] [.[.F]
  9314 - [ 3f800000 ][ 1.000000 ] [ 1065353216 ] [ 0 16256 ] [ 0 0 128 63 ] [...?]
  9315 - [ 46c083e6 ][ 24641.949219 ] [ 1187021798 ] [ 33766 18112 ] [ 230 131 192 70 ] [...F]
  9316 - [ c4c94f0a ][ -1610.469971 ] [ 3301527306 ] [ 20234 50377 ] [ 10 79 201 196 ] [.O..]
  9317 - [ 469c5bcd ][ 20013.900391 ] [ 1184652237 ] [ 23501 18076 ] [ 205 91 156 70 ] [.[.F]
  9318 - [ 3f800000 ][ 1.000000 ] [ 1065353216 ] [ 0 16256 ] [ 0 0 128 63 ] [...?]
  9319 - [ 00000101 ][ 0.000000 ] [ 257 ] [ 257 0 ] [ 1 1 0 0 ] [....]
  9320 - [ 00000004 ][ 0.000000 ] [ 4 ] [ 4 0 ] [ 4 0 0 0 ] [....]
  9321 - [ 00000001 ][ 0.000000 ] [ 1 ] [ 1 0 ] [ 1 0 0 0 ] [....]
  9322 - [ 00000000 ][ 0.000000 ] [ 0 ] [ 0 0 ] [ 0 0 0 0 ] [....]
  9323 - [ 46c083e6 ][ 24641.949219 ] [ 1187021798 ] [ 33766 18112 ] [ 230 131 192 70 ] [...F]
  9324 - [ c4c94f0a ][ -1610.469971 ] [ 3301527306 ] [ 20234 50377 ] [ 10 79 201 196 ] [.O..]
  9325 - [ 469c5bcd ][ 20013.900391 ] [ 1184652237 ] [ 23501 18076 ] [ 205 91 156 70 ] [.[.F]
  9326 - [ 3f800000 ][ 1.000000 ] [ 1065353216 ] [ 0 16256 ] [ 0 0 128 63 ] [...?]
  9327 - [ 46c083e6 ][ 24641.949219 ] [ 1187021798 ] [ 33766 18112 ] [ 230 131 192 70 ] [...F]
  9328 - [ c22ca227 ][ -43.158352 ] [ 3257704999 ] [ 41511 49708 ] [ 39 162 44 194 ] ['.,.]
  9329 - [ 469c5bcd ][ 20013.900391 ] [ 1184652237 ] [ 23501 18076 ] [ 205 91 156 70 ] [.[.F]
  9330 - [ 3f800000 ][ 1.000000 ] [ 1065353216 ] [ 0 16256 ] [ 0 0 128 63 ] [...?]
  9331 - [ 46c22100 ][ 24848.500000 ] [ 1187127552 ] [ 8448 18114 ] [ 0 33 194 70 ] [.!.F]
  9332 - [ c22ca227 ][ -43.158352 ] [ 3257704999 ] [ 41511 49708 ] [ 39 162 44 194 ] ['.,.]
  9333 - [ 469cb333 ][ 20057.599609 ] [ 1184674611 ] [ 45875 18076 ] [ 51 179 156 70 ] [3..F]
  9334 - [ 3f800000 ][ 1.000000 ] [ 1065353216 ] [ 0 16256 ] [ 0 0 128 63 ] [...?]
  9335 - [ 46c22100 ][ 24848.500000 ] [ 1187127552 ] [ 8448 18114 ] [ 0 33 194 70 ] [.!.F]
  9336 - [ c4c94f0a ][ -1610.469971 ] [ 3301527306 ] [ 20234 50377 ] [ 10 79 201 196 ] [.O..]
  9337 - [ 469cb333 ][ 20057.599609 ] [ 1184674611 ] [ 45875 18076 ] [ 51 179 156 70 ] [3..F]
  9338 - [ 3f800000 ][ 1.000000 ] [ 1065353216 ] [ 0 16256 ] [ 0 0 128 63 ] [...?]
  9339 - [ 00000101 ][ 0.000000 ] [ 257 ] [ 257 0 ] [ 1 1 0 0 ] [....]
  9340 - [ 00000004 ][ 0.000000 ] [ 4 ] [ 4 0 ] [ 4 0 0 0 ] [....]
  9341 - [ 00000001 ][ 0.000000 ] [ 1 ] [ 1 0 ] [ 1 0 0 0 ] [....]
  9342 - [ 00000000 ][ 0.000000 ] [ 0 ] [ 0 0 ] [ 0 0 0 0 ] [....]
  9343 - [ 46bfa633 ][ 24531.099609 ] [ 1186965043 ] [ 42547 18111 ] [ 51 166 191 70 ] [3..F]
  9344 - [ c22ca241 ][ -43.158451 ] [ 3257705025 ] [ 41537 49708 ] [ 65 162 44 194 ] [A.,.]
  9345 - [ 46993466 ][ 19610.199219 ] [ 1184445542 ] [ 13414 18073 ] [ 102 52 153 70 ] [f4.F]
  9346 - [ 3f800000 ][ 1.000000 ] [ 1065353216 ] [ 0 16256 ] [ 0 0 128 63 ] [...?]
  9347 - [ 46bfa633 ][ 24531.099609 ] [ 1186965043 ] [ 42547 18111 ] [ 51 166 191 70 ] [3..F]
  9348 - [ c4c94f0a ][ -1610.469971 ] [ 3301527306 ] [ 20234 50377 ] [ 10 79 201 196 ] [.O..]
  9349 - [ 46993466 ][ 19610.199219 ] [ 1184445542 ] [ 13414 18073 ] [ 102 52 153 70 ] [f4.F]
  9350 - [ 3f800000 ][ 1.000000 ] [ 1065353216 ] [ 0 16256 ] [ 0 0 128 63 ] [...?]
  9351 - [ 46c083e6 ][ 24641.949219 ] [ 1187021798 ] [ 33766 18112 ] [ 230 131 192 70 ] [...F]
  9352 - [ c4c94f0a ][ -1610.469971 ] [ 3301527306 ] [ 20234 50377 ] [ 10 79 201 196 ] [.O..]
  9353 - [ 46960ce6 ][ 19206.449219 ] [ 1184238822 ] [ 3302 18070 ] [ 230 12 150 70 ] [...F]
  9354 - [ 3f800000 ][ 1.000000 ] [ 1065353216 ] [ 0 16256 ] [ 0 0 128 63 ] [...?]
  9355 - [ 46c083e6 ][ 24641.949219 ] [ 1187021798 ] [ 33766 18112 ] [ 230 131 192 70 ] [...F]
  9356 - [ c22ca241 ][ -43.158451 ] [ 3257705025 ] [ 41537 49708 ] [ 65 162 44 194 ] [A.,.]
  9357 - [ 46960ce6 ][ 19206.449219 ] [ 1184238822 ] [ 3302 18070 ] [ 230 12 150 70 ] [...F]
  9358 - [ 3f800000 ][ 1.000000 ] [ 1065353216 ] [ 0 16256 ] [ 0 0 128 63 ] [...?]
  9359 - [ 00000101 ][ 0.000000 ] [ 257 ] [ 257 0 ] [ 1 1 0 0 ] [....]
  9360 - [ 00000004 ][ 0.000000 ] [ 4 ] [ 4 0 ] [ 4 0 0 0 ] [....]
  9361 - [ 00000001 ][ 0.000000 ] [ 1 ] [ 1 0 ] [ 1 0 0 0 ] [....]
  9362 - [ 00000000 ][ 0.000000 ] [ 0 ] [ 0 0 ] [ 0 0 0 0 ] [....]
  9363 - [ 46c22100 ][ 24848.500000 ] [ 1187127552 ] [ 8448 18114 ] [ 0 33 194 70 ] [.!.F]
  9364 - [ c4c94f0a ][ -1610.469971 ] [ 3301527306 ] [ 20234 50377 ] [ 10 79 201 196 ] [.O..]
  9365 - [ 4695c200 ][ 19169.000000 ] [ 1184219648 ] [ 49664 18069 ] [ 0 194 149 70 ] [...F]
  9366 - [ 3f800000 ][ 1.000000 ] [ 1065353216 ] [ 0 16256 ] [ 0 0 128 63 ] [...?]
  9367 - [ 46c22100 ][ 24848.500000 ] [ 1187127552 ] [ 8448 18114 ] [ 0 33 194 70 ] [.!.F]
  9368 - [ c22ca241 ][ -43.158451 ] [ 3257705025 ] [ 41537 49708 ] [ 65 162 44 194 ] [A.,.]
  9369 - [ 4695c200 ][ 19169.000000 ] [ 1184219648 ] [ 49664 18069 ] [ 0 194 149 70 ] [...F]
  9370 - [ 3f800000 ][ 1.000000 ] [ 1065353216 ] [ 0 16256 ] [ 0 0 128 63 ] [...?]
  9371 - [ 46c083e6 ][ 24641.949219 ] [ 1187021798 ] [ 33766 18112 ] [ 230 131 192 70 ] [...F]
  9372 - [ c22ca241 ][ -43.158451 ] [ 3257705025 ] [ 41537 49708 ] [ 65 162 44 194 ] [A.,.]
  9373 - [ 46960ce6 ][ 19206.449219 ] [ 1184238822 ] [ 3302 18070 ] [ 230 12 150 70 ] [...F]
  9374 - [ 3f800000 ][ 1.000000 ] [ 1065353216 ] [ 0 16256 ] [ 0 0 128 63 ] [...?]
  9375 - [ 46c083e6 ][ 24641.949219 ] [ 1187021798 ] [ 33766 18112 ] [ 230 131 192 70 ] [...F]
  9376 - [ c4c94f0a ][ -1610.469971 ] [ 3301527306 ] [ 20234 50377 ] [ 10 79 201 196 ] [.O..]
  9377 - [ 46960ce6 ][ 19206.449219 ] [ 1184238822 ] [ 3302 18070 ] [ 230 12 150 70 ] [...F]
  9378 - [ 3f800000 ][ 1.000000 ] [ 1065353216 ] [ 0 16256 ] [ 0 0 128 63 ] [...?]
  9379 - [ 00000001 ][ 0.000000 ] [ 1 ] [ 1 0 ] [ 1 0 0 0 ] [....]
  9380 - [ 00000004 ][ 0.000000 ] [ 4 ] [ 4 0 ] [ 4 0 0 0 ] [....]
  9381 - [ 00000080 ][ 0.000000 ] [ 128 ] [ 128 0 ] [ 128 0 0 0 ] [....]
  9382 - [ 00000000 ][ 0.000000 ] [ 0 ] [ 0 0 ] [ 0 0 0 0 ] [....]
  9383 - [ 46be3ab3 ][ 24349.349609 ] [ 1186871987 ] [ 15027 18110 ] [ 179 58 190 70 ] [.:.F]
  9384 - [ c43e0800 ][ -760.125000 ] [ 3292399616 ] [ 2048 50238 ] [ 0 8 62 196 ] [..>.]
  9385 - [ 4687f166 ][ 17400.699219 ] [ 1183314278 ] [ 61798 18055 ] [ 102 241 135 70 ] [f..F]
  9386 - [ 3f800000 ][ 1.000000 ] [ 1065353216 ] [ 0 16256 ] [ 0 0 128 63 ] [...?]
  9387 - [ 46bcae33 ][ 24151.099609 ] [ 1186770483 ] [ 44595 18108 ] [ 51 174 188 70 ] [3..F]
  9388 - [ 42480000 ][ 50.000000 ] [ 1112014848 ] [ 0 16968 ] [ 0 0 72 66 ] [..HB]
  9389 - [ 4688be9a ][ 17503.300781 ] [ 1183366810 ] [ 48794 18056 ] [ 154 190 136 70 ] [...F]
  9390 - [ 3f800000 ][ 1.000000 ] [ 1065353216 ] [ 0 16256 ] [ 0 0 128 63 ] [...?]
  9391 - [ 46c0191a ][ 24588.550781 ] [ 1186994458 ] [ 6426 18112 ] [ 26 25 192 70 ] [...F]
  9392 - [ 42480000 ][ 50.000000 ] [ 1112014848 ] [ 0 16968 ] [ 0 0 72 66 ] [..HB]
  9393 - [ 4687d3b3 ][ 17385.849609 ] [ 1183306675 ] [ 54195 18055 ] [ 179 211 135 70 ] [...F]
  9394 - [ 3f800000 ][ 1.000000 ] [ 1065353216 ] [ 0 16256 ] [ 0 0 128 63 ] [...?]
  9395 - [ 46be3ab3 ][ 24349.349609 ] [ 1186871987 ] [ 15027 18110 ] [ 179 58 190 70 ] [.:.F]
  9396 - [ c43e0800 ][ -760.125000 ] [ 3292399616 ] [ 2048 50238 ] [ 0 8 62 196 ] [..>.]
  9397 - [ 4687f166 ][ 17400.699219 ] [ 1183314278 ] [ 61798 18055 ] [ 102 241 135 70 ] [f..F]
  9398 - [ 3f800000 ][ 1.000000 ] [ 1065353216 ] [ 0 16256 ] [ 0 0 128 63 ] [...?]
  9399 - [ 00000001 ][ 0.000000 ] [ 1 ] [ 1 0 ] [ 1 0 0 0 ] [....]
  9400 - [ 00000004 ][ 0.000000 ] [ 4 ] [ 4 0 ] [ 4 0 0 0 ] [....]
  9401 - [ 00000080 ][ 0.000000 ] [ 128 ] [ 128 0 ] [ 128 0 0 0 ] [....]
  9402 - [ 00000000 ][ 0.000000 ] [ 0 ] [ 0 0 ] [ 0 0 0 0 ] [....]
  9403 - [ 46bd72e6 ][ 24249.449219 ] [ 1186820838 ] [ 29414 18109 ] [ 230 114 189 70 ] [.r.F]
  9404 - [ c43663d7 ][ -729.559998 ] [ 3291898839 ] [ 25559 50230 ] [ 215 99 54 196 ] [.c6.]
  9405 - [ 46855b1a ][ 17069.550781 ] [ 1183144730 ] [ 23322 18053 ] [ 26 91 133 70 ] [.[.F]
  9406 - [ 3f800000 ][ 1.000000 ] [ 1065353216 ] [ 0 16256 ] [ 0 0 128 63 ] [...?]
  9407 - [ 46bf514d ][ 24488.650391 ] [ 1186943309 ] [ 20813 18111 ] [ 77 81 191 70 ] [MQ.F]
  9408 - [ 42480000 ][ 50.000000 ] [ 1112014848 ] [ 0 16968 ] [ 0 0 72 66 ] [..HB]
  9409 - [ 46853d66 ][ 17054.699219 ] [ 1183137126 ] [ 15718 18053 ] [ 102 61 133 70 ] [f=.F]
  9410 - [ 3f800000 ][ 1.000000 ] [ 1065353216 ] [ 0 16256 ] [ 0 0 128 63 ] [...?]
  9411 - [ 46bbe666 ][ 24051.199219 ] [ 1186719334 ] [ 58982 18107 ] [ 102 230 187 70 ] [f..F]
  9412 - [ 42480000 ][ 50.000000 ] [ 1112014848 ] [ 0 16968 ] [ 0 0 72 66 ] [..HB]
  9413 - [ 46862866 ][ 17172.199219 ] [ 1183197286 ] [ 10342 18054 ] [ 102 40 134 70 ] [f(.F]
  9414 - [ 3f800000 ][ 1.000000 ] [ 1065353216 ] [ 0 16256 ] [ 0 0 128 63 ] [...?]
  9415 - [ 46bd72e6 ][ 24249.449219 ] [ 1186820838 ] [ 29414 18109 ] [ 230 114 189 70 ] [.r.F]
  9416 - [ c43663d7 ][ -729.559998 ] [ 3291898839 ] [ 25559 50230 ] [ 215 99 54 196 ] [.c6.]
  9417 - [ 46855b1a ][ 17069.550781 ] [ 1183144730 ] [ 23322 18053 ] [ 26 91 133 70 ] [.[.F]
  9418 - [ 3f800000 ][ 1.000000 ] [ 1065353216 ] [ 0 16256 ] [ 0 0 128 63 ] [...?]
  9419 - [ 00000101 ][ 0.000000 ] [ 257 ] [ 257 0 ] [ 1 1 0 0 ] [....]
  9420 - [ 00000004 ][ 0.000000 ] [ 4 ] [ 4 0 ] [ 4 0 0 0 ] [....]
  9421 - [ 00000080 ][ 0.000000 ] [ 128 ] [ 128 0 ] [ 128 0 0 0 ] [....]
  9422 - [ 00000000 ][ 0.000000 ] [ 0 ] [ 0 0 ] [ 0 0 0 0 ] [....]
  9423 - [ 46bcae33 ][ 24151.099609 ] [ 1186770483 ] [ 44595 18108 ] [ 51 174 188 70 ] [3..F]
  9424 - [ 42480000 ][ 50.000000 ] [ 1112014848 ] [ 0 16968 ] [ 0 0 72 66 ] [..HB]
  9425 - [ 4688be9a ][ 17503.300781 ] [ 1183366810 ] [ 48794 18056 ] [ 154 190 136 70 ] [...F]
  9426 - [ 3f800000 ][ 1.000000 ] [ 1065353216 ] [ 0 16256 ] [ 0 0 128 63 ] [...?]
  9427 - [ 46be3ab3 ][ 24349.349609 ] [ 1186871987 ] [ 15027 18110 ] [ 179 58 190 70 ] [.:.F]
  9428 - [ c43e0800 ][ -760.125000 ] [ 3292399616 ] [ 2048 50238 ] [ 0 8 62 196 ] [..>.]
  9429 - [ 4687f166 ][ 17400.699219 ] [ 1183314278 ] [ 61798 18055 ] [ 102 241 135 70 ] [f..F]
  9430 - [ 3f800000 ][ 1.000000 ] [ 1065353216 ] [ 0 16256 ] [ 0 0 128 63 ] [...?]
  9431 - [ 46bd72e6 ][ 24249.449219 ] [ 1186820838 ] [ 29414 18109 ] [ 230 114 189 70 ] [.r.F]
  9432 - [ c43663d7 ][ -729.559998 ] [ 3291898839 ] [ 25559 50230 ] [ 215 99 54 196 ] [.c6.]
  9433 - [ 46855b1a ][ 17069.550781 ] [ 1183144730 ] [ 23322 18053 ] [ 26 91 133 70 ] [.[.F]
  9434 - [ 3f800000 ][ 1.000000 ] [ 1065353216 ] [ 0 16256 ] [ 0 0 128 63 ] [...?]
  9435 - [ 46bbe666 ][ 24051.199219 ] [ 1186719334 ] [ 58982 18107 ] [ 102 230 187 70 ] [f..F]
  9436 - [ 42480000 ][ 50.000000 ] [ 1112014848 ] [ 0 16968 ] [ 0 0 72 66 ] [..HB]
  9437 - [ 46862866 ][ 17172.199219 ] [ 1183197286 ] [ 10342 18054 ] [ 102 40 134 70 ] [f(.F]
  9438 - [ 3f800000 ][ 1.000000 ] [ 1065353216 ] [ 0 16256 ] [ 0 0 128 63 ] [...?]
  9439 - [ 00000101 ][ 0.000000 ] [ 257 ] [ 257 0 ] [ 1 1 0 0 ] [....]
  9440 - [ 00000004 ][ 0.000000 ] [ 4 ] [ 4 0 ] [ 4 0 0 0 ] [....]
  9441 - [ 00000001 ][ 0.000000 ] [ 1 ] [ 1 0 ] [ 1 0 0 0 ] [....]
  9442 - [ 00000000 ][ 0.000000 ] [ 0 ] [ 0 0 ] [ 0 0 0 0 ] [....]
  9443 - [ 46bf50cd ][ 24488.400391 ] [ 1186943181 ] [ 20685 18111 ] [ 205 80 191 70 ] [.P.F]
  9444 - [ c4d4e2b8 ][ -1703.084961 ] [ 3302286008 ] [ 58040 50388 ] [ 184 226 212 196 ] [....]
  9445 - [ 4683611a ][ 16816.550781 ] [ 1183015194 ] [ 24858 18051 ] [ 26 97 131 70 ] [.a.F]
  9446 - [ 3f800000 ][ 1.000000 ] [ 1065353216 ] [ 0 16256 ] [ 0 0 128 63 ] [...?]
  9447 - [ 46bf50cd ][ 24488.400391 ] [ 1186943181 ] [ 20685 18111 ] [ 205 80 191 70 ] [.P.F]
  9448 - [ 401712ae ][ 2.360515 ] [ 1075253934 ] [ 4782 16407 ] [ 174 18 23 64 ] [...@]
  9449 - [ 4683611a ][ 16816.550781 ] [ 1183015194 ] [ 24858 18051 ] [ 26 97 131 70 ] [.a.F]
  9450 - [ 3f800000 ][ 1.000000 ] [ 1065353216 ] [ 0 16256 ] [ 0 0 128 63 ] [...?]
  9451 - [ 46c03e00 ][ 24607.000000 ] [ 1187003904 ] [ 15872 18112 ] [ 0 62 192 70 ] [.>.F]
  9452 - [ 4017143c ][ 2.360610 ] [ 1075254332 ] [ 5180 16407 ] [ 60 20 23 64 ] [<..@]
  9453 - [ 4686889a ][ 17220.300781 ] [ 1183221914 ] [ 34970 18054 ] [ 154 136 134 70 ] [...F]
  9454 - [ 3f800000 ][ 1.000000 ] [ 1065353216 ] [ 0 16256 ] [ 0 0 128 63 ] [...?]
  9455 - [ 46c03e00 ][ 24607.000000 ] [ 1187003904 ] [ 15872 18112 ] [ 0 62 192 70 ] [.>.F]
  9456 - [ c4d4e2b8 ][ -1703.084961 ] [ 3302286008 ] [ 58040 50388 ] [ 184 226 212 196 ] [....]
  9457 - [ 4686889a ][ 17220.300781 ] [ 1183221914 ] [ 34970 18054 ] [ 154 136 134 70 ] [...F]
  9458 - [ 3f800000 ][ 1.000000 ] [ 1065353216 ] [ 0 16256 ] [ 0 0 128 63 ] [...?]
  9459 - [ 00000101 ][ 0.000000 ] [ 257 ] [ 257 0 ] [ 1 1 0 0 ] [....]
  9460 - [ 00000004 ][ 0.000000 ] [ 4 ] [ 4 0 ] [ 4 0 0 0 ] [....]
  9461 - [ 00000001 ][ 0.000000 ] [ 1 ] [ 1 0 ] [ 1 0 0 0 ] [....]
  9462 - [ 00000000 ][ 0.000000 ] [ 0 ] [ 0 0 ] [ 0 0 0 0 ] [....]
  9463 - [ 46c03e00 ][ 24607.000000 ] [ 1187003904 ] [ 15872 18112 ] [ 0 62 192 70 ] [.>.F]
  9464 - [ c4d4e2b8 ][ -1703.084961 ] [ 3302286008 ] [ 58040 50388 ] [ 184 226 212 196 ] [....]
  9465 - [ 4686889a ][ 17220.300781 ] [ 1183221914 ] [ 34970 18054 ] [ 154 136 134 70 ] [...F]
  9466 - [ 3f800000 ][ 1.000000 ] [ 1065353216 ] [ 0 16256 ] [ 0 0 128 63 ] [...?]
  9467 - [ 46c03e00 ][ 24607.000000 ] [ 1187003904 ] [ 15872 18112 ] [ 0 62 192 70 ] [.>.F]
  9468 - [ 4017143c ][ 2.360610 ] [ 1075254332 ] [ 5180 16407 ] [ 60 20 23 64 ] [<..@]
  9469 - [ 4686889a ][ 17220.300781 ] [ 1183221914 ] [ 34970 18054 ] [ 154 136 134 70 ] [...F]
  9470 - [ 3f800000 ][ 1.000000 ] [ 1065353216 ] [ 0 16256 ] [ 0 0 128 63 ] [...?]
  9471 - [ 46c22100 ][ 24848.500000 ] [ 1187127552 ] [ 8448 18114 ] [ 0 33 194 70 ] [.!.F]
  9472 - [ 4017143c ][ 2.360610 ] [ 1075254332 ] [ 5180 16407 ] [ 60 20 23 64 ] [<..@]
  9473 - [ 4686e000 ][ 17264.000000 ] [ 1183244288 ] [ 57344 18054 ] [ 0 224 134 70 ] [...F]
  9474 - [ 3f800000 ][ 1.000000 ] [ 1065353216 ] [ 0 16256 ] [ 0 0 128 63 ] [...?]
  9475 - [ 46c22100 ][ 24848.500000 ] [ 1187127552 ] [ 8448 18114 ] [ 0 33 194 70 ] [.!.F]
  9476 - [ c4d4e2b8 ][ -1703.084961 ] [ 3302286008 ] [ 58040 50388 ] [ 184 226 212 196 ] [....]
  9477 - [ 4686e000 ][ 17264.000000 ] [ 1183244288 ] [ 57344 18054 ] [ 0 224 134 70 ] [...F]
  9478 - [ 3f800000 ][ 1.000000 ] [ 1065353216 ] [ 0 16256 ] [ 0 0 128 63 ] [...?]
  9479 - [ 00000101 ][ 0.000000 ] [ 257 ] [ 257 0 ] [ 1 1 0 0 ] [....]
  9480 - [ 00000004 ][ 0.000000 ] [ 4 ] [ 4 0 ] [ 4 0 0 0 ] [....]
  9481 - [ 00000001 ][ 0.000000 ] [ 1 ] [ 1 0 ] [ 1 0 0 0 ] [....]
  9482 - [ 00000000 ][ 0.000000 ] [ 0 ] [ 0 0 ] [ 0 0 0 0 ] [....]
  9483 - [ 46bf50cd ][ 24488.400391 ] [ 1186943181 ] [ 20685 18111 ] [ 205 80 191 70 ] [.P.F]
  9484 - [ 401712ae ][ 2.360515 ] [ 1075253934 ] [ 4782 16407 ] [ 174 18 23 64 ] [...@]
  9485 - [ 4683611a ][ 16816.550781 ] [ 1183015194 ] [ 24858 18051 ] [ 26 97 131 70 ] [.a.F]
  9486 - [ 3f800000 ][ 1.000000 ] [ 1065353216 ] [ 0 16256 ] [ 0 0 128 63 ] [...?]
  9487 - [ 46bf50cd ][ 24488.400391 ] [ 1186943181 ] [ 20685 18111 ] [ 205 80 191 70 ] [.P.F]
  9488 - [ c4d4e2b8 ][ -1703.084961 ] [ 3302286008 ] [ 58040 50388 ] [ 184 226 212 196 ] [....]
  9489 - [ 4683611a ][ 16816.550781 ] [ 1183015194 ] [ 24858 18051 ] [ 26 97 131 70 ] [.a.F]
  9490 - [ 3f800000 ][ 1.000000 ] [ 1065353216 ] [ 0 16256 ] [ 0 0 128 63 ] [...?]
  9491 - [ 46c03e00 ][ 24607.000000 ] [ 1187003904 ] [ 15872 18112 ] [ 0 62 192 70 ] [.>.F]
  9492 - [ c4d4e2b8 ][ -1703.084961 ] [ 3302286008 ] [ 58040 50388 ] [ 184 226 212 196 ] [....]
  9493 - [ 468039b3 ][ 16412.849609 ] [ 1182808499 ] [ 14771 18048 ] [ 179 57 128 70 ] [.9.F]
  9494 - [ 3f800000 ][ 1.000000 ] [ 1065353216 ] [ 0 16256 ] [ 0 0 128 63 ] [...?]
  9495 - [ 46c03e00 ][ 24607.000000 ] [ 1187003904 ] [ 15872 18112 ] [ 0 62 192 70 ] [.>.F]
  9496 - [ 401712ae ][ 2.360515 ] [ 1075253934 ] [ 4782 16407 ] [ 174 18 23 64 ] [...@]
  9497 - [ 468039b3 ][ 16412.849609 ] [ 1182808499 ] [ 14771 18048 ] [ 179 57 128 70 ] [.9.F]
  9498 - [ 3f800000 ][ 1.000000 ] [ 1065353216 ] [ 0 16256 ] [ 0 0 128 63 ] [...?]
  9499 - [ 00000101 ][ 0.000000 ] [ 257 ] [ 257 0 ] [ 1 1 0 0 ] [....]
  9500 - [ 00000004 ][ 0.000000 ] [ 4 ] [ 4 0 ] [ 4 0 0 0 ] [....]
  9501 - [ 00000001 ][ 0.000000 ] [ 1 ] [ 1 0 ] [ 1 0 0 0 ] [....]
  9502 - [ 00000000 ][ 0.000000 ] [ 0 ] [ 0 0 ] [ 0 0 0 0 ] [....]
  9503 - [ 46c22100 ][ 24848.500000 ] [ 1187127552 ] [ 8448 18114 ] [ 0 33 194 70 ] [.!.F]
  9504 - [ c4d4e2b8 ][ -1703.084961 ] [ 3302286008 ] [ 58040 50388 ] [ 184 226 212 196 ] [....]
  9505 - [ 467fdd9a ][ 16375.400391 ] [ 1182784922 ] [ 56730 18047 ] [ 154 221 127 70 ] [...F]
  9506 - [ 3f800000 ][ 1.000000 ] [ 1065353216 ] [ 0 16256 ] [ 0 0 128 63 ] [...?]
  9507 - [ 46c22100 ][ 24848.500000 ] [ 1187127552 ] [ 8448 18114 ] [ 0 33 194 70 ] [.!.F]
  9508 - [ 401712ae ][ 2.360515 ] [ 1075253934 ] [ 4782 16407 ] [ 174 18 23 64 ] [...@]
  9509 - [ 467fdd9a ][ 16375.400391 ] [ 1182784922 ] [ 56730 18047 ] [ 154 221 127 70 ] [...F]
  9510 - [ 3f800000 ][ 1.000000 ] [ 1065353216 ] [ 0 16256 ] [ 0 0 128 63 ] [...?]
  9511 - [ 46c03e00 ][ 24607.000000 ] [ 1187003904 ] [ 15872 18112 ] [ 0 62 192 70 ] [.>.F]
  9512 - [ 401712ae ][ 2.360515 ] [ 1075253934 ] [ 4782 16407 ] [ 174 18 23 64 ] [...@]
  9513 - [ 468039b3 ][ 16412.849609 ] [ 1182808499 ] [ 14771 18048 ] [ 179 57 128 70 ] [.9.F]
  9514 - [ 3f800000 ][ 1.000000 ] [ 1065353216 ] [ 0 16256 ] [ 0 0 128 63 ] [...?]
  9515 - [ 46c03e00 ][ 24607.000000 ] [ 1187003904 ] [ 15872 18112 ] [ 0 62 192 70 ] [.>.F]
  9516 - [ c4d4e2b8 ][ -1703.084961 ] [ 3302286008 ] [ 58040 50388 ] [ 184 226 212 196 ] [....]
  9517 - [ 468039b3 ][ 16412.849609 ] [ 1182808499 ] [ 14771 18048 ] [ 179 57 128 70 ] [.9.F]
  9518 - [ 3f800000 ][ 1.000000 ] [ 1065353216 ] [ 0 16256 ] [ 0 0 128 63 ] [...?]
  9519 - [ 00000101 ][ 0.000000 ] [ 257 ] [ 257 0 ] [ 1 1 0 0 ] [....]
  9520 - [ 00000004 ][ 0.000000 ] [ 4 ] [ 4 0 ] [ 4 0 0 0 ] [....]
  9521 - [ 00000080 ][ 0.000000 ] [ 128 ] [ 128 0 ] [ 128 0 0 0 ] [....]
  9522 - [ 00000000 ][ 0.000000 ] [ 0 ] [ 0 0 ] [ 0 0 0 0 ] [....]
  9523 - [ 46cc0a00 ][ 26117.000000 ] [ 1187777024 ] [ 2560 18124 ] [ 0 10 204 70 ] [...F]
  9524 - [ c48b57ae ][ -1114.739990 ] [ 3297466286 ] [ 22446 50315 ] [ 174 87 139 196 ] [.W..]
  9525 - [ 46b0d09a ][ 22632.300781 ] [ 1185992858 ] [ 53402 18096 ] [ 154 208 176 70 ] [...F]
  9526 - [ 3f800000 ][ 1.000000 ] [ 1065353216 ] [ 0 16256 ] [ 0 0 128 63 ] [...?]
  9527 - [ 46cb8880 ][ 26052.250000 ] [ 1187743872 ] [ 34944 18123 ] [ 128 136 203 70 ] [...F]
  9528 - [ c41510f6 ][ -596.265015 ] [ 3289714934 ] [ 4342 50197 ] [ 246 16 21 196 ] [....]
  9529 - [ 46afff33 ][ 22527.599609 ] [ 1185939251 ] [ 65331 18095 ] [ 51 255 175 70 ] [3..F]
  9530 - [ 3f800000 ][ 1.000000 ] [ 1065353216 ] [ 0 16256 ] [ 0 0 128 63 ] [...?]
  9531 - [ 46cb5ce6 ][ 26030.449219 ] [ 1187732710 ] [ 23782 18123 ] [ 230 92 203 70 ] [.\.F]
  9532 - [ c416c429 ][ -603.065002 ] [ 3289826345 ] [ 50217 50198 ] [ 41 196 22 196 ] [)...]
  9533 - [ 46afd6cd ][ 22507.400391 ] [ 1185928909 ] [ 54989 18095 ] [ 205 214 175 70 ] [...F]
  9534 - [ 3f800000 ][ 1.000000 ] [ 1065353216 ] [ 0 16256 ] [ 0 0 128 63 ] [...?]
  9535 - [ 46cbde4d ][ 26095.150391 ] [ 1187765837 ] [ 56909 18123 ] [ 77 222 203 70 ] [M..F]
  9536 - [ c48c3171 ][ -1121.545044 ] [ 3297522033 ] [ 12657 50316 ] [ 113 49 140 196 ] [q1..]
  9537 - [ 46b0a84d ][ 22612.150391 ] [ 1185982541 ] [ 43085 18096 ] [ 77 168 176 70 ] [M..F]
  9538 - [ 3f800000 ][ 1.000000 ] [ 1065353216 ] [ 0 16256 ] [ 0 0 128 63 ] [...?]
  9539 - [ 00000101 ][ 0.000000 ] [ 257 ] [ 257 0 ] [ 1 1 0 0 ] [....]
  9540 - [ 00000004 ][ 0.000000 ] [ 4 ] [ 4 0 ] [ 4 0 0 0 ] [....]
  9541 - [ 00000080 ][ 0.000000 ] [ 128 ] [ 128 0 ] [ 128 0 0 0 ] [....]
  9542 - [ 00000000 ][ 0.000000 ] [ 0 ] [ 0 0 ] [ 0 0 0 0 ] [....]
  9543 - [ 46cb5ce6 ][ 26030.449219 ] [ 1187732710 ] [ 23782 18123 ] [ 230 92 203 70 ] [.\.F]
  9544 - [ c416c429 ][ -603.065002 ] [ 3289826345 ] [ 50217 50198 ] [ 41 196 22 196 ] [)...]
  9545 - [ 46afd6cd ][ 22507.400391 ] [ 1185928909 ] [ 54989 18095 ] [ 205 214 175 70 ] [...F]
  9546 - [ 3f800000 ][ 1.000000 ] [ 1065353216 ] [ 0 16256 ] [ 0 0 128 63 ] [...?]
  9547 - [ 46ca7ecd ][ 25919.400391 ] [ 1187675853 ] [ 32461 18122 ] [ 205 126 202 70 ] [.~.F]
  9548 - [ c4149666 ][ -594.349976 ] [ 3289683558 ] [ 38502 50196 ] [ 102 150 20 196 ] [f...]
  9549 - [ 46b0bf66 ][ 22623.699219 ] [ 1185988454 ] [ 48998 18096 ] [ 102 191 176 70 ] [f..F]
  9550 - [ 3f800000 ][ 1.000000 ] [ 1065353216 ] [ 0 16256 ] [ 0 0 128 63 ] [...?]
  9551 - [ 46cb004d ][ 25984.150391 ] [ 1187709005 ] [ 77 18123 ] [ 77 0 203 70 ] [M..F]
  9552 - [ c48b1a8f ][ -1112.829956 ] [ 3297450639 ] [ 6799 50315 ] [ 143 26 139 196 ] [....]
  9553 - [ 46b190cd ][ 22728.400391 ] [ 1186042061 ] [ 37069 18097 ] [ 205 144 177 70 ] [...F]
  9554 - [ 3f800000 ][ 1.000000 ] [ 1065353216 ] [ 0 16256 ] [ 0 0 128 63 ] [...?]
  9555 - [ 46cbde4d ][ 26095.150391 ] [ 1187765837 ] [ 56909 18123 ] [ 77 222 203 70 ] [M..F]
  9556 - [ c48c3171 ][ -1121.545044 ] [ 3297522033 ] [ 12657 50316 ] [ 113 49 140 196 ] [q1..]
  9557 - [ 46b0a84d ][ 22612.150391 ] [ 1185982541 ] [ 43085 18096 ] [ 77 168 176 70 ] [M..F]
  9558 - [ 3f800000 ][ 1.000000 ] [ 1065353216 ] [ 0 16256 ] [ 0 0 128 63 ] [...?]
  9559 - [ 00000101 ][ 0.000000 ] [ 257 ] [ 257 0 ] [ 1 1 0 0 ] [....]
  9560 - [ 00000004 ][ 0.000000 ] [ 4 ] [ 4 0 ] [ 4 0 0 0 ] [....]
  9561 - [ 00000080 ][ 0.000000 ] [ 128 ] [ 128 0 ] [ 128 0 0 0 ] [....]
  9562 - [ 00000000 ][ 0.000000 ] [ 0 ] [ 0 0 ] [ 0 0 0 0 ] [....]
  9563 - [ 46cbde4d ][ 26095.150391 ] [ 1187765837 ] [ 56909 18123 ] [ 77 222 203 70 ] [M..F]
  9564 - [ c48c3171 ][ -1121.545044 ] [ 3297522033 ] [ 12657 50316 ] [ 113 49 140 196 ] [q1..]
  9565 - [ 46b0a84d ][ 22612.150391 ] [ 1185982541 ] [ 43085 18096 ] [ 77 168 176 70 ] [M..F]
  9566 - [ 3f800000 ][ 1.000000 ] [ 1065353216 ] [ 0 16256 ] [ 0 0 128 63 ] [...?]
  9567 - [ 46cb004d ][ 25984.150391 ] [ 1187709005 ] [ 77 18123 ] [ 77 0 203 70 ] [M..F]
  9568 - [ c48b1a8f ][ -1112.829956 ] [ 3297450639 ] [ 6799 50315 ] [ 143 26 139 196 ] [....]
  9569 - [ 46b190cd ][ 22728.400391 ] [ 1186042061 ] [ 37069 18097 ] [ 205 144 177 70 ] [...F]
  9570 - [ 3f800000 ][ 1.000000 ] [ 1065353216 ] [ 0 16256 ] [ 0 0 128 63 ] [...?]
  9571 - [ 46cb2c00 ][ 26006.000000 ] [ 1187720192 ] [ 11264 18123 ] [ 0 44 203 70 ] [.,.F]
  9572 - [ c48a40cd ][ -1106.025024 ] [ 3297394893 ] [ 16589 50314 ] [ 205 64 138 196 ] [.@..]
  9573 - [ 46b1b933 ][ 22748.599609 ] [ 1186052403 ] [ 47411 18097 ] [ 51 185 177 70 ] [3..F]
  9574 - [ 3f800000 ][ 1.000000 ] [ 1065353216 ] [ 0 16256 ] [ 0 0 128 63 ] [...?]
  9575 - [ 46cc0a00 ][ 26117.000000 ] [ 1187777024 ] [ 2560 18124 ] [ 0 10 204 70 ] [...F]
  9576 - [ c48b57ae ][ -1114.739990 ] [ 3297466286 ] [ 22446 50315 ] [ 174 87 139 196 ] [.W..]
  9577 - [ 46b0d09a ][ 22632.300781 ] [ 1185992858 ] [ 53402 18096 ] [ 154 208 176 70 ] [...F]
  9578 - [ 3f800000 ][ 1.000000 ] [ 1065353216 ] [ 0 16256 ] [ 0 0 128 63 ] [...?]
  9579 - [ 00000101 ][ 0.000000 ] [ 257 ] [ 257 0 ] [ 1 1 0 0 ] [....]
  9580 - [ 00000004 ][ 0.000000 ] [ 4 ] [ 4 0 ] [ 4 0 0 0 ] [....]
  9581 - [ 00000001 ][ 0.000000 ] [ 1 ] [ 1 0 ] [ 1 0 0 0 ] [....]
  9582 - [ 00000000 ][ 0.000000 ] [ 0 ] [ 0 0 ] [ 0 0 0 0 ] [....]
  9583 - [ 46c9accd ][ 25814.400391 ] [ 1187622093 ] [ 44237 18121 ] [ 205 172 201 70 ] [...F]
  9584 - [ c1126d29 ][ -9.151650 ] [ 3239210281 ] [ 27945 49426 ] [ 41 109 18 193 ] [)m..]
  9585 - [ 46be7de6 ][ 24382.949219 ] [ 1186889190 ] [ 32230 18110 ] [ 230 125 190 70 ] [.}.F]
  9586 - [ 3f800000 ][ 1.000000 ] [ 1065353216 ] [ 0 16256 ] [ 0 0 128 63 ] [...?]
  9587 - [ 46c9accd ][ 25814.400391 ] [ 1187622093 ] [ 44237 18121 ] [ 205 172 201 70 ] [...F]
  9588 - [ c4cc4f85 ][ -1634.484985 ] [ 3301724037 ] [ 20357 50380 ] [ 133 79 204 196 ] [.O..]
  9589 - [ 46be7de6 ][ 24382.949219 ] [ 1186889190 ] [ 32230 18110 ] [ 230 125 190 70 ] [.}.F]
  9590 - [ 3f800000 ][ 1.000000 ] [ 1065353216 ] [ 0 16256 ] [ 0 0 128 63 ] [...?]
  9591 - [ 46c9c71a ][ 25827.550781 ] [ 1187628826 ] [ 50970 18121 ] [ 26 199 201 70 ] [...F]
  9592 - [ c4cc4fae ][ -1634.489990 ] [ 3301724078 ] [ 20398 50380 ] [ 174 79 204 196 ] [.O..]
  9593 - [ 46b3239a ][ 22929.800781 ] [ 1186145178 ] [ 9114 18099 ] [ 154 35 179 70 ] [.#.F]
  9594 - [ 3f800000 ][ 1.000000 ] [ 1065353216 ] [ 0 16256 ] [ 0 0 128 63 ] [...?]
  9595 - [ 46c9c71a ][ 25827.550781 ] [ 1187628826 ] [ 50970 18121 ] [ 26 199 201 70 ] [...F]
  9596 - [ c1126e98 ][ -9.152000 ] [ 3239210648 ] [ 28312 49426 ] [ 152 110 18 193 ] [.n..]
  9597 - [ 46b3239a ][ 22929.800781 ] [ 1186145178 ] [ 9114 18099 ] [ 154 35 179 70 ] [.#.F]
  9598 - [ 3f800000 ][ 1.000000 ] [ 1065353216 ] [ 0 16256 ] [ 0 0 128 63 ] [...?]
  9599 - [ 00000101 ][ 0.000000 ] [ 257 ] [ 257 0 ] [ 1 1 0 0 ] [....]
  9600 - [ 00000004 ][ 0.000000 ] [ 4 ] [ 4 0 ] [ 4 0 0 0 ] [....]
  9601 - [ 00000080 ][ 0.000000 ] [ 128 ] [ 128 0 ] [ 128 0 0 0 ] [....]
  9602 - [ 00000000 ][ 0.000000 ] [ 0 ] [ 0 0 ] [ 0 0 0 0 ] [....]
  9603 - [ 466e8acd ][ 15266.700195 ] [ 1181649613 ] [ 35533 18030 ] [ 205 138 110 70 ] [..nF]
  9604 - [ 4134123a ][ 11.254450 ] [ 1093931578 ] [ 4666 16692 ] [ 58 18 52 65 ] [:.4A]
  9605 - [ 469601b3 ][ 19200.849609 ] [ 1184235955 ] [ 435 18070 ] [ 179 1 150 70 ] [...F]
  9606 - [ 3f800000 ][ 1.000000 ] [ 1065353216 ] [ 0 16256 ] [ 0 0 128 63 ] [...?]
  9607 - [ 466e8acd ][ 15266.700195 ] [ 1181649613 ] [ 35533 18030 ] [ 205 138 110 70 ] [..nF]
  9608 - [ c4ca7785 ][ -1619.734985 ] [ 3301603205 ] [ 30597 50378 ] [ 133 119 202 196 ] [.w..]
  9609 - [ 469601b3 ][ 19200.849609 ] [ 1184235955 ] [ 435 18070 ] [ 179 1 150 70 ] [...F]
  9610 - [ 3f800000 ][ 1.000000 ] [ 1065353216 ] [ 0 16256 ] [ 0 0 128 63 ] [...?]
  9611 - [ 466e8acd ][ 15266.700195 ] [ 1181649613 ] [ 35533 18030 ] [ 205 138 110 70 ] [..nF]
  9612 - [ c4ca7785 ][ -1619.734985 ] [ 3301603205 ] [ 30597 50378 ] [ 133 119 202 196 ] [.w..]
  9613 - [ 46a1ea33 ][ 20725.099609 ] [ 1185016371 ] [ 59955 18081 ] [ 51 234 161 70 ] [3..F]
  9614 - [ 3f800000 ][ 1.000000 ] [ 1065353216 ] [ 0 16256 ] [ 0 0 128 63 ] [...?]
  9615 - [ 466e8acd ][ 15266.700195 ] [ 1181649613 ] [ 35533 18030 ] [ 205 138 110 70 ] [..nF]
  9616 - [ 413413de ][ 11.254850 ] [ 1093931998 ] [ 5086 16692 ] [ 222 19 52 65 ] [..4A]
  9617 - [ 46a1ea33 ][ 20725.099609 ] [ 1185016371 ] [ 59955 18081 ] [ 51 234 161 70 ] [3..F]
  9618 - [ 3f800000 ][ 1.000000 ] [ 1065353216 ] [ 0 16256 ] [ 0 0 128 63 ] [...?]
  9619 - [ 00000101 ][ 0.000000 ] [ 257 ] [ 257 0 ] [ 1 1 0 0 ] [....]
  9620 - [ 00000004 ][ 0.000000 ] [ 4 ] [ 4 0 ] [ 4 0 0 0 ] [....]
  9621 - [ 00000001 ][ 0.000000 ] [ 1 ] [ 1 0 ] [ 1 0 0 0 ] [....]
  9622 - [ 00000000 ][ 0.000000 ] [ 0 ] [ 0 0 ] [ 0 0 0 0 ] [....]
  9623 - [ 46ccb4cd ][ 26202.400391 ] [ 1187820749 ] [ 46285 18124 ] [ 205 180 204 70 ] [...F]
  9624 - [ 40940c35 ][ 4.626490 ] [ 1083444277 ] [ 3125 16532 ] [ 53 12 148 64 ] [5..@]
  9625 - [ 46ac889a ][ 22084.300781 ] [ 1185712282 ] [ 34970 18092 ] [ 154 136 172 70 ] [...F]
  9626 - [ 3f800000 ][ 1.000000 ] [ 1065353216 ] [ 0 16256 ] [ 0 0 128 63 ] [...?]
  9627 - [ 46ccb4cd ][ 26202.400391 ] [ 1187820749 ] [ 46285 18124 ] [ 205 180 204 70 ] [...F]
  9628 - [ c4ce4429 ][ -1650.130005 ] [ 3301852201 ] [ 17449 50382 ] [ 41 68 206 196 ] [)D..]
  9629 - [ 46ac889a ][ 22084.300781 ] [ 1185712282 ] [ 34970 18092 ] [ 154 136 172 70 ] [...F]
  9630 - [ 3f800000 ][ 1.000000 ] [ 1065353216 ] [ 0 16256 ] [ 0 0 128 63 ] [...?]
  9631 - [ 46d0e84d ][ 26740.150391 ] [ 1188096077 ] [ 59469 18128 ] [ 77 232 208 70 ] [M..F]
  9632 - [ c4ce4429 ][ -1650.130005 ] [ 3301852201 ] [ 17449 50382 ] [ 41 68 206 196 ] [)D..]
  9633 - [ 46a1fc66 ][ 20734.199219 ] [ 1185021030 ] [ 64614 18081 ] [ 102 252 161 70 ] [f..F]
  9634 - [ 3f800000 ][ 1.000000 ] [ 1065353216 ] [ 0 16256 ] [ 0 0 128 63 ] [...?]
  9635 - [ 46d0e84d ][ 26740.150391 ] [ 1188096077 ] [ 59469 18128 ] [ 77 232 208 70 ] [M..F]
  9636 - [ 409409df ][ 4.626205 ] [ 1083443679 ] [ 2527 16532 ] [ 223 9 148 64 ] [...@]
  9637 - [ 46a1fc66 ][ 20734.199219 ] [ 1185021030 ] [ 64614 18081 ] [ 102 252 161 70 ] [f..F]
  9638 - [ 3f800000 ][ 1.000000 ] [ 1065353216 ] [ 0 16256 ] [ 0 0 128 63 ] [...?]
  9639 - [ 00000101 ][ 0.000000 ] [ 257 ] [ 257 0 ] [ 1 1 0 0 ] [....]
  9640 - [ 00000004 ][ 0.000000 ] [ 4 ] [ 4 0 ] [ 4 0 0 0 ] [....]
  9641 - [ 00000020 ][ 0.000000 ] [ 32 ] [ 32 0 ] [ 32 0 0 0 ] [....]
  9642 - [ 00000000 ][ 0.000000 ] [ 0 ] [ 0 0 ] [ 0 0 0 0 ] [....]
  9643 - [ 46bf9c00 ][ 24526.000000 ] [ 1186962432 ] [ 39936 18111 ] [ 0 156 191 70 ] [...F]
  9644 - [ c475c800 ][ -983.125000 ] [ 3296053248 ] [ 51200 50293 ] [ 0 200 117 196 ] [..u.]
  9645 - [ 468e9e80 ][ 18255.250000 ] [ 1183751808 ] [ 40576 18062 ] [ 128 158 142 70 ] [...F]
  9646 - [ 3f800000 ][ 1.000000 ] [ 1065353216 ] [ 0 16256 ] [ 0 0 128 63 ] [...?]
  9647 - [ 46bf9c00 ][ 24526.000000 ] [ 1186962432 ] [ 39936 18111 ] [ 0 156 191 70 ] [...F]
  9648 - [ c4a335ec ][ -1305.685059 ] [ 3299030508 ] [ 13804 50339 ] [ 236 53 163 196 ] [.5..]
  9649 - [ 468e9e80 ][ 18255.250000 ] [ 1183751808 ] [ 40576 18062 ] [ 128 158 142 70 ] [...F]
  9650 - [ 3f800000 ][ 1.000000 ] [ 1065353216 ] [ 0 16256 ] [ 0 0 128 63 ] [...?]
  9651 - [ 46bf9c00 ][ 24526.000000 ] [ 1186962432 ] [ 39936 18111 ] [ 0 156 191 70 ] [...F]
  9652 - [ c4a335ec ][ -1305.685059 ] [ 3299030508 ] [ 13804 50339 ] [ 236 53 163 196 ] [.5..]
  9653 - [ 468dd680 ][ 18155.250000 ] [ 1183700608 ] [ 54912 18061 ] [ 128 214 141 70 ] [...F]
  9654 - [ 3f800000 ][ 1.000000 ] [ 1065353216 ] [ 0 16256 ] [ 0 0 128 63 ] [...?]
  9655 - [ 46bf9c00 ][ 24526.000000 ] [ 1186962432 ] [ 39936 18111 ] [ 0 156 191 70 ] [...F]
  9656 - [ c475c800 ][ -983.125000 ] [ 3296053248 ] [ 51200 50293 ] [ 0 200 117 196 ] [..u.]
  9657 - [ 468dd680 ][ 18155.250000 ] [ 1183700608 ] [ 54912 18061 ] [ 128 214 141 70 ] [...F]
  9658 - [ 3f800000 ][ 1.000000 ] [ 1065353216 ] [ 0 16256 ] [ 0 0 128 63 ] [...?]
  9659 - [ 00000101 ][ 0.000000 ] [ 257 ] [ 257 0 ] [ 1 1 0 0 ] [....]
  9660 - [ 00000004 ][ 0.000000 ] [ 4 ] [ 4 0 ] [ 4 0 0 0 ] [....]
  9661 - [ 00000020 ][ 0.000000 ] [ 32 ] [ 32 0 ] [ 32 0 0 0 ] [....]
  9662 - [ 00000000 ][ 0.000000 ] [ 0 ] [ 0 0 ] [ 0 0 0 0 ] [....]
  9663 - [ 46bf9c00 ][ 24526.000000 ] [ 1186962432 ] [ 39936 18111 ] [ 0 156 191 70 ] [...F]
  9664 - [ c475c800 ][ -983.125000 ] [ 3296053248 ] [ 51200 50293 ] [ 0 200 117 196 ] [..u.]
  9665 - [ 468dd680 ][ 18155.250000 ] [ 1183700608 ] [ 54912 18061 ] [ 128 214 141 70 ] [...F]
  9666 - [ 3f800000 ][ 1.000000 ] [ 1065353216 ] [ 0 16256 ] [ 0 0 128 63 ] [...?]
  9667 - [ 46bf9c00 ][ 24526.000000 ] [ 1186962432 ] [ 39936 18111 ] [ 0 156 191 70 ] [...F]
  9668 - [ c4a335ec ][ -1305.685059 ] [ 3299030508 ] [ 13804 50339 ] [ 236 53 163 196 ] [.5..]
  9669 - [ 468dd680 ][ 18155.250000 ] [ 1183700608 ] [ 54912 18061 ] [ 128 214 141 70 ] [...F]
  9670 - [ 3f800000 ][ 1.000000 ] [ 1065353216 ] [ 0 16256 ] [ 0 0 128 63 ] [...?]
  9671 - [ 46c06400 ][ 24626.000000 ] [ 1187013632 ] [ 25600 18112 ] [ 0 100 192 70 ] [.d.F]
  9672 - [ c4a335ec ][ -1305.685059 ] [ 3299030508 ] [ 13804 50339 ] [ 236 53 163 196 ] [.5..]
  9673 - [ 468dd680 ][ 18155.250000 ] [ 1183700608 ] [ 54912 18061 ] [ 128 214 141 70 ] [...F]
  9674 - [ 3f800000 ][ 1.000000 ] [ 1065353216 ] [ 0 16256 ] [ 0 0 128 63 ] [...?]
  9675 - [ 46c06400 ][ 24626.000000 ] [ 1187013632 ] [ 25600 18112 ] [ 0 100 192 70 ] [.d.F]
  9676 - [ c475c800 ][ -983.125000 ] [ 3296053248 ] [ 51200 50293 ] [ 0 200 117 196 ] [..u.]
  9677 - [ 468dd680 ][ 18155.250000 ] [ 1183700608 ] [ 54912 18061 ] [ 128 214 141 70 ] [...F]
  9678 - [ 3f800000 ][ 1.000000 ] [ 1065353216 ] [ 0 16256 ] [ 0 0 128 63 ] [...?]
  9679 - [ 00000101 ][ 0.000000 ] [ 257 ] [ 257 0 ] [ 1 1 0 0 ] [....]
  9680 - [ 00000004 ][ 0.000000 ] [ 4 ] [ 4 0 ] [ 4 0 0 0 ] [....]
  9681 - [ 00000020 ][ 0.000000 ] [ 32 ] [ 32 0 ] [ 32 0 0 0 ] [....]
  9682 - [ 00000000 ][ 0.000000 ] [ 0 ] [ 0 0 ] [ 0 0 0 0 ] [....]
  9683 - [ 46c06400 ][ 24626.000000 ] [ 1187013632 ] [ 25600 18112 ] [ 0 100 192 70 ] [.d.F]
  9684 - [ c475c800 ][ -983.125000 ] [ 3296053248 ] [ 51200 50293 ] [ 0 200 117 196 ] [..u.]
  9685 - [ 468e9e80 ][ 18255.250000 ] [ 1183751808 ] [ 40576 18062 ] [ 128 158 142 70 ] [...F]
  9686 - [ 3f800000 ][ 1.000000 ] [ 1065353216 ] [ 0 16256 ] [ 0 0 128 63 ] [...?]
  9687 - [ 46bf9c00 ][ 24526.000000 ] [ 1186962432 ] [ 39936 18111 ] [ 0 156 191 70 ] [...F]
  9688 - [ c475c800 ][ -983.125000 ] [ 3296053248 ] [ 51200 50293 ] [ 0 200 117 196 ] [..u.]
  9689 - [ 468e9e80 ][ 18255.250000 ] [ 1183751808 ] [ 40576 18062 ] [ 128 158 142 70 ] [...F]
  9690 - [ 3f800000 ][ 1.000000 ] [ 1065353216 ] [ 0 16256 ] [ 0 0 128 63 ] [...?]
  9691 - [ 46bf9c00 ][ 24526.000000 ] [ 1186962432 ] [ 39936 18111 ] [ 0 156 191 70 ] [...F]
  9692 - [ c475c800 ][ -983.125000 ] [ 3296053248 ] [ 51200 50293 ] [ 0 200 117 196 ] [..u.]
  9693 - [ 468dd680 ][ 18155.250000 ] [ 1183700608 ] [ 54912 18061 ] [ 128 214 141 70 ] [...F]
  9694 - [ 3f800000 ][ 1.000000 ] [ 1065353216 ] [ 0 16256 ] [ 0 0 128 63 ] [...?]
  9695 - [ 46c06400 ][ 24626.000000 ] [ 1187013632 ] [ 25600 18112 ] [ 0 100 192 70 ] [.d.F]
  9696 - [ c475c800 ][ -983.125000 ] [ 3296053248 ] [ 51200 50293 ] [ 0 200 117 196 ] [..u.]
  9697 - [ 468dd680 ][ 18155.250000 ] [ 1183700608 ] [ 54912 18061 ] [ 128 214 141 70 ] [...F]
  9698 - [ 3f800000 ][ 1.000000 ] [ 1065353216 ] [ 0 16256 ] [ 0 0 128 63 ] [...?]
  9699 - [ 00000101 ][ 0.000000 ] [ 257 ] [ 257 0 ] [ 1 1 0 0 ] [....]
  9700 - [ 00000004 ][ 0.000000 ] [ 4 ] [ 4 0 ] [ 4 0 0 0 ] [....]
  9701 - [ 00000020 ][ 0.000000 ] [ 32 ] [ 32 0 ] [ 32 0 0 0 ] [....]
  9702 - [ 00000000 ][ 0.000000 ] [ 0 ] [ 0 0 ] [ 0 0 0 0 ] [....]
  9703 - [ 46c06400 ][ 24626.000000 ] [ 1187013632 ] [ 25600 18112 ] [ 0 100 192 70 ] [.d.F]
  9704 - [ c475c800 ][ -983.125000 ] [ 3296053248 ] [ 51200 50293 ] [ 0 200 117 196 ] [..u.]
  9705 - [ 468e9e80 ][ 18255.250000 ] [ 1183751808 ] [ 40576 18062 ] [ 128 158 142 70 ] [...F]
  9706 - [ 3f800000 ][ 1.000000 ] [ 1065353216 ] [ 0 16256 ] [ 0 0 128 63 ] [...?]
  9707 - [ 46c06400 ][ 24626.000000 ] [ 1187013632 ] [ 25600 18112 ] [ 0 100 192 70 ] [.d.F]
  9708 - [ c4a335ec ][ -1305.685059 ] [ 3299030508 ] [ 13804 50339 ] [ 236 53 163 196 ] [.5..]
  9709 - [ 468e9e80 ][ 18255.250000 ] [ 1183751808 ] [ 40576 18062 ] [ 128 158 142 70 ] [...F]
  9710 - [ 3f800000 ][ 1.000000 ] [ 1065353216 ] [ 0 16256 ] [ 0 0 128 63 ] [...?]
  9711 - [ 46bf9c00 ][ 24526.000000 ] [ 1186962432 ] [ 39936 18111 ] [ 0 156 191 70 ] [...F]
  9712 - [ c4a335ec ][ -1305.685059 ] [ 3299030508 ] [ 13804 50339 ] [ 236 53 163 196 ] [.5..]
  9713 - [ 468e9e80 ][ 18255.250000 ] [ 1183751808 ] [ 40576 18062 ] [ 128 158 142 70 ] [...F]
  9714 - [ 3f800000 ][ 1.000000 ] [ 1065353216 ] [ 0 16256 ] [ 0 0 128 63 ] [...?]
  9715 - [ 46bf9c00 ][ 24526.000000 ] [ 1186962432 ] [ 39936 18111 ] [ 0 156 191 70 ] [...F]
  9716 - [ c475c800 ][ -983.125000 ] [ 3296053248 ] [ 51200 50293 ] [ 0 200 117 196 ] [..u.]
  9717 - [ 468e9e80 ][ 18255.250000 ] [ 1183751808 ] [ 40576 18062 ] [ 128 158 142 70 ] [...F]
  9718 - [ 3f800000 ][ 1.000000 ] [ 1065353216 ] [ 0 16256 ] [ 0 0 128 63 ] [...?]
  9719 - [ 00000101 ][ 0.000000 ] [ 257 ] [ 257 0 ] [ 1 1 0 0 ] [....]
  9720 - [ 00000004 ][ 0.000000 ] [ 4 ] [ 4 0 ] [ 4 0 0 0 ] [....]
  9721 - [ 00004000 ][ 0.000000 ] [ 16384 ] [ 16384 0 ] [ 0 64 0 0 ] [.@..]
  9722 - [ 00000000 ][ 0.000000 ] [ 0 ] [ 0 0 ] [ 0 0 0 0 ] [....]
  9723 - [ 46cdb633 ][ 26331.099609 ] [ 1187886643 ] [ 46643 18125 ] [ 51 182 205 70 ] [3..F]
  9724 - [ 439c04cd ][ 312.037506 ] [ 1134298317 ] [ 1229 17308 ] [ 205 4 156 67 ] [...C]
  9725 - [ 46a8a19a ][ 21584.800781 ] [ 1185456538 ] [ 41370 18088 ] [ 154 161 168 70 ] [...F]
  9726 - [ 3f800000 ][ 1.000000 ] [ 1065353216 ] [ 0 16256 ] [ 0 0 128 63 ] [...?]
  9727 - [ 46cdf81a ][ 26364.050781 ] [ 1187903514 ] [ 63514 18125 ] [ 26 248 205 70 ] [...F]
  9728 - [ 431da4bc ][ 157.643494 ] [ 1126016188 ] [ 42172 17181 ] [ 188 164 29 67 ] [...C]
  9729 - [ 46a8d59a ][ 21610.800781 ] [ 1185469850 ] [ 54682 18088 ] [ 154 213 168 70 ] [...F]
  9730 - [ 3f800000 ][ 1.000000 ] [ 1065353216 ] [ 0 16256 ] [ 0 0 128 63 ] [...?]
  9731 - [ 46cdf380 ][ 26361.750000 ] [ 1187902336 ] [ 62336 18125 ] [ 128 243 205 70 ] [...F]
  9732 - [ 4344fc08 ][ 196.984497 ] [ 1128594440 ] [ 64520 17220 ] [ 8 252 68 67 ] [..DC]
  9733 - [ 46aaaf00 ][ 21847.500000 ] [ 1185591040 ] [ 44800 18090 ] [ 0 175 170 70 ] [...F]
  9734 - [ 3f800000 ][ 1.000000 ] [ 1065353216 ] [ 0 16256 ] [ 0 0 128 63 ] [...?]
  9735 - [ 46cdb19a ][ 26328.800781 ] [ 1187885466 ] [ 45466 18125 ] [ 154 177 205 70 ] [...F]
  9736 - [ 43afb083 ][ 351.378998 ] [ 1135587459 ] [ 45187 17327 ] [ 131 176 175 67 ] [...C]
  9737 - [ 46aa7b1a ][ 21821.550781 ] [ 1185577754 ] [ 31514 18090 ] [ 26 123 170 70 ] [.{.F]
  9738 - [ 3f800000 ][ 1.000000 ] [ 1065353216 ] [ 0 16256 ] [ 0 0 128 63 ] [...?]
  9739 - [ 00000101 ][ 0.000000 ] [ 257 ] [ 257 0 ] [ 1 1 0 0 ] [....]
  9740 - [ 00000004 ][ 0.000000 ] [ 4 ] [ 4 0 ] [ 4 0 0 0 ] [....]
  9741 - [ 00004000 ][ 0.000000 ] [ 16384 ] [ 16384 0 ] [ 0 64 0 0 ] [.@..]
  9742 - [ 00000000 ][ 0.000000 ] [ 0 ] [ 0 0 ] [ 0 0 0 0 ] [....]
  9743 - [ 46cdf81a ][ 26364.050781 ] [ 1187903514 ] [ 63514 18125 ] [ 26 248 205 70 ] [...F]
  9744 - [ 431da4bc ][ 157.643494 ] [ 1126016188 ] [ 42172 17181 ] [ 188 164 29 67 ] [...C]
  9745 - [ 46a8d59a ][ 21610.800781 ] [ 1185469850 ] [ 54682 18088 ] [ 154 213 168 70 ] [...F]
  9746 - [ 3f800000 ][ 1.000000 ] [ 1065353216 ] [ 0 16256 ] [ 0 0 128 63 ] [...?]
  9747 - [ 46cb85e6 ][ 26050.949219 ] [ 1187743206 ] [ 34278 18123 ] [ 230 133 203 70 ] [...F]
  9748 - [ 42b82b44 ][ 92.084503 ] [ 1119365956 ] [ 11076 17080 ] [ 68 43 184 66 ] [D+.B]
  9749 - [ 46a8e54d ][ 21618.650391 ] [ 1185473869 ] [ 58701 18088 ] [ 77 229 168 70 ] [M..F]
  9750 - [ 3f800000 ][ 1.000000 ] [ 1065353216 ] [ 0 16256 ] [ 0 0 128 63 ] [...?]
  9751 - [ 46cb814d ][ 26048.650391 ] [ 1187742029 ] [ 33101 18123 ] [ 77 129 203 70 ] [M..F]
  9752 - [ 43036d0e ][ 131.425995 ] [ 1124297998 ] [ 27918 17155 ] [ 14 109 3 67 ] [.m.C]
  9753 - [ 46aabecd ][ 21855.400391 ] [ 1185595085 ] [ 48845 18090 ] [ 205 190 170 70 ] [...F]
  9754 - [ 3f800000 ][ 1.000000 ] [ 1065353216 ] [ 0 16256 ] [ 0 0 128 63 ] [...?]
  9755 - [ 46cdf380 ][ 26361.750000 ] [ 1187902336 ] [ 62336 18125 ] [ 128 243 205 70 ] [...F]
  9756 - [ 4344fc08 ][ 196.984497 ] [ 1128594440 ] [ 64520 17220 ] [ 8 252 68 67 ] [..DC]
  9757 - [ 46aaaf00 ][ 21847.500000 ] [ 1185591040 ] [ 44800 18090 ] [ 0 175 170 70 ] [...F]
  9758 - [ 3f800000 ][ 1.000000 ] [ 1065353216 ] [ 0 16256 ] [ 0 0 128 63 ] [...?]
  9759 - [ 00000101 ][ 0.000000 ] [ 257 ] [ 257 0 ] [ 1 1 0 0 ] [....]
  9760 - [ 00000004 ][ 0.000000 ] [ 4 ] [ 4 0 ] [ 4 0 0 0 ] [....]
  9761 - [ 00004000 ][ 0.000000 ] [ 16384 ] [ 16384 0 ] [ 0 64 0 0 ] [.@..]
  9762 - [ 00000000 ][ 0.000000 ] [ 0 ] [ 0 0 ] [ 0 0 0 0 ] [....]
  9763 - [ 46cb3f4d ][ 26015.650391 ] [ 1187725133 ] [ 16205 18123 ] [ 77 63 203 70 ] [M?.F]
  9764 - [ 438ee8f6 ][ 285.820007 ] [ 1133439222 ] [ 59638 17294 ] [ 246 232 142 67 ] [...C]
  9765 - [ 46aa8acd ][ 21829.400391 ] [ 1185581773 ] [ 35533 18090 ] [ 205 138 170 70 ] [...F]
  9766 - [ 3f800000 ][ 1.000000 ] [ 1065353216 ] [ 0 16256 ] [ 0 0 128 63 ] [...?]
  9767 - [ 46cb814d ][ 26048.650391 ] [ 1187742029 ] [ 33101 18123 ] [ 77 129 203 70 ] [M..F]
  9768 - [ 43036d0e ][ 131.425995 ] [ 1124297998 ] [ 27918 17155 ] [ 14 109 3 67 ] [.m.C]
  9769 - [ 46aabecd ][ 21855.400391 ] [ 1185595085 ] [ 48845 18090 ] [ 205 190 170 70 ] [...F]
  9770 - [ 3f800000 ][ 1.000000 ] [ 1065353216 ] [ 0 16256 ] [ 0 0 128 63 ] [...?]
  9771 - [ 46cb85e6 ][ 26050.949219 ] [ 1187743206 ] [ 34278 18123 ] [ 230 133 203 70 ] [...F]
  9772 - [ 42b82b44 ][ 92.084503 ] [ 1119365956 ] [ 11076 17080 ] [ 68 43 184 66 ] [D+.B]
  9773 - [ 46a8e54d ][ 21618.650391 ] [ 1185473869 ] [ 58701 18088 ] [ 77 229 168 70 ] [M..F]
  9774 - [ 3f800000 ][ 1.000000 ] [ 1065353216 ] [ 0 16256 ] [ 0 0 128 63 ] [...?]
  9775 - [ 46cb43e6 ][ 26017.949219 ] [ 1187726310 ] [ 17382 18123 ] [ 230 67 203 70 ] [.C.F]
  9776 - [ 43767aa0 ][ 246.479004 ] [ 1131838112 ] [ 31392 17270 ] [ 160 122 118 67 ] [.zvC]
  9777 - [ 46a8b14d ][ 21592.650391 ] [ 1185460557 ] [ 45389 18088 ] [ 77 177 168 70 ] [M..F]
  9778 - [ 3f800000 ][ 1.000000 ] [ 1065353216 ] [ 0 16256 ] [ 0 0 128 63 ] [...?]
  9779 - [ 00000101 ][ 0.000000 ] [ 257 ] [ 257 0 ] [ 1 1 0 0 ] [....]
  9780 - [ 00000004 ][ 0.000000 ] [ 4 ] [ 4 0 ] [ 4 0 0 0 ] [....]
  9781 - [ 00004000 ][ 0.000000 ] [ 16384 ] [ 16384 0 ] [ 0 64 0 0 ] [.@..]
  9782 - [ 00000000 ][ 0.000000 ] [ 0 ] [ 0 0 ] [ 0 0 0 0 ] [....]
  9783 - [ 46cb43e6 ][ 26017.949219 ] [ 1187726310 ] [ 17382 18123 ] [ 230 67 203 70 ] [.C.F]
  9784 - [ 43767aa0 ][ 246.479004 ] [ 1131838112 ] [ 31392 17270 ] [ 160 122 118 67 ] [.zvC]
  9785 - [ 46a8b14d ][ 21592.650391 ] [ 1185460557 ] [ 45389 18088 ] [ 77 177 168 70 ] [M..F]
  9786 - [ 3f800000 ][ 1.000000 ] [ 1065353216 ] [ 0 16256 ] [ 0 0 128 63 ] [...?]
  9787 - [ 46cb85e6 ][ 26050.949219 ] [ 1187743206 ] [ 34278 18123 ] [ 230 133 203 70 ] [...F]
  9788 - [ 42b82b44 ][ 92.084503 ] [ 1119365956 ] [ 11076 17080 ] [ 68 43 184 66 ] [D+.B]
  9789 - [ 46a8e54d ][ 21618.650391 ] [ 1185473869 ] [ 58701 18088 ] [ 77 229 168 70 ] [M..F]
  9790 - [ 3f800000 ][ 1.000000 ] [ 1065353216 ] [ 0 16256 ] [ 0 0 128 63 ] [...?]
  9791 - [ 46cdf81a ][ 26364.050781 ] [ 1187903514 ] [ 63514 18125 ] [ 26 248 205 70 ] [...F]
  9792 - [ 431da4bc ][ 157.643494 ] [ 1126016188 ] [ 42172 17181 ] [ 188 164 29 67 ] [...C]
  9793 - [ 46a8d59a ][ 21610.800781 ] [ 1185469850 ] [ 54682 18088 ] [ 154 213 168 70 ] [...F]
  9794 - [ 3f800000 ][ 1.000000 ] [ 1065353216 ] [ 0 16256 ] [ 0 0 128 63 ] [...?]
  9795 - [ 46cdb633 ][ 26331.099609 ] [ 1187886643 ] [ 46643 18125 ] [ 51 182 205 70 ] [3..F]
  9796 - [ 439c04cd ][ 312.037506 ] [ 1134298317 ] [ 1229 17308 ] [ 205 4 156 67 ] [...C]
  9797 - [ 46a8a19a ][ 21584.800781 ] [ 1185456538 ] [ 41370 18088 ] [ 154 161 168 70 ] [...F]
  9798 - [ 3f800000 ][ 1.000000 ] [ 1065353216 ] [ 0 16256 ] [ 0 0 128 63 ] [...?]
  9799 - [ 00000101 ][ 0.000000 ] [ 257 ] [ 257 0 ] [ 1 1 0 0 ] [....]
  9800 - [ 00000004 ][ 0.000000 ] [ 4 ] [ 4 0 ] [ 4 0 0 0 ] [....]
  9801 - [ 00004000 ][ 0.000000 ] [ 16384 ] [ 16384 0 ] [ 0 64 0 0 ] [.@..]
  9802 - [ 00000000 ][ 0.000000 ] [ 0 ] [ 0 0 ] [ 0 0 0 0 ] [....]
  9803 - [ 46ce9c1a ][ 26446.050781 ] [ 1187945498 ] [ 39962 18126 ] [ 26 156 206 70 ] [...F]
  9804 - [ 43a33831 ][ 326.438995 ] [ 1134770225 ] [ 14385 17315 ] [ 49 56 163 67 ] [18.C]
  9805 - [ 46a725cd ][ 21394.900391 ] [ 1185359309 ] [ 9677 18087 ] [ 205 37 167 70 ] [.%.F]
  9806 - [ 3f800000 ][ 1.000000 ] [ 1065353216 ] [ 0 16256 ] [ 0 0 128 63 ] [...?]
  9807 - [ 46ce9c1a ][ 26446.050781 ] [ 1187945498 ] [ 39962 18126 ] [ 26 156 206 70 ] [...F]
  9808 - [ 43267083 ][ 166.439499 ] [ 1126592643 ] [ 28803 17190 ] [ 131 112 38 67 ] [.p&C]
  9809 - [ 46a725cd ][ 21394.900391 ] [ 1185359309 ] [ 9677 18087 ] [ 205 37 167 70 ] [.%.F]
  9810 - [ 3f800000 ][ 1.000000 ] [ 1065353216 ] [ 0 16256 ] [ 0 0 128 63 ] [...?]
  9811 - [ 46d07b80 ][ 26685.750000 ] [ 1188068224 ] [ 31616 18128 ] [ 128 123 208 70 ] [.{.F]
  9812 - [ 43267083 ][ 166.439499 ] [ 1126592643 ] [ 28803 17190 ] [ 131 112 38 67 ] [.p&C]
  9813 - [ 46a70f00 ][ 21383.500000 ] [ 1185353472 ] [ 3840 18087 ] [ 0 15 167 70 ] [...F]
  9814 - [ 3f800000 ][ 1.000000 ] [ 1065353216 ] [ 0 16256 ] [ 0 0 128 63 ] [...?]
  9815 - [ 46d07b80 ][ 26685.750000 ] [ 1188068224 ] [ 31616 18128 ] [ 128 123 208 70 ] [.{.F]
  9816 - [ 43a33831 ][ 326.438995 ] [ 1134770225 ] [ 14385 17315 ] [ 49 56 163 67 ] [18.C]
  9817 - [ 46a70f00 ][ 21383.500000 ] [ 1185353472 ] [ 3840 18087 ] [ 0 15 167 70 ] [...F]
  9818 - [ 3f800000 ][ 1.000000 ] [ 1065353216 ] [ 0 16256 ] [ 0 0 128 63 ] [...?]
  9819 - [ 00000101 ][ 0.000000 ] [ 257 ] [ 257 0 ] [ 1 1 0 0 ] [....]
  9820 - [ 00000004 ][ 0.000000 ] [ 4 ] [ 4 0 ] [ 4 0 0 0 ] [....]
  9821 - [ 00004000 ][ 0.000000 ] [ 16384 ] [ 16384 0 ] [ 0 64 0 0 ] [.@..]
  9822 - [ 00000000 ][ 0.000000 ] [ 0 ] [ 0 0 ] [ 0 0 0 0 ] [....]
  9823 - [ 46ce9c1a ][ 26446.050781 ] [ 1187945498 ] [ 39962 18126 ] [ 26 156 206 70 ] [...F]
  9824 - [ 43267083 ][ 166.439499 ] [ 1126592643 ] [ 28803 17190 ] [ 131 112 38 67 ] [.p&C]
  9825 - [ 46a725cd ][ 21394.900391 ] [ 1185359309 ] [ 9677 18087 ] [ 205 37 167 70 ] [.%.F]
  9826 - [ 3f800000 ][ 1.000000 ] [ 1065353216 ] [ 0 16256 ] [ 0 0 128 63 ] [...?]
  9827 - [ 46ceba80 ][ 26461.250000 ] [ 1187953280 ] [ 47744 18126 ] [ 128 186 206 70 ] [...F]
  9828 - [ 43267083 ][ 166.439499 ] [ 1126592643 ] [ 28803 17190 ] [ 131 112 38 67 ] [.p&C]
  9829 - [ 46a9a51a ][ 21714.550781 ] [ 1185522970 ] [ 42266 18089 ] [ 26 165 169 70 ] [...F]
  9830 - [ 3f800000 ][ 1.000000 ] [ 1065353216 ] [ 0 16256 ] [ 0 0 128 63 ] [...?]
  9831 - [ 46d09a00 ][ 26701.000000 ] [ 1188076032 ] [ 39424 18128 ] [ 0 154 208 70 ] [...F]
  9832 - [ 43267083 ][ 166.439499 ] [ 1126592643 ] [ 28803 17190 ] [ 131 112 38 67 ] [.p&C]
  9833 - [ 46a98e33 ][ 21703.099609 ] [ 1185517107 ] [ 36403 18089 ] [ 51 142 169 70 ] [3..F]
  9834 - [ 3f800000 ][ 1.000000 ] [ 1065353216 ] [ 0 16256 ] [ 0 0 128 63 ] [...?]
  9835 - [ 46d07b80 ][ 26685.750000 ] [ 1188068224 ] [ 31616 18128 ] [ 128 123 208 70 ] [.{.F]
  9836 - [ 43267083 ][ 166.439499 ] [ 1126592643 ] [ 28803 17190 ] [ 131 112 38 67 ] [.p&C]
  9837 - [ 46a70f00 ][ 21383.500000 ] [ 1185353472 ] [ 3840 18087 ] [ 0 15 167 70 ] [...F]
  9838 - [ 3f800000 ][ 1.000000 ] [ 1065353216 ] [ 0 16256 ] [ 0 0 128 63 ] [...?]
  9839 - [ 00000101 ][ 0.000000 ] [ 257 ] [ 257 0 ] [ 1 1 0 0 ] [....]
  9840 - [ 00000004 ][ 0.000000 ] [ 4 ] [ 4 0 ] [ 4 0 0 0 ] [....]
  9841 - [ 00004000 ][ 0.000000 ] [ 16384 ] [ 16384 0 ] [ 0 64 0 0 ] [.@..]
  9842 - [ 00000000 ][ 0.000000 ] [ 0 ] [ 0 0 ] [ 0 0 0 0 ] [....]
  9843 - [ 46ceba80 ][ 26461.250000 ] [ 1187953280 ] [ 47744 18126 ] [ 128 186 206 70 ] [...F]
  9844 - [ 43a33831 ][ 326.438995 ] [ 1134770225 ] [ 14385 17315 ] [ 49 56 163 67 ] [18.C]
  9845 - [ 46a9a51a ][ 21714.550781 ] [ 1185522970 ] [ 42266 18089 ] [ 26 165 169 70 ] [...F]
  9846 - [ 3f800000 ][ 1.000000 ] [ 1065353216 ] [ 0 16256 ] [ 0 0 128 63 ] [...?]
  9847 - [ 46ceba80 ][ 26461.250000 ] [ 1187953280 ] [ 47744 18126 ] [ 128 186 206 70 ] [...F]
  9848 - [ 43267083 ][ 166.439499 ] [ 1126592643 ] [ 28803 17190 ] [ 131 112 38 67 ] [.p&C]
  9849 - [ 46a9a51a ][ 21714.550781 ] [ 1185522970 ] [ 42266 18089 ] [ 26 165 169 70 ] [...F]
  9850 - [ 3f800000 ][ 1.000000 ] [ 1065353216 ] [ 0 16256 ] [ 0 0 128 63 ] [...?]
  9851 - [ 46ce9c1a ][ 26446.050781 ] [ 1187945498 ] [ 39962 18126 ] [ 26 156 206 70 ] [...F]
  9852 - [ 43267083 ][ 166.439499 ] [ 1126592643 ] [ 28803 17190 ] [ 131 112 38 67 ] [.p&C]
  9853 - [ 46a725cd ][ 21394.900391 ] [ 1185359309 ] [ 9677 18087 ] [ 205 37 167 70 ] [.%.F]
  9854 - [ 3f800000 ][ 1.000000 ] [ 1065353216 ] [ 0 16256 ] [ 0 0 128 63 ] [...?]
  9855 - [ 46ce9c1a ][ 26446.050781 ] [ 1187945498 ] [ 39962 18126 ] [ 26 156 206 70 ] [...F]
  9856 - [ 43a33831 ][ 326.438995 ] [ 1134770225 ] [ 14385 17315 ] [ 49 56 163 67 ] [18.C]
  9857 - [ 46a725cd ][ 21394.900391 ] [ 1185359309 ] [ 9677 18087 ] [ 205 37 167 70 ] [.%.F]
  9858 - [ 3f800000 ][ 1.000000 ] [ 1065353216 ] [ 0 16256 ] [ 0 0 128 63 ] [...?]
  9859 - [ 00000101 ][ 0.000000 ] [ 257 ] [ 257 0 ] [ 1 1 0 0 ] [....]
  9860 - [ 00000004 ][ 0.000000 ] [ 4 ] [ 4 0 ] [ 4 0 0 0 ] [....]
  9861 - [ 00000001 ][ 0.000000 ] [ 1 ] [ 1 0 ] [ 1 0 0 0 ] [....]
  9862 - [ 00000000 ][ 0.000000 ] [ 0 ] [ 0 0 ] [ 0 0 0 0 ] [....]
  9863 - [ 46af729a ][ 22457.300781 ] [ 1185903258 ] [ 29338 18095 ] [ 154 114 175 70 ] [.r.F]
  9864 - [ 4181c8b4 ][ 16.223000 ] [ 1099024564 ] [ 51380 16769 ] [ 180 200 129 65 ] [...A]
  9865 - [ 46bac11a ][ 23904.550781 ] [ 1186644250 ] [ 49434 18106 ] [ 26 193 186 70 ] [...F]
  9866 - [ 3f800000 ][ 1.000000 ] [ 1065353216 ] [ 0 16256 ] [ 0 0 128 63 ] [...?]
  9867 - [ 46af729a ][ 22457.300781 ] [ 1185903258 ] [ 29338 18095 ] [ 154 114 175 70 ] [.r.F]
  9868 - [ c490151f ][ -1152.660034 ] [ 3297776927 ] [ 5407 50320 ] [ 31 21 144 196 ] [....]
  9869 - [ 46bac11a ][ 23904.550781 ] [ 1186644250 ] [ 49434 18106 ] [ 26 193 186 70 ] [...F]
  9870 - [ 3f800000 ][ 1.000000 ] [ 1065353216 ] [ 0 16256 ] [ 0 0 128 63 ] [...?]
  9871 - [ 46bf254d ][ 24466.650391 ] [ 1186932045 ] [ 9549 18111 ] [ 77 37 191 70 ] [M%.F]
  9872 - [ c490151f ][ -1152.660034 ] [ 3297776927 ] [ 5407 50320 ] [ 31 21 144 196 ] [....]
  9873 - [ 46bab300 ][ 23897.500000 ] [ 1186640640 ] [ 45824 18106 ] [ 0 179 186 70 ] [...F]
  9874 - [ 3f800000 ][ 1.000000 ] [ 1065353216 ] [ 0 16256 ] [ 0 0 128 63 ] [...?]
  9875 - [ 46bf254d ][ 24466.650391 ] [ 1186932045 ] [ 9549 18111 ] [ 77 37 191 70 ] [M%.F]
  9876 - [ 4181c8b4 ][ 16.223000 ] [ 1099024564 ] [ 51380 16769 ] [ 180 200 129 65 ] [...A]
  9877 - [ 46bab300 ][ 23897.500000 ] [ 1186640640 ] [ 45824 18106 ] [ 0 179 186 70 ] [...F]
  9878 - [ 3f800000 ][ 1.000000 ] [ 1065353216 ] [ 0 16256 ] [ 0 0 128 63 ] [...?]
  9879 - [ 00000101 ][ 0.000000 ] [ 257 ] [ 257 0 ] [ 1 1 0 0 ] [....]
  9880 - [ 00000004 ][ 0.000000 ] [ 4 ] [ 4 0 ] [ 4 0 0 0 ] [....]
  9881 - [ 00000001 ][ 0.000000 ] [ 1 ] [ 1 0 ] [ 1 0 0 0 ] [....]
  9882 - [ 00000000 ][ 0.000000 ] [ 0 ] [ 0 0 ] [ 0 0 0 0 ] [....]
  9883 - [ 46abda80 ][ 21997.250000 ] [ 1185667712 ] [ 55936 18091 ] [ 128 218 171 70 ] [...F]
  9884 - [ 4181c8b4 ][ 16.223000 ] [ 1099024564 ] [ 51380 16769 ] [ 180 200 129 65 ] [...A]
  9885 - [ 46bac11a ][ 23904.550781 ] [ 1186644250 ] [ 49434 18106 ] [ 26 193 186 70 ] [...F]
  9886 - [ 3f800000 ][ 1.000000 ] [ 1065353216 ] [ 0 16256 ] [ 0 0 128 63 ] [...?]
  9887 - [ 46a1d6b3 ][ 20715.349609 ] [ 1185011379 ] [ 54963 18081 ] [ 179 214 161 70 ] [...F]
  9888 - [ 4181c8b4 ][ 16.223000 ] [ 1099024564 ] [ 51380 16769 ] [ 180 200 129 65 ] [...A]
  9889 - [ 46b9ad00 ][ 23766.500000 ] [ 1186573568 ] [ 44288 18105 ] [ 0 173 185 70 ] [...F]
  9890 - [ 3f800000 ][ 1.000000 ] [ 1065353216 ] [ 0 16256 ] [ 0 0 128 63 ] [...?]
  9891 - [ 46a1d6b3 ][ 20715.349609 ] [ 1185011379 ] [ 54963 18081 ] [ 179 214 161 70 ] [...F]
  9892 - [ c490151f ][ -1152.660034 ] [ 3297776927 ] [ 5407 50320 ] [ 31 21 144 196 ] [....]
  9893 - [ 46b9ad00 ][ 23766.500000 ] [ 1186573568 ] [ 44288 18105 ] [ 0 173 185 70 ] [...F]
  9894 - [ 3f800000 ][ 1.000000 ] [ 1065353216 ] [ 0 16256 ] [ 0 0 128 63 ] [...?]
  9895 - [ 46abda80 ][ 21997.250000 ] [ 1185667712 ] [ 55936 18091 ] [ 128 218 171 70 ] [...F]
  9896 - [ c490151f ][ -1152.660034 ] [ 3297776927 ] [ 5407 50320 ] [ 31 21 144 196 ] [....]
  9897 - [ 46bac11a ][ 23904.550781 ] [ 1186644250 ] [ 49434 18106 ] [ 26 193 186 70 ] [...F]
  9898 - [ 3f800000 ][ 1.000000 ] [ 1065353216 ] [ 0 16256 ] [ 0 0 128 63 ] [...?]
  9899 - [ 00000101 ][ 0.000000 ] [ 257 ] [ 257 0 ] [ 1 1 0 0 ] [....]
  9900 - [ 00000004 ][ 0.000000 ] [ 4 ] [ 4 0 ] [ 4 0 0 0 ] [....]
  9901 - [ 00000080 ][ 0.000000 ] [ 128 ] [ 128 0 ] [ 128 0 0 0 ] [....]
  9902 - [ 00000000 ][ 0.000000 ] [ 0 ] [ 0 0 ] [ 0 0 0 0 ] [....]
  9903 - [ 46af729a ][ 22457.300781 ] [ 1185903258 ] [ 29338 18095 ] [ 154 114 175 70 ] [.r.F]
  9904 - [ 4181c8b4 ][ 16.223000 ] [ 1099024564 ] [ 51380 16769 ] [ 180 200 129 65 ] [...A]
  9905 - [ 46bac11a ][ 23904.550781 ] [ 1186644250 ] [ 49434 18106 ] [ 26 193 186 70 ] [...F]
  9906 - [ 3f800000 ][ 1.000000 ] [ 1065353216 ] [ 0 16256 ] [ 0 0 128 63 ] [...?]
  9907 - [ 46abda80 ][ 21997.250000 ] [ 1185667712 ] [ 55936 18091 ] [ 128 218 171 70 ] [...F]
  9908 - [ 4181c8b4 ][ 16.223000 ] [ 1099024564 ] [ 51380 16769 ] [ 180 200 129 65 ] [...A]
  9909 - [ 46bac11a ][ 23904.550781 ] [ 1186644250 ] [ 49434 18106 ] [ 26 193 186 70 ] [...F]
  9910 - [ 3f800000 ][ 1.000000 ] [ 1065353216 ] [ 0 16256 ] [ 0 0 128 63 ] [...?]
  9911 - [ 46abda80 ][ 21997.250000 ] [ 1185667712 ] [ 55936 18091 ] [ 128 218 171 70 ] [...F]
  9912 - [ c490151f ][ -1152.660034 ] [ 3297776927 ] [ 5407 50320 ] [ 31 21 144 196 ] [....]
  9913 - [ 46bac11a ][ 23904.550781 ] [ 1186644250 ] [ 49434 18106 ] [ 26 193 186 70 ] [...F]
  9914 - [ 3f800000 ][ 1.000000 ] [ 1065353216 ] [ 0 16256 ] [ 0 0 128 63 ] [...?]
  9915 - [ 46af729a ][ 22457.300781 ] [ 1185903258 ] [ 29338 18095 ] [ 154 114 175 70 ] [.r.F]
  9916 - [ c490151f ][ -1152.660034 ] [ 3297776927 ] [ 5407 50320 ] [ 31 21 144 196 ] [....]
  9917 - [ 46bac11a ][ 23904.550781 ] [ 1186644250 ] [ 49434 18106 ] [ 26 193 186 70 ] [...F]
  9918 - [ 3f800000 ][ 1.000000 ] [ 1065353216 ] [ 0 16256 ] [ 0 0 128 63 ] [...?]
  9919 - [ 00000101 ][ 0.000000 ] [ 257 ] [ 257 0 ] [ 1 1 0 0 ] [....]
  9920 - [ 00000004 ][ 0.000000 ] [ 4 ] [ 4 0 ] [ 4 0 0 0 ] [....]
  9921 - [ 00000001 ][ 0.000000 ] [ 1 ] [ 1 0 ] [ 1 0 0 0 ] [....]
  9922 - [ 00000000 ][ 0.000000 ] [ 0 ] [ 0 0 ] [ 0 0 0 0 ] [....]
  9923 - [ 4681eb66 ][ 16629.699219 ] [ 1182919526 ] [ 60262 18049 ] [ 102 235 129 70 ] [f..F]
  9924 - [ 413413a9 ][ 11.254800 ] [ 1093931945 ] [ 5033 16692 ] [ 169 19 52 65 ] [..4A]
  9925 - [ 46b14480 ][ 22690.250000 ] [ 1186022528 ] [ 17536 18097 ] [ 128 68 177 70 ] [.D.F]
  9926 - [ 3f800000 ][ 1.000000 ] [ 1065353216 ] [ 0 16256 ] [ 0 0 128 63 ] [...?]
  9927 - [ 4681eb66 ][ 16629.699219 ] [ 1182919526 ] [ 60262 18049 ] [ 102 235 129 70 ] [f..F]
  9928 - [ c4ca7785 ][ -1619.734985 ] [ 3301603205 ] [ 30597 50378 ] [ 133 119 202 196 ] [.w..]
  9929 - [ 46b14480 ][ 22690.250000 ] [ 1186022528 ] [ 17536 18097 ] [ 128 68 177 70 ] [.D.F]
  9930 - [ 3f800000 ][ 1.000000 ] [ 1065353216 ] [ 0 16256 ] [ 0 0 128 63 ] [...?]
  9931 - [ 4688a7b3 ][ 17491.849609 ] [ 1183360947 ] [ 42931 18056 ] [ 179 167 136 70 ] [...F]
  9932 - [ c4ca7785 ][ -1619.734985 ] [ 3301603205 ] [ 30597 50378 ] [ 133 119 202 196 ] [.w..]
  9933 - [ 46b982b3 ][ 23745.349609 ] [ 1186562739 ] [ 33459 18105 ] [ 179 130 185 70 ] [...F]
  9934 - [ 3f800000 ][ 1.000000 ] [ 1065353216 ] [ 0 16256 ] [ 0 0 128 63 ] [...?]
  9935 - [ 4688a7b3 ][ 17491.849609 ] [ 1183360947 ] [ 42931 18056 ] [ 179 167 136 70 ] [...F]
  9936 - [ 413413a9 ][ 11.254800 ] [ 1093931945 ] [ 5033 16692 ] [ 169 19 52 65 ] [..4A]
  9937 - [ 46b982b3 ][ 23745.349609 ] [ 1186562739 ] [ 33459 18105 ] [ 179 130 185 70 ] [...F]
  9938 - [ 3f800000 ][ 1.000000 ] [ 1065353216 ] [ 0 16256 ] [ 0 0 128 63 ] [...?]
  9939 - [ 00000101 ][ 0.000000 ] [ 257 ] [ 257 0 ] [ 1 1 0 0 ] [....]
  9940 - [ 00000004 ][ 0.000000 ] [ 4 ] [ 4 0 ] [ 4 0 0 0 ] [....]
  9941 - [ 00000001 ][ 0.000000 ] [ 1 ] [ 1 0 ] [ 1 0 0 0 ] [....]
  9942 - [ 00000000 ][ 0.000000 ] [ 0 ] [ 0 0 ] [ 0 0 0 0 ] [....]
  9943 - [ 467a8d00 ][ 16035.250000 ] [ 1182436608 ] [ 36096 18042 ] [ 0 141 122 70 ] [..zF]
  9944 - [ c4ca7785 ][ -1619.734985 ] [ 3301603205 ] [ 30597 50378 ] [ 133 119 202 196 ] [.w..]
  9945 - [ 46ab9a80 ][ 21965.250000 ] [ 1185651328 ] [ 39552 18091 ] [ 128 154 171 70 ] [...F]
  9946 - [ 3f800000 ][ 1.000000 ] [ 1065353216 ] [ 0 16256 ] [ 0 0 128 63 ] [...?]
  9947 - [ 467a8d00 ][ 16035.250000 ] [ 1182436608 ] [ 36096 18042 ] [ 0 141 122 70 ] [..zF]
  9948 - [ 413412d7 ][ 11.254600 ] [ 1093931735 ] [ 4823 16692 ] [ 215 18 52 65 ] [..4A]
  9949 - [ 46ab9a80 ][ 21965.250000 ] [ 1185651328 ] [ 39552 18091 ] [ 128 154 171 70 ] [...F]
  9950 - [ 3f800000 ][ 1.000000 ] [ 1065353216 ] [ 0 16256 ] [ 0 0 128 63 ] [...?]
  9951 - [ 4677ba33 ][ 15854.549805 ] [ 1182251571 ] [ 47667 18039 ] [ 51 186 119 70 ] [3.wF]
  9952 - [ 41341206 ][ 11.254400 ] [ 1093931526 ] [ 4614 16692 ] [ 6 18 52 65 ] [..4A]
  9953 - [ 46a6efe6 ][ 21367.949219 ] [ 1185345510 ] [ 61414 18086 ] [ 230 239 166 70 ] [...F]
  9954 - [ 3f800000 ][ 1.000000 ] [ 1065353216 ] [ 0 16256 ] [ 0 0 128 63 ] [...?]
  9955 - [ 4677ba33 ][ 15854.549805 ] [ 1182251571 ] [ 47667 18039 ] [ 51 186 119 70 ] [3.wF]
  9956 - [ c4ca7785 ][ -1619.734985 ] [ 3301603205 ] [ 30597 50378 ] [ 133 119 202 196 ] [.w..]
  9957 - [ 46a6efe6 ][ 21367.949219 ] [ 1185345510 ] [ 61414 18086 ] [ 230 239 166 70 ] [...F]
  9958 - [ 3f800000 ][ 1.000000 ] [ 1065353216 ] [ 0 16256 ] [ 0 0 128 63 ] [...?]
  9959 - [ 00000101 ][ 0.000000 ] [ 257 ] [ 257 0 ] [ 1 1 0 0 ] [....]
  9960 - [ 00000004 ][ 0.000000 ] [ 4 ] [ 4 0 ] [ 4 0 0 0 ] [....]
  9961 - [ 00000001 ][ 0.000000 ] [ 1 ] [ 1 0 ] [ 1 0 0 0 ] [....]
  9962 - [ 00000000 ][ 0.000000 ] [ 0 ] [ 0 0 ] [ 0 0 0 0 ] [....]
  9963 - [ 4680f81a ][ 16508.050781 ] [ 1182857242 ] [ 63514 18048 ] [ 26 248 128 70 ] [...F]
  9964 - [ c4ca7785 ][ -1619.734985 ] [ 3301603205 ] [ 30597 50378 ] [ 133 119 202 196 ] [.w..]
  9965 - [ 46b155b3 ][ 22698.849609 ] [ 1186026931 ] [ 21939 18097 ] [ 179 85 177 70 ] [.U.F]
  9966 - [ 3f800000 ][ 1.000000 ] [ 1065353216 ] [ 0 16256 ] [ 0 0 128 63 ] [...?]
  9967 - [ 4680f81a ][ 16508.050781 ] [ 1182857242 ] [ 63514 18048 ] [ 26 248 128 70 ] [...F]
  9968 - [ 41341340 ][ 11.254700 ] [ 1093931840 ] [ 4928 16692 ] [ 64 19 52 65 ] [@.4A]
  9969 - [ 46b155b3 ][ 22698.849609 ] [ 1186026931 ] [ 21939 18097 ] [ 179 85 177 70 ] [.U.F]
  9970 - [ 3f800000 ][ 1.000000 ] [ 1065353216 ] [ 0 16256 ] [ 0 0 128 63 ] [...?]
  9971 - [ 467a8d00 ][ 16035.250000 ] [ 1182436608 ] [ 36096 18042 ] [ 0 141 122 70 ] [..zF]
  9972 - [ 413412d7 ][ 11.254600 ] [ 1093931735 ] [ 4823 16692 ] [ 215 18 52 65 ] [..4A]
  9973 - [ 46ab9a80 ][ 21965.250000 ] [ 1185651328 ] [ 39552 18091 ] [ 128 154 171 70 ] [...F]
  9974 - [ 3f800000 ][ 1.000000 ] [ 1065353216 ] [ 0 16256 ] [ 0 0 128 63 ] [...?]
  9975 - [ 467a8d00 ][ 16035.250000 ] [ 1182436608 ] [ 36096 18042 ] [ 0 141 122 70 ] [..zF]
  9976 - [ c4ca7785 ][ -1619.734985 ] [ 3301603205 ] [ 30597 50378 ] [ 133 119 202 196 ] [.w..]
  9977 - [ 46ab9a80 ][ 21965.250000 ] [ 1185651328 ] [ 39552 18091 ] [ 128 154 171 70 ] [...F]
  9978 - [ 3f800000 ][ 1.000000 ] [ 1065353216 ] [ 0 16256 ] [ 0 0 128 63 ] [...?]
  9979 - [ 00000101 ][ 0.000000 ] [ 257 ] [ 257 0 ] [ 1 1 0 0 ] [....]
  9980 - [ 00000004 ][ 0.000000 ] [ 4 ] [ 4 0 ] [ 4 0 0 0 ] [....]
  9981 - [ 00000001 ][ 0.000000 ] [ 1 ] [ 1 0 ] [ 1 0 0 0 ] [....]
  9982 - [ 00000000 ][ 0.000000 ] [ 0 ] [ 0 0 ] [ 0 0 0 0 ] [....]
  9983 - [ 4681eb66 ][ 16629.699219 ] [ 1182919526 ] [ 60262 18049 ] [ 102 235 129 70 ] [f..F]
  9984 - [ c4ca7785 ][ -1619.734985 ] [ 3301603205 ] [ 30597 50378 ] [ 133 119 202 196 ] [.w..]
  9985 - [ 46b14480 ][ 22690.250000 ] [ 1186022528 ] [ 17536 18097 ] [ 128 68 177 70 ] [.D.F]
  9986 - [ 3f800000 ][ 1.000000 ] [ 1065353216 ] [ 0 16256 ] [ 0 0 128 63 ] [...?]
  9987 - [ 4681eb66 ][ 16629.699219 ] [ 1182919526 ] [ 60262 18049 ] [ 102 235 129 70 ] [f..F]
  9988 - [ 413413a9 ][ 11.254800 ] [ 1093931945 ] [ 5033 16692 ] [ 169 19 52 65 ] [..4A]
  9989 - [ 46b14480 ][ 22690.250000 ] [ 1186022528 ] [ 17536 18097 ] [ 128 68 177 70 ] [.D.F]
  9990 - [ 3f800000 ][ 1.000000 ] [ 1065353216 ] [ 0 16256 ] [ 0 0 128 63 ] [...?]
  9991 - [ 4680f81a ][ 16508.050781 ] [ 1182857242 ] [ 63514 18048 ] [ 26 248 128 70 ] [...F]
  9992 - [ 41341340 ][ 11.254700 ] [ 1093931840 ] [ 4928 16692 ] [ 64 19 52 65 ] [@.4A]
  9993 - [ 46b155b3 ][ 22698.849609 ] [ 1186026931 ] [ 21939 18097 ] [ 179 85 177 70 ] [.U.F]
  9994 - [ 3f800000 ][ 1.000000 ] [ 1065353216 ] [ 0 16256 ] [ 0 0 128 63 ] [...?]
  9995 - [ 4680f81a ][ 16508.050781 ] [ 1182857242 ] [ 63514 18048 ] [ 26 248 128 70 ] [...F]
  9996 - [ c4ca7785 ][ -1619.734985 ] [ 3301603205 ] [ 30597 50378 ] [ 133 119 202 196 ] [.w..]
  9997 - [ 46b155b3 ][ 22698.849609 ] [ 1186026931 ] [ 21939 18097 ] [ 179 85 177 70 ] [.U.F]
  9998 - [ 3f800000 ][ 1.000000 ] [ 1065353216 ] [ 0 16256 ] [ 0 0 128 63 ] [...?]
  9999 - [ 00000101 ][ 0.000000 ] [ 257 ] [ 257 0 ] [ 1 1 0 0 ] [....]
 10000 - [ 00000004 ][ 0.000000 ] [ 4 ] [ 4 0 ] [ 4 0 0 0 ] [....]
 10001 - [ 00000001 ][ 0.000000 ] [ 1 ] [ 1 0 ] [ 1 0 0 0 ] [....]
 10002 - [ 00000000 ][ 0.000000 ] [ 0 ] [ 0 0 ] [ 0 0 0 0 ] [....]
 10003 - [ 46c20b00 ][ 24837.500000 ] [ 1187121920 ] [ 2816 18114 ] [ 0 11 194 70 ] [...F]
 10004 - [ c245b3d0 ][ -49.425598 ] [ 3259347920 ] [ 46032 49733 ] [ 208 179 69 194 ] [..E.]
 10005 - [ 469e5066 ][ 20264.199219 ] [ 1184780390 ] [ 20582 18078 ] [ 102 80 158 70 ] [fP.F]
 10006 - [ 3f800000 ][ 1.000000 ] [ 1065353216 ] [ 0 16256 ] [ 0 0 128 63 ] [...?]
 10007 - [ 46c20b00 ][ 24837.500000 ] [ 1187121920 ] [ 2816 18114 ] [ 0 11 194 70 ] [...F]
 10008 - [ c4b3651f ][ -1435.160034 ] [ 3300091167 ] [ 25887 50355 ] [ 31 101 179 196 ] [.e..]
 10009 - [ 469e5066 ][ 20264.199219 ] [ 1184780390 ] [ 20582 18078 ] [ 102 80 158 70 ] [fP.F]
 10010 - [ 3f800000 ][ 1.000000 ] [ 1065353216 ] [ 0 16256 ] [ 0 0 128 63 ] [...?]
 10011 - [ 46c2139a ][ 24841.800781 ] [ 1187124122 ] [ 5018 18114 ] [ 154 19 194 70 ] [...F]
 10012 - [ c4b3651f ][ -1435.160034 ] [ 3300091167 ] [ 25887 50355 ] [ 31 101 179 196 ] [.e..]
 10013 - [ 469c92e6 ][ 20041.449219 ] [ 1184666342 ] [ 37606 18076 ] [ 230 146 156 70 ] [...F]
 10014 - [ 3f800000 ][ 1.000000 ] [ 1065353216 ] [ 0 16256 ] [ 0 0 128 63 ] [...?]
 10015 - [ 46c2139a ][ 24841.800781 ] [ 1187124122 ] [ 5018 18114 ] [ 154 19 194 70 ] [...F]
 10016 - [ c245b3eb ][ -49.425701 ] [ 3259347947 ] [ 46059 49733 ] [ 235 179 69 194 ] [..E.]
 10017 - [ 469c92e6 ][ 20041.449219 ] [ 1184666342 ] [ 37606 18076 ] [ 230 146 156 70 ] [...F]
 10018 - [ 3f800000 ][ 1.000000 ] [ 1065353216 ] [ 0 16256 ] [ 0 0 128 63 ] [...?]
 10019 - [ 00000101 ][ 0.000000 ] [ 257 ] [ 257 0 ] [ 1 1 0 0 ] [....]
 10020 - [ 00000004 ][ 0.000000 ] [ 4 ] [ 4 0 ] [ 4 0 0 0 ] [....]
 10021 - [ 00000001 ][ 0.000000 ] [ 1 ] [ 1 0 ] [ 1 0 0 0 ] [....]
 10022 - [ 00000000 ][ 0.000000 ] [ 0 ] [ 0 0 ] [ 0 0 0 0 ] [....]
 10023 - [ 46d5701a ][ 27320.050781 ] [ 1188392986 ] [ 28698 18133 ] [ 26 112 213 70 ] [.p.F]
 10024 - [ c245b3c3 ][ -49.425549 ] [ 3259347907 ] [ 46019 49733 ] [ 195 179 69 194 ] [..E.]
 10025 - [ 469e4be6 ][ 20261.949219 ] [ 1184779238 ] [ 19430 18078 ] [ 230 75 158 70 ] [.K.F]
 10026 - [ 3f800000 ][ 1.000000 ] [ 1065353216 ] [ 0 16256 ] [ 0 0 128 63 ] [...?]
 10027 - [ 46d5701a ][ 27320.050781 ] [ 1188392986 ] [ 28698 18133 ] [ 26 112 213 70 ] [.p.F]
 10028 - [ c4b3651f ][ -1435.160034 ] [ 3300091167 ] [ 25887 50355 ] [ 31 101 179 196 ] [.e..]
 10029 - [ 469e4be6 ][ 20261.949219 ] [ 1184779238 ] [ 19430 18078 ] [ 230 75 158 70 ] [.K.F]
 10030 - [ 3f800000 ][ 1.000000 ] [ 1065353216 ] [ 0 16256 ] [ 0 0 128 63 ] [...?]
 10031 - [ 46c20b00 ][ 24837.500000 ] [ 1187121920 ] [ 2816 18114 ] [ 0 11 194 70 ] [...F]
 10032 - [ c4b3651f ][ -1435.160034 ] [ 3300091167 ] [ 25887 50355 ] [ 31 101 179 196 ] [.e..]
 10033 - [ 469e5066 ][ 20264.199219 ] [ 1184780390 ] [ 20582 18078 ] [ 102 80 158 70 ] [fP.F]
 10034 - [ 3f800000 ][ 1.000000 ] [ 1065353216 ] [ 0 16256 ] [ 0 0 128 63 ] [...?]
 10035 - [ 46c20b00 ][ 24837.500000 ] [ 1187121920 ] [ 2816 18114 ] [ 0 11 194 70 ] [...F]
 10036 - [ c245b3d0 ][ -49.425598 ] [ 3259347920 ] [ 46032 49733 ] [ 208 179 69 194 ] [..E.]
 10037 - [ 469e5066 ][ 20264.199219 ] [ 1184780390 ] [ 20582 18078 ] [ 102 80 158 70 ] [fP.F]
 10038 - [ 3f800000 ][ 1.000000 ] [ 1065353216 ] [ 0 16256 ] [ 0 0 128 63 ] [...?]
 10039 - [ 00000101 ][ 0.000000 ] [ 257 ] [ 257 0 ] [ 1 1 0 0 ] [....]
 10040 - [ 00000004 ][ 0.000000 ] [ 4 ] [ 4 0 ] [ 4 0 0 0 ] [....]
 10041 - [ 00000001 ][ 0.000000 ] [ 1 ] [ 1 0 ] [ 1 0 0 0 ] [....]
 10042 - [ 00000000 ][ 0.000000 ] [ 0 ] [ 0 0 ] [ 0 0 0 0 ] [....]
 10043 - [ 46c14c9a ][ 24742.300781 ] [ 1187073178 ] [ 19610 18113 ] [ 154 76 193 70 ] [.L.F]
 10044 - [ c49e6e8f ][ -1267.454956 ] [ 3298717327 ] [ 28303 50334 ] [ 143 110 158 196 ] [.n..]
 10045 - [ 468a0b00 ][ 17669.500000 ] [ 1183451904 ] [ 2816 18058 ] [ 0 11 138 70 ] [...F]
 10046 - [ 3f800000 ][ 1.000000 ] [ 1065353216 ] [ 0 16256 ] [ 0 0 128 63 ] [...?]
 10047 - [ 46c14400 ][ 24738.000000 ] [ 1187070976 ] [ 17408 18113 ] [ 0 68 193 70 ] [.D.F]
 10048 - [ c49e6e66 ][ -1267.449951 ] [ 3298717286 ] [ 28262 50334 ] [ 102 110 158 196 ] [fn..]
 10049 - [ 469284b3 ][ 18754.349609 ] [ 1184007347 ] [ 33971 18066 ] [ 179 132 146 70 ] [...F]
 10050 - [ 3f800000 ][ 1.000000 ] [ 1065353216 ] [ 0 16256 ] [ 0 0 128 63 ] [...?]
 10051 - [ 46c1df1a ][ 24815.550781 ] [ 1187110682 ] [ 57114 18113 ] [ 26 223 193 70 ] [...F]
 10052 - [ c49eae66 ][ -1269.449951 ] [ 3298733670 ] [ 44646 50334 ] [ 102 174 158 196 ] [f...]
 10053 - [ 469284b3 ][ 18754.349609 ] [ 1184007347 ] [ 33971 18066 ] [ 179 132 146 70 ] [...F]
 10054 - [ 3f800000 ][ 1.000000 ] [ 1065353216 ] [ 0 16256 ] [ 0 0 128 63 ] [...?]
 10055 - [ 46c1e7cd ][ 24819.900391 ] [ 1187112909 ] [ 59341 18113 ] [ 205 231 193 70 ] [...F]
 10056 - [ c49eae66 ][ -1269.449951 ] [ 3298733670 ] [ 44646 50334 ] [ 102 174 158 196 ] [f...]
 10057 - [ 468a0b00 ][ 17669.500000 ] [ 1183451904 ] [ 2816 18058 ] [ 0 11 138 70 ] [...F]
 10058 - [ 3f800000 ][ 1.000000 ] [ 1065353216 ] [ 0 16256 ] [ 0 0 128 63 ] [...?]
 10059 - [ 00000101 ][ 0.000000 ] [ 257 ] [ 257 0 ] [ 1 1 0 0 ] [....]
 10060 - [ 00000004 ][ 0.000000 ] [ 4 ] [ 4 0 ] [ 4 0 0 0 ] [....]
 10061 - [ 00000001 ][ 0.000000 ] [ 1 ] [ 1 0 ] [ 1 0 0 0 ] [....]
 10062 - [ 00000000 ][ 0.000000 ] [ 0 ] [ 0 0 ] [ 0 0 0 0 ] [....]
 10063 - [ 46c14400 ][ 24738.000000 ] [ 1187070976 ] [ 17408 18113 ] [ 0 68 193 70 ] [.D.F]
 10064 - [ c49e6e66 ][ -1267.449951 ] [ 3298717286 ] [ 28262 50334 ] [ 102 110 158 196 ] [fn..]
 10065 - [ 469284b3 ][ 18754.349609 ] [ 1184007347 ] [ 33971 18066 ] [ 179 132 146 70 ] [...F]
 10066 - [ 3f800000 ][ 1.000000 ] [ 1065353216 ] [ 0 16256 ] [ 0 0 128 63 ] [...?]
 10067 - [ 46c14c9a ][ 24742.300781 ] [ 1187073178 ] [ 19610 18113 ] [ 154 76 193 70 ] [.L.F]
 10068 - [ c49e6e8f ][ -1267.454956 ] [ 3298717327 ] [ 28303 50334 ] [ 143 110 158 196 ] [.n..]
 10069 - [ 468a0b00 ][ 17669.500000 ] [ 1183451904 ] [ 2816 18058 ] [ 0 11 138 70 ] [...F]
 10070 - [ 3f800000 ][ 1.000000 ] [ 1065353216 ] [ 0 16256 ] [ 0 0 128 63 ] [...?]
 10071 - [ 46c14c9a ][ 24742.300781 ] [ 1187073178 ] [ 19610 18113 ] [ 154 76 193 70 ] [.L.F]
 10072 - [ c245b3f8 ][ -49.425751 ] [ 3259347960 ] [ 46072 49733 ] [ 248 179 69 194 ] [..E.]
 10073 - [ 468a0b00 ][ 17669.500000 ] [ 1183451904 ] [ 2816 18058 ] [ 0 11 138 70 ] [...F]
 10074 - [ 3f800000 ][ 1.000000 ] [ 1065353216 ] [ 0 16256 ] [ 0 0 128 63 ] [...?]
 10075 - [ 46c14400 ][ 24738.000000 ] [ 1187070976 ] [ 17408 18113 ] [ 0 68 193 70 ] [.D.F]
 10076 - [ c245b3de ][ -49.425652 ] [ 3259347934 ] [ 46046 49733 ] [ 222 179 69 194 ] [..E.]
 10077 - [ 469284b3 ][ 18754.349609 ] [ 1184007347 ] [ 33971 18066 ] [ 179 132 146 70 ] [...F]
 10078 - [ 3f800000 ][ 1.000000 ] [ 1065353216 ] [ 0 16256 ] [ 0 0 128 63 ] [...?]
 10079 - [ 00000101 ][ 0.000000 ] [ 257 ] [ 257 0 ] [ 1 1 0 0 ] [....]
 10080 - [ 00000004 ][ 0.000000 ] [ 4 ] [ 4 0 ] [ 4 0 0 0 ] [....]
 10081 - [ 00000001 ][ 0.000000 ] [ 1 ] [ 1 0 ] [ 1 0 0 0 ] [....]
 10082 - [ 00000000 ][ 0.000000 ] [ 0 ] [ 0 0 ] [ 0 0 0 0 ] [....]
 10083 - [ 46c14400 ][ 24738.000000 ] [ 1187070976 ] [ 17408 18113 ] [ 0 68 193 70 ] [.D.F]
 10084 - [ c245b3de ][ -49.425652 ] [ 3259347934 ] [ 46046 49733 ] [ 222 179 69 194 ] [..E.]
 10085 - [ 469284b3 ][ 18754.349609 ] [ 1184007347 ] [ 33971 18066 ] [ 179 132 146 70 ] [...F]
 10086 - [ 3f800000 ][ 1.000000 ] [ 1065353216 ] [ 0 16256 ] [ 0 0 128 63 ] [...?]
 10087 - [ 46c1e11a ][ 24816.550781 ] [ 1187111194 ] [ 57626 18113 ] [ 26 225 193 70 ] [...F]
 10088 - [ c24913f8 ][ -50.269501 ] [ 3259569144 ] [ 5112 49737 ] [ 248 19 73 194 ] [..I.]
 10089 - [ 469284b3 ][ 18754.349609 ] [ 1184007347 ] [ 33971 18066 ] [ 179 132 146 70 ] [...F]
 10090 - [ 3f800000 ][ 1.000000 ] [ 1065353216 ] [ 0 16256 ] [ 0 0 128 63 ] [...?]
 10091 - [ 46c1df1a ][ 24815.550781 ] [ 1187110682 ] [ 57114 18113 ] [ 26 223 193 70 ] [...F]
 10092 - [ c49eae66 ][ -1269.449951 ] [ 3298733670 ] [ 44646 50334 ] [ 102 174 158 196 ] [f...]
 10093 - [ 469284b3 ][ 18754.349609 ] [ 1184007347 ] [ 33971 18066 ] [ 179 132 146 70 ] [...F]
 10094 - [ 3f800000 ][ 1.000000 ] [ 1065353216 ] [ 0 16256 ] [ 0 0 128 63 ] [...?]
 10095 - [ 46c14400 ][ 24738.000000 ] [ 1187070976 ] [ 17408 18113 ] [ 0 68 193 70 ] [.D.F]
 10096 - [ c49e6e66 ][ -1267.449951 ] [ 3298717286 ] [ 28262 50334 ] [ 102 110 158 196 ] [fn..]
 10097 - [ 469284b3 ][ 18754.349609 ] [ 1184007347 ] [ 33971 18066 ] [ 179 132 146 70 ] [...F]
 10098 - [ 3f800000 ][ 1.000000 ] [ 1065353216 ] [ 0 16256 ] [ 0 0 128 63 ] [...?]
 10099 - [ 00000101 ][ 0.000000 ] [ 257 ] [ 257 0 ] [ 1 1 0 0 ] [....]
 10100 - [ 00000004 ][ 0.000000 ] [ 4 ] [ 4 0 ] [ 4 0 0 0 ] [....]
 10101 - [ 00000001 ][ 0.000000 ] [ 1 ] [ 1 0 ] [ 1 0 0 0 ] [....]
 10102 - [ 00000000 ][ 0.000000 ] [ 0 ] [ 0 0 ] [ 0 0 0 0 ] [....]
 10103 - [ 46c1e7cd ][ 24819.900391 ] [ 1187112909 ] [ 59341 18113 ] [ 205 231 193 70 ] [...F]
 10104 - [ c49eae66 ][ -1269.449951 ] [ 3298733670 ] [ 44646 50334 ] [ 102 174 158 196 ] [f...]
 10105 - [ 468a0b00 ][ 17669.500000 ] [ 1183451904 ] [ 2816 18058 ] [ 0 11 138 70 ] [...F]
 10106 - [ 3f800000 ][ 1.000000 ] [ 1065353216 ] [ 0 16256 ] [ 0 0 128 63 ] [...?]
 10107 - [ 46c1e9b3 ][ 24820.849609 ] [ 1187113395 ] [ 59827 18113 ] [ 179 233 193 70 ] [...F]
 10108 - [ c24913f8 ][ -50.269501 ] [ 3259569144 ] [ 5112 49737 ] [ 248 19 73 194 ] [..I.]
 10109 - [ 468a0b00 ][ 17669.500000 ] [ 1183451904 ] [ 2816 18058 ] [ 0 11 138 70 ] [...F]
 10110 - [ 3f800000 ][ 1.000000 ] [ 1065353216 ] [ 0 16256 ] [ 0 0 128 63 ] [...?]
 10111 - [ 46c14c9a ][ 24742.300781 ] [ 1187073178 ] [ 19610 18113 ] [ 154 76 193 70 ] [.L.F]
 10112 - [ c245b3f8 ][ -49.425751 ] [ 3259347960 ] [ 46072 49733 ] [ 248 179 69 194 ] [..E.]
 10113 - [ 468a0b00 ][ 17669.500000 ] [ 1183451904 ] [ 2816 18058 ] [ 0 11 138 70 ] [...F]
 10114 - [ 3f800000 ][ 1.000000 ] [ 1065353216 ] [ 0 16256 ] [ 0 0 128 63 ] [...?]
 10115 - [ 46c14c9a ][ 24742.300781 ] [ 1187073178 ] [ 19610 18113 ] [ 154 76 193 70 ] [.L.F]
 10116 - [ c49e6e8f ][ -1267.454956 ] [ 3298717327 ] [ 28303 50334 ] [ 143 110 158 196 ] [.n..]
 10117 - [ 468a0b00 ][ 17669.500000 ] [ 1183451904 ] [ 2816 18058 ] [ 0 11 138 70 ] [...F]
 10118 - [ 3f800000 ][ 1.000000 ] [ 1065353216 ] [ 0 16256 ] [ 0 0 128 63 ] [...?]
 10119 - [ 00000101 ][ 0.000000 ] [ 257 ] [ 257 0 ] [ 1 1 0 0 ] [....]
 10120 - [ 00000004 ][ 0.000000 ] [ 4 ] [ 4 0 ] [ 4 0 0 0 ] [....]
 10121 - [ 00000001 ][ 0.000000 ] [ 1 ] [ 1 0 ] [ 1 0 0 0 ] [....]
 10122 - [ 00000000 ][ 0.000000 ] [ 0 ] [ 0 0 ] [ 0 0 0 0 ] [....]
 10123 - [ 469d71b3 ][ 20152.849609 ] [ 1184723379 ] [ 29107 18077 ] [ 179 113 157 70 ] [.q.F]
 10124 - [ c482107b ][ -1040.515015 ] [ 3296858235 ] [ 4219 50306 ] [ 123 16 130 196 ] [{...]
 10125 - [ 4662059a ][ 14465.400391 ] [ 1180829082 ] [ 1434 18018 ] [ 154 5 98 70 ] [..bF]
 10126 - [ 3f800000 ][ 1.000000 ] [ 1065353216 ] [ 0 16256 ] [ 0 0 128 63 ] [...?]
 10127 - [ 46a2d39a ][ 20841.800781 ] [ 1185076122 ] [ 54170 18082 ] [ 154 211 162 70 ] [...F]
 10128 - [ c482107b ][ -1040.515015 ] [ 3296858235 ] [ 4219 50306 ] [ 123 16 130 196 ] [{...]
 10129 - [ 46620800 ][ 14466.000000 ] [ 1180829696 ] [ 2048 18018 ] [ 0 8 98 70 ] [..bF]
 10130 - [ 3f800000 ][ 1.000000 ] [ 1065353216 ] [ 0 16256 ] [ 0 0 128 63 ] [...?]
 10131 - [ 46a2ce33 ][ 20839.099609 ] [ 1185074739 ] [ 52787 18082 ] [ 51 206 162 70 ] [3..F]
 10132 - [ c482107b ][ -1040.515015 ] [ 3296858235 ] [ 4219 50306 ] [ 123 16 130 196 ] [{...]
 10133 - [ 4660e09a ][ 14392.150391 ] [ 1180754074 ] [ 57498 18016 ] [ 154 224 96 70 ] [..`F]
 10134 - [ 3f800000 ][ 1.000000 ] [ 1065353216 ] [ 0 16256 ] [ 0 0 128 63 ] [...?]
 10135 - [ 469d6c33 ][ 20150.099609 ] [ 1184721971 ] [ 27699 18077 ] [ 51 108 157 70 ] [3l.F]
 10136 - [ c482107b ][ -1040.515015 ] [ 3296858235 ] [ 4219 50306 ] [ 123 16 130 196 ] [{...]
 10137 - [ 4660de33 ][ 14391.549805 ] [ 1180753459 ] [ 56883 18016 ] [ 51 222 96 70 ] [3.`F]
 10138 - [ 3f800000 ][ 1.000000 ] [ 1065353216 ] [ 0 16256 ] [ 0 0 128 63 ] [...?]
 10139 - [ 00000101 ][ 0.000000 ] [ 257 ] [ 257 0 ] [ 1 1 0 0 ] [....]
 10140 - [ 00000004 ][ 0.000000 ] [ 4 ] [ 4 0 ] [ 4 0 0 0 ] [....]
 10141 - [ 00000001 ][ 0.000000 ] [ 1 ] [ 1 0 ] [ 1 0 0 0 ] [....]
 10142 - [ 00000000 ][ 0.000000 ] [ 0 ] [ 0 0 ] [ 0 0 0 0 ] [....]
 10143 - [ 46a2ce33 ][ 20839.099609 ] [ 1185074739 ] [ 52787 18082 ] [ 51 206 162 70 ] [3..F]
 10144 - [ c1c1832d ][ -24.189051 ] [ 3250684717 ] [ 33581 49601 ] [ 45 131 193 193 ] [-...]
 10145 - [ 4660e09a ][ 14392.150391 ] [ 1180754074 ] [ 57498 18016 ] [ 154 224 96 70 ] [..`F]
 10146 - [ 3f800000 ][ 1.000000 ] [ 1065353216 ] [ 0 16256 ] [ 0 0 128 63 ] [...?]
 10147 - [ 46a2ce33 ][ 20839.099609 ] [ 1185074739 ] [ 52787 18082 ] [ 51 206 162 70 ] [3..F]
 10148 - [ c482107b ][ -1040.515015 ] [ 3296858235 ] [ 4219 50306 ] [ 123 16 130 196 ] [{...]
 10149 - [ 4660e09a ][ 14392.150391 ] [ 1180754074 ] [ 57498 18016 ] [ 154 224 96 70 ] [..`F]
 10150 - [ 3f800000 ][ 1.000000 ] [ 1065353216 ] [ 0 16256 ] [ 0 0 128 63 ] [...?]
 10151 - [ 46a2d39a ][ 20841.800781 ] [ 1185076122 ] [ 54170 18082 ] [ 154 211 162 70 ] [...F]
 10152 - [ c482107b ][ -1040.515015 ] [ 3296858235 ] [ 4219 50306 ] [ 123 16 130 196 ] [{...]
 10153 - [ 46620800 ][ 14466.000000 ] [ 1180829696 ] [ 2048 18018 ] [ 0 8 98 70 ] [..bF]
 10154 - [ 3f800000 ][ 1.000000 ] [ 1065353216 ] [ 0 16256 ] [ 0 0 128 63 ] [...?]
 10155 - [ 46a2d39a ][ 20841.800781 ] [ 1185076122 ] [ 54170 18082 ] [ 154 211 162 70 ] [...F]
 10156 - [ c1c182f8 ][ -24.188950 ] [ 3250684664 ] [ 33528 49601 ] [ 248 130 193 193 ] [....]
 10157 - [ 46620800 ][ 14466.000000 ] [ 1180829696 ] [ 2048 18018 ] [ 0 8 98 70 ] [..bF]
 10158 - [ 3f800000 ][ 1.000000 ] [ 1065353216 ] [ 0 16256 ] [ 0 0 128 63 ] [...?]
 10159 - [ 00000101 ][ 0.000000 ] [ 257 ] [ 257 0 ] [ 1 1 0 0 ] [....]
 10160 - [ 00000004 ][ 0.000000 ] [ 4 ] [ 4 0 ] [ 4 0 0 0 ] [....]
 10161 - [ 00000001 ][ 0.000000 ] [ 1 ] [ 1 0 ] [ 1 0 0 0 ] [....]
 10162 - [ 00000000 ][ 0.000000 ] [ 0 ] [ 0 0 ] [ 0 0 0 0 ] [....]
 10163 - [ 469d71b3 ][ 20152.849609 ] [ 1184723379 ] [ 29107 18077 ] [ 179 113 157 70 ] [.q.F]
 10164 - [ c1c182f8 ][ -24.188950 ] [ 3250684664 ] [ 33528 49601 ] [ 248 130 193 193 ] [....]
 10165 - [ 4662059a ][ 14465.400391 ] [ 1180829082 ] [ 1434 18018 ] [ 154 5 98 70 ] [..bF]
 10166 - [ 3f800000 ][ 1.000000 ] [ 1065353216 ] [ 0 16256 ] [ 0 0 128 63 ] [...?]
 10167 - [ 469d71b3 ][ 20152.849609 ] [ 1184723379 ] [ 29107 18077 ] [ 179 113 157 70 ] [.q.F]
 10168 - [ c482107b ][ -1040.515015 ] [ 3296858235 ] [ 4219 50306 ] [ 123 16 130 196 ] [{...]
 10169 - [ 4662059a ][ 14465.400391 ] [ 1180829082 ] [ 1434 18018 ] [ 154 5 98 70 ] [..bF]
 10170 - [ 3f800000 ][ 1.000000 ] [ 1065353216 ] [ 0 16256 ] [ 0 0 128 63 ] [...?]
 10171 - [ 469d6c33 ][ 20150.099609 ] [ 1184721971 ] [ 27699 18077 ] [ 51 108 157 70 ] [3l.F]
 10172 - [ c482107b ][ -1040.515015 ] [ 3296858235 ] [ 4219 50306 ] [ 123 16 130 196 ] [{...]
 10173 - [ 4660de33 ][ 14391.549805 ] [ 1180753459 ] [ 56883 18016 ] [ 51 222 96 70 ] [3.`F]
 10174 - [ 3f800000 ][ 1.000000 ] [ 1065353216 ] [ 0 16256 ] [ 0 0 128 63 ] [...?]
 10175 - [ 469d6c33 ][ 20150.099609 ] [ 1184721971 ] [ 27699 18077 ] [ 51 108 157 70 ] [3l.F]
 10176 - [ c1c1832d ][ -24.189051 ] [ 3250684717 ] [ 33581 49601 ] [ 45 131 193 193 ] [-...]
 10177 - [ 4660de33 ][ 14391.549805 ] [ 1180753459 ] [ 56883 18016 ] [ 51 222 96 70 ] [3.`F]
 10178 - [ 3f800000 ][ 1.000000 ] [ 1065353216 ] [ 0 16256 ] [ 0 0 128 63 ] [...?]
 10179 - [ 00000101 ][ 0.000000 ] [ 257 ] [ 257 0 ] [ 1 1 0 0 ] [....]
 10180 - [ 00000004 ][ 0.000000 ] [ 4 ] [ 4 0 ] [ 4 0 0 0 ] [....]
 10181 - [ 00000001 ][ 0.000000 ] [ 1 ] [ 1 0 ] [ 1 0 0 0 ] [....]
 10182 - [ 00000000 ][ 0.000000 ] [ 0 ] [ 0 0 ] [ 0 0 0 0 ] [....]
 10183 - [ 46a2d39a ][ 20841.800781 ] [ 1185076122 ] [ 54170 18082 ] [ 154 211 162 70 ] [...F]
 10184 - [ c1c182f8 ][ -24.188950 ] [ 3250684664 ] [ 33528 49601 ] [ 248 130 193 193 ] [....]
 10185 - [ 46620800 ][ 14466.000000 ] [ 1180829696 ] [ 2048 18018 ] [ 0 8 98 70 ] [..bF]
 10186 - [ 3f800000 ][ 1.000000 ] [ 1065353216 ] [ 0 16256 ] [ 0 0 128 63 ] [...?]
 10187 - [ 46a2d39a ][ 20841.800781 ] [ 1185076122 ] [ 54170 18082 ] [ 154 211 162 70 ] [...F]
 10188 - [ c482107b ][ -1040.515015 ] [ 3296858235 ] [ 4219 50306 ] [ 123 16 130 196 ] [{...]
 10189 - [ 46620800 ][ 14466.000000 ] [ 1180829696 ] [ 2048 18018 ] [ 0 8 98 70 ] [..bF]
 10190 - [ 3f800000 ][ 1.000000 ] [ 1065353216 ] [ 0 16256 ] [ 0 0 128 63 ] [...?]
 10191 - [ 469d71b3 ][ 20152.849609 ] [ 1184723379 ] [ 29107 18077 ] [ 179 113 157 70 ] [.q.F]
 10192 - [ c482107b ][ -1040.515015 ] [ 3296858235 ] [ 4219 50306 ] [ 123 16 130 196 ] [{...]
 10193 - [ 4662059a ][ 14465.400391 ] [ 1180829082 ] [ 1434 18018 ] [ 154 5 98 70 ] [..bF]
 10194 - [ 3f800000 ][ 1.000000 ] [ 1065353216 ] [ 0 16256 ] [ 0 0 128 63 ] [...?]
 10195 - [ 469d71b3 ][ 20152.849609 ] [ 1184723379 ] [ 29107 18077 ] [ 179 113 157 70 ] [.q.F]
 10196 - [ c1c182f8 ][ -24.188950 ] [ 3250684664 ] [ 33528 49601 ] [ 248 130 193 193 ] [....]
 10197 - [ 4662059a ][ 14465.400391 ] [ 1180829082 ] [ 1434 18018 ] [ 154 5 98 70 ] [..bF]
 10198 - [ 3f800000 ][ 1.000000 ] [ 1065353216 ] [ 0 16256 ] [ 0 0 128 63 ] [...?]
 10199 - [ 00000000 ][ 0.000000 ] [ 0 ] [ 0 0 ] [ 0 0 0 0 ] [....]
 10200 - [ 00000000 ][ 0.000000 ] [ 0 ] [ 0 0 ] [ 0 0 0 0 ] [....]
 10201 - [ 00000000 ][ 0.000000 ] [ 0 ] [ 0 0 ] [ 0 0 0 0 ] [....]
 10202 - [ 00000000 ][ 0.000000 ] [ 0 ] [ 0 0 ] [ 0 0 0 0 ] [....]
 10203 - [ 00000000 ][ 0.000000 ] [ 0 ] [ 0 0 ] [ 0 0 0 0 ] [....]
 10204 - [ 00000000 ][ 0.000000 ] [ 0 ] [ 0 0 ] [ 0 0 0 0 ] [....]
 10205 - [ 00000000 ][ 0.000000 ] [ 0 ] [ 0 0 ] [ 0 0 0 0 ] [....]
 10206 - [ 00000000 ][ 0.000000 ] [ 0 ] [ 0 0 ] [ 0 0 0 0 ] [....]
 10207 - [ 00000000 ][ 0.000000 ] [ 0 ] [ 0 0 ] [ 0 0 0 0 ] [....]
 10208 - [ 00000000 ][ 0.000000 ] [ 0 ] [ 0 0 ] [ 0 0 0 0 ] [....]
 10209 - [ 00000000 ][ 0.000000 ] [ 0 ] [ 0 0 ] [ 0 0 0 0 ] [....]
 10210 - [ 00000000 ][ 0.000000 ] [ 0 ] [ 0 0 ] [ 0 0 0 0 ] [....]
 10211 - [ 00000000 ][ 0.000000 ] [ 0 ] [ 0 0 ] [ 0 0 0 0 ] [....]
 10212 - [ 00000000 ][ 0.000000 ] [ 0 ] [ 0 0 ] [ 0 0 0 0 ] [....]
 10213 - [ 00000000 ][ 0.000000 ] [ 0 ] [ 0 0 ] [ 0 0 0 0 ] [....]
 10214 - [ 00000000 ][ 0.000000 ] [ 0 ] [ 0 0 ] [ 0 0 0 0 ] [....]
 10215 - [ 00000000 ][ 0.000000 ] [ 0 ] [ 0 0 ] [ 0 0 0 0 ] [....]
 10216 - [ 00000000 ][ 0.000000 ] [ 0 ] [ 0 0 ] [ 0 0 0 0 ] [....]
 10217 - [ 00000000 ][ 0.000000 ] [ 0 ] [ 0 0 ] [ 0 0 0 0 ] [....]
 10218 - [ 00000000 ][ 0.000000 ] [ 0 ] [ 0 0 ] [ 0 0 0 0 ] [....]
 10219 - [ 00000101 ][ 0.000000 ] [ 257 ] [ 257 0 ] [ 1 1 0 0 ] [....]
 10220 - [ 00000004 ][ 0.000000 ] [ 4 ] [ 4 0 ] [ 4 0 0 0 ] [....]
 10221 - [ 00001000 ][ 0.000000 ] [ 4096 ] [ 4096 0 ] [ 0 16 0 0 ] [....]
 10222 - [ 00000000 ][ 0.000000 ] [ 0 ] [ 0 0 ] [ 0 0 0 0 ] [....]
 10223 - [ 4697ba00 ][ 19421.000000 ] [ 1184348672 ] [ 47616 18071 ] [ 0 186 151 70 ] [...F]
 10224 - [ c518d70a ][ -2445.439941 ] [ 3306739466 ] [ 55050 50456 ] [ 10 215 24 197 ] [....]
 10225 - [ 46bb0d00 ][ 23942.500000 ] [ 1186663680 ] [ 3328 18107 ] [ 0 13 187 70 ] [...F]
 10226 - [ 3f800000 ][ 1.000000 ] [ 1065353216 ] [ 0 16256 ] [ 0 0 128 63 ] [...?]
 10227 - [ 4697ba00 ][ 19421.000000 ] [ 1184348672 ] [ 47616 18071 ] [ 0 186 151 70 ] [...F]
 10228 - [ 44842971 ][ 1057.295044 ] [ 1149512049 ] [ 10609 17540 ] [ 113 41 132 68 ] [q).D]
 10229 - [ 46bb0d00 ][ 23942.500000 ] [ 1186663680 ] [ 3328 18107 ] [ 0 13 187 70 ] [...F]
 10230 - [ 3f800000 ][ 1.000000 ] [ 1065353216 ] [ 0 16256 ] [ 0 0 128 63 ] [...?]
 10231 - [ 468d2f4d ][ 18071.650391 ] [ 1183657805 ] [ 12109 18061 ] [ 77 47 141 70 ] [M/.F]
 10232 - [ 44842971 ][ 1057.295044 ] [ 1149512049 ] [ 10609 17540 ] [ 113 41 132 68 ] [q).D]
 10233 - [ 46bb12cd ][ 23945.400391 ] [ 1186665165 ] [ 4813 18107 ] [ 205 18 187 70 ] [...F]
 10234 - [ 3f800000 ][ 1.000000 ] [ 1065353216 ] [ 0 16256 ] [ 0 0 128 63 ] [...?]
 10235 - [ 468d2f4d ][ 18071.650391 ] [ 1183657805 ] [ 12109 18061 ] [ 77 47 141 70 ] [M/.F]
 10236 - [ c518d70a ][ -2445.439941 ] [ 3306739466 ] [ 55050 50456 ] [ 10 215 24 197 ] [....]
 10237 - [ 46bb12cd ][ 23945.400391 ] [ 1186665165 ] [ 4813 18107 ] [ 205 18 187 70 ] [...F]
 10238 - [ 3f800000 ][ 1.000000 ] [ 1065353216 ] [ 0 16256 ] [ 0 0 128 63 ] [...?]
 10239 - [ 00000101 ][ 0.000000 ] [ 257 ] [ 257 0 ] [ 1 1 0 0 ] [....]
 10240 - [ 00000004 ][ 0.000000 ] [ 4 ] [ 4 0 ] [ 4 0 0 0 ] [....]
 10241 - [ 00001000 ][ 0.000000 ] [ 4096 ] [ 4096 0 ] [ 0 16 0 0 ] [....]
 10242 - [ 00000000 ][ 0.000000 ] [ 0 ] [ 0 0 ] [ 0 0 0 0 ] [....]
 10243 - [ 468d2f4d ][ 18071.650391 ] [ 1183657805 ] [ 12109 18061 ] [ 77 47 141 70 ] [M/.F]
 10244 - [ c518d70a ][ -2445.439941 ] [ 3306739466 ] [ 55050 50456 ] [ 10 215 24 197 ] [....]
 10245 - [ 46bb12cd ][ 23945.400391 ] [ 1186665165 ] [ 4813 18107 ] [ 205 18 187 70 ] [...F]
 10246 - [ 3f800000 ][ 1.000000 ] [ 1065353216 ] [ 0 16256 ] [ 0 0 128 63 ] [...?]
 10247 - [ 468d2f4d ][ 18071.650391 ] [ 1183657805 ] [ 12109 18061 ] [ 77 47 141 70 ] [M/.F]
 10248 - [ 44842971 ][ 1057.295044 ] [ 1149512049 ] [ 10609 17540 ] [ 113 41 132 68 ] [q).D]
 10249 - [ 46bb12cd ][ 23945.400391 ] [ 1186665165 ] [ 4813 18107 ] [ 205 18 187 70 ] [...F]
 10250 - [ 3f800000 ][ 1.000000 ] [ 1065353216 ] [ 0 16256 ] [ 0 0 128 63 ] [...?]
 10251 - [ 468abf66 ][ 17759.699219 ] [ 1183498086 ] [ 48998 18058 ] [ 102 191 138 70 ] [f..F]
 10252 - [ 44842971 ][ 1057.295044 ] [ 1149512049 ] [ 10609 17540 ] [ 113 41 132 68 ] [q).D]
 10253 - [ 46b78d9a ][ 23494.800781 ] [ 1186434458 ] [ 36250 18103 ] [ 154 141 183 70 ] [...F]
 10254 - [ 3f800000 ][ 1.000000 ] [ 1065353216 ] [ 0 16256 ] [ 0 0 128 63 ] [...?]
 10255 - [ 468abf66 ][ 17759.699219 ] [ 1183498086 ] [ 48998 18058 ] [ 102 191 138 70 ] [f..F]
 10256 - [ c518d70a ][ -2445.439941 ] [ 3306739466 ] [ 55050 50456 ] [ 10 215 24 197 ] [....]
 10257 - [ 46b78d9a ][ 23494.800781 ] [ 1186434458 ] [ 36250 18103 ] [ 154 141 183 70 ] [...F]
 10258 - [ 3f800000 ][ 1.000000 ] [ 1065353216 ] [ 0 16256 ] [ 0 0 128 63 ] [...?]
 10259 - [ 00000101 ][ 0.000000 ] [ 257 ] [ 257 0 ] [ 1 1 0 0 ] [....]
 10260 - [ 00000004 ][ 0.000000 ] [ 4 ] [ 4 0 ] [ 4 0 0 0 ] [....]
 10261 - [ 00001000 ][ 0.000000 ] [ 4096 ] [ 4096 0 ] [ 0 16 0 0 ] [....]
 10262 - [ 00000000 ][ 0.000000 ] [ 0 ] [ 0 0 ] [ 0 0 0 0 ] [....]
 10263 - [ 468abf66 ][ 17759.699219 ] [ 1183498086 ] [ 48998 18058 ] [ 102 191 138 70 ] [f..F]
 10264 - [ c518d70a ][ -2445.439941 ] [ 3306739466 ] [ 55050 50456 ] [ 10 215 24 197 ] [....]
 10265 - [ 46b78d9a ][ 23494.800781 ] [ 1186434458 ] [ 36250 18103 ] [ 154 141 183 70 ] [...F]
 10266 - [ 3f800000 ][ 1.000000 ] [ 1065353216 ] [ 0 16256 ] [ 0 0 128 63 ] [...?]
 10267 - [ 468abf66 ][ 17759.699219 ] [ 1183498086 ] [ 48998 18058 ] [ 102 191 138 70 ] [f..F]
 10268 - [ 44842971 ][ 1057.295044 ] [ 1149512049 ] [ 10609 17540 ] [ 113 41 132 68 ] [q).D]
 10269 - [ 46b78d9a ][ 23494.800781 ] [ 1186434458 ] [ 36250 18103 ] [ 154 141 183 70 ] [...F]
 10270 - [ 3f800000 ][ 1.000000 ] [ 1065353216 ] [ 0 16256 ] [ 0 0 128 63 ] [...?]
 10271 - [ 46885e4d ][ 17455.150391 ] [ 1183342157 ] [ 24141 18056 ] [ 77 94 136 70 ] [M^.F]
 10272 - [ 44842971 ][ 1057.295044 ] [ 1149512049 ] [ 10609 17540 ] [ 113 41 132 68 ] [q).D]
 10273 - [ 46b7a99a ][ 23508.800781 ] [ 1186441626 ] [ 43418 18103 ] [ 154 169 183 70 ] [...F]
 10274 - [ 3f800000 ][ 1.000000 ] [ 1065353216 ] [ 0 16256 ] [ 0 0 128 63 ] [...?]
 10275 - [ 46885e4d ][ 17455.150391 ] [ 1183342157 ] [ 24141 18056 ] [ 77 94 136 70 ] [M^.F]
 10276 - [ c518d70a ][ -2445.439941 ] [ 3306739466 ] [ 55050 50456 ] [ 10 215 24 197 ] [....]
 10277 - [ 46b7a99a ][ 23508.800781 ] [ 1186441626 ] [ 43418 18103 ] [ 154 169 183 70 ] [...F]
 10278 - [ 3f800000 ][ 1.000000 ] [ 1065353216 ] [ 0 16256 ] [ 0 0 128 63 ] [...?]
 10279 - [ 00000101 ][ 0.000000 ] [ 257 ] [ 257 0 ] [ 1 1 0 0 ] [....]
 10280 - [ 00000004 ][ 0.000000 ] [ 4 ] [ 4 0 ] [ 4 0 0 0 ] [....]
 10281 - [ 00001000 ][ 0.000000 ] [ 4096 ] [ 4096 0 ] [ 0 16 0 0 ] [....]
 10282 - [ 00000000 ][ 0.000000 ] [ 0 ] [ 0 0 ] [ 0 0 0 0 ] [....]
 10283 - [ 467acf9a ][ 16051.900391 ] [ 1182453658 ] [ 53146 18042 ] [ 154 207 122 70 ] [..zF]
 10284 - [ c518d70a ][ -2445.439941 ] [ 3306739466 ] [ 55050 50456 ] [ 10 215 24 197 ] [....]
 10285 - [ 46ab209a ][ 21904.300781 ] [ 1185620122 ] [ 8346 18091 ] [ 154 32 171 70 ] [...F]
 10286 - [ 3f800000 ][ 1.000000 ] [ 1065353216 ] [ 0 16256 ] [ 0 0 128 63 ] [...?]
 10287 - [ 46885e4d ][ 17455.150391 ] [ 1183342157 ] [ 24141 18056 ] [ 77 94 136 70 ] [M^.F]
 10288 - [ c518d70a ][ -2445.439941 ] [ 3306739466 ] [ 55050 50456 ] [ 10 215 24 197 ] [....]
 10289 - [ 46b7a99a ][ 23508.800781 ] [ 1186441626 ] [ 43418 18103 ] [ 154 169 183 70 ] [...F]
 10290 - [ 3f800000 ][ 1.000000 ] [ 1065353216 ] [ 0 16256 ] [ 0 0 128 63 ] [...?]
 10291 - [ 46885e4d ][ 17455.150391 ] [ 1183342157 ] [ 24141 18056 ] [ 77 94 136 70 ] [M^.F]
 10292 - [ 44842971 ][ 1057.295044 ] [ 1149512049 ] [ 10609 17540 ] [ 113 41 132 68 ] [q).D]
 10293 - [ 46b7a99a ][ 23508.800781 ] [ 1186441626 ] [ 43418 18103 ] [ 154 169 183 70 ] [...F]
 10294 - [ 3f800000 ][ 1.000000 ] [ 1065353216 ] [ 0 16256 ] [ 0 0 128 63 ] [...?]
 10295 - [ 467acf9a ][ 16051.900391 ] [ 1182453658 ] [ 53146 18042 ] [ 154 207 122 70 ] [..zF]
 10296 - [ 44842971 ][ 1057.295044 ] [ 1149512049 ] [ 10609 17540 ] [ 113 41 132 68 ] [q).D]
 10297 - [ 46ab209a ][ 21904.300781 ] [ 1185620122 ] [ 8346 18091 ] [ 154 32 171 70 ] [...F]
 10298 - [ 3f800000 ][ 1.000000 ] [ 1065353216 ] [ 0 16256 ] [ 0 0 128 63 ] [...?]
 10299 - [ 00000101 ][ 0.000000 ] [ 257 ] [ 257 0 ] [ 1 1 0 0 ] [....]
 10300 - [ 00000004 ][ 0.000000 ] [ 4 ] [ 4 0 ] [ 4 0 0 0 ] [....]
 10301 - [ 00001000 ][ 0.000000 ] [ 4096 ] [ 4096 0 ] [ 0 16 0 0 ] [....]
 10302 - [ 00000000 ][ 0.000000 ] [ 0 ] [ 0 0 ] [ 0 0 0 0 ] [....]
 10303 - [ 467af333 ][ 16060.799805 ] [ 1182462771 ] [ 62259 18042 ] [ 51 243 122 70 ] [3.zF]
 10304 - [ c518d70a ][ -2445.439941 ] [ 3306739466 ] [ 55050 50456 ] [ 10 215 24 197 ] [....]
 10305 - [ 46a28600 ][ 20803.000000 ] [ 1185056256 ] [ 34304 18082 ] [ 0 134 162 70 ] [...F]
 10306 - [ 3f800000 ][ 1.000000 ] [ 1065353216 ] [ 0 16256 ] [ 0 0 128 63 ] [...?]
 10307 - [ 467acf9a ][ 16051.900391 ] [ 1182453658 ] [ 53146 18042 ] [ 154 207 122 70 ] [..zF]
 10308 - [ c518d70a ][ -2445.439941 ] [ 3306739466 ] [ 55050 50456 ] [ 10 215 24 197 ] [....]
 10309 - [ 46ab209a ][ 21904.300781 ] [ 1185620122 ] [ 8346 18091 ] [ 154 32 171 70 ] [...F]
 10310 - [ 3f800000 ][ 1.000000 ] [ 1065353216 ] [ 0 16256 ] [ 0 0 128 63 ] [...?]
 10311 - [ 467acf9a ][ 16051.900391 ] [ 1182453658 ] [ 53146 18042 ] [ 154 207 122 70 ] [..zF]
 10312 - [ 44842971 ][ 1057.295044 ] [ 1149512049 ] [ 10609 17540 ] [ 113 41 132 68 ] [q).D]
 10313 - [ 46ab209a ][ 21904.300781 ] [ 1185620122 ] [ 8346 18091 ] [ 154 32 171 70 ] [...F]
 10314 - [ 3f800000 ][ 1.000000 ] [ 1065353216 ] [ 0 16256 ] [ 0 0 128 63 ] [...?]
 10315 - [ 467af333 ][ 16060.799805 ] [ 1182462771 ] [ 62259 18042 ] [ 51 243 122 70 ] [3.zF]
 10316 - [ 44842971 ][ 1057.295044 ] [ 1149512049 ] [ 10609 17540 ] [ 113 41 132 68 ] [q).D]
 10317 - [ 46a28600 ][ 20803.000000 ] [ 1185056256 ] [ 34304 18082 ] [ 0 134 162 70 ] [...F]
 10318 - [ 3f800000 ][ 1.000000 ] [ 1065353216 ] [ 0 16256 ] [ 0 0 128 63 ] [...?]
 10319 - [ 00000101 ][ 0.000000 ] [ 257 ] [ 257 0 ] [ 1 1 0 0 ] [....]
 10320 - [ 00000004 ][ 0.000000 ] [ 4 ] [ 4 0 ] [ 4 0 0 0 ] [....]
 10321 - [ 00001000 ][ 0.000000 ] [ 4096 ] [ 4096 0 ] [ 0 16 0 0 ] [....]
 10322 - [ 00000000 ][ 0.000000 ] [ 0 ] [ 0 0 ] [ 0 0 0 0 ] [....]
 10323 - [ 467af333 ][ 16060.799805 ] [ 1182462771 ] [ 62259 18042 ] [ 51 243 122 70 ] [3.zF]
 10324 - [ c518d70a ][ -2445.439941 ] [ 3306739466 ] [ 55050 50456 ] [ 10 215 24 197 ] [....]
 10325 - [ 46a28600 ][ 20803.000000 ] [ 1185056256 ] [ 34304 18082 ] [ 0 134 162 70 ] [...F]
 10326 - [ 3f800000 ][ 1.000000 ] [ 1065353216 ] [ 0 16256 ] [ 0 0 128 63 ] [...?]
 10327 - [ 467af333 ][ 16060.799805 ] [ 1182462771 ] [ 62259 18042 ] [ 51 243 122 70 ] [3.zF]
 10328 - [ 44842971 ][ 1057.295044 ] [ 1149512049 ] [ 10609 17540 ] [ 113 41 132 68 ] [q).D]
 10329 - [ 46a28600 ][ 20803.000000 ] [ 1185056256 ] [ 34304 18082 ] [ 0 134 162 70 ] [...F]
 10330 - [ 3f800000 ][ 1.000000 ] [ 1065353216 ] [ 0 16256 ] [ 0 0 128 63 ] [...?]
 10331 - [ 466ffccd ][ 15359.200195 ] [ 1181744333 ] [ 64717 18031 ] [ 205 252 111 70 ] [..oF]
 10332 - [ 44842971 ][ 1057.295044 ] [ 1149512049 ] [ 10609 17540 ] [ 113 41 132 68 ] [q).D]
 10333 - [ 46a28600 ][ 20803.000000 ] [ 1185056256 ] [ 34304 18082 ] [ 0 134 162 70 ] [...F]
 10334 - [ 3f800000 ][ 1.000000 ] [ 1065353216 ] [ 0 16256 ] [ 0 0 128 63 ] [...?]
 10335 - [ 466ffccd ][ 15359.200195 ] [ 1181744333 ] [ 64717 18031 ] [ 205 252 111 70 ] [..oF]
 10336 - [ c518d70a ][ -2445.439941 ] [ 3306739466 ] [ 55050 50456 ] [ 10 215 24 197 ] [....]
 10337 - [ 46a28600 ][ 20803.000000 ] [ 1185056256 ] [ 34304 18082 ] [ 0 134 162 70 ] [...F]
 10338 - [ 3f800000 ][ 1.000000 ] [ 1065353216 ] [ 0 16256 ] [ 0 0 128 63 ] [...?]
 10339 - [ 00000101 ][ 0.000000 ] [ 257 ] [ 257 0 ] [ 1 1 0 0 ] [....]
 10340 - [ 00000004 ][ 0.000000 ] [ 4 ] [ 4 0 ] [ 4 0 0 0 ] [....]
 10341 - [ 00001000 ][ 0.000000 ] [ 4096 ] [ 4096 0 ] [ 0 16 0 0 ] [....]
 10342 - [ 00000000 ][ 0.000000 ] [ 0 ] [ 0 0 ] [ 0 0 0 0 ] [....]
 10343 - [ 466ffccd ][ 15359.200195 ] [ 1181744333 ] [ 64717 18031 ] [ 205 252 111 70 ] [..oF]
 10344 - [ c518d70a ][ -2445.439941 ] [ 3306739466 ] [ 55050 50456 ] [ 10 215 24 197 ] [....]
 10345 - [ 46a28600 ][ 20803.000000 ] [ 1185056256 ] [ 34304 18082 ] [ 0 134 162 70 ] [...F]
 10346 - [ 3f800000 ][ 1.000000 ] [ 1065353216 ] [ 0 16256 ] [ 0 0 128 63 ] [...?]
 10347 - [ 466ffccd ][ 15359.200195 ] [ 1181744333 ] [ 64717 18031 ] [ 205 252 111 70 ] [..oF]
 10348 - [ 44842971 ][ 1057.295044 ] [ 1149512049 ] [ 10609 17540 ] [ 113 41 132 68 ] [q).D]
 10349 - [ 46a28600 ][ 20803.000000 ] [ 1185056256 ] [ 34304 18082 ] [ 0 134 162 70 ] [...F]
 10350 - [ 3f800000 ][ 1.000000 ] [ 1065353216 ] [ 0 16256 ] [ 0 0 128 63 ] [...?]
 10351 - [ 467008cd ][ 15362.200195 ] [ 1181747405 ] [ 2253 18032 ] [ 205 8 112 70 ] [..pF]
 10352 - [ 44842971 ][ 1057.295044 ] [ 1149512049 ] [ 10609 17540 ] [ 113 41 132 68 ] [q).D]
 10353 - [ 469668cd ][ 19252.400391 ] [ 1184262349 ] [ 26829 18070 ] [ 205 104 150 70 ] [.h.F]
 10354 - [ 3f800000 ][ 1.000000 ] [ 1065353216 ] [ 0 16256 ] [ 0 0 128 63 ] [...?]
 10355 - [ 467008cd ][ 15362.200195 ] [ 1181747405 ] [ 2253 18032 ] [ 205 8 112 70 ] [..pF]
 10356 - [ c518d70a ][ -2445.439941 ] [ 3306739466 ] [ 55050 50456 ] [ 10 215 24 197 ] [....]
 10357 - [ 469668cd ][ 19252.400391 ] [ 1184262349 ] [ 26829 18070 ] [ 205 104 150 70 ] [.h.F]
 10358 - [ 3f800000 ][ 1.000000 ] [ 1065353216 ] [ 0 16256 ] [ 0 0 128 63 ] [...?]
 10359 - [ 00000101 ][ 0.000000 ] [ 257 ] [ 257 0 ] [ 1 1 0 0 ] [....]
 10360 - [ 00000004 ][ 0.000000 ] [ 4 ] [ 4 0 ] [ 4 0 0 0 ] [....]
 10361 - [ 00001000 ][ 0.000000 ] [ 4096 ] [ 4096 0 ] [ 0 16 0 0 ] [....]
 10362 - [ 00000000 ][ 0.000000 ] [ 0 ] [ 0 0 ] [ 0 0 0 0 ] [....]
 10363 - [ 467008cd ][ 15362.200195 ] [ 1181747405 ] [ 2253 18032 ] [ 205 8 112 70 ] [..pF]
 10364 - [ c518d70a ][ -2445.439941 ] [ 3306739466 ] [ 55050 50456 ] [ 10 215 24 197 ] [....]
 10365 - [ 469668cd ][ 19252.400391 ] [ 1184262349 ] [ 26829 18070 ] [ 205 104 150 70 ] [.h.F]
 10366 - [ 3f800000 ][ 1.000000 ] [ 1065353216 ] [ 0 16256 ] [ 0 0 128 63 ] [...?]
 10367 - [ 467008cd ][ 15362.200195 ] [ 1181747405 ] [ 2253 18032 ] [ 205 8 112 70 ] [..pF]
 10368 - [ 44842971 ][ 1057.295044 ] [ 1149512049 ] [ 10609 17540 ] [ 113 41 132 68 ] [q).D]
 10369 - [ 469668cd ][ 19252.400391 ] [ 1184262349 ] [ 26829 18070 ] [ 205 104 150 70 ] [.h.F]
 10370 - [ 3f800000 ][ 1.000000 ] [ 1065353216 ] [ 0 16256 ] [ 0 0 128 63 ] [...?]
 10371 - [ 467b2200 ][ 16072.500000 ] [ 1182474752 ] [ 8704 18043 ] [ 0 34 123 70 ] [."{F]
 10372 - [ 44842971 ][ 1057.295044 ] [ 1149512049 ] [ 10609 17540 ] [ 113 41 132 68 ] [q).D]
 10373 - [ 4695f200 ][ 19193.000000 ] [ 1184231936 ] [ 61952 18069 ] [ 0 242 149 70 ] [...F]
 10374 - [ 3f800000 ][ 1.000000 ] [ 1065353216 ] [ 0 16256 ] [ 0 0 128 63 ] [...?]
 10375 - [ 467b2200 ][ 16072.500000 ] [ 1182474752 ] [ 8704 18043 ] [ 0 34 123 70 ] [."{F]
 10376 - [ c518d70a ][ -2445.439941 ] [ 3306739466 ] [ 55050 50456 ] [ 10 215 24 197 ] [....]
 10377 - [ 4695f200 ][ 19193.000000 ] [ 1184231936 ] [ 61952 18069 ] [ 0 242 149 70 ] [...F]
 10378 - [ 3f800000 ][ 1.000000 ] [ 1065353216 ] [ 0 16256 ] [ 0 0 128 63 ] [...?]
 10379 - [ 00000101 ][ 0.000000 ] [ 257 ] [ 257 0 ] [ 1 1 0 0 ] [....]
 10380 - [ 00000004 ][ 0.000000 ] [ 4 ] [ 4 0 ] [ 4 0 0 0 ] [....]
 10381 - [ 00001000 ][ 0.000000 ] [ 4096 ] [ 4096 0 ] [ 0 16 0 0 ] [....]
 10382 - [ 00000000 ][ 0.000000 ] [ 0 ] [ 0 0 ] [ 0 0 0 0 ] [....]
 10383 - [ 46883b9a ][ 17437.800781 ] [ 1183333274 ] [ 15258 18056 ] [ 154 59 136 70 ] [.;.F]
 10384 - [ c518d70a ][ -2445.439941 ] [ 3306739466 ] [ 55050 50456 ] [ 10 215 24 197 ] [....]
 10385 - [ 468044b3 ][ 16418.349609 ] [ 1182811315 ] [ 17587 18048 ] [ 179 68 128 70 ] [.D.F]
 10386 - [ 3f800000 ][ 1.000000 ] [ 1065353216 ] [ 0 16256 ] [ 0 0 128 63 ] [...?]
 10387 - [ 467b2200 ][ 16072.500000 ] [ 1182474752 ] [ 8704 18043 ] [ 0 34 123 70 ] [."{F]
 10388 - [ c518d70a ][ -2445.439941 ] [ 3306739466 ] [ 55050 50456 ] [ 10 215 24 197 ] [....]
 10389 - [ 4695f200 ][ 19193.000000 ] [ 1184231936 ] [ 61952 18069 ] [ 0 242 149 70 ] [...F]
 10390 - [ 3f800000 ][ 1.000000 ] [ 1065353216 ] [ 0 16256 ] [ 0 0 128 63 ] [...?]
 10391 - [ 467b2200 ][ 16072.500000 ] [ 1182474752 ] [ 8704 18043 ] [ 0 34 123 70 ] [."{F]
 10392 - [ 44842971 ][ 1057.295044 ] [ 1149512049 ] [ 10609 17540 ] [ 113 41 132 68 ] [q).D]
 10393 - [ 4695f200 ][ 19193.000000 ] [ 1184231936 ] [ 61952 18069 ] [ 0 242 149 70 ] [...F]
 10394 - [ 3f800000 ][ 1.000000 ] [ 1065353216 ] [ 0 16256 ] [ 0 0 128 63 ] [...?]
 10395 - [ 46883b9a ][ 17437.800781 ] [ 1183333274 ] [ 15258 18056 ] [ 154 59 136 70 ] [.;.F]
 10396 - [ 44842971 ][ 1057.295044 ] [ 1149512049 ] [ 10609 17540 ] [ 113 41 132 68 ] [q).D]
 10397 - [ 468044b3 ][ 16418.349609 ] [ 1182811315 ] [ 17587 18048 ] [ 179 68 128 70 ] [.D.F]
 10398 - [ 3f800000 ][ 1.000000 ] [ 1065353216 ] [ 0 16256 ] [ 0 0 128 63 ] [...?]
 10399 - [ 00000101 ][ 0.000000 ] [ 257 ] [ 257 0 ] [ 1 1 0 0 ] [....]
 10400 - [ 00000004 ][ 0.000000 ] [ 4 ] [ 4 0 ] [ 4 0 0 0 ] [....]
 10401 - [ 00001000 ][ 0.000000 ] [ 4096 ] [ 4096 0 ] [ 0 16 0 0 ] [....]
 10402 - [ 00000000 ][ 0.000000 ] [ 0 ] [ 0 0 ] [ 0 0 0 0 ] [....]
 10403 - [ 46883b9a ][ 17437.800781 ] [ 1183333274 ] [ 15258 18056 ] [ 154 59 136 70 ] [.;.F]
 10404 - [ c518d70a ][ -2445.439941 ] [ 3306739466 ] [ 55050 50456 ] [ 10 215 24 197 ] [....]
 10405 - [ 468044b3 ][ 16418.349609 ] [ 1182811315 ] [ 17587 18048 ] [ 179 68 128 70 ] [.D.F]
 10406 - [ 3f800000 ][ 1.000000 ] [ 1065353216 ] [ 0 16256 ] [ 0 0 128 63 ] [...?]
 10407 - [ 46883b9a ][ 17437.800781 ] [ 1183333274 ] [ 15258 18056 ] [ 154 59 136 70 ] [.;.F]
 10408 - [ 44842971 ][ 1057.295044 ] [ 1149512049 ] [ 10609 17540 ] [ 113 41 132 68 ] [q).D]
 10409 - [ 468044b3 ][ 16418.349609 ] [ 1182811315 ] [ 17587 18048 ] [ 179 68 128 70 ] [.D.F]
 10410 - [ 3f800000 ][ 1.000000 ] [ 1065353216 ] [ 0 16256 ] [ 0 0 128 63 ] [...?]
 10411 - [ 4684f466 ][ 17018.199219 ] [ 1183118438 ] [ 62566 18052 ] [ 102 244 132 70 ] [f..F]
 10412 - [ 44842971 ][ 1057.295044 ] [ 1149512049 ] [ 10609 17540 ] [ 113 41 132 68 ] [q).D]
 10413 - [ 4676e6cd ][ 15801.700195 ] [ 1182197453 ] [ 59085 18038 ] [ 205 230 118 70 ] [..vF]
 10414 - [ 3f800000 ][ 1.000000 ] [ 1065353216 ] [ 0 16256 ] [ 0 0 128 63 ] [...?]
 10415 - [ 4684f466 ][ 17018.199219 ] [ 1183118438 ] [ 62566 18052 ] [ 102 244 132 70 ] [f..F]
 10416 - [ c518d70a ][ -2445.439941 ] [ 3306739466 ] [ 55050 50456 ] [ 10 215 24 197 ] [....]
 10417 - [ 4676e6cd ][ 15801.700195 ] [ 1182197453 ] [ 59085 18038 ] [ 205 230 118 70 ] [..vF]
 10418 - [ 3f800000 ][ 1.000000 ] [ 1065353216 ] [ 0 16256 ] [ 0 0 128 63 ] [...?]
 10419 - [ 00000101 ][ 0.000000 ] [ 257 ] [ 257 0 ] [ 1 1 0 0 ] [....]
 10420 - [ 00000004 ][ 0.000000 ] [ 4 ] [ 4 0 ] [ 4 0 0 0 ] [....]
 10421 - [ 00001000 ][ 0.000000 ] [ 4096 ] [ 4096 0 ] [ 0 16 0 0 ] [....]
 10422 - [ 00000000 ][ 0.000000 ] [ 0 ] [ 0 0 ] [ 0 0 0 0 ] [....]
 10423 - [ 4684f466 ][ 17018.199219 ] [ 1183118438 ] [ 62566 18052 ] [ 102 244 132 70 ] [f..F]
 10424 - [ c518d70a ][ -2445.439941 ] [ 3306739466 ] [ 55050 50456 ] [ 10 215 24 197 ] [....]
 10425 - [ 4676e6cd ][ 15801.700195 ] [ 1182197453 ] [ 59085 18038 ] [ 205 230 118 70 ] [..vF]
 10426 - [ 3f800000 ][ 1.000000 ] [ 1065353216 ] [ 0 16256 ] [ 0 0 128 63 ] [...?]
 10427 - [ 4684f466 ][ 17018.199219 ] [ 1183118438 ] [ 62566 18052 ] [ 102 244 132 70 ] [f..F]
 10428 - [ 44842971 ][ 1057.295044 ] [ 1149512049 ] [ 10609 17540 ] [ 113 41 132 68 ] [q).D]
 10429 - [ 4676e6cd ][ 15801.700195 ] [ 1182197453 ] [ 59085 18038 ] [ 205 230 118 70 ] [..vF]
 10430 - [ 3f800000 ][ 1.000000 ] [ 1065353216 ] [ 0 16256 ] [ 0 0 128 63 ] [...?]
 10431 - [ 4689034d ][ 17537.650391 ] [ 1183384397 ] [ 845 18057 ] [ 77 3 137 70 ] [M..F]
 10432 - [ 44842971 ][ 1057.295044 ] [ 1149512049 ] [ 10609 17540 ] [ 113 41 132 68 ] [q).D]
 10433 - [ 46707800 ][ 15390.000000 ] [ 1181775872 ] [ 30720 18032 ] [ 0 120 112 70 ] [.xpF]
 10434 - [ 3f800000 ][ 1.000000 ] [ 1065353216 ] [ 0 16256 ] [ 0 0 128 63 ] [...?]
 10435 - [ 4689034d ][ 17537.650391 ] [ 1183384397 ] [ 845 18057 ] [ 77 3 137 70 ] [M..F]
 10436 - [ c518d70a ][ -2445.439941 ] [ 3306739466 ] [ 55050 50456 ] [ 10 215 24 197 ] [....]
 10437 - [ 46707800 ][ 15390.000000 ] [ 1181775872 ] [ 30720 18032 ] [ 0 120 112 70 ] [.xpF]
 10438 - [ 3f800000 ][ 1.000000 ] [ 1065353216 ] [ 0 16256 ] [ 0 0 128 63 ] [...?]
 10439 - [ 00000101 ][ 0.000000 ] [ 257 ] [ 257 0 ] [ 1 1 0 0 ] [....]
 10440 - [ 00000004 ][ 0.000000 ] [ 4 ] [ 4 0 ] [ 4 0 0 0 ] [....]
 10441 - [ 00001000 ][ 0.000000 ] [ 4096 ] [ 4096 0 ] [ 0 16 0 0 ] [....]
 10442 - [ 00000000 ][ 0.000000 ] [ 0 ] [ 0 0 ] [ 0 0 0 0 ] [....]
 10443 - [ 4689034d ][ 17537.650391 ] [ 1183384397 ] [ 845 18057 ] [ 77 3 137 70 ] [M..F]
 10444 - [ c518d70a ][ -2445.439941 ] [ 3306739466 ] [ 55050 50456 ] [ 10 215 24 197 ] [....]
 10445 - [ 46707800 ][ 15390.000000 ] [ 1181775872 ] [ 30720 18032 ] [ 0 120 112 70 ] [.xpF]
 10446 - [ 3f800000 ][ 1.000000 ] [ 1065353216 ] [ 0 16256 ] [ 0 0 128 63 ] [...?]
 10447 - [ 4689034d ][ 17537.650391 ] [ 1183384397 ] [ 845 18057 ] [ 77 3 137 70 ] [M..F]
 10448 - [ 44842971 ][ 1057.295044 ] [ 1149512049 ] [ 10609 17540 ] [ 113 41 132 68 ] [q).D]
 10449 - [ 46707800 ][ 15390.000000 ] [ 1181775872 ] [ 30720 18032 ] [ 0 120 112 70 ] [.xpF]
 10450 - [ 3f800000 ][ 1.000000 ] [ 1065353216 ] [ 0 16256 ] [ 0 0 128 63 ] [...?]
 10451 - [ 468cb4cd ][ 18010.400391 ] [ 1183626445 ] [ 46285 18060 ] [ 205 180 140 70 ] [...F]
 10452 - [ 44842971 ][ 1057.295044 ] [ 1149512049 ] [ 10609 17540 ] [ 113 41 132 68 ] [q).D]
 10453 - [ 467a869a ][ 16033.650391 ] [ 1182434970 ] [ 34458 18042 ] [ 154 134 122 70 ] [..zF]
 10454 - [ 3f800000 ][ 1.000000 ] [ 1065353216 ] [ 0 16256 ] [ 0 0 128 63 ] [...?]
 10455 - [ 468cb4cd ][ 18010.400391 ] [ 1183626445 ] [ 46285 18060 ] [ 205 180 140 70 ] [...F]
 10456 - [ c518d70a ][ -2445.439941 ] [ 3306739466 ] [ 55050 50456 ] [ 10 215 24 197 ] [....]
 10457 - [ 467a869a ][ 16033.650391 ] [ 1182434970 ] [ 34458 18042 ] [ 154 134 122 70 ] [..zF]
 10458 - [ 3f800000 ][ 1.000000 ] [ 1065353216 ] [ 0 16256 ] [ 0 0 128 63 ] [...?]
 10459 - [ 00000101 ][ 0.000000 ] [ 257 ] [ 257 0 ] [ 1 1 0 0 ] [....]
 10460 - [ 00000004 ][ 0.000000 ] [ 4 ] [ 4 0 ] [ 4 0 0 0 ] [....]
 10461 - [ 00001000 ][ 0.000000 ] [ 4096 ] [ 4096 0 ] [ 0 16 0 0 ] [....]
 10462 - [ 00000000 ][ 0.000000 ] [ 0 ] [ 0 0 ] [ 0 0 0 0 ] [....]
 10463 - [ 468f82cd ][ 18369.400391 ] [ 1183810253 ] [ 33485 18063 ] [ 205 130 143 70 ] [...F]
 10464 - [ 44842971 ][ 1057.295044 ] [ 1149512049 ] [ 10609 17540 ] [ 113 41 132 68 ] [q).D]
 10465 - [ 46761866 ][ 15750.099609 ] [ 1182144614 ] [ 6246 18038 ] [ 102 24 118 70 ] [f.vF]
 10466 - [ 3f800000 ][ 1.000000 ] [ 1065353216 ] [ 0 16256 ] [ 0 0 128 63 ] [...?]
 10467 - [ 468f82cd ][ 18369.400391 ] [ 1183810253 ] [ 33485 18063 ] [ 205 130 143 70 ] [...F]
 10468 - [ c518d70a ][ -2445.439941 ] [ 3306739466 ] [ 55050 50456 ] [ 10 215 24 197 ] [....]
 10469 - [ 46761866 ][ 15750.099609 ] [ 1182144614 ] [ 6246 18038 ] [ 102 24 118 70 ] [f.vF]
 10470 - [ 3f800000 ][ 1.000000 ] [ 1065353216 ] [ 0 16256 ] [ 0 0 128 63 ] [...?]
 10471 - [ 468cb4cd ][ 18010.400391 ] [ 1183626445 ] [ 46285 18060 ] [ 205 180 140 70 ] [...F]
 10472 - [ c518d70a ][ -2445.439941 ] [ 3306739466 ] [ 55050 50456 ] [ 10 215 24 197 ] [....]
 10473 - [ 467a869a ][ 16033.650391 ] [ 1182434970 ] [ 34458 18042 ] [ 154 134 122 70 ] [..zF]
 10474 - [ 3f800000 ][ 1.000000 ] [ 1065353216 ] [ 0 16256 ] [ 0 0 128 63 ] [...?]
 10475 - [ 468cb4cd ][ 18010.400391 ] [ 1183626445 ] [ 46285 18060 ] [ 205 180 140 70 ] [...F]
 10476 - [ 44842971 ][ 1057.295044 ] [ 1149512049 ] [ 10609 17540 ] [ 113 41 132 68 ] [q).D]
 10477 - [ 467a869a ][ 16033.650391 ] [ 1182434970 ] [ 34458 18042 ] [ 154 134 122 70 ] [..zF]
 10478 - [ 3f800000 ][ 1.000000 ] [ 1065353216 ] [ 0 16256 ] [ 0 0 128 63 ] [...?]
 10479 - [ 00000101 ][ 0.000000 ] [ 257 ] [ 257 0 ] [ 1 1 0 0 ] [....]
 10480 - [ 00000004 ][ 0.000000 ] [ 4 ] [ 4 0 ] [ 4 0 0 0 ] [....]
 10481 - [ 00001000 ][ 0.000000 ] [ 4096 ] [ 4096 0 ] [ 0 16 0 0 ] [....]
 10482 - [ 00000000 ][ 0.000000 ] [ 0 ] [ 0 0 ] [ 0 0 0 0 ] [....]
 10483 - [ 4694641a ][ 18994.050781 ] [ 1184130074 ] [ 25626 18068 ] [ 26 100 148 70 ] [.d.F]
 10484 - [ c518d70a ][ -2445.439941 ] [ 3306739466 ] [ 55050 50456 ] [ 10 215 24 197 ] [....]
 10485 - [ 4669edcd ][ 14971.450195 ] [ 1181347277 ] [ 60877 18025 ] [ 205 237 105 70 ] [..iF]
 10486 - [ 3f800000 ][ 1.000000 ] [ 1065353216 ] [ 0 16256 ] [ 0 0 128 63 ] [...?]
 10487 - [ 4694641a ][ 18994.050781 ] [ 1184130074 ] [ 25626 18068 ] [ 26 100 148 70 ] [.d.F]
 10488 - [ 44842971 ][ 1057.295044 ] [ 1149512049 ] [ 10609 17540 ] [ 113 41 132 68 ] [q).D]
 10489 - [ 4669edcd ][ 14971.450195 ] [ 1181347277 ] [ 60877 18025 ] [ 205 237 105 70 ] [..iF]
 10490 - [ 3f800000 ][ 1.000000 ] [ 1065353216 ] [ 0 16256 ] [ 0 0 128 63 ] [...?]
 10491 - [ 4696f91a ][ 19324.550781 ] [ 1184299290 ] [ 63770 18070 ] [ 26 249 150 70 ] [...F]
 10492 - [ 44842971 ][ 1057.295044 ] [ 1149512049 ] [ 10609 17540 ] [ 113 41 132 68 ] [q).D]
 10493 - [ 466d7066 ][ 15196.099609 ] [ 1181577318 ] [ 28774 18029 ] [ 102 112 109 70 ] [fpmF]
 10494 - [ 3f800000 ][ 1.000000 ] [ 1065353216 ] [ 0 16256 ] [ 0 0 128 63 ] [...?]
 10495 - [ 4696f91a ][ 19324.550781 ] [ 1184299290 ] [ 63770 18070 ] [ 26 249 150 70 ] [...F]
 10496 - [ c518d70a ][ -2445.439941 ] [ 3306739466 ] [ 55050 50456 ] [ 10 215 24 197 ] [....]
 10497 - [ 466d7066 ][ 15196.099609 ] [ 1181577318 ] [ 28774 18029 ] [ 102 112 109 70 ] [fpmF]
 10498 - [ 3f800000 ][ 1.000000 ] [ 1065353216 ] [ 0 16256 ] [ 0 0 128 63 ] [...?]
 10499 - [ 00000101 ][ 0.000000 ] [ 257 ] [ 257 0 ] [ 1 1 0 0 ] [....]
 10500 - [ 00000004 ][ 0.000000 ] [ 4 ] [ 4 0 ] [ 4 0 0 0 ] [....]
 10501 - [ 00001000 ][ 0.000000 ] [ 4096 ] [ 4096 0 ] [ 0 16 0 0 ] [....]
 10502 - [ 00000000 ][ 0.000000 ] [ 0 ] [ 0 0 ] [ 0 0 0 0 ] [....]
 10503 - [ 469d4166 ][ 20128.699219 ] [ 1184711014 ] [ 16742 18077 ] [ 102 65 157 70 ] [fA.F]
 10504 - [ c518d70a ][ -2445.439941 ] [ 3306739466 ] [ 55050 50456 ] [ 10 215 24 197 ] [....]
 10505 - [ 466c2233 ][ 15112.549805 ] [ 1181491763 ] [ 8755 18028 ] [ 51 34 108 70 ] [3"lF]
 10506 - [ 3f800000 ][ 1.000000 ] [ 1065353216 ] [ 0 16256 ] [ 0 0 128 63 ] [...?]
 10507 - [ 4696f91a ][ 19324.550781 ] [ 1184299290 ] [ 63770 18070 ] [ 26 249 150 70 ] [...F]
 10508 - [ c518d70a ][ -2445.439941 ] [ 3306739466 ] [ 55050 50456 ] [ 10 215 24 197 ] [....]
 10509 - [ 466d7066 ][ 15196.099609 ] [ 1181577318 ] [ 28774 18029 ] [ 102 112 109 70 ] [fpmF]
 10510 - [ 3f800000 ][ 1.000000 ] [ 1065353216 ] [ 0 16256 ] [ 0 0 128 63 ] [...?]
 10511 - [ 4696f91a ][ 19324.550781 ] [ 1184299290 ] [ 63770 18070 ] [ 26 249 150 70 ] [...F]
 10512 - [ 44842971 ][ 1057.295044 ] [ 1149512049 ] [ 10609 17540 ] [ 113 41 132 68 ] [q).D]
 10513 - [ 466d7066 ][ 15196.099609 ] [ 1181577318 ] [ 28774 18029 ] [ 102 112 109 70 ] [fpmF]
 10514 - [ 3f800000 ][ 1.000000 ] [ 1065353216 ] [ 0 16256 ] [ 0 0 128 63 ] [...?]
 10515 - [ 469d4166 ][ 20128.699219 ] [ 1184711014 ] [ 16742 18077 ] [ 102 65 157 70 ] [fA.F]
 10516 - [ 44842971 ][ 1057.295044 ] [ 1149512049 ] [ 10609 17540 ] [ 113 41 132 68 ] [q).D]
 10517 - [ 466c2233 ][ 15112.549805 ] [ 1181491763 ] [ 8755 18028 ] [ 51 34 108 70 ] [3"lF]
 10518 - [ 3f800000 ][ 1.000000 ] [ 1065353216 ] [ 0 16256 ] [ 0 0 128 63 ] [...?]
 10519 - [ 00000101 ][ 0.000000 ] [ 257 ] [ 257 0 ] [ 1 1 0 0 ] [....]
 10520 - [ 00000004 ][ 0.000000 ] [ 4 ] [ 4 0 ] [ 4 0 0 0 ] [....]
 10521 - [ 00001000 ][ 0.000000 ] [ 4096 ] [ 4096 0 ] [ 0 16 0 0 ] [....]
 10522 - [ 00000000 ][ 0.000000 ] [ 0 ] [ 0 0 ] [ 0 0 0 0 ] [....]
 10523 - [ 469e3de6 ][ 20254.949219 ] [ 1184775654 ] [ 15846 18078 ] [ 230 61 158 70 ] [.=.F]
 10524 - [ c518d70a ][ -2445.439941 ] [ 3306739466 ] [ 55050 50456 ] [ 10 215 24 197 ] [....]
 10525 - [ 4664be9a ][ 14639.650391 ] [ 1181007514 ] [ 48794 18020 ] [ 154 190 100 70 ] [..dF]
 10526 - [ 3f800000 ][ 1.000000 ] [ 1065353216 ] [ 0 16256 ] [ 0 0 128 63 ] [...?]
 10527 - [ 469d4166 ][ 20128.699219 ] [ 1184711014 ] [ 16742 18077 ] [ 102 65 157 70 ] [fA.F]
 10528 - [ c518d70a ][ -2445.439941 ] [ 3306739466 ] [ 55050 50456 ] [ 10 215 24 197 ] [....]
 10529 - [ 466c2233 ][ 15112.549805 ] [ 1181491763 ] [ 8755 18028 ] [ 51 34 108 70 ] [3"lF]
 10530 - [ 3f800000 ][ 1.000000 ] [ 1065353216 ] [ 0 16256 ] [ 0 0 128 63 ] [...?]
 10531 - [ 469d4166 ][ 20128.699219 ] [ 1184711014 ] [ 16742 18077 ] [ 102 65 157 70 ] [fA.F]
 10532 - [ 44842971 ][ 1057.295044 ] [ 1149512049 ] [ 10609 17540 ] [ 113 41 132 68 ] [q).D]
 10533 - [ 466c2233 ][ 15112.549805 ] [ 1181491763 ] [ 8755 18028 ] [ 51 34 108 70 ] [3"lF]
 10534 - [ 3f800000 ][ 1.000000 ] [ 1065353216 ] [ 0 16256 ] [ 0 0 128 63 ] [...?]
 10535 - [ 469e3de6 ][ 20254.949219 ] [ 1184775654 ] [ 15846 18078 ] [ 230 61 158 70 ] [.=.F]
 10536 - [ 44842971 ][ 1057.295044 ] [ 1149512049 ] [ 10609 17540 ] [ 113 41 132 68 ] [q).D]
 10537 - [ 4664be9a ][ 14639.650391 ] [ 1181007514 ] [ 48794 18020 ] [ 154 190 100 70 ] [..dF]
 10538 - [ 3f800000 ][ 1.000000 ] [ 1065353216 ] [ 0 16256 ] [ 0 0 128 63 ] [...?]
 10539 - [ 00000101 ][ 0.000000 ] [ 257 ] [ 257 0 ] [ 1 1 0 0 ] [....]
 10540 - [ 00000004 ][ 0.000000 ] [ 4 ] [ 4 0 ] [ 4 0 0 0 ] [....]
 10541 - [ 00001000 ][ 0.000000 ] [ 4096 ] [ 4096 0 ] [ 0 16 0 0 ] [....]
 10542 - [ 00000000 ][ 0.000000 ] [ 0 ] [ 0 0 ] [ 0 0 0 0 ] [....]
 10543 - [ 469e3de6 ][ 20254.949219 ] [ 1184775654 ] [ 15846 18078 ] [ 230 61 158 70 ] [.=.F]
 10544 - [ c518d70a ][ -2445.439941 ] [ 3306739466 ] [ 55050 50456 ] [ 10 215 24 197 ] [....]
 10545 - [ 4664be9a ][ 14639.650391 ] [ 1181007514 ] [ 48794 18020 ] [ 154 190 100 70 ] [..dF]
 10546 - [ 3f800000 ][ 1.000000 ] [ 1065353216 ] [ 0 16256 ] [ 0 0 128 63 ] [...?]
 10547 - [ 469e3de6 ][ 20254.949219 ] [ 1184775654 ] [ 15846 18078 ] [ 230 61 158 70 ] [.=.F]
 10548 - [ 44842971 ][ 1057.295044 ] [ 1149512049 ] [ 10609 17540 ] [ 113 41 132 68 ] [q).D]
 10549 - [ 4664be9a ][ 14639.650391 ] [ 1181007514 ] [ 48794 18020 ] [ 154 190 100 70 ] [..dF]
 10550 - [ 3f800000 ][ 1.000000 ] [ 1065353216 ] [ 0 16256 ] [ 0 0 128 63 ] [...?]
 10551 - [ 46a292e6 ][ 20809.449219 ] [ 1185059558 ] [ 37606 18082 ] [ 230 146 162 70 ] [...F]
 10552 - [ 44842971 ][ 1057.295044 ] [ 1149512049 ] [ 10609 17540 ] [ 113 41 132 68 ] [q).D]
 10553 - [ 4664af9a ][ 14635.900391 ] [ 1181003674 ] [ 44954 18020 ] [ 154 175 100 70 ] [..dF]
 10554 - [ 3f800000 ][ 1.000000 ] [ 1065353216 ] [ 0 16256 ] [ 0 0 128 63 ] [...?]
 10555 - [ 46a292e6 ][ 20809.449219 ] [ 1185059558 ] [ 37606 18082 ] [ 230 146 162 70 ] [...F]
 10556 - [ c518d70a ][ -2445.439941 ] [ 3306739466 ] [ 55050 50456 ] [ 10 215 24 197 ] [....]
 10557 - [ 4664af9a ][ 14635.900391 ] [ 1181003674 ] [ 44954 18020 ] [ 154 175 100 70 ] [..dF]
 10558 - [ 3f800000 ][ 1.000000 ] [ 1065353216 ] [ 0 16256 ] [ 0 0 128 63 ] [...?]
 10559 - [ 00000101 ][ 0.000000 ] [ 257 ] [ 257 0 ] [ 1 1 0 0 ] [....]
 10560 - [ 00000004 ][ 0.000000 ] [ 4 ] [ 4 0 ] [ 4 0 0 0 ] [....]
 10561 - [ 00001000 ][ 0.000000 ] [ 4096 ] [ 4096 0 ] [ 0 16 0 0 ] [....]
 10562 - [ 00000000 ][ 0.000000 ] [ 0 ] [ 0 0 ] [ 0 0 0 0 ] [....]
 10563 - [ 46a3691a ][ 20916.550781 ] [ 1185114394 ] [ 26906 18083 ] [ 26 105 163 70 ] [.i.F]
 10564 - [ c518d70a ][ -2445.439941 ] [ 3306739466 ] [ 55050 50456 ] [ 10 215 24 197 ] [....]
 10565 - [ 466c5acd ][ 15126.700195 ] [ 1181506253 ] [ 23245 18028 ] [ 205 90 108 70 ] [.ZlF]
 10566 - [ 3f800000 ][ 1.000000 ] [ 1065353216 ] [ 0 16256 ] [ 0 0 128 63 ] [...?]
 10567 - [ 46a292e6 ][ 20809.449219 ] [ 1185059558 ] [ 37606 18082 ] [ 230 146 162 70 ] [...F]
 10568 - [ c518d70a ][ -2445.439941 ] [ 3306739466 ] [ 55050 50456 ] [ 10 215 24 197 ] [....]
 10569 - [ 4664af9a ][ 14635.900391 ] [ 1181003674 ] [ 44954 18020 ] [ 154 175 100 70 ] [..dF]
 10570 - [ 3f800000 ][ 1.000000 ] [ 1065353216 ] [ 0 16256 ] [ 0 0 128 63 ] [...?]
 10571 - [ 46a292e6 ][ 20809.449219 ] [ 1185059558 ] [ 37606 18082 ] [ 230 146 162 70 ] [...F]
 10572 - [ 44842971 ][ 1057.295044 ] [ 1149512049 ] [ 10609 17540 ] [ 113 41 132 68 ] [q).D]
 10573 - [ 4664af9a ][ 14635.900391 ] [ 1181003674 ] [ 44954 18020 ] [ 154 175 100 70 ] [..dF]
 10574 - [ 3f800000 ][ 1.000000 ] [ 1065353216 ] [ 0 16256 ] [ 0 0 128 63 ] [...?]
 10575 - [ 46a3691a ][ 20916.550781 ] [ 1185114394 ] [ 26906 18083 ] [ 26 105 163 70 ] [.i.F]
 10576 - [ 44842971 ][ 1057.295044 ] [ 1149512049 ] [ 10609 17540 ] [ 113 41 132 68 ] [q).D]
 10577 - [ 466c5acd ][ 15126.700195 ] [ 1181506253 ] [ 23245 18028 ] [ 205 90 108 70 ] [.ZlF]
 10578 - [ 3f800000 ][ 1.000000 ] [ 1065353216 ] [ 0 16256 ] [ 0 0 128 63 ] [...?]
 10579 - [ 00000101 ][ 0.000000 ] [ 257 ] [ 257 0 ] [ 1 1 0 0 ] [....]
 10580 - [ 00000004 ][ 0.000000 ] [ 4 ] [ 4 0 ] [ 4 0 0 0 ] [....]
 10581 - [ 00001000 ][ 0.000000 ] [ 4096 ] [ 4096 0 ] [ 0 16 0 0 ] [....]
 10582 - [ 00000000 ][ 0.000000 ] [ 0 ] [ 0 0 ] [ 0 0 0 0 ] [....]
 10583 - [ 46ab6280 ][ 21937.250000 ] [ 1185636992 ] [ 25216 18091 ] [ 128 98 171 70 ] [.b.F]
 10584 - [ c518d70a ][ -2445.439941 ] [ 3306739466 ] [ 55050 50456 ] [ 10 215 24 197 ] [....]
 10585 - [ 466bc8cd ][ 15090.200195 ] [ 1181468877 ] [ 51405 18027 ] [ 205 200 107 70 ] [..kF]
 10586 - [ 3f800000 ][ 1.000000 ] [ 1065353216 ] [ 0 16256 ] [ 0 0 128 63 ] [...?]
 10587 - [ 46a3691a ][ 20916.550781 ] [ 1185114394 ] [ 26906 18083 ] [ 26 105 163 70 ] [.i.F]
 10588 - [ c518d70a ][ -2445.439941 ] [ 3306739466 ] [ 55050 50456 ] [ 10 215 24 197 ] [....]
 10589 - [ 466c5acd ][ 15126.700195 ] [ 1181506253 ] [ 23245 18028 ] [ 205 90 108 70 ] [.ZlF]
 10590 - [ 3f800000 ][ 1.000000 ] [ 1065353216 ] [ 0 16256 ] [ 0 0 128 63 ] [...?]
 10591 - [ 46a3691a ][ 20916.550781 ] [ 1185114394 ] [ 26906 18083 ] [ 26 105 163 70 ] [.i.F]
 10592 - [ 44842971 ][ 1057.295044 ] [ 1149512049 ] [ 10609 17540 ] [ 113 41 132 68 ] [q).D]
 10593 - [ 466c5acd ][ 15126.700195 ] [ 1181506253 ] [ 23245 18028 ] [ 205 90 108 70 ] [.ZlF]
 10594 - [ 3f800000 ][ 1.000000 ] [ 1065353216 ] [ 0 16256 ] [ 0 0 128 63 ] [...?]
 10595 - [ 46ab6280 ][ 21937.250000 ] [ 1185636992 ] [ 25216 18091 ] [ 128 98 171 70 ] [.b.F]
 10596 - [ 44842971 ][ 1057.295044 ] [ 1149512049 ] [ 10609 17540 ] [ 113 41 132 68 ] [q).D]
 10597 - [ 466bc8cd ][ 15090.200195 ] [ 1181468877 ] [ 51405 18027 ] [ 205 200 107 70 ] [..kF]
 10598 - [ 3f800000 ][ 1.000000 ] [ 1065353216 ] [ 0 16256 ] [ 0 0 128 63 ] [...?]
 10599 - [ 00000101 ][ 0.000000 ] [ 257 ] [ 257 0 ] [ 1 1 0 0 ] [....]
 10600 - [ 00000004 ][ 0.000000 ] [ 4 ] [ 4 0 ] [ 4 0 0 0 ] [....]
 10601 - [ 00001000 ][ 0.000000 ] [ 4096 ] [ 4096 0 ] [ 0 16 0 0 ] [....]
 10602 - [ 00000000 ][ 0.000000 ] [ 0 ] [ 0 0 ] [ 0 0 0 0 ] [....]
 10603 - [ 46ae4be6 ][ 22309.949219 ] [ 1185827814 ] [ 19430 18094 ] [ 230 75 174 70 ] [.K.F]
 10604 - [ c518d70a ][ -2445.439941 ] [ 3306739466 ] [ 55050 50456 ] [ 10 215 24 197 ] [....]
 10605 - [ 46608e00 ][ 14371.500000 ] [ 1180732928 ] [ 36352 18016 ] [ 0 142 96 70 ] [..`F]
 10606 - [ 3f800000 ][ 1.000000 ] [ 1065353216 ] [ 0 16256 ] [ 0 0 128 63 ] [...?]
 10607 - [ 46ab6280 ][ 21937.250000 ] [ 1185636992 ] [ 25216 18091 ] [ 128 98 171 70 ] [.b.F]
 10608 - [ c518d70a ][ -2445.439941 ] [ 3306739466 ] [ 55050 50456 ] [ 10 215 24 197 ] [....]
 10609 - [ 466bc8cd ][ 15090.200195 ] [ 1181468877 ] [ 51405 18027 ] [ 205 200 107 70 ] [..kF]
 10610 - [ 3f800000 ][ 1.000000 ] [ 1065353216 ] [ 0 16256 ] [ 0 0 128 63 ] [...?]
 10611 - [ 46ab6280 ][ 21937.250000 ] [ 1185636992 ] [ 25216 18091 ] [ 128 98 171 70 ] [.b.F]
 10612 - [ 44842971 ][ 1057.295044 ] [ 1149512049 ] [ 10609 17540 ] [ 113 41 132 68 ] [q).D]
 10613 - [ 466bc8cd ][ 15090.200195 ] [ 1181468877 ] [ 51405 18027 ] [ 205 200 107 70 ] [..kF]
 10614 - [ 3f800000 ][ 1.000000 ] [ 1065353216 ] [ 0 16256 ] [ 0 0 128 63 ] [...?]
 10615 - [ 46ae4be6 ][ 22309.949219 ] [ 1185827814 ] [ 19430 18094 ] [ 230 75 174 70 ] [.K.F]
 10616 - [ 44842971 ][ 1057.295044 ] [ 1149512049 ] [ 10609 17540 ] [ 113 41 132 68 ] [q).D]
 10617 - [ 46608e00 ][ 14371.500000 ] [ 1180732928 ] [ 36352 18016 ] [ 0 142 96 70 ] [..`F]
 10618 - [ 3f800000 ][ 1.000000 ] [ 1065353216 ] [ 0 16256 ] [ 0 0 128 63 ] [...?]
 10619 - [ 00000101 ][ 0.000000 ] [ 257 ] [ 257 0 ] [ 1 1 0 0 ] [....]
 10620 - [ 00000004 ][ 0.000000 ] [ 4 ] [ 4 0 ] [ 4 0 0 0 ] [....]
 10621 - [ 00001000 ][ 0.000000 ] [ 4096 ] [ 4096 0 ] [ 0 16 0 0 ] [....]
 10622 - [ 00000000 ][ 0.000000 ] [ 0 ] [ 0 0 ] [ 0 0 0 0 ] [....]
 10623 - [ 46b4f200 ][ 23161.000000 ] [ 1186263552 ] [ 61952 18100 ] [ 0 242 180 70 ] [...F]
 10624 - [ c518d70a ][ -2445.439941 ] [ 3306739466 ] [ 55050 50456 ] [ 10 215 24 197 ] [....]
 10625 - [ 4664cbcd ][ 14642.950195 ] [ 1181010893 ] [ 52173 18020 ] [ 205 203 100 70 ] [..dF]
 10626 - [ 3f800000 ][ 1.000000 ] [ 1065353216 ] [ 0 16256 ] [ 0 0 128 63 ] [...?]
 10627 - [ 46ae4be6 ][ 22309.949219 ] [ 1185827814 ] [ 19430 18094 ] [ 230 75 174 70 ] [.K.F]
 10628 - [ c518d70a ][ -2445.439941 ] [ 3306739466 ] [ 55050 50456 ] [ 10 215 24 197 ] [....]
 10629 - [ 46608e00 ][ 14371.500000 ] [ 1180732928 ] [ 36352 18016 ] [ 0 142 96 70 ] [..`F]
 10630 - [ 3f800000 ][ 1.000000 ] [ 1065353216 ] [ 0 16256 ] [ 0 0 128 63 ] [...?]
 10631 - [ 46ae4be6 ][ 22309.949219 ] [ 1185827814 ] [ 19430 18094 ] [ 230 75 174 70 ] [.K.F]
 10632 - [ 44842971 ][ 1057.295044 ] [ 1149512049 ] [ 10609 17540 ] [ 113 41 132 68 ] [q).D]
 10633 - [ 46608e00 ][ 14371.500000 ] [ 1180732928 ] [ 36352 18016 ] [ 0 142 96 70 ] [..`F]
 10634 - [ 3f800000 ][ 1.000000 ] [ 1065353216 ] [ 0 16256 ] [ 0 0 128 63 ] [...?]
 10635 - [ 46b4f200 ][ 23161.000000 ] [ 1186263552 ] [ 61952 18100 ] [ 0 242 180 70 ] [...F]
 10636 - [ 44842971 ][ 1057.295044 ] [ 1149512049 ] [ 10609 17540 ] [ 113 41 132 68 ] [q).D]
 10637 - [ 4664cbcd ][ 14642.950195 ] [ 1181010893 ] [ 52173 18020 ] [ 205 203 100 70 ] [..dF]
 10638 - [ 3f800000 ][ 1.000000 ] [ 1065353216 ] [ 0 16256 ] [ 0 0 128 63 ] [...?]
 10639 - [ 00000101 ][ 0.000000 ] [ 257 ] [ 257 0 ] [ 1 1 0 0 ] [....]
 10640 - [ 00000004 ][ 0.000000 ] [ 4 ] [ 4 0 ] [ 4 0 0 0 ] [....]
 10641 - [ 00001000 ][ 0.000000 ] [ 4096 ] [ 4096 0 ] [ 0 16 0 0 ] [....]
 10642 - [ 00000000 ][ 0.000000 ] [ 0 ] [ 0 0 ] [ 0 0 0 0 ] [....]
 10643 - [ 46befe9a ][ 24447.300781 ] [ 1186922138 ] [ 65178 18110 ] [ 154 254 190 70 ] [...F]
 10644 - [ c518d70a ][ -2445.439941 ] [ 3306739466 ] [ 55050 50456 ] [ 10 215 24 197 ] [....]
 10645 - [ 46761ccd ][ 15751.200195 ] [ 1182145741 ] [ 7373 18038 ] [ 205 28 118 70 ] [..vF]
 10646 - [ 3f800000 ][ 1.000000 ] [ 1065353216 ] [ 0 16256 ] [ 0 0 128 63 ] [...?]
 10647 - [ 46b4f200 ][ 23161.000000 ] [ 1186263552 ] [ 61952 18100 ] [ 0 242 180 70 ] [...F]
 10648 - [ c518d70a ][ -2445.439941 ] [ 3306739466 ] [ 55050 50456 ] [ 10 215 24 197 ] [....]
 10649 - [ 4664cbcd ][ 14642.950195 ] [ 1181010893 ] [ 52173 18020 ] [ 205 203 100 70 ] [..dF]
 10650 - [ 3f800000 ][ 1.000000 ] [ 1065353216 ] [ 0 16256 ] [ 0 0 128 63 ] [...?]
 10651 - [ 46b4f200 ][ 23161.000000 ] [ 1186263552 ] [ 61952 18100 ] [ 0 242 180 70 ] [...F]
 10652 - [ 44842971 ][ 1057.295044 ] [ 1149512049 ] [ 10609 17540 ] [ 113 41 132 68 ] [q).D]
 10653 - [ 4664cbcd ][ 14642.950195 ] [ 1181010893 ] [ 52173 18020 ] [ 205 203 100 70 ] [..dF]
 10654 - [ 3f800000 ][ 1.000000 ] [ 1065353216 ] [ 0 16256 ] [ 0 0 128 63 ] [...?]
 10655 - [ 46befe9a ][ 24447.300781 ] [ 1186922138 ] [ 65178 18110 ] [ 154 254 190 70 ] [...F]
 10656 - [ 44842971 ][ 1057.295044 ] [ 1149512049 ] [ 10609 17540 ] [ 113 41 132 68 ] [q).D]
 10657 - [ 46761ccd ][ 15751.200195 ] [ 1182145741 ] [ 7373 18038 ] [ 205 28 118 70 ] [..vF]
 10658 - [ 3f800000 ][ 1.000000 ] [ 1065353216 ] [ 0 16256 ] [ 0 0 128 63 ] [...?]
 10659 - [ 00000101 ][ 0.000000 ] [ 257 ] [ 257 0 ] [ 1 1 0 0 ] [....]
 10660 - [ 00000004 ][ 0.000000 ] [ 4 ] [ 4 0 ] [ 4 0 0 0 ] [....]
 10661 - [ 00001000 ][ 0.000000 ] [ 4096 ] [ 4096 0 ] [ 0 16 0 0 ] [....]
 10662 - [ 00000000 ][ 0.000000 ] [ 0 ] [ 0 0 ] [ 0 0 0 0 ] [....]
 10663 - [ 46bef4b3 ][ 24442.349609 ] [ 1186919603 ] [ 62643 18110 ] [ 179 244 190 70 ] [...F]
 10664 - [ c518d70a ][ -2445.439941 ] [ 3306739466 ] [ 55050 50456 ] [ 10 215 24 197 ] [....]
 10665 - [ 4683549a ][ 16810.300781 ] [ 1183011994 ] [ 21658 18051 ] [ 154 84 131 70 ] [.T.F]
 10666 - [ 3f800000 ][ 1.000000 ] [ 1065353216 ] [ 0 16256 ] [ 0 0 128 63 ] [...?]
 10667 - [ 46befe9a ][ 24447.300781 ] [ 1186922138 ] [ 65178 18110 ] [ 154 254 190 70 ] [...F]
 10668 - [ c518d70a ][ -2445.439941 ] [ 3306739466 ] [ 55050 50456 ] [ 10 215 24 197 ] [....]
 10669 - [ 46761ccd ][ 15751.200195 ] [ 1182145741 ] [ 7373 18038 ] [ 205 28 118 70 ] [..vF]
 10670 - [ 3f800000 ][ 1.000000 ] [ 1065353216 ] [ 0 16256 ] [ 0 0 128 63 ] [...?]
 10671 - [ 46befe9a ][ 24447.300781 ] [ 1186922138 ] [ 65178 18110 ] [ 154 254 190 70 ] [...F]
 10672 - [ 44842971 ][ 1057.295044 ] [ 1149512049 ] [ 10609 17540 ] [ 113 41 132 68 ] [q).D]
 10673 - [ 46761ccd ][ 15751.200195 ] [ 1182145741 ] [ 7373 18038 ] [ 205 28 118 70 ] [..vF]
 10674 - [ 3f800000 ][ 1.000000 ] [ 1065353216 ] [ 0 16256 ] [ 0 0 128 63 ] [...?]
 10675 - [ 46bef4b3 ][ 24442.349609 ] [ 1186919603 ] [ 62643 18110 ] [ 179 244 190 70 ] [...F]
 10676 - [ 44842971 ][ 1057.295044 ] [ 1149512049 ] [ 10609 17540 ] [ 113 41 132 68 ] [q).D]
 10677 - [ 4683549a ][ 16810.300781 ] [ 1183011994 ] [ 21658 18051 ] [ 154 84 131 70 ] [.T.F]
 10678 - [ 3f800000 ][ 1.000000 ] [ 1065353216 ] [ 0 16256 ] [ 0 0 128 63 ] [...?]
 10679 - [ 00000101 ][ 0.000000 ] [ 257 ] [ 257 0 ] [ 1 1 0 0 ] [....]
 10680 - [ 00000004 ][ 0.000000 ] [ 4 ] [ 4 0 ] [ 4 0 0 0 ] [....]
 10681 - [ 00001000 ][ 0.000000 ] [ 4096 ] [ 4096 0 ] [ 0 16 0 0 ] [....]
 10682 - [ 00000000 ][ 0.000000 ] [ 0 ] [ 0 0 ] [ 0 0 0 0 ] [....]
 10683 - [ 46bbe01a ][ 24048.050781 ] [ 1186717722 ] [ 57370 18107 ] [ 26 224 187 70 ] [...F]
 10684 - [ c518d70a ][ -2445.439941 ] [ 3306739466 ] [ 55050 50456 ] [ 10 215 24 197 ] [....]
 10685 - [ 468649cd ][ 17188.900391 ] [ 1183205837 ] [ 18893 18054 ] [ 205 73 134 70 ] [.I.F]
 10686 - [ 3f800000 ][ 1.000000 ] [ 1065353216 ] [ 0 16256 ] [ 0 0 128 63 ] [...?]
 10687 - [ 46bef4b3 ][ 24442.349609 ] [ 1186919603 ] [ 62643 18110 ] [ 179 244 190 70 ] [...F]
 10688 - [ c518d70a ][ -2445.439941 ] [ 3306739466 ] [ 55050 50456 ] [ 10 215 24 197 ] [....]
 10689 - [ 4683549a ][ 16810.300781 ] [ 1183011994 ] [ 21658 18051 ] [ 154 84 131 70 ] [.T.F]
 10690 - [ 3f800000 ][ 1.000000 ] [ 1065353216 ] [ 0 16256 ] [ 0 0 128 63 ] [...?]
 10691 - [ 46bef4b3 ][ 24442.349609 ] [ 1186919603 ] [ 62643 18110 ] [ 179 244 190 70 ] [...F]
 10692 - [ 44842971 ][ 1057.295044 ] [ 1149512049 ] [ 10609 17540 ] [ 113 41 132 68 ] [q).D]
 10693 - [ 4683549a ][ 16810.300781 ] [ 1183011994 ] [ 21658 18051 ] [ 154 84 131 70 ] [.T.F]
 10694 - [ 3f800000 ][ 1.000000 ] [ 1065353216 ] [ 0 16256 ] [ 0 0 128 63 ] [...?]
 10695 - [ 46bbe01a ][ 24048.050781 ] [ 1186717722 ] [ 57370 18107 ] [ 26 224 187 70 ] [...F]
 10696 - [ 44842971 ][ 1057.295044 ] [ 1149512049 ] [ 10609 17540 ] [ 113 41 132 68 ] [q).D]
 10697 - [ 468649cd ][ 17188.900391 ] [ 1183205837 ] [ 18893 18054 ] [ 205 73 134 70 ] [.I.F]
 10698 - [ 3f800000 ][ 1.000000 ] [ 1065353216 ] [ 0 16256 ] [ 0 0 128 63 ] [...?]
 10699 - [ 00000101 ][ 0.000000 ] [ 257 ] [ 257 0 ] [ 1 1 0 0 ] [....]
 10700 - [ 00000004 ][ 0.000000 ] [ 4 ] [ 4 0 ] [ 4 0 0 0 ] [....]
 10701 - [ 00001000 ][ 0.000000 ] [ 4096 ] [ 4096 0 ] [ 0 16 0 0 ] [....]
 10702 - [ 00000000 ][ 0.000000 ] [ 0 ] [ 0 0 ] [ 0 0 0 0 ] [....]
 10703 - [ 46bbe01a ][ 24048.050781 ] [ 1186717722 ] [ 57370 18107 ] [ 26 224 187 70 ] [...F]
 10704 - [ c518d70a ][ -2445.439941 ] [ 3306739466 ] [ 55050 50456 ] [ 10 215 24 197 ] [....]
 10705 - [ 468649cd ][ 17188.900391 ] [ 1183205837 ] [ 18893 18054 ] [ 205 73 134 70 ] [.I.F]
 10706 - [ 3f800000 ][ 1.000000 ] [ 1065353216 ] [ 0 16256 ] [ 0 0 128 63 ] [...?]
 10707 - [ 46bbe01a ][ 24048.050781 ] [ 1186717722 ] [ 57370 18107 ] [ 26 224 187 70 ] [...F]
 10708 - [ 44842971 ][ 1057.295044 ] [ 1149512049 ] [ 10609 17540 ] [ 113 41 132 68 ] [q).D]
 10709 - [ 468649cd ][ 17188.900391 ] [ 1183205837 ] [ 18893 18054 ] [ 205 73 134 70 ] [.I.F]
 10710 - [ 3f800000 ][ 1.000000 ] [ 1065353216 ] [ 0 16256 ] [ 0 0 128 63 ] [...?]
 10711 - [ 46bc7ae6 ][ 24125.449219 ] [ 1186757350 ] [ 31462 18108 ] [ 230 122 188 70 ] [.z.F]
 10712 - [ 44842971 ][ 1057.295044 ] [ 1149512049 ] [ 10609 17540 ] [ 113 41 132 68 ] [q).D]
 10713 - [ 4688fd00 ][ 17534.500000 ] [ 1183382784 ] [ 64768 18056 ] [ 0 253 136 70 ] [...F]
 10714 - [ 3f800000 ][ 1.000000 ] [ 1065353216 ] [ 0 16256 ] [ 0 0 128 63 ] [...?]
 10715 - [ 46bc7ae6 ][ 24125.449219 ] [ 1186757350 ] [ 31462 18108 ] [ 230 122 188 70 ] [.z.F]
 10716 - [ c518d70a ][ -2445.439941 ] [ 3306739466 ] [ 55050 50456 ] [ 10 215 24 197 ] [....]
 10717 - [ 4688fd00 ][ 17534.500000 ] [ 1183382784 ] [ 64768 18056 ] [ 0 253 136 70 ] [...F]
 10718 - [ 3f800000 ][ 1.000000 ] [ 1065353216 ] [ 0 16256 ] [ 0 0 128 63 ] [...?]
 10719 - [ 00000101 ][ 0.000000 ] [ 257 ] [ 257 0 ] [ 1 1 0 0 ] [....]
 10720 - [ 00000004 ][ 0.000000 ] [ 4 ] [ 4 0 ] [ 4 0 0 0 ] [....]
 10721 - [ 00001000 ][ 0.000000 ] [ 4096 ] [ 4096 0 ] [ 0 16 0 0 ] [....]
 10722 - [ 00000000 ][ 0.000000 ] [ 0 ] [ 0 0 ] [ 0 0 0 0 ] [....]
 10723 - [ 46bc7ae6 ][ 24125.449219 ] [ 1186757350 ] [ 31462 18108 ] [ 230 122 188 70 ] [.z.F]
 10724 - [ c518d70a ][ -2445.439941 ] [ 3306739466 ] [ 55050 50456 ] [ 10 215 24 197 ] [....]
 10725 - [ 4688fd00 ][ 17534.500000 ] [ 1183382784 ] [ 64768 18056 ] [ 0 253 136 70 ] [...F]
 10726 - [ 3f800000 ][ 1.000000 ] [ 1065353216 ] [ 0 16256 ] [ 0 0 128 63 ] [...?]
 10727 - [ 46bc7ae6 ][ 24125.449219 ] [ 1186757350 ] [ 31462 18108 ] [ 230 122 188 70 ] [.z.F]
 10728 - [ 44842971 ][ 1057.295044 ] [ 1149512049 ] [ 10609 17540 ] [ 113 41 132 68 ] [q).D]
 10729 - [ 4688fd00 ][ 17534.500000 ] [ 1183382784 ] [ 64768 18056 ] [ 0 253 136 70 ] [...F]
 10730 - [ 3f800000 ][ 1.000000 ] [ 1065353216 ] [ 0 16256 ] [ 0 0 128 63 ] [...?]
 10731 - [ 46be221a ][ 24337.050781 ] [ 1186865690 ] [ 8730 18110 ] [ 26 34 190 70 ] [.".F]
 10732 - [ 44842971 ][ 1057.295044 ] [ 1149512049 ] [ 10609 17540 ] [ 113 41 132 68 ] [q).D]
 10733 - [ 46890380 ][ 17537.750000 ] [ 1183384448 ] [ 896 18057 ] [ 128 3 137 70 ] [...F]
 10734 - [ 3f800000 ][ 1.000000 ] [ 1065353216 ] [ 0 16256 ] [ 0 0 128 63 ] [...?]
 10735 - [ 46be221a ][ 24337.050781 ] [ 1186865690 ] [ 8730 18110 ] [ 26 34 190 70 ] [.".F]
 10736 - [ c518d70a ][ -2445.439941 ] [ 3306739466 ] [ 55050 50456 ] [ 10 215 24 197 ] [....]
 10737 - [ 46890380 ][ 17537.750000 ] [ 1183384448 ] [ 896 18057 ] [ 128 3 137 70 ] [...F]
 10738 - [ 3f800000 ][ 1.000000 ] [ 1065353216 ] [ 0 16256 ] [ 0 0 128 63 ] [...?]
 10739 - [ 00000101 ][ 0.000000 ] [ 257 ] [ 257 0 ] [ 1 1 0 0 ] [....]
 10740 - [ 00000004 ][ 0.000000 ] [ 4 ] [ 4 0 ] [ 4 0 0 0 ] [....]
 10741 - [ 00001000 ][ 0.000000 ] [ 4096 ] [ 4096 0 ] [ 0 16 0 0 ] [....]
 10742 - [ 00000000 ][ 0.000000 ] [ 0 ] [ 0 0 ] [ 0 0 0 0 ] [....]
 10743 - [ 46be221a ][ 24337.050781 ] [ 1186865690 ] [ 8730 18110 ] [ 26 34 190 70 ] [.".F]
 10744 - [ c518d70a ][ -2445.439941 ] [ 3306739466 ] [ 55050 50456 ] [ 10 215 24 197 ] [....]
 10745 - [ 46890380 ][ 17537.750000 ] [ 1183384448 ] [ 896 18057 ] [ 128 3 137 70 ] [...F]
 10746 - [ 3f800000 ][ 1.000000 ] [ 1065353216 ] [ 0 16256 ] [ 0 0 128 63 ] [...?]
 10747 - [ 46be221a ][ 24337.050781 ] [ 1186865690 ] [ 8730 18110 ] [ 26 34 190 70 ] [.".F]
 10748 - [ 44842971 ][ 1057.295044 ] [ 1149512049 ] [ 10609 17540 ] [ 113 41 132 68 ] [q).D]
 10749 - [ 46890380 ][ 17537.750000 ] [ 1183384448 ] [ 896 18057 ] [ 128 3 137 70 ] [...F]
 10750 - [ 3f800000 ][ 1.000000 ] [ 1065353216 ] [ 0 16256 ] [ 0 0 128 63 ] [...?]
 10751 - [ 46be3ccd ][ 24350.400391 ] [ 1186872525 ] [ 15565 18110 ] [ 205 60 190 70 ] [.<.F]
 10752 - [ 44842971 ][ 1057.295044 ] [ 1149512049 ] [ 10609 17540 ] [ 113 41 132 68 ] [q).D]
 10753 - [ 468bce66 ][ 17895.199219 ] [ 1183567462 ] [ 52838 18059 ] [ 102 206 139 70 ] [f..F]
 10754 - [ 3f800000 ][ 1.000000 ] [ 1065353216 ] [ 0 16256 ] [ 0 0 128 63 ] [...?]
 10755 - [ 46be3ccd ][ 24350.400391 ] [ 1186872525 ] [ 15565 18110 ] [ 205 60 190 70 ] [.<.F]
 10756 - [ c518d70a ][ -2445.439941 ] [ 3306739466 ] [ 55050 50456 ] [ 10 215 24 197 ] [....]
 10757 - [ 468bce66 ][ 17895.199219 ] [ 1183567462 ] [ 52838 18059 ] [ 102 206 139 70 ] [f..F]
 10758 - [ 3f800000 ][ 1.000000 ] [ 1065353216 ] [ 0 16256 ] [ 0 0 128 63 ] [...?]
 10759 - [ 00000101 ][ 0.000000 ] [ 257 ] [ 257 0 ] [ 1 1 0 0 ] [....]
 10760 - [ 00000004 ][ 0.000000 ] [ 4 ] [ 4 0 ] [ 4 0 0 0 ] [....]
 10761 - [ 00001000 ][ 0.000000 ] [ 4096 ] [ 4096 0 ] [ 0 16 0 0 ] [....]
 10762 - [ 00000000 ][ 0.000000 ] [ 0 ] [ 0 0 ] [ 0 0 0 0 ] [....]
 10763 - [ 46be3ccd ][ 24350.400391 ] [ 1186872525 ] [ 15565 18110 ] [ 205 60 190 70 ] [.<.F]
 10764 - [ c518d70a ][ -2445.439941 ] [ 3306739466 ] [ 55050 50456 ] [ 10 215 24 197 ] [....]
 10765 - [ 468bce66 ][ 17895.199219 ] [ 1183567462 ] [ 52838 18059 ] [ 102 206 139 70 ] [f..F]
 10766 - [ 3f800000 ][ 1.000000 ] [ 1065353216 ] [ 0 16256 ] [ 0 0 128 63 ] [...?]
 10767 - [ 46be3ccd ][ 24350.400391 ] [ 1186872525 ] [ 15565 18110 ] [ 205 60 190 70 ] [.<.F]
 10768 - [ 44842971 ][ 1057.295044 ] [ 1149512049 ] [ 10609 17540 ] [ 113 41 132 68 ] [q).D]
 10769 - [ 468bce66 ][ 17895.199219 ] [ 1183567462 ] [ 52838 18059 ] [ 102 206 139 70 ] [f..F]
 10770 - [ 3f800000 ][ 1.000000 ] [ 1065353216 ] [ 0 16256 ] [ 0 0 128 63 ] [...?]
 10771 - [ 46c10433 ][ 24706.099609 ] [ 1187054643 ] [ 1075 18113 ] [ 51 4 193 70 ] [3..F]
 10772 - [ 44842971 ][ 1057.295044 ] [ 1149512049 ] [ 10609 17540 ] [ 113 41 132 68 ] [q).D]
 10773 - [ 468bcdb3 ][ 17894.849609 ] [ 1183567283 ] [ 52659 18059 ] [ 179 205 139 70 ] [...F]
 10774 - [ 3f800000 ][ 1.000000 ] [ 1065353216 ] [ 0 16256 ] [ 0 0 128 63 ] [...?]
 10775 - [ 46c10433 ][ 24706.099609 ] [ 1187054643 ] [ 1075 18113 ] [ 51 4 193 70 ] [3..F]
 10776 - [ c518d70a ][ -2445.439941 ] [ 3306739466 ] [ 55050 50456 ] [ 10 215 24 197 ] [....]
 10777 - [ 468bcdb3 ][ 17894.849609 ] [ 1183567283 ] [ 52659 18059 ] [ 179 205 139 70 ] [...F]
 10778 - [ 3f800000 ][ 1.000000 ] [ 1065353216 ] [ 0 16256 ] [ 0 0 128 63 ] [...?]
 10779 - [ 00000101 ][ 0.000000 ] [ 257 ] [ 257 0 ] [ 1 1 0 0 ] [....]
 10780 - [ 00000004 ][ 0.000000 ] [ 4 ] [ 4 0 ] [ 4 0 0 0 ] [....]
 10781 - [ 00001000 ][ 0.000000 ] [ 4096 ] [ 4096 0 ] [ 0 16 0 0 ] [....]
 10782 - [ 00000000 ][ 0.000000 ] [ 0 ] [ 0 0 ] [ 0 0 0 0 ] [....]
 10783 - [ 46c10433 ][ 24706.099609 ] [ 1187054643 ] [ 1075 18113 ] [ 51 4 193 70 ] [3..F]
 10784 - [ c518d70a ][ -2445.439941 ] [ 3306739466 ] [ 55050 50456 ] [ 10 215 24 197 ] [....]
 10785 - [ 468bcdb3 ][ 17894.849609 ] [ 1183567283 ] [ 52659 18059 ] [ 179 205 139 70 ] [...F]
 10786 - [ 3f800000 ][ 1.000000 ] [ 1065353216 ] [ 0 16256 ] [ 0 0 128 63 ] [...?]
 10787 - [ 46c10433 ][ 24706.099609 ] [ 1187054643 ] [ 1075 18113 ] [ 51 4 193 70 ] [3..F]
 10788 - [ 44842971 ][ 1057.295044 ] [ 1149512049 ] [ 10609 17540 ] [ 113 41 132 68 ] [q).D]
 10789 - [ 468bcdb3 ][ 17894.849609 ] [ 1183567283 ] [ 52659 18059 ] [ 179 205 139 70 ] [...F]
 10790 - [ 3f800000 ][ 1.000000 ] [ 1065353216 ] [ 0 16256 ] [ 0 0 128 63 ] [...?]
 10791 - [ 46c10433 ][ 24706.099609 ] [ 1187054643 ] [ 1075 18113 ] [ 51 4 193 70 ] [3..F]
 10792 - [ 44842971 ][ 1057.295044 ] [ 1149512049 ] [ 10609 17540 ] [ 113 41 132 68 ] [q).D]
 10793 - [ 46903fb3 ][ 18463.849609 ] [ 1183858611 ] [ 16307 18064 ] [ 179 63 144 70 ] [.?.F]
 10794 - [ 3f800000 ][ 1.000000 ] [ 1065353216 ] [ 0 16256 ] [ 0 0 128 63 ] [...?]
 10795 - [ 46c10433 ][ 24706.099609 ] [ 1187054643 ] [ 1075 18113 ] [ 51 4 193 70 ] [3..F]
 10796 - [ c518d70a ][ -2445.439941 ] [ 3306739466 ] [ 55050 50456 ] [ 10 215 24 197 ] [....]
 10797 - [ 46903fb3 ][ 18463.849609 ] [ 1183858611 ] [ 16307 18064 ] [ 179 63 144 70 ] [.?.F]
 10798 - [ 3f800000 ][ 1.000000 ] [ 1065353216 ] [ 0 16256 ] [ 0 0 128 63 ] [...?]
 10799 - [ 00000101 ][ 0.000000 ] [ 257 ] [ 257 0 ] [ 1 1 0 0 ] [....]
 10800 - [ 00000004 ][ 0.000000 ] [ 4 ] [ 4 0 ] [ 4 0 0 0 ] [....]
 10801 - [ 00001000 ][ 0.000000 ] [ 4096 ] [ 4096 0 ] [ 0 16 0 0 ] [....]
 10802 - [ 00000000 ][ 0.000000 ] [ 0 ] [ 0 0 ] [ 0 0 0 0 ] [....]
 10803 - [ 46c10433 ][ 24706.099609 ] [ 1187054643 ] [ 1075 18113 ] [ 51 4 193 70 ] [3..F]
 10804 - [ c518d70a ][ -2445.439941 ] [ 3306739466 ] [ 55050 50456 ] [ 10 215 24 197 ] [....]
 10805 - [ 46903fb3 ][ 18463.849609 ] [ 1183858611 ] [ 16307 18064 ] [ 179 63 144 70 ] [.?.F]
 10806 - [ 3f800000 ][ 1.000000 ] [ 1065353216 ] [ 0 16256 ] [ 0 0 128 63 ] [...?]
 10807 - [ 46c10433 ][ 24706.099609 ] [ 1187054643 ] [ 1075 18113 ] [ 51 4 193 70 ] [3..F]
 10808 - [ 44842971 ][ 1057.295044 ] [ 1149512049 ] [ 10609 17540 ] [ 113 41 132 68 ] [q).D]
 10809 - [ 46903fb3 ][ 18463.849609 ] [ 1183858611 ] [ 16307 18064 ] [ 179 63 144 70 ] [.?.F]
 10810 - [ 3f800000 ][ 1.000000 ] [ 1065353216 ] [ 0 16256 ] [ 0 0 128 63 ] [...?]
 10811 - [ 46be1eb3 ][ 24335.349609 ] [ 1186864819 ] [ 7859 18110 ] [ 179 30 190 70 ] [...F]
 10812 - [ 44842971 ][ 1057.295044 ] [ 1149512049 ] [ 10609 17540 ] [ 113 41 132 68 ] [q).D]
 10813 - [ 46903fb3 ][ 18463.849609 ] [ 1183858611 ] [ 16307 18064 ] [ 179 63 144 70 ] [.?.F]
 10814 - [ 3f800000 ][ 1.000000 ] [ 1065353216 ] [ 0 16256 ] [ 0 0 128 63 ] [...?]
 10815 - [ 46be1eb3 ][ 24335.349609 ] [ 1186864819 ] [ 7859 18110 ] [ 179 30 190 70 ] [...F]
 10816 - [ c518d70a ][ -2445.439941 ] [ 3306739466 ] [ 55050 50456 ] [ 10 215 24 197 ] [....]
 10817 - [ 46903fb3 ][ 18463.849609 ] [ 1183858611 ] [ 16307 18064 ] [ 179 63 144 70 ] [.?.F]
 10818 - [ 3f800000 ][ 1.000000 ] [ 1065353216 ] [ 0 16256 ] [ 0 0 128 63 ] [...?]
 10819 - [ 00000101 ][ 0.000000 ] [ 257 ] [ 257 0 ] [ 1 1 0 0 ] [....]
 10820 - [ 00000004 ][ 0.000000 ] [ 4 ] [ 4 0 ] [ 4 0 0 0 ] [....]
 10821 - [ 00001000 ][ 0.000000 ] [ 4096 ] [ 4096 0 ] [ 0 16 0 0 ] [....]
 10822 - [ 00000000 ][ 0.000000 ] [ 0 ] [ 0 0 ] [ 0 0 0 0 ] [....]
 10823 - [ 46be1eb3 ][ 24335.349609 ] [ 1186864819 ] [ 7859 18110 ] [ 179 30 190 70 ] [...F]
 10824 - [ c518d70a ][ -2445.439941 ] [ 3306739466 ] [ 55050 50456 ] [ 10 215 24 197 ] [....]
 10825 - [ 46903fb3 ][ 18463.849609 ] [ 1183858611 ] [ 16307 18064 ] [ 179 63 144 70 ] [.?.F]
 10826 - [ 3f800000 ][ 1.000000 ] [ 1065353216 ] [ 0 16256 ] [ 0 0 128 63 ] [...?]
 10827 - [ 46be1eb3 ][ 24335.349609 ] [ 1186864819 ] [ 7859 18110 ] [ 179 30 190 70 ] [...F]
 10828 - [ 44842971 ][ 1057.295044 ] [ 1149512049 ] [ 10609 17540 ] [ 113 41 132 68 ] [q).D]
 10829 - [ 46903fb3 ][ 18463.849609 ] [ 1183858611 ] [ 16307 18064 ] [ 179 63 144 70 ] [.?.F]
 10830 - [ 3f800000 ][ 1.000000 ] [ 1065353216 ] [ 0 16256 ] [ 0 0 128 63 ] [...?]
 10831 - [ 46be1c80 ][ 24334.250000 ] [ 1186864256 ] [ 7296 18110 ] [ 128 28 190 70 ] [...F]
 10832 - [ 44842971 ][ 1057.295044 ] [ 1149512049 ] [ 10609 17540 ] [ 113 41 132 68 ] [q).D]
 10833 - [ 4692decd ][ 18799.400391 ] [ 1184030413 ] [ 57037 18066 ] [ 205 222 146 70 ] [...F]
 10834 - [ 3f800000 ][ 1.000000 ] [ 1065353216 ] [ 0 16256 ] [ 0 0 128 63 ] [...?]
 10835 - [ 46be1c80 ][ 24334.250000 ] [ 1186864256 ] [ 7296 18110 ] [ 128 28 190 70 ] [...F]
 10836 - [ c518d70a ][ -2445.439941 ] [ 3306739466 ] [ 55050 50456 ] [ 10 215 24 197 ] [....]
 10837 - [ 4692decd ][ 18799.400391 ] [ 1184030413 ] [ 57037 18066 ] [ 205 222 146 70 ] [...F]
 10838 - [ 3f800000 ][ 1.000000 ] [ 1065353216 ] [ 0 16256 ] [ 0 0 128 63 ] [...?]
 10839 - [ 00000101 ][ 0.000000 ] [ 257 ] [ 257 0 ] [ 1 1 0 0 ] [....]
 10840 - [ 00000004 ][ 0.000000 ] [ 4 ] [ 4 0 ] [ 4 0 0 0 ] [....]
 10841 - [ 00001000 ][ 0.000000 ] [ 4096 ] [ 4096 0 ] [ 0 16 0 0 ] [....]
 10842 - [ 00000000 ][ 0.000000 ] [ 0 ] [ 0 0 ] [ 0 0 0 0 ] [....]
 10843 - [ 46bf7400 ][ 24506.000000 ] [ 1186952192 ] [ 29696 18111 ] [ 0 116 191 70 ] [.t.F]
 10844 - [ c518d70a ][ -2445.439941 ] [ 3306739466 ] [ 55050 50456 ] [ 10 215 24 197 ] [....]
 10845 - [ 4695e280 ][ 19185.250000 ] [ 1184227968 ] [ 57984 18069 ] [ 128 226 149 70 ] [...F]
 10846 - [ 3f800000 ][ 1.000000 ] [ 1065353216 ] [ 0 16256 ] [ 0 0 128 63 ] [...?]
 10847 - [ 46be1c80 ][ 24334.250000 ] [ 1186864256 ] [ 7296 18110 ] [ 128 28 190 70 ] [...F]
 10848 - [ c518d70a ][ -2445.439941 ] [ 3306739466 ] [ 55050 50456 ] [ 10 215 24 197 ] [....]
 10849 - [ 4692decd ][ 18799.400391 ] [ 1184030413 ] [ 57037 18066 ] [ 205 222 146 70 ] [...F]
 10850 - [ 3f800000 ][ 1.000000 ] [ 1065353216 ] [ 0 16256 ] [ 0 0 128 63 ] [...?]
 10851 - [ 46be1c80 ][ 24334.250000 ] [ 1186864256 ] [ 7296 18110 ] [ 128 28 190 70 ] [...F]
 10852 - [ 44842971 ][ 1057.295044 ] [ 1149512049 ] [ 10609 17540 ] [ 113 41 132 68 ] [q).D]
 10853 - [ 4692decd ][ 18799.400391 ] [ 1184030413 ] [ 57037 18066 ] [ 205 222 146 70 ] [...F]
 10854 - [ 3f800000 ][ 1.000000 ] [ 1065353216 ] [ 0 16256 ] [ 0 0 128 63 ] [...?]
 10855 - [ 46bf7400 ][ 24506.000000 ] [ 1186952192 ] [ 29696 18111 ] [ 0 116 191 70 ] [.t.F]
 10856 - [ 44842971 ][ 1057.295044 ] [ 1149512049 ] [ 10609 17540 ] [ 113 41 132 68 ] [q).D]
 10857 - [ 4695e280 ][ 19185.250000 ] [ 1184227968 ] [ 57984 18069 ] [ 128 226 149 70 ] [...F]
 10858 - [ 3f800000 ][ 1.000000 ] [ 1065353216 ] [ 0 16256 ] [ 0 0 128 63 ] [...?]
 10859 - [ 00000101 ][ 0.000000 ] [ 257 ] [ 257 0 ] [ 1 1 0 0 ] [....]
 10860 - [ 00000004 ][ 0.000000 ] [ 4 ] [ 4 0 ] [ 4 0 0 0 ] [....]
 10861 - [ 00001000 ][ 0.000000 ] [ 4096 ] [ 4096 0 ] [ 0 16 0 0 ] [....]
 10862 - [ 00000000 ][ 0.000000 ] [ 0 ] [ 0 0 ] [ 0 0 0 0 ] [....]
 10863 - [ 46c03c00 ][ 24606.000000 ] [ 1187003392 ] [ 15360 18112 ] [ 0 60 192 70 ] [.<.F]
 10864 - [ c518d70a ][ -2445.439941 ] [ 3306739466 ] [ 55050 50456 ] [ 10 215 24 197 ] [....]
 10865 - [ 469fb3e6 ][ 20441.949219 ] [ 1184871398 ] [ 46054 18079 ] [ 230 179 159 70 ] [...F]
 10866 - [ 3f800000 ][ 1.000000 ] [ 1065353216 ] [ 0 16256 ] [ 0 0 128 63 ] [...?]
 10867 - [ 46bf7400 ][ 24506.000000 ] [ 1186952192 ] [ 29696 18111 ] [ 0 116 191 70 ] [.t.F]
 10868 - [ c518d70a ][ -2445.439941 ] [ 3306739466 ] [ 55050 50456 ] [ 10 215 24 197 ] [....]
 10869 - [ 4695e280 ][ 19185.250000 ] [ 1184227968 ] [ 57984 18069 ] [ 128 226 149 70 ] [...F]
 10870 - [ 3f800000 ][ 1.000000 ] [ 1065353216 ] [ 0 16256 ] [ 0 0 128 63 ] [...?]
 10871 - [ 46bf7400 ][ 24506.000000 ] [ 1186952192 ] [ 29696 18111 ] [ 0 116 191 70 ] [.t.F]
 10872 - [ 44842971 ][ 1057.295044 ] [ 1149512049 ] [ 10609 17540 ] [ 113 41 132 68 ] [q).D]
 10873 - [ 4695e280 ][ 19185.250000 ] [ 1184227968 ] [ 57984 18069 ] [ 128 226 149 70 ] [...F]
 10874 - [ 3f800000 ][ 1.000000 ] [ 1065353216 ] [ 0 16256 ] [ 0 0 128 63 ] [...?]
 10875 - [ 46c03c00 ][ 24606.000000 ] [ 1187003392 ] [ 15360 18112 ] [ 0 60 192 70 ] [.<.F]
 10876 - [ 44842971 ][ 1057.295044 ] [ 1149512049 ] [ 10609 17540 ] [ 113 41 132 68 ] [q).D]
 10877 - [ 469fb3e6 ][ 20441.949219 ] [ 1184871398 ] [ 46054 18079 ] [ 230 179 159 70 ] [...F]
 10878 - [ 3f800000 ][ 1.000000 ] [ 1065353216 ] [ 0 16256 ] [ 0 0 128 63 ] [...?]
 10879 - [ 00000101 ][ 0.000000 ] [ 257 ] [ 257 0 ] [ 1 1 0 0 ] [....]
 10880 - [ 00000004 ][ 0.000000 ] [ 4 ] [ 4 0 ] [ 4 0 0 0 ] [....]
 10881 - [ 00001000 ][ 0.000000 ] [ 4096 ] [ 4096 0 ] [ 0 16 0 0 ] [....]
 10882 - [ 00000000 ][ 0.000000 ] [ 0 ] [ 0 0 ] [ 0 0 0 0 ] [....]
 10883 - [ 46cd73b3 ][ 26297.849609 ] [ 1187869619 ] [ 29619 18125 ] [ 179 115 205 70 ] [.s.F]
 10884 - [ c518d70a ][ -2445.439941 ] [ 3306739466 ] [ 55050 50456 ] [ 10 215 24 197 ] [....]
 10885 - [ 46a5fb33 ][ 21245.599609 ] [ 1185282867 ] [ 64307 18085 ] [ 51 251 165 70 ] [3..F]
 10886 - [ 3f800000 ][ 1.000000 ] [ 1065353216 ] [ 0 16256 ] [ 0 0 128 63 ] [...?]
 10887 - [ 46c03c00 ][ 24606.000000 ] [ 1187003392 ] [ 15360 18112 ] [ 0 60 192 70 ] [.<.F]
 10888 - [ c518d70a ][ -2445.439941 ] [ 3306739466 ] [ 55050 50456 ] [ 10 215 24 197 ] [....]
 10889 - [ 469fb3e6 ][ 20441.949219 ] [ 1184871398 ] [ 46054 18079 ] [ 230 179 159 70 ] [...F]
 10890 - [ 3f800000 ][ 1.000000 ] [ 1065353216 ] [ 0 16256 ] [ 0 0 128 63 ] [...?]
 10891 - [ 46c03c00 ][ 24606.000000 ] [ 1187003392 ] [ 15360 18112 ] [ 0 60 192 70 ] [.<.F]
 10892 - [ 44842971 ][ 1057.295044 ] [ 1149512049 ] [ 10609 17540 ] [ 113 41 132 68 ] [q).D]
 10893 - [ 469fb3e6 ][ 20441.949219 ] [ 1184871398 ] [ 46054 18079 ] [ 230 179 159 70 ] [...F]
 10894 - [ 3f800000 ][ 1.000000 ] [ 1065353216 ] [ 0 16256 ] [ 0 0 128 63 ] [...?]
 10895 - [ 46cd73b3 ][ 26297.849609 ] [ 1187869619 ] [ 29619 18125 ] [ 179 115 205 70 ] [.s.F]
 10896 - [ 44842971 ][ 1057.295044 ] [ 1149512049 ] [ 10609 17540 ] [ 113 41 132 68 ] [q).D]
 10897 - [ 46a5fb33 ][ 21245.599609 ] [ 1185282867 ] [ 64307 18085 ] [ 51 251 165 70 ] [3..F]
 10898 - [ 3f800000 ][ 1.000000 ] [ 1065353216 ] [ 0 16256 ] [ 0 0 128 63 ] [...?]
 10899 - [ 00000101 ][ 0.000000 ] [ 257 ] [ 257 0 ] [ 1 1 0 0 ] [....]
 10900 - [ 00000004 ][ 0.000000 ] [ 4 ] [ 4 0 ] [ 4 0 0 0 ] [....]
 10901 - [ 00001000 ][ 0.000000 ] [ 4096 ] [ 4096 0 ] [ 0 16 0 0 ] [....]
 10902 - [ 00000000 ][ 0.000000 ] [ 0 ] [ 0 0 ] [ 0 0 0 0 ] [....]
 10903 - [ 46cd73b3 ][ 26297.849609 ] [ 1187869619 ] [ 29619 18125 ] [ 179 115 205 70 ] [.s.F]
 10904 - [ c518d70a ][ -2445.439941 ] [ 3306739466 ] [ 55050 50456 ] [ 10 215 24 197 ] [....]
 10905 - [ 46a5fb33 ][ 21245.599609 ] [ 1185282867 ] [ 64307 18085 ] [ 51 251 165 70 ] [3..F]
 10906 - [ 3f800000 ][ 1.000000 ] [ 1065353216 ] [ 0 16256 ] [ 0 0 128 63 ] [...?]
 10907 - [ 46cd73b3 ][ 26297.849609 ] [ 1187869619 ] [ 29619 18125 ] [ 179 115 205 70 ] [.s.F]
 10908 - [ 44842971 ][ 1057.295044 ] [ 1149512049 ] [ 10609 17540 ] [ 113 41 132 68 ] [q).D]
 10909 - [ 46a5fb33 ][ 21245.599609 ] [ 1185282867 ] [ 64307 18085 ] [ 51 251 165 70 ] [3..F]
 10910 - [ 3f800000 ][ 1.000000 ] [ 1065353216 ] [ 0 16256 ] [ 0 0 128 63 ] [...?]
 10911 - [ 46cb6f1a ][ 26039.550781 ] [ 1187737370 ] [ 28442 18123 ] [ 26 111 203 70 ] [.o.F]
 10912 - [ 44842971 ][ 1057.295044 ] [ 1149512049 ] [ 10609 17540 ] [ 113 41 132 68 ] [q).D]
 10913 - [ 46aab0e6 ][ 21848.449219 ] [ 1185591526 ] [ 45286 18090 ] [ 230 176 170 70 ] [...F]
 10914 - [ 3f800000 ][ 1.000000 ] [ 1065353216 ] [ 0 16256 ] [ 0 0 128 63 ] [...?]
 10915 - [ 46cb6f1a ][ 26039.550781 ] [ 1187737370 ] [ 28442 18123 ] [ 26 111 203 70 ] [.o.F]
 10916 - [ c518d70a ][ -2445.439941 ] [ 3306739466 ] [ 55050 50456 ] [ 10 215 24 197 ] [....]
 10917 - [ 46aab0e6 ][ 21848.449219 ] [ 1185591526 ] [ 45286 18090 ] [ 230 176 170 70 ] [...F]
 10918 - [ 3f800000 ][ 1.000000 ] [ 1065353216 ] [ 0 16256 ] [ 0 0 128 63 ] [...?]
 10919 - [ 00000101 ][ 0.000000 ] [ 257 ] [ 257 0 ] [ 1 1 0 0 ] [....]
 10920 - [ 00000004 ][ 0.000000 ] [ 4 ] [ 4 0 ] [ 4 0 0 0 ] [....]
 10921 - [ 00001000 ][ 0.000000 ] [ 4096 ] [ 4096 0 ] [ 0 16 0 0 ] [....]
 10922 - [ 00000000 ][ 0.000000 ] [ 0 ] [ 0 0 ] [ 0 0 0 0 ] [....]
 10923 - [ 46cb6f1a ][ 26039.550781 ] [ 1187737370 ] [ 28442 18123 ] [ 26 111 203 70 ] [.o.F]
 10924 - [ c518d70a ][ -2445.439941 ] [ 3306739466 ] [ 55050 50456 ] [ 10 215 24 197 ] [....]
 10925 - [ 46aab0e6 ][ 21848.449219 ] [ 1185591526 ] [ 45286 18090 ] [ 230 176 170 70 ] [...F]
 10926 - [ 3f800000 ][ 1.000000 ] [ 1065353216 ] [ 0 16256 ] [ 0 0 128 63 ] [...?]
 10927 - [ 46cb6f1a ][ 26039.550781 ] [ 1187737370 ] [ 28442 18123 ] [ 26 111 203 70 ] [.o.F]
 10928 - [ 44842971 ][ 1057.295044 ] [ 1149512049 ] [ 10609 17540 ] [ 113 41 132 68 ] [q).D]
 10929 - [ 46aab0e6 ][ 21848.449219 ] [ 1185591526 ] [ 45286 18090 ] [ 230 176 170 70 ] [...F]
 10930 - [ 3f800000 ][ 1.000000 ] [ 1065353216 ] [ 0 16256 ] [ 0 0 128 63 ] [...?]
 10931 - [ 46c655e6 ][ 25386.949219 ] [ 1187403238 ] [ 21990 18118 ] [ 230 85 198 70 ] [.U.F]
 10932 - [ 44842971 ][ 1057.295044 ] [ 1149512049 ] [ 10609 17540 ] [ 113 41 132 68 ] [q).D]
 10933 - [ 46a88acd ][ 21573.400391 ] [ 1185450701 ] [ 35533 18088 ] [ 205 138 168 70 ] [...F]
 10934 - [ 3f800000 ][ 1.000000 ] [ 1065353216 ] [ 0 16256 ] [ 0 0 128 63 ] [...?]
 10935 - [ 46c655e6 ][ 25386.949219 ] [ 1187403238 ] [ 21990 18118 ] [ 230 85 198 70 ] [.U.F]
 10936 - [ c518d70a ][ -2445.439941 ] [ 3306739466 ] [ 55050 50456 ] [ 10 215 24 197 ] [....]
 10937 - [ 46a88acd ][ 21573.400391 ] [ 1185450701 ] [ 35533 18088 ] [ 205 138 168 70 ] [...F]
 10938 - [ 3f800000 ][ 1.000000 ] [ 1065353216 ] [ 0 16256 ] [ 0 0 128 63 ] [...?]
 10939 - [ 00000101 ][ 0.000000 ] [ 257 ] [ 257 0 ] [ 1 1 0 0 ] [....]
 10940 - [ 00000004 ][ 0.000000 ] [ 4 ] [ 4 0 ] [ 4 0 0 0 ] [....]
 10941 - [ 00001000 ][ 0.000000 ] [ 4096 ] [ 4096 0 ] [ 0 16 0 0 ] [....]
 10942 - [ 00000000 ][ 0.000000 ] [ 0 ] [ 0 0 ] [ 0 0 0 0 ] [....]
 10943 - [ 46c655e6 ][ 25386.949219 ] [ 1187403238 ] [ 21990 18118 ] [ 230 85 198 70 ] [.U.F]
 10944 - [ c518d70a ][ -2445.439941 ] [ 3306739466 ] [ 55050 50456 ] [ 10 215 24 197 ] [....]
 10945 - [ 46a88acd ][ 21573.400391 ] [ 1185450701 ] [ 35533 18088 ] [ 205 138 168 70 ] [...F]
 10946 - [ 3f800000 ][ 1.000000 ] [ 1065353216 ] [ 0 16256 ] [ 0 0 128 63 ] [...?]
 10947 - [ 46c655e6 ][ 25386.949219 ] [ 1187403238 ] [ 21990 18118 ] [ 230 85 198 70 ] [.U.F]
 10948 - [ 44842971 ][ 1057.295044 ] [ 1149512049 ] [ 10609 17540 ] [ 113 41 132 68 ] [q).D]
 10949 - [ 46a88acd ][ 21573.400391 ] [ 1185450701 ] [ 35533 18088 ] [ 205 138 168 70 ] [...F]
 10950 - [ 3f800000 ][ 1.000000 ] [ 1065353216 ] [ 0 16256 ] [ 0 0 128 63 ] [...?]
 10951 - [ 46c4bbe6 ][ 25181.949219 ] [ 1187298278 ] [ 48102 18116 ] [ 230 187 196 70 ] [...F]
 10952 - [ 44842971 ][ 1057.295044 ] [ 1149512049 ] [ 10609 17540 ] [ 113 41 132 68 ] [q).D]
 10953 - [ 46aa1f4d ][ 21775.650391 ] [ 1185554253 ] [ 8013 18090 ] [ 77 31 170 70 ] [M..F]
 10954 - [ 3f800000 ][ 1.000000 ] [ 1065353216 ] [ 0 16256 ] [ 0 0 128 63 ] [...?]
 10955 - [ 46c4bbe6 ][ 25181.949219 ] [ 1187298278 ] [ 48102 18116 ] [ 230 187 196 70 ] [...F]
 10956 - [ c518d70a ][ -2445.439941 ] [ 3306739466 ] [ 55050 50456 ] [ 10 215 24 197 ] [....]
 10957 - [ 46aa1f4d ][ 21775.650391 ] [ 1185554253 ] [ 8013 18090 ] [ 77 31 170 70 ] [M..F]
 10958 - [ 3f800000 ][ 1.000000 ] [ 1065353216 ] [ 0 16256 ] [ 0 0 128 63 ] [...?]
 10959 - [ 00000101 ][ 0.000000 ] [ 257 ] [ 257 0 ] [ 1 1 0 0 ] [....]
 10960 - [ 00000004 ][ 0.000000 ] [ 4 ] [ 4 0 ] [ 4 0 0 0 ] [....]
 10961 - [ 00001000 ][ 0.000000 ] [ 4096 ] [ 4096 0 ] [ 0 16 0 0 ] [....]
 10962 - [ 00000000 ][ 0.000000 ] [ 0 ] [ 0 0 ] [ 0 0 0 0 ] [....]
 10963 - [ 46c4bbe6 ][ 25181.949219 ] [ 1187298278 ] [ 48102 18116 ] [ 230 187 196 70 ] [...F]
 10964 - [ c518d70a ][ -2445.439941 ] [ 3306739466 ] [ 55050 50456 ] [ 10 215 24 197 ] [....]
 10965 - [ 46aa1f4d ][ 21775.650391 ] [ 1185554253 ] [ 8013 18090 ] [ 77 31 170 70 ] [M..F]
 10966 - [ 3f800000 ][ 1.000000 ] [ 1065353216 ] [ 0 16256 ] [ 0 0 128 63 ] [...?]
 10967 - [ 46c4bbe6 ][ 25181.949219 ] [ 1187298278 ] [ 48102 18116 ] [ 230 187 196 70 ] [...F]
 10968 - [ 44842971 ][ 1057.295044 ] [ 1149512049 ] [ 10609 17540 ] [ 113 41 132 68 ] [q).D]
 10969 - [ 46aa1f4d ][ 21775.650391 ] [ 1185554253 ] [ 8013 18090 ] [ 77 31 170 70 ] [M..F]
 10970 - [ 3f800000 ][ 1.000000 ] [ 1065353216 ] [ 0 16256 ] [ 0 0 128 63 ] [...?]
 10971 - [ 46cc1966 ][ 26124.699219 ] [ 1187780966 ] [ 6502 18124 ] [ 102 25 204 70 ] [f..F]
 10972 - [ 44842971 ][ 1057.295044 ] [ 1149512049 ] [ 10609 17540 ] [ 113 41 132 68 ] [q).D]
 10973 - [ 46ad39b3 ][ 22172.849609 ] [ 1185757619 ] [ 14771 18093 ] [ 179 57 173 70 ] [.9.F]
 10974 - [ 3f800000 ][ 1.000000 ] [ 1065353216 ] [ 0 16256 ] [ 0 0 128 63 ] [...?]
 10975 - [ 46cc1966 ][ 26124.699219 ] [ 1187780966 ] [ 6502 18124 ] [ 102 25 204 70 ] [f..F]
 10976 - [ c518d70a ][ -2445.439941 ] [ 3306739466 ] [ 55050 50456 ] [ 10 215 24 197 ] [....]
 10977 - [ 46ad39b3 ][ 22172.849609 ] [ 1185757619 ] [ 14771 18093 ] [ 179 57 173 70 ] [.9.F]
 10978 - [ 3f800000 ][ 1.000000 ] [ 1065353216 ] [ 0 16256 ] [ 0 0 128 63 ] [...?]
 10979 - [ 00000101 ][ 0.000000 ] [ 257 ] [ 257 0 ] [ 1 1 0 0 ] [....]
 10980 - [ 00000004 ][ 0.000000 ] [ 4 ] [ 4 0 ] [ 4 0 0 0 ] [....]
 10981 - [ 00001000 ][ 0.000000 ] [ 4096 ] [ 4096 0 ] [ 0 16 0 0 ] [....]
 10982 - [ 00000000 ][ 0.000000 ] [ 0 ] [ 0 0 ] [ 0 0 0 0 ] [....]
 10983 - [ 46cc1966 ][ 26124.699219 ] [ 1187780966 ] [ 6502 18124 ] [ 102 25 204 70 ] [f..F]
 10984 - [ c518d70a ][ -2445.439941 ] [ 3306739466 ] [ 55050 50456 ] [ 10 215 24 197 ] [....]
 10985 - [ 46ad39b3 ][ 22172.849609 ] [ 1185757619 ] [ 14771 18093 ] [ 179 57 173 70 ] [.9.F]
 10986 - [ 3f800000 ][ 1.000000 ] [ 1065353216 ] [ 0 16256 ] [ 0 0 128 63 ] [...?]
 10987 - [ 46cc1966 ][ 26124.699219 ] [ 1187780966 ] [ 6502 18124 ] [ 102 25 204 70 ] [f..F]
 10988 - [ 44842971 ][ 1057.295044 ] [ 1149512049 ] [ 10609 17540 ] [ 113 41 132 68 ] [q).D]
 10989 - [ 46ad39b3 ][ 22172.849609 ] [ 1185757619 ] [ 14771 18093 ] [ 179 57 173 70 ] [.9.F]
 10990 - [ 3f800000 ][ 1.000000 ] [ 1065353216 ] [ 0 16256 ] [ 0 0 128 63 ] [...?]
 10991 - [ 46ca07e6 ][ 25859.949219 ] [ 1187645414 ] [ 2022 18122 ] [ 230 7 202 70 ] [...F]
 10992 - [ 44842971 ][ 1057.295044 ] [ 1149512049 ] [ 10609 17540 ] [ 113 41 132 68 ] [q).D]
 10993 - [ 46b2389a ][ 22812.300781 ] [ 1186085018 ] [ 14490 18098 ] [ 154 56 178 70 ] [.8.F]
 10994 - [ 3f800000 ][ 1.000000 ] [ 1065353216 ] [ 0 16256 ] [ 0 0 128 63 ] [...?]
 10995 - [ 46ca07e6 ][ 25859.949219 ] [ 1187645414 ] [ 2022 18122 ] [ 230 7 202 70 ] [...F]
 10996 - [ c518d70a ][ -2445.439941 ] [ 3306739466 ] [ 55050 50456 ] [ 10 215 24 197 ] [....]
 10997 - [ 46b2389a ][ 22812.300781 ] [ 1186085018 ] [ 14490 18098 ] [ 154 56 178 70 ] [.8.F]
 10998 - [ 3f800000 ][ 1.000000 ] [ 1065353216 ] [ 0 16256 ] [ 0 0 128 63 ] [...?]
 10999 - [ 00000101 ][ 0.000000 ] [ 257 ] [ 257 0 ] [ 1 1 0 0 ] [....]
 11000 - [ 00000004 ][ 0.000000 ] [ 4 ] [ 4 0 ] [ 4 0 0 0 ] [....]
 11001 - [ 00001000 ][ 0.000000 ] [ 4096 ] [ 4096 0 ] [ 0 16 0 0 ] [....]
 11002 - [ 00000000 ][ 0.000000 ] [ 0 ] [ 0 0 ] [ 0 0 0 0 ] [....]
 11003 - [ 46ca07e6 ][ 25859.949219 ] [ 1187645414 ] [ 2022 18122 ] [ 230 7 202 70 ] [...F]
 11004 - [ c518d70a ][ -2445.439941 ] [ 3306739466 ] [ 55050 50456 ] [ 10 215 24 197 ] [....]
 11005 - [ 46b2389a ][ 22812.300781 ] [ 1186085018 ] [ 14490 18098 ] [ 154 56 178 70 ] [.8.F]
 11006 - [ 3f800000 ][ 1.000000 ] [ 1065353216 ] [ 0 16256 ] [ 0 0 128 63 ] [...?]
 11007 - [ 46ca07e6 ][ 25859.949219 ] [ 1187645414 ] [ 2022 18122 ] [ 230 7 202 70 ] [...F]
 11008 - [ 44842971 ][ 1057.295044 ] [ 1149512049 ] [ 10609 17540 ] [ 113 41 132 68 ] [q).D]
 11009 - [ 46b2389a ][ 22812.300781 ] [ 1186085018 ] [ 14490 18098 ] [ 154 56 178 70 ] [.8.F]
 11010 - [ 3f800000 ][ 1.000000 ] [ 1065353216 ] [ 0 16256 ] [ 0 0 128 63 ] [...?]
 11011 - [ 46c327b3 ][ 24979.849609 ] [ 1187194803 ] [ 10163 18115 ] [ 179 39 195 70 ] [.'.F]
 11012 - [ 44842971 ][ 1057.295044 ] [ 1149512049 ] [ 10609 17540 ] [ 113 41 132 68 ] [q).D]
 11013 - [ 46af1ccd ][ 22414.400391 ] [ 1185881293 ] [ 7373 18095 ] [ 205 28 175 70 ] [...F]
 11014 - [ 3f800000 ][ 1.000000 ] [ 1065353216 ] [ 0 16256 ] [ 0 0 128 63 ] [...?]
 11015 - [ 46c327b3 ][ 24979.849609 ] [ 1187194803 ] [ 10163 18115 ] [ 179 39 195 70 ] [.'.F]
 11016 - [ c518d70a ][ -2445.439941 ] [ 3306739466 ] [ 55050 50456 ] [ 10 215 24 197 ] [....]
 11017 - [ 46af1ccd ][ 22414.400391 ] [ 1185881293 ] [ 7373 18095 ] [ 205 28 175 70 ] [...F]
 11018 - [ 3f800000 ][ 1.000000 ] [ 1065353216 ] [ 0 16256 ] [ 0 0 128 63 ] [...?]
 11019 - [ 00000101 ][ 0.000000 ] [ 257 ] [ 257 0 ] [ 1 1 0 0 ] [....]
 11020 - [ 00000004 ][ 0.000000 ] [ 4 ] [ 4 0 ] [ 4 0 0 0 ] [....]
 11021 - [ 00001000 ][ 0.000000 ] [ 4096 ] [ 4096 0 ] [ 0 16 0 0 ] [....]
 11022 - [ 00000000 ][ 0.000000 ] [ 0 ] [ 0 0 ] [ 0 0 0 0 ] [....]
 11023 - [ 46c26166 ][ 24880.699219 ] [ 1187144038 ] [ 24934 18114 ] [ 102 97 194 70 ] [fa.F]
 11024 - [ c518d70a ][ -2445.439941 ] [ 3306739466 ] [ 55050 50456 ] [ 10 215 24 197 ] [....]
 11025 - [ 46b33b00 ][ 22941.500000 ] [ 1186151168 ] [ 15104 18099 ] [ 0 59 179 70 ] [.;.F]
 11026 - [ 3f800000 ][ 1.000000 ] [ 1065353216 ] [ 0 16256 ] [ 0 0 128 63 ] [...?]
 11027 - [ 46c327b3 ][ 24979.849609 ] [ 1187194803 ] [ 10163 18115 ] [ 179 39 195 70 ] [.'.F]
 11028 - [ c518d70a ][ -2445.439941 ] [ 3306739466 ] [ 55050 50456 ] [ 10 215 24 197 ] [....]
 11029 - [ 46af1ccd ][ 22414.400391 ] [ 1185881293 ] [ 7373 18095 ] [ 205 28 175 70 ] [...F]
 11030 - [ 3f800000 ][ 1.000000 ] [ 1065353216 ] [ 0 16256 ] [ 0 0 128 63 ] [...?]
 11031 - [ 46c327b3 ][ 24979.849609 ] [ 1187194803 ] [ 10163 18115 ] [ 179 39 195 70 ] [.'.F]
 11032 - [ 44842971 ][ 1057.295044 ] [ 1149512049 ] [ 10609 17540 ] [ 113 41 132 68 ] [q).D]
 11033 - [ 46af1ccd ][ 22414.400391 ] [ 1185881293 ] [ 7373 18095 ] [ 205 28 175 70 ] [...F]
 11034 - [ 3f800000 ][ 1.000000 ] [ 1065353216 ] [ 0 16256 ] [ 0 0 128 63 ] [...?]
 11035 - [ 46c26166 ][ 24880.699219 ] [ 1187144038 ] [ 24934 18114 ] [ 102 97 194 70 ] [fa.F]
 11036 - [ 44842971 ][ 1057.295044 ] [ 1149512049 ] [ 10609 17540 ] [ 113 41 132 68 ] [q).D]
 11037 - [ 46b33b00 ][ 22941.500000 ] [ 1186151168 ] [ 15104 18099 ] [ 0 59 179 70 ] [.;.F]
 11038 - [ 3f800000 ][ 1.000000 ] [ 1065353216 ] [ 0 16256 ] [ 0 0 128 63 ] [...?]
 11039 - [ 00000101 ][ 0.000000 ] [ 257 ] [ 257 0 ] [ 1 1 0 0 ] [....]
 11040 - [ 00000004 ][ 0.000000 ] [ 4 ] [ 4 0 ] [ 4 0 0 0 ] [....]
 11041 - [ 00001000 ][ 0.000000 ] [ 4096 ] [ 4096 0 ] [ 0 16 0 0 ] [....]
 11042 - [ 00000000 ][ 0.000000 ] [ 0 ] [ 0 0 ] [ 0 0 0 0 ] [....]
 11043 - [ 46bda533 ][ 24274.599609 ] [ 1186833715 ] [ 42291 18109 ] [ 51 165 189 70 ] [3..F]
 11044 - [ c518d70a ][ -2445.439941 ] [ 3306739466 ] [ 55050 50456 ] [ 10 215 24 197 ] [....]
 11045 - [ 46b9ce33 ][ 23783.099609 ] [ 1186582067 ] [ 52787 18105 ] [ 51 206 185 70 ] [3..F]
 11046 - [ 3f800000 ][ 1.000000 ] [ 1065353216 ] [ 0 16256 ] [ 0 0 128 63 ] [...?]
 11047 - [ 46c26166 ][ 24880.699219 ] [ 1187144038 ] [ 24934 18114 ] [ 102 97 194 70 ] [fa.F]
 11048 - [ c518d70a ][ -2445.439941 ] [ 3306739466 ] [ 55050 50456 ] [ 10 215 24 197 ] [....]
 11049 - [ 46b33b00 ][ 22941.500000 ] [ 1186151168 ] [ 15104 18099 ] [ 0 59 179 70 ] [.;.F]
 11050 - [ 3f800000 ][ 1.000000 ] [ 1065353216 ] [ 0 16256 ] [ 0 0 128 63 ] [...?]
 11051 - [ 46c26166 ][ 24880.699219 ] [ 1187144038 ] [ 24934 18114 ] [ 102 97 194 70 ] [fa.F]
 11052 - [ 44842971 ][ 1057.295044 ] [ 1149512049 ] [ 10609 17540 ] [ 113 41 132 68 ] [q).D]
 11053 - [ 46b33b00 ][ 22941.500000 ] [ 1186151168 ] [ 15104 18099 ] [ 0 59 179 70 ] [.;.F]
 11054 - [ 3f800000 ][ 1.000000 ] [ 1065353216 ] [ 0 16256 ] [ 0 0 128 63 ] [...?]
 11055 - [ 46bda533 ][ 24274.599609 ] [ 1186833715 ] [ 42291 18109 ] [ 51 165 189 70 ] [3..F]
 11056 - [ 44842971 ][ 1057.295044 ] [ 1149512049 ] [ 10609 17540 ] [ 113 41 132 68 ] [q).D]
 11057 - [ 46b9ce33 ][ 23783.099609 ] [ 1186582067 ] [ 52787 18105 ] [ 51 206 185 70 ] [3..F]
 11058 - [ 3f800000 ][ 1.000000 ] [ 1065353216 ] [ 0 16256 ] [ 0 0 128 63 ] [...?]
 11059 - [ 00000101 ][ 0.000000 ] [ 257 ] [ 257 0 ] [ 1 1 0 0 ] [....]
 11060 - [ 00000004 ][ 0.000000 ] [ 4 ] [ 4 0 ] [ 4 0 0 0 ] [....]
 11061 - [ 00001000 ][ 0.000000 ] [ 4096 ] [ 4096 0 ] [ 0 16 0 0 ] [....]
 11062 - [ 00000000 ][ 0.000000 ] [ 0 ] [ 0 0 ] [ 0 0 0 0 ] [....]
 11063 - [ 46a33266 ][ 20889.199219 ] [ 1185100390 ] [ 12902 18083 ] [ 102 50 163 70 ] [f2.F]
 11064 - [ c518d70a ][ -2445.439941 ] [ 3306739466 ] [ 55050 50456 ] [ 10 215 24 197 ] [....]
 11065 - [ 46b94f4d ][ 23719.650391 ] [ 1186549581 ] [ 20301 18105 ] [ 77 79 185 70 ] [MO.F]
 11066 - [ 3f800000 ][ 1.000000 ] [ 1065353216 ] [ 0 16256 ] [ 0 0 128 63 ] [...?]
 11067 - [ 46bda533 ][ 24274.599609 ] [ 1186833715 ] [ 42291 18109 ] [ 51 165 189 70 ] [3..F]
 11068 - [ c518d70a ][ -2445.439941 ] [ 3306739466 ] [ 55050 50456 ] [ 10 215 24 197 ] [....]
 11069 - [ 46b9ce33 ][ 23783.099609 ] [ 1186582067 ] [ 52787 18105 ] [ 51 206 185 70 ] [3..F]
 11070 - [ 3f800000 ][ 1.000000 ] [ 1065353216 ] [ 0 16256 ] [ 0 0 128 63 ] [...?]
 11071 - [ 46bda533 ][ 24274.599609 ] [ 1186833715 ] [ 42291 18109 ] [ 51 165 189 70 ] [3..F]
 11072 - [ 44842971 ][ 1057.295044 ] [ 1149512049 ] [ 10609 17540 ] [ 113 41 132 68 ] [q).D]
 11073 - [ 46b9ce33 ][ 23783.099609 ] [ 1186582067 ] [ 52787 18105 ] [ 51 206 185 70 ] [3..F]
 11074 - [ 3f800000 ][ 1.000000 ] [ 1065353216 ] [ 0 16256 ] [ 0 0 128 63 ] [...?]
 11075 - [ 46a33266 ][ 20889.199219 ] [ 1185100390 ] [ 12902 18083 ] [ 102 50 163 70 ] [f2.F]
 11076 - [ 44842971 ][ 1057.295044 ] [ 1149512049 ] [ 10609 17540 ] [ 113 41 132 68 ] [q).D]
 11077 - [ 46b94f4d ][ 23719.650391 ] [ 1186549581 ] [ 20301 18105 ] [ 77 79 185 70 ] [MO.F]
 11078 - [ 3f800000 ][ 1.000000 ] [ 1065353216 ] [ 0 16256 ] [ 0 0 128 63 ] [...?]
 11079 - [ 00000101 ][ 0.000000 ] [ 257 ] [ 257 0 ] [ 1 1 0 0 ] [....]
 11080 - [ 00000004 ][ 0.000000 ] [ 4 ] [ 4 0 ] [ 4 0 0 0 ] [....]
 11081 - [ 00001000 ][ 0.000000 ] [ 4096 ] [ 4096 0 ] [ 0 16 0 0 ] [....]
 11082 - [ 00000000 ][ 0.000000 ] [ 0 ] [ 0 0 ] [ 0 0 0 0 ] [....]
 11083 - [ 46a33266 ][ 20889.199219 ] [ 1185100390 ] [ 12902 18083 ] [ 102 50 163 70 ] [f2.F]
 11084 - [ c518d70a ][ -2445.439941 ] [ 3306739466 ] [ 55050 50456 ] [ 10 215 24 197 ] [....]
 11085 - [ 46b94f4d ][ 23719.650391 ] [ 1186549581 ] [ 20301 18105 ] [ 77 79 185 70 ] [MO.F]
 11086 - [ 3f800000 ][ 1.000000 ] [ 1065353216 ] [ 0 16256 ] [ 0 0 128 63 ] [...?]
 11087 - [ 46a33266 ][ 20889.199219 ] [ 1185100390 ] [ 12902 18083 ] [ 102 50 163 70 ] [f2.F]
 11088 - [ 44842971 ][ 1057.295044 ] [ 1149512049 ] [ 10609 17540 ] [ 113 41 132 68 ] [q).D]
 11089 - [ 46b94f4d ][ 23719.650391 ] [ 1186549581 ] [ 20301 18105 ] [ 77 79 185 70 ] [MO.F]
 11090 - [ 3f800000 ][ 1.000000 ] [ 1065353216 ] [ 0 16256 ] [ 0 0 128 63 ] [...?]
 11091 - [ 46a1be9a ][ 20703.300781 ] [ 1185005210 ] [ 48794 18081 ] [ 154 190 161 70 ] [...F]
 11092 - [ 44842971 ][ 1057.295044 ] [ 1149512049 ] [ 10609 17540 ] [ 113 41 132 68 ] [q).D]
 11093 - [ 46b5ad4d ][ 23254.650391 ] [ 1186311501 ] [ 44365 18101 ] [ 77 173 181 70 ] [M..F]
 11094 - [ 3f800000 ][ 1.000000 ] [ 1065353216 ] [ 0 16256 ] [ 0 0 128 63 ] [...?]
 11095 - [ 46a1be9a ][ 20703.300781 ] [ 1185005210 ] [ 48794 18081 ] [ 154 190 161 70 ] [...F]
 11096 - [ c518d70a ][ -2445.439941 ] [ 3306739466 ] [ 55050 50456 ] [ 10 215 24 197 ] [....]
 11097 - [ 46b5ad4d ][ 23254.650391 ] [ 1186311501 ] [ 44365 18101 ] [ 77 173 181 70 ] [M..F]
 11098 - [ 3f800000 ][ 1.000000 ] [ 1065353216 ] [ 0 16256 ] [ 0 0 128 63 ] [...?]
 11099 - [ 00000101 ][ 0.000000 ] [ 257 ] [ 257 0 ] [ 1 1 0 0 ] [....]
 11100 - [ 00000004 ][ 0.000000 ] [ 4 ] [ 4 0 ] [ 4 0 0 0 ] [....]
 11101 - [ 00001000 ][ 0.000000 ] [ 4096 ] [ 4096 0 ] [ 0 16 0 0 ] [....]
 11102 - [ 00000000 ][ 0.000000 ] [ 0 ] [ 0 0 ] [ 0 0 0 0 ] [....]
 11103 - [ 46a1be9a ][ 20703.300781 ] [ 1185005210 ] [ 48794 18081 ] [ 154 190 161 70 ] [...F]
 11104 - [ c518d70a ][ -2445.439941 ] [ 3306739466 ] [ 55050 50456 ] [ 10 215 24 197 ] [....]
 11105 - [ 46b5ad4d ][ 23254.650391 ] [ 1186311501 ] [ 44365 18101 ] [ 77 173 181 70 ] [M..F]
 11106 - [ 3f800000 ][ 1.000000 ] [ 1065353216 ] [ 0 16256 ] [ 0 0 128 63 ] [...?]
 11107 - [ 46a1be9a ][ 20703.300781 ] [ 1185005210 ] [ 48794 18081 ] [ 154 190 161 70 ] [...F]
 11108 - [ 44842971 ][ 1057.295044 ] [ 1149512049 ] [ 10609 17540 ] [ 113 41 132 68 ] [q).D]
 11109 - [ 46b5ad4d ][ 23254.650391 ] [ 1186311501 ] [ 44365 18101 ] [ 77 173 181 70 ] [M..F]
 11110 - [ 3f800000 ][ 1.000000 ] [ 1065353216 ] [ 0 16256 ] [ 0 0 128 63 ] [...?]
 11111 - [ 46a048e6 ][ 20516.449219 ] [ 1184909542 ] [ 18662 18080 ] [ 230 72 160 70 ] [.H.F]
 11112 - [ 44842971 ][ 1057.295044 ] [ 1149512049 ] [ 10609 17540 ] [ 113 41 132 68 ] [q).D]
 11113 - [ 46b3571a ][ 22955.550781 ] [ 1186158362 ] [ 22298 18099 ] [ 26 87 179 70 ] [.W.F]
 11114 - [ 3f800000 ][ 1.000000 ] [ 1065353216 ] [ 0 16256 ] [ 0 0 128 63 ] [...?]
 11115 - [ 46a048e6 ][ 20516.449219 ] [ 1184909542 ] [ 18662 18080 ] [ 230 72 160 70 ] [.H.F]
 11116 - [ c518d70a ][ -2445.439941 ] [ 3306739466 ] [ 55050 50456 ] [ 10 215 24 197 ] [....]
 11117 - [ 46b3571a ][ 22955.550781 ] [ 1186158362 ] [ 22298 18099 ] [ 26 87 179 70 ] [.W.F]
 11118 - [ 3f800000 ][ 1.000000 ] [ 1065353216 ] [ 0 16256 ] [ 0 0 128 63 ] [...?]
 11119 - [ 00000101 ][ 0.000000 ] [ 257 ] [ 257 0 ] [ 1 1 0 0 ] [....]
 11120 - [ 00000004 ][ 0.000000 ] [ 4 ] [ 4 0 ] [ 4 0 0 0 ] [....]
 11121 - [ 00001000 ][ 0.000000 ] [ 4096 ] [ 4096 0 ] [ 0 16 0 0 ] [....]
 11122 - [ 00000000 ][ 0.000000 ] [ 0 ] [ 0 0 ] [ 0 0 0 0 ] [....]
 11123 - [ 4697bee6 ][ 19423.449219 ] [ 1184349926 ] [ 48870 18071 ] [ 230 190 151 70 ] [...F]
 11124 - [ c518d70a ][ -2445.439941 ] [ 3306739466 ] [ 55050 50456 ] [ 10 215 24 197 ] [....]
 11125 - [ 46b7a14d ][ 23504.650391 ] [ 1186439501 ] [ 41293 18103 ] [ 77 161 183 70 ] [M..F]
 11126 - [ 3f800000 ][ 1.000000 ] [ 1065353216 ] [ 0 16256 ] [ 0 0 128 63 ] [...?]
 11127 - [ 4697bee6 ][ 19423.449219 ] [ 1184349926 ] [ 48870 18071 ] [ 230 190 151 70 ] [...F]
 11128 - [ 44842971 ][ 1057.295044 ] [ 1149512049 ] [ 10609 17540 ] [ 113 41 132 68 ] [q).D]
 11129 - [ 46b7a14d ][ 23504.650391 ] [ 1186439501 ] [ 41293 18103 ] [ 77 161 183 70 ] [M..F]
 11130 - [ 3f800000 ][ 1.000000 ] [ 1065353216 ] [ 0 16256 ] [ 0 0 128 63 ] [...?]
 11131 - [ 4697ba00 ][ 19421.000000 ] [ 1184348672 ] [ 47616 18071 ] [ 0 186 151 70 ] [...F]
 11132 - [ 44842971 ][ 1057.295044 ] [ 1149512049 ] [ 10609 17540 ] [ 113 41 132 68 ] [q).D]
 11133 - [ 46bb0d00 ][ 23942.500000 ] [ 1186663680 ] [ 3328 18107 ] [ 0 13 187 70 ] [...F]
 11134 - [ 3f800000 ][ 1.000000 ] [ 1065353216 ] [ 0 16256 ] [ 0 0 128 63 ] [...?]
 11135 - [ 4697ba00 ][ 19421.000000 ] [ 1184348672 ] [ 47616 18071 ] [ 0 186 151 70 ] [...F]
 11136 - [ c518d70a ][ -2445.439941 ] [ 3306739466 ] [ 55050 50456 ] [ 10 215 24 197 ] [....]
 11137 - [ 46bb0d00 ][ 23942.500000 ] [ 1186663680 ] [ 3328 18107 ] [ 0 13 187 70 ] [...F]
 11138 - [ 3f800000 ][ 1.000000 ] [ 1065353216 ] [ 0 16256 ] [ 0 0 128 63 ] [...?]
 11139 - [ 00000101 ][ 0.000000 ] [ 257 ] [ 257 0 ] [ 1 1 0 0 ] [....]
 11140 - [ 00000004 ][ 0.000000 ] [ 4 ] [ 4 0 ] [ 4 0 0 0 ] [....]
 11141 - [ 00001000 ][ 0.000000 ] [ 4096 ] [ 4096 0 ] [ 0 16 0 0 ] [....]
 11142 - [ 00000000 ][ 0.000000 ] [ 0 ] [ 0 0 ] [ 0 0 0 0 ] [....]
 11143 - [ 469d1433 ][ 20106.099609 ] [ 1184699443 ] [ 5171 18077 ] [ 51 20 157 70 ] [3..F]
 11144 - [ c518d70a ][ -2445.439941 ] [ 3306739466 ] [ 55050 50456 ] [ 10 215 24 197 ] [....]
 11145 - [ 46b1a0e6 ][ 22736.449219 ] [ 1186046182 ] [ 41190 18097 ] [ 230 160 177 70 ] [...F]
 11146 - [ 3f800000 ][ 1.000000 ] [ 1065353216 ] [ 0 16256 ] [ 0 0 128 63 ] [...?]
 11147 - [ 469d1433 ][ 20106.099609 ] [ 1184699443 ] [ 5171 18077 ] [ 51 20 157 70 ] [3..F]
 11148 - [ 44842971 ][ 1057.295044 ] [ 1149512049 ] [ 10609 17540 ] [ 113 41 132 68 ] [q).D]
 11149 - [ 46b1a0e6 ][ 22736.449219 ] [ 1186046182 ] [ 41190 18097 ] [ 230 160 177 70 ] [...F]
 11150 - [ 3f800000 ][ 1.000000 ] [ 1065353216 ] [ 0 16256 ] [ 0 0 128 63 ] [...?]
 11151 - [ 4697bee6 ][ 19423.449219 ] [ 1184349926 ] [ 48870 18071 ] [ 230 190 151 70 ] [...F]
 11152 - [ 44842971 ][ 1057.295044 ] [ 1149512049 ] [ 10609 17540 ] [ 113 41 132 68 ] [q).D]
 11153 - [ 46b7a14d ][ 23504.650391 ] [ 1186439501 ] [ 41293 18103 ] [ 77 161 183 70 ] [M..F]
 11154 - [ 3f800000 ][ 1.000000 ] [ 1065353216 ] [ 0 16256 ] [ 0 0 128 63 ] [...?]
 11155 - [ 4697bee6 ][ 19423.449219 ] [ 1184349926 ] [ 48870 18071 ] [ 230 190 151 70 ] [...F]
 11156 - [ c518d70a ][ -2445.439941 ] [ 3306739466 ] [ 55050 50456 ] [ 10 215 24 197 ] [....]
 11157 - [ 46b7a14d ][ 23504.650391 ] [ 1186439501 ] [ 41293 18103 ] [ 77 161 183 70 ] [M..F]
 11158 - [ 3f800000 ][ 1.000000 ] [ 1065353216 ] [ 0 16256 ] [ 0 0 128 63 ] [...?]
 11159 - [ 00000101 ][ 0.000000 ] [ 257 ] [ 257 0 ] [ 1 1 0 0 ] [....]
 11160 - [ 00000004 ][ 0.000000 ] [ 4 ] [ 4 0 ] [ 4 0 0 0 ] [....]
 11161 - [ 00001000 ][ 0.000000 ] [ 4096 ] [ 4096 0 ] [ 0 16 0 0 ] [....]
 11162 - [ 00000000 ][ 0.000000 ] [ 0 ] [ 0 0 ] [ 0 0 0 0 ] [....]
 11163 - [ 468f82cd ][ 18369.400391 ] [ 1183810253 ] [ 33485 18063 ] [ 205 130 143 70 ] [...F]
 11164 - [ c518d70a ][ -2445.439941 ] [ 3306739466 ] [ 55050 50456 ] [ 10 215 24 197 ] [....]
 11165 - [ 46761866 ][ 15750.099609 ] [ 1182144614 ] [ 6246 18038 ] [ 102 24 118 70 ] [f.vF]
 11166 - [ 3f800000 ][ 1.000000 ] [ 1065353216 ] [ 0 16256 ] [ 0 0 128 63 ] [...?]
 11167 - [ 468f82cd ][ 18369.400391 ] [ 1183810253 ] [ 33485 18063 ] [ 205 130 143 70 ] [...F]
 11168 - [ 44842971 ][ 1057.295044 ] [ 1149512049 ] [ 10609 17540 ] [ 113 41 132 68 ] [q).D]
 11169 - [ 46761866 ][ 15750.099609 ] [ 1182144614 ] [ 6246 18038 ] [ 102 24 118 70 ] [f.vF]
 11170 - [ 3f800000 ][ 1.000000 ] [ 1065353216 ] [ 0 16256 ] [ 0 0 128 63 ] [...?]
 11171 - [ 4694641a ][ 18994.050781 ] [ 1184130074 ] [ 25626 18068 ] [ 26 100 148 70 ] [.d.F]
 11172 - [ 44842971 ][ 1057.295044 ] [ 1149512049 ] [ 10609 17540 ] [ 113 41 132 68 ] [q).D]
 11173 - [ 4669edcd ][ 14971.450195 ] [ 1181347277 ] [ 60877 18025 ] [ 205 237 105 70 ] [..iF]
 11174 - [ 3f800000 ][ 1.000000 ] [ 1065353216 ] [ 0 16256 ] [ 0 0 128 63 ] [...?]
 11175 - [ 4694641a ][ 18994.050781 ] [ 1184130074 ] [ 25626 18068 ] [ 26 100 148 70 ] [.d.F]
 11176 - [ c518d70a ][ -2445.439941 ] [ 3306739466 ] [ 55050 50456 ] [ 10 215 24 197 ] [....]
 11177 - [ 4669edcd ][ 14971.450195 ] [ 1181347277 ] [ 60877 18025 ] [ 205 237 105 70 ] [..iF]
 11178 - [ 3f800000 ][ 1.000000 ] [ 1065353216 ] [ 0 16256 ] [ 0 0 128 63 ] [...?]
 11179 - [ 00000101 ][ 0.000000 ] [ 257 ] [ 257 0 ] [ 1 1 0 0 ] [....]
 11180 - [ 00000004 ][ 0.000000 ] [ 4 ] [ 4 0 ] [ 4 0 0 0 ] [....]
 11181 - [ 00001000 ][ 0.000000 ] [ 4096 ] [ 4096 0 ] [ 0 16 0 0 ] [....]
 11182 - [ 00000000 ][ 0.000000 ] [ 0 ] [ 0 0 ] [ 0 0 0 0 ] [....]
 11183 - [ 468d0f33 ][ 18055.599609 ] [ 1183649587 ] [ 3891 18061 ] [ 51 15 141 70 ] [3..F]
 11184 - [ 440e6052 ][ 569.505005 ] [ 1141792850 ] [ 24658 17422 ] [ 82 96 14 68 ] [R`.D]
 11185 - [ 46a7d366 ][ 21481.699219 ] [ 1185403750 ] [ 54118 18087 ] [ 102 211 167 70 ] [f..F]
 11186 - [ 3f800000 ][ 1.000000 ] [ 1065353216 ] [ 0 16256 ] [ 0 0 128 63 ] [...?]
 11187 - [ 468d0f33 ][ 18055.599609 ] [ 1183649587 ] [ 3891 18061 ] [ 51 15 141 70 ] [3..F]
 11188 - [ c4b35400 ][ -1434.625000 ] [ 3300086784 ] [ 21504 50355 ] [ 0 84 179 196 ] [.T..]
 11189 - [ 46a7d366 ][ 21481.699219 ] [ 1185403750 ] [ 54118 18087 ] [ 102 211 167 70 ] [f..F]
 11190 - [ 3f800000 ][ 1.000000 ] [ 1065353216 ] [ 0 16256 ] [ 0 0 128 63 ] [...?]
 11191 - [ 468946e6 ][ 17571.449219 ] [ 1183401702 ] [ 18150 18057 ] [ 230 70 137 70 ] [.F.F]
 11192 - [ c4b35400 ][ -1434.625000 ] [ 3300086784 ] [ 21504 50355 ] [ 0 84 179 196 ] [.T..]
 11193 - [ 46a9eb00 ][ 21749.500000 ] [ 1185540864 ] [ 60160 18089 ] [ 0 235 169 70 ] [...F]
 11194 - [ 3f800000 ][ 1.000000 ] [ 1065353216 ] [ 0 16256 ] [ 0 0 128 63 ] [...?]
 11195 - [ 468946e6 ][ 17571.449219 ] [ 1183401702 ] [ 18150 18057 ] [ 230 70 137 70 ] [.F.F]
 11196 - [ 440e6052 ][ 569.505005 ] [ 1141792850 ] [ 24658 17422 ] [ 82 96 14 68 ] [R`.D]
 11197 - [ 46a9eb00 ][ 21749.500000 ] [ 1185540864 ] [ 60160 18089 ] [ 0 235 169 70 ] [...F]
 11198 - [ 3f800000 ][ 1.000000 ] [ 1065353216 ] [ 0 16256 ] [ 0 0 128 63 ] [...?]
 11199 - [ 00000101 ][ 0.000000 ] [ 257 ] [ 257 0 ] [ 1 1 0 0 ] [....]
 11200 - [ 00000004 ][ 0.000000 ] [ 4 ] [ 4 0 ] [ 4 0 0 0 ] [....]
 11201 - [ 00001000 ][ 0.000000 ] [ 4096 ] [ 4096 0 ] [ 0 16 0 0 ] [....]
 11202 - [ 00000000 ][ 0.000000 ] [ 0 ] [ 0 0 ] [ 0 0 0 0 ] [....]
 11203 - [ 4685ac80 ][ 17110.250000 ] [ 1183165568 ] [ 44160 18053 ] [ 128 172 133 70 ] [...F]
 11204 - [ 440e6052 ][ 569.505005 ] [ 1141792850 ] [ 24658 17422 ] [ 82 96 14 68 ] [R`.D]
 11205 - [ 469c47e6 ][ 20003.949219 ] [ 1184647142 ] [ 18406 18076 ] [ 230 71 156 70 ] [.G.F]
 11206 - [ 3f800000 ][ 1.000000 ] [ 1065353216 ] [ 0 16256 ] [ 0 0 128 63 ] [...?]
 11207 - [ 468946e6 ][ 17571.449219 ] [ 1183401702 ] [ 18150 18057 ] [ 230 70 137 70 ] [.F.F]
 11208 - [ 440e6052 ][ 569.505005 ] [ 1141792850 ] [ 24658 17422 ] [ 82 96 14 68 ] [R`.D]
 11209 - [ 46a9eb00 ][ 21749.500000 ] [ 1185540864 ] [ 60160 18089 ] [ 0 235 169 70 ] [...F]
 11210 - [ 3f800000 ][ 1.000000 ] [ 1065353216 ] [ 0 16256 ] [ 0 0 128 63 ] [...?]
 11211 - [ 468946e6 ][ 17571.449219 ] [ 1183401702 ] [ 18150 18057 ] [ 230 70 137 70 ] [.F.F]
 11212 - [ c4b35400 ][ -1434.625000 ] [ 3300086784 ] [ 21504 50355 ] [ 0 84 179 196 ] [.T..]
 11213 - [ 46a9eb00 ][ 21749.500000 ] [ 1185540864 ] [ 60160 18089 ] [ 0 235 169 70 ] [...F]
 11214 - [ 3f800000 ][ 1.000000 ] [ 1065353216 ] [ 0 16256 ] [ 0 0 128 63 ] [...?]
 11215 - [ 4685ac80 ][ 17110.250000 ] [ 1183165568 ] [ 44160 18053 ] [ 128 172 133 70 ] [...F]
 11216 - [ c4b35400 ][ -1434.625000 ] [ 3300086784 ] [ 21504 50355 ] [ 0 84 179 196 ] [.T..]
 11217 - [ 469c47e6 ][ 20003.949219 ] [ 1184647142 ] [ 18406 18076 ] [ 230 71 156 70 ] [.G.F]
 11218 - [ 3f800000 ][ 1.000000 ] [ 1065353216 ] [ 0 16256 ] [ 0 0 128 63 ] [...?]
 11219 - [ 00000101 ][ 0.000000 ] [ 257 ] [ 257 0 ] [ 1 1 0 0 ] [....]
 11220 - [ 00000004 ][ 0.000000 ] [ 4 ] [ 4 0 ] [ 4 0 0 0 ] [....]
 11221 - [ 00001000 ][ 0.000000 ] [ 4096 ] [ 4096 0 ] [ 0 16 0 0 ] [....]
 11222 - [ 00000000 ][ 0.000000 ] [ 0 ] [ 0 0 ] [ 0 0 0 0 ] [....]
 11223 - [ 46893ae6 ][ 17565.449219 ] [ 1183398630 ] [ 15078 18057 ] [ 230 58 137 70 ] [.:.F]
 11224 - [ 440e6052 ][ 569.505005 ] [ 1141792850 ] [ 24658 17422 ] [ 82 96 14 68 ] [R`.D]
 11225 - [ 468f4bcd ][ 18341.900391 ] [ 1183796173 ] [ 19405 18063 ] [ 205 75 143 70 ] [.K.F]
 11226 - [ 3f800000 ][ 1.000000 ] [ 1065353216 ] [ 0 16256 ] [ 0 0 128 63 ] [...?]
 11227 - [ 4685ac80 ][ 17110.250000 ] [ 1183165568 ] [ 44160 18053 ] [ 128 172 133 70 ] [...F]
 11228 - [ 440e6052 ][ 569.505005 ] [ 1141792850 ] [ 24658 17422 ] [ 82 96 14 68 ] [R`.D]
 11229 - [ 469c47e6 ][ 20003.949219 ] [ 1184647142 ] [ 18406 18076 ] [ 230 71 156 70 ] [.G.F]
 11230 - [ 3f800000 ][ 1.000000 ] [ 1065353216 ] [ 0 16256 ] [ 0 0 128 63 ] [...?]
 11231 - [ 4685ac80 ][ 17110.250000 ] [ 1183165568 ] [ 44160 18053 ] [ 128 172 133 70 ] [...F]
 11232 - [ c4b35400 ][ -1434.625000 ] [ 3300086784 ] [ 21504 50355 ] [ 0 84 179 196 ] [.T..]
 11233 - [ 469c47e6 ][ 20003.949219 ] [ 1184647142 ] [ 18406 18076 ] [ 230 71 156 70 ] [.G.F]
 11234 - [ 3f800000 ][ 1.000000 ] [ 1065353216 ] [ 0 16256 ] [ 0 0 128 63 ] [...?]
 11235 - [ 46893ae6 ][ 17565.449219 ] [ 1183398630 ] [ 15078 18057 ] [ 230 58 137 70 ] [.:.F]
 11236 - [ c4b35400 ][ -1434.625000 ] [ 3300086784 ] [ 21504 50355 ] [ 0 84 179 196 ] [.T..]
 11237 - [ 468f4bcd ][ 18341.900391 ] [ 1183796173 ] [ 19405 18063 ] [ 205 75 143 70 ] [.K.F]
 11238 - [ 3f800000 ][ 1.000000 ] [ 1065353216 ] [ 0 16256 ] [ 0 0 128 63 ] [...?]
 11239 - [ 00000101 ][ 0.000000 ] [ 257 ] [ 257 0 ] [ 1 1 0 0 ] [....]
 11240 - [ 00000004 ][ 0.000000 ] [ 4 ] [ 4 0 ] [ 4 0 0 0 ] [....]
 11241 - [ 00001000 ][ 0.000000 ] [ 4096 ] [ 4096 0 ] [ 0 16 0 0 ] [....]
 11242 - [ 00000000 ][ 0.000000 ] [ 0 ] [ 0 0 ] [ 0 0 0 0 ] [....]
 11243 - [ 46893ae6 ][ 17565.449219 ] [ 1183398630 ] [ 15078 18057 ] [ 230 58 137 70 ] [.:.F]
 11244 - [ 440e6052 ][ 569.505005 ] [ 1141792850 ] [ 24658 17422 ] [ 82 96 14 68 ] [R`.D]
 11245 - [ 468f4bcd ][ 18341.900391 ] [ 1183796173 ] [ 19405 18063 ] [ 205 75 143 70 ] [.K.F]
 11246 - [ 3f800000 ][ 1.000000 ] [ 1065353216 ] [ 0 16256 ] [ 0 0 128 63 ] [...?]
 11247 - [ 46893ae6 ][ 17565.449219 ] [ 1183398630 ] [ 15078 18057 ] [ 230 58 137 70 ] [.:.F]
 11248 - [ c4b35400 ][ -1434.625000 ] [ 3300086784 ] [ 21504 50355 ] [ 0 84 179 196 ] [.T..]
 11249 - [ 468f4bcd ][ 18341.900391 ] [ 1183796173 ] [ 19405 18063 ] [ 205 75 143 70 ] [.K.F]
 11250 - [ 3f800000 ][ 1.000000 ] [ 1065353216 ] [ 0 16256 ] [ 0 0 128 63 ] [...?]
 11251 - [ 468da0e6 ][ 18128.449219 ] [ 1183686886 ] [ 41190 18061 ] [ 230 160 141 70 ] [...F]
 11252 - [ c4b35400 ][ -1434.625000 ] [ 3300086784 ] [ 21504 50355 ] [ 0 84 179 196 ] [.T..]
 11253 - [ 4689e366 ][ 17649.699219 ] [ 1183441766 ] [ 58214 18057 ] [ 102 227 137 70 ] [f..F]
 11254 - [ 3f800000 ][ 1.000000 ] [ 1065353216 ] [ 0 16256 ] [ 0 0 128 63 ] [...?]
 11255 - [ 468da0e6 ][ 18128.449219 ] [ 1183686886 ] [ 41190 18061 ] [ 230 160 141 70 ] [...F]
 11256 - [ 440e6052 ][ 569.505005 ] [ 1141792850 ] [ 24658 17422 ] [ 82 96 14 68 ] [R`.D]
 11257 - [ 4689e366 ][ 17649.699219 ] [ 1183441766 ] [ 58214 18057 ] [ 102 227 137 70 ] [f..F]
 11258 - [ 3f800000 ][ 1.000000 ] [ 1065353216 ] [ 0 16256 ] [ 0 0 128 63 ] [...?]
 11259 - [ 00000101 ][ 0.000000 ] [ 257 ] [ 257 0 ] [ 1 1 0 0 ] [....]
 11260 - [ 00000004 ][ 0.000000 ] [ 4 ] [ 4 0 ] [ 4 0 0 0 ] [....]
 11261 - [ 00001000 ][ 0.000000 ] [ 4096 ] [ 4096 0 ] [ 0 16 0 0 ] [....]
 11262 - [ 00000000 ][ 0.000000 ] [ 0 ] [ 0 0 ] [ 0 0 0 0 ] [....]
 11263 - [ 468da0e6 ][ 18128.449219 ] [ 1183686886 ] [ 41190 18061 ] [ 230 160 141 70 ] [...F]
 11264 - [ 440e6052 ][ 569.505005 ] [ 1141792850 ] [ 24658 17422 ] [ 82 96 14 68 ] [R`.D]
 11265 - [ 4689e366 ][ 17649.699219 ] [ 1183441766 ] [ 58214 18057 ] [ 102 227 137 70 ] [f..F]
 11266 - [ 3f800000 ][ 1.000000 ] [ 1065353216 ] [ 0 16256 ] [ 0 0 128 63 ] [...?]
 11267 - [ 468da0e6 ][ 18128.449219 ] [ 1183686886 ] [ 41190 18061 ] [ 230 160 141 70 ] [...F]
 11268 - [ c4b35400 ][ -1434.625000 ] [ 3300086784 ] [ 21504 50355 ] [ 0 84 179 196 ] [.T..]
 11269 - [ 4689e366 ][ 17649.699219 ] [ 1183441766 ] [ 58214 18057 ] [ 102 227 137 70 ] [f..F]
 11270 - [ 3f800000 ][ 1.000000 ] [ 1065353216 ] [ 0 16256 ] [ 0 0 128 63 ] [...?]
 11271 - [ 46916b00 ][ 18613.500000 ] [ 1183935232 ] [ 27392 18065 ] [ 0 107 145 70 ] [.k.F]
 11272 - [ c4b35400 ][ -1434.625000 ] [ 3300086784 ] [ 21504 50355 ] [ 0 84 179 196 ] [.T..]
 11273 - [ 468d631a ][ 18097.550781 ] [ 1183671066 ] [ 25370 18061 ] [ 26 99 141 70 ] [.c.F]
 11274 - [ 3f800000 ][ 1.000000 ] [ 1065353216 ] [ 0 16256 ] [ 0 0 128 63 ] [...?]
 11275 - [ 46916b00 ][ 18613.500000 ] [ 1183935232 ] [ 27392 18065 ] [ 0 107 145 70 ] [.k.F]
 11276 - [ 440e6052 ][ 569.505005 ] [ 1141792850 ] [ 24658 17422 ] [ 82 96 14 68 ] [R`.D]
 11277 - [ 468d631a ][ 18097.550781 ] [ 1183671066 ] [ 25370 18061 ] [ 26 99 141 70 ] [.c.F]
 11278 - [ 3f800000 ][ 1.000000 ] [ 1065353216 ] [ 0 16256 ] [ 0 0 128 63 ] [...?]
 11279 - [ 00000101 ][ 0.000000 ] [ 257 ] [ 257 0 ] [ 1 1 0 0 ] [....]
 11280 - [ 00000004 ][ 0.000000 ] [ 4 ] [ 4 0 ] [ 4 0 0 0 ] [....]
 11281 - [ 00001000 ][ 0.000000 ] [ 4096 ] [ 4096 0 ] [ 0 16 0 0 ] [....]
 11282 - [ 00000000 ][ 0.000000 ] [ 0 ] [ 0 0 ] [ 0 0 0 0 ] [....]
 11283 - [ 46ae1a1a ][ 22285.050781 ] [ 1185815066 ] [ 6682 18094 ] [ 26 26 174 70 ] [...F]
 11284 - [ 440e6052 ][ 569.505005 ] [ 1141792850 ] [ 24658 17422 ] [ 82 96 14 68 ] [R`.D]
 11285 - [ 46a9f5b3 ][ 21754.849609 ] [ 1185543603 ] [ 62899 18089 ] [ 179 245 169 70 ] [...F]
 11286 - [ 3f800000 ][ 1.000000 ] [ 1065353216 ] [ 0 16256 ] [ 0 0 128 63 ] [...?]
 11287 - [ 46ae1a1a ][ 22285.050781 ] [ 1185815066 ] [ 6682 18094 ] [ 26 26 174 70 ] [...F]
 11288 - [ c4b35400 ][ -1434.625000 ] [ 3300086784 ] [ 21504 50355 ] [ 0 84 179 196 ] [.T..]
 11289 - [ 46a9f5b3 ][ 21754.849609 ] [ 1185543603 ] [ 62899 18089 ] [ 179 245 169 70 ] [...F]
 11290 - [ 3f800000 ][ 1.000000 ] [ 1065353216 ] [ 0 16256 ] [ 0 0 128 63 ] [...?]
 11291 - [ 46b1999a ][ 22732.800781 ] [ 1186044314 ] [ 39322 18097 ] [ 154 153 177 70 ] [...F]
 11292 - [ c4b35400 ][ -1434.625000 ] [ 3300086784 ] [ 21504 50355 ] [ 0 84 179 196 ] [.T..]
 11293 - [ 46adddcd ][ 22254.900391 ] [ 1185799629 ] [ 56781 18093 ] [ 205 221 173 70 ] [...F]
 11294 - [ 3f800000 ][ 1.000000 ] [ 1065353216 ] [ 0 16256 ] [ 0 0 128 63 ] [...?]
 11295 - [ 46b1999a ][ 22732.800781 ] [ 1186044314 ] [ 39322 18097 ] [ 154 153 177 70 ] [...F]
 11296 - [ 440e6052 ][ 569.505005 ] [ 1141792850 ] [ 24658 17422 ] [ 82 96 14 68 ] [R`.D]
 11297 - [ 46adddcd ][ 22254.900391 ] [ 1185799629 ] [ 56781 18093 ] [ 205 221 173 70 ] [...F]
 11298 - [ 3f800000 ][ 1.000000 ] [ 1065353216 ] [ 0 16256 ] [ 0 0 128 63 ] [...?]
 11299 - [ 00000101 ][ 0.000000 ] [ 257 ] [ 257 0 ] [ 1 1 0 0 ] [....]
 11300 - [ 00000004 ][ 0.000000 ] [ 4 ] [ 4 0 ] [ 4 0 0 0 ] [....]
 11301 - [ 00001000 ][ 0.000000 ] [ 4096 ] [ 4096 0 ] [ 0 16 0 0 ] [....]
 11302 - [ 00000000 ][ 0.000000 ] [ 0 ] [ 0 0 ] [ 0 0 0 0 ] [....]
 11303 - [ 46b1999a ][ 22732.800781 ] [ 1186044314 ] [ 39322 18097 ] [ 154 153 177 70 ] [...F]
 11304 - [ 440e6052 ][ 569.505005 ] [ 1141792850 ] [ 24658 17422 ] [ 82 96 14 68 ] [R`.D]
 11305 - [ 46adddcd ][ 22254.900391 ] [ 1185799629 ] [ 56781 18093 ] [ 205 221 173 70 ] [...F]
 11306 - [ 3f800000 ][ 1.000000 ] [ 1065353216 ] [ 0 16256 ] [ 0 0 128 63 ] [...?]
 11307 - [ 46b1999a ][ 22732.800781 ] [ 1186044314 ] [ 39322 18097 ] [ 154 153 177 70 ] [...F]
 11308 - [ c4b35400 ][ -1434.625000 ] [ 3300086784 ] [ 21504 50355 ] [ 0 84 179 196 ] [.T..]
 11309 - [ 46adddcd ][ 22254.900391 ] [ 1185799629 ] [ 56781 18093 ] [ 205 221 173 70 ] [...F]
 11310 - [ 3f800000 ][ 1.000000 ] [ 1065353216 ] [ 0 16256 ] [ 0 0 128 63 ] [...?]
 11311 - [ 46ad3a33 ][ 22173.099609 ] [ 1185757747 ] [ 14899 18093 ] [ 51 58 173 70 ] [3:.F]
 11312 - [ c4b35400 ][ -1434.625000 ] [ 3300086784 ] [ 21504 50355 ] [ 0 84 179 196 ] [.T..]
 11313 - [ 46b297cd ][ 22859.900391 ] [ 1186109389 ] [ 38861 18098 ] [ 205 151 178 70 ] [...F]
 11314 - [ 3f800000 ][ 1.000000 ] [ 1065353216 ] [ 0 16256 ] [ 0 0 128 63 ] [...?]
 11315 - [ 46ad3a33 ][ 22173.099609 ] [ 1185757747 ] [ 14899 18093 ] [ 51 58 173 70 ] [3:.F]
 11316 - [ 440e6052 ][ 569.505005 ] [ 1141792850 ] [ 24658 17422 ] [ 82 96 14 68 ] [R`.D]
 11317 - [ 46b297cd ][ 22859.900391 ] [ 1186109389 ] [ 38861 18098 ] [ 205 151 178 70 ] [...F]
 11318 - [ 3f800000 ][ 1.000000 ] [ 1065353216 ] [ 0 16256 ] [ 0 0 128 63 ] [...?]
 11319 - [ 00000101 ][ 0.000000 ] [ 257 ] [ 257 0 ] [ 1 1 0 0 ] [....]
 11320 - [ 00000004 ][ 0.000000 ] [ 4 ] [ 4 0 ] [ 4 0 0 0 ] [....]
 11321 - [ 00001000 ][ 0.000000 ] [ 4096 ] [ 4096 0 ] [ 0 16 0 0 ] [....]
 11322 - [ 00000000 ][ 0.000000 ] [ 0 ] [ 0 0 ] [ 0 0 0 0 ] [....]
 11323 - [ 46ad3a33 ][ 22173.099609 ] [ 1185757747 ] [ 14899 18093 ] [ 51 58 173 70 ] [3:.F]
 11324 - [ 440e6052 ][ 569.505005 ] [ 1141792850 ] [ 24658 17422 ] [ 82 96 14 68 ] [R`.D]
 11325 - [ 46b297cd ][ 22859.900391 ] [ 1186109389 ] [ 38861 18098 ] [ 205 151 178 70 ] [...F]
 11326 - [ 3f800000 ][ 1.000000 ] [ 1065353216 ] [ 0 16256 ] [ 0 0 128 63 ] [...?]
 11327 - [ 46ad3a33 ][ 22173.099609 ] [ 1185757747 ] [ 14899 18093 ] [ 51 58 173 70 ] [3:.F]
 11328 - [ c4b35400 ][ -1434.625000 ] [ 3300086784 ] [ 21504 50355 ] [ 0 84 179 196 ] [.T..]
 11329 - [ 46b297cd ][ 22859.900391 ] [ 1186109389 ] [ 38861 18098 ] [ 205 151 178 70 ] [...F]
 11330 - [ 3f800000 ][ 1.000000 ] [ 1065353216 ] [ 0 16256 ] [ 0 0 128 63 ] [...?]
 11331 - [ 46a29dcd ][ 20814.900391 ] [ 1185062349 ] [ 40397 18082 ] [ 205 157 162 70 ] [...F]
 11332 - [ c4b35400 ][ -1434.625000 ] [ 3300086784 ] [ 21504 50355 ] [ 0 84 179 196 ] [.T..]
 11333 - [ 46b4919a ][ 23112.800781 ] [ 1186238874 ] [ 37274 18100 ] [ 154 145 180 70 ] [...F]
 11334 - [ 3f800000 ][ 1.000000 ] [ 1065353216 ] [ 0 16256 ] [ 0 0 128 63 ] [...?]
 11335 - [ 46a29dcd ][ 20814.900391 ] [ 1185062349 ] [ 40397 18082 ] [ 205 157 162 70 ] [...F]
 11336 - [ 440e6052 ][ 569.505005 ] [ 1141792850 ] [ 24658 17422 ] [ 82 96 14 68 ] [R`.D]
 11337 - [ 46b4919a ][ 23112.800781 ] [ 1186238874 ] [ 37274 18100 ] [ 154 145 180 70 ] [...F]
 11338 - [ 3f800000 ][ 1.000000 ] [ 1065353216 ] [ 0 16256 ] [ 0 0 128 63 ] [...?]
 11339 - [ 00000101 ][ 0.000000 ] [ 257 ] [ 257 0 ] [ 1 1 0 0 ] [....]
 11340 - [ 00000004 ][ 0.000000 ] [ 4 ] [ 4 0 ] [ 4 0 0 0 ] [....]
 11341 - [ 00001000 ][ 0.000000 ] [ 4096 ] [ 4096 0 ] [ 0 16 0 0 ] [....]
 11342 - [ 00000000 ][ 0.000000 ] [ 0 ] [ 0 0 ] [ 0 0 0 0 ] [....]
 11343 - [ 46a29dcd ][ 20814.900391 ] [ 1185062349 ] [ 40397 18082 ] [ 205 157 162 70 ] [...F]
 11344 - [ 440e6052 ][ 569.505005 ] [ 1141792850 ] [ 24658 17422 ] [ 82 96 14 68 ] [R`.D]
 11345 - [ 46b4919a ][ 23112.800781 ] [ 1186238874 ] [ 37274 18100 ] [ 154 145 180 70 ] [...F]
 11346 - [ 3f800000 ][ 1.000000 ] [ 1065353216 ] [ 0 16256 ] [ 0 0 128 63 ] [...?]
 11347 - [ 46a29dcd ][ 20814.900391 ] [ 1185062349 ] [ 40397 18082 ] [ 205 157 162 70 ] [...F]
 11348 - [ c4b35400 ][ -1434.625000 ] [ 3300086784 ] [ 21504 50355 ] [ 0 84 179 196 ] [.T..]
 11349 - [ 46b4919a ][ 23112.800781 ] [ 1186238874 ] [ 37274 18100 ] [ 154 145 180 70 ] [...F]
 11350 - [ 3f800000 ][ 1.000000 ] [ 1065353216 ] [ 0 16256 ] [ 0 0 128 63 ] [...?]
 11351 - [ 469bbcb3 ][ 19934.349609 ] [ 1184611507 ] [ 48307 18075 ] [ 179 188 155 70 ] [...F]
 11352 - [ c4b35400 ][ -1434.625000 ] [ 3300086784 ] [ 21504 50355 ] [ 0 84 179 196 ] [.T..]
 11353 - [ 46b60133 ][ 23296.599609 ] [ 1186332979 ] [ 307 18102 ] [ 51 1 182 70 ] [3..F]
 11354 - [ 3f800000 ][ 1.000000 ] [ 1065353216 ] [ 0 16256 ] [ 0 0 128 63 ] [...?]
 11355 - [ 469bbcb3 ][ 19934.349609 ] [ 1184611507 ] [ 48307 18075 ] [ 179 188 155 70 ] [...F]
 11356 - [ 440e6052 ][ 569.505005 ] [ 1141792850 ] [ 24658 17422 ] [ 82 96 14 68 ] [R`.D]
 11357 - [ 46b60133 ][ 23296.599609 ] [ 1186332979 ] [ 307 18102 ] [ 51 1 182 70 ] [3..F]
 11358 - [ 3f800000 ][ 1.000000 ] [ 1065353216 ] [ 0 16256 ] [ 0 0 128 63 ] [...?]
 11359 - [ 00000101 ][ 0.000000 ] [ 257 ] [ 257 0 ] [ 1 1 0 0 ] [....]
 11360 - [ 00000004 ][ 0.000000 ] [ 4 ] [ 4 0 ] [ 4 0 0 0 ] [....]
 11361 - [ 00001000 ][ 0.000000 ] [ 4096 ] [ 4096 0 ] [ 0 16 0 0 ] [....]
 11362 - [ 00000000 ][ 0.000000 ] [ 0 ] [ 0 0 ] [ 0 0 0 0 ] [....]
 11363 - [ 469bbcb3 ][ 19934.349609 ] [ 1184611507 ] [ 48307 18075 ] [ 179 188 155 70 ] [...F]
 11364 - [ 440e6052 ][ 569.505005 ] [ 1141792850 ] [ 24658 17422 ] [ 82 96 14 68 ] [R`.D]
 11365 - [ 46b60133 ][ 23296.599609 ] [ 1186332979 ] [ 307 18102 ] [ 51 1 182 70 ] [3..F]
 11366 - [ 3f800000 ][ 1.000000 ] [ 1065353216 ] [ 0 16256 ] [ 0 0 128 63 ] [...?]
 11367 - [ 469bbcb3 ][ 19934.349609 ] [ 1184611507 ] [ 48307 18075 ] [ 179 188 155 70 ] [...F]
 11368 - [ c4b35400 ][ -1434.625000 ] [ 3300086784 ] [ 21504 50355 ] [ 0 84 179 196 ] [.T..]
 11369 - [ 46b60133 ][ 23296.599609 ] [ 1186332979 ] [ 307 18102 ] [ 51 1 182 70 ] [3..F]
 11370 - [ 3f800000 ][ 1.000000 ] [ 1065353216 ] [ 0 16256 ] [ 0 0 128 63 ] [...?]
 11371 - [ 46911a80 ][ 18573.250000 ] [ 1183914624 ] [ 6784 18065 ] [ 128 26 145 70 ] [...F]
 11372 - [ c4b35400 ][ -1434.625000 ] [ 3300086784 ] [ 21504 50355 ] [ 0 84 179 196 ] [.T..]
 11373 - [ 46b265cd ][ 22834.900391 ] [ 1186096589 ] [ 26061 18098 ] [ 205 101 178 70 ] [.e.F]
 11374 - [ 3f800000 ][ 1.000000 ] [ 1065353216 ] [ 0 16256 ] [ 0 0 128 63 ] [...?]
 11375 - [ 46911a80 ][ 18573.250000 ] [ 1183914624 ] [ 6784 18065 ] [ 128 26 145 70 ] [...F]
 11376 - [ 440e6052 ][ 569.505005 ] [ 1141792850 ] [ 24658 17422 ] [ 82 96 14 68 ] [R`.D]
 11377 - [ 46b265cd ][ 22834.900391 ] [ 1186096589 ] [ 26061 18098 ] [ 205 101 178 70 ] [.e.F]
 11378 - [ 3f800000 ][ 1.000000 ] [ 1065353216 ] [ 0 16256 ] [ 0 0 128 63 ] [...?]
 11379 - [ 00000101 ][ 0.000000 ] [ 257 ] [ 257 0 ] [ 1 1 0 0 ] [....]
 11380 - [ 00000004 ][ 0.000000 ] [ 4 ] [ 4 0 ] [ 4 0 0 0 ] [....]
 11381 - [ 00001000 ][ 0.000000 ] [ 4096 ] [ 4096 0 ] [ 0 16 0 0 ] [....]
 11382 - [ 00000000 ][ 0.000000 ] [ 0 ] [ 0 0 ] [ 0 0 0 0 ] [....]
 11383 - [ 46911a80 ][ 18573.250000 ] [ 1183914624 ] [ 6784 18065 ] [ 128 26 145 70 ] [...F]
 11384 - [ 440e6052 ][ 569.505005 ] [ 1141792850 ] [ 24658 17422 ] [ 82 96 14 68 ] [R`.D]
 11385 - [ 46b265cd ][ 22834.900391 ] [ 1186096589 ] [ 26061 18098 ] [ 205 101 178 70 ] [.e.F]
 11386 - [ 3f800000 ][ 1.000000 ] [ 1065353216 ] [ 0 16256 ] [ 0 0 128 63 ] [...?]
 11387 - [ 46911a80 ][ 18573.250000 ] [ 1183914624 ] [ 6784 18065 ] [ 128 26 145 70 ] [...F]
 11388 - [ c4b35400 ][ -1434.625000 ] [ 3300086784 ] [ 21504 50355 ] [ 0 84 179 196 ] [.T..]
 11389 - [ 46b265cd ][ 22834.900391 ] [ 1186096589 ] [ 26061 18098 ] [ 205 101 178 70 ] [.e.F]
 11390 - [ 3f800000 ][ 1.000000 ] [ 1065353216 ] [ 0 16256 ] [ 0 0 128 63 ] [...?]
 11391 - [ 4694a033 ][ 19024.099609 ] [ 1184145459 ] [ 41011 18068 ] [ 51 160 148 70 ] [3..F]
 11392 - [ c4b35400 ][ -1434.625000 ] [ 3300086784 ] [ 21504 50355 ] [ 0 84 179 196 ] [.T..]
 11393 - [ 46ad7f9a ][ 22207.800781 ] [ 1185775514 ] [ 32666 18093 ] [ 154 127 173 70 ] [...F]
 11394 - [ 3f800000 ][ 1.000000 ] [ 1065353216 ] [ 0 16256 ] [ 0 0 128 63 ] [...?]
 11395 - [ 4694a033 ][ 19024.099609 ] [ 1184145459 ] [ 41011 18068 ] [ 51 160 148 70 ] [3..F]
 11396 - [ 440e6052 ][ 569.505005 ] [ 1141792850 ] [ 24658 17422 ] [ 82 96 14 68 ] [R`.D]
 11397 - [ 46ad7f9a ][ 22207.800781 ] [ 1185775514 ] [ 32666 18093 ] [ 154 127 173 70 ] [...F]
 11398 - [ 3f800000 ][ 1.000000 ] [ 1065353216 ] [ 0 16256 ] [ 0 0 128 63 ] [...?]
 11399 - [ 00000101 ][ 0.000000 ] [ 257 ] [ 257 0 ] [ 1 1 0 0 ] [....]
 11400 - [ 00000004 ][ 0.000000 ] [ 4 ] [ 4 0 ] [ 4 0 0 0 ] [....]
 11401 - [ 00001000 ][ 0.000000 ] [ 4096 ] [ 4096 0 ] [ 0 16 0 0 ] [....]
 11402 - [ 00000000 ][ 0.000000 ] [ 0 ] [ 0 0 ] [ 0 0 0 0 ] [....]
 11403 - [ 46a90f33 ][ 21639.599609 ] [ 1185484595 ] [ 3891 18089 ] [ 51 15 169 70 ] [3..F]
 11404 - [ 440e6052 ][ 569.505005 ] [ 1141792850 ] [ 24658 17422 ] [ 82 96 14 68 ] [R`.D]
 11405 - [ 46890d4d ][ 17542.650391 ] [ 1183386957 ] [ 3405 18057 ] [ 77 13 137 70 ] [M..F]
 11406 - [ 3f800000 ][ 1.000000 ] [ 1065353216 ] [ 0 16256 ] [ 0 0 128 63 ] [...?]
 11407 - [ 46a90f33 ][ 21639.599609 ] [ 1185484595 ] [ 3891 18089 ] [ 51 15 169 70 ] [3..F]
 11408 - [ c4b35400 ][ -1434.625000 ] [ 3300086784 ] [ 21504 50355 ] [ 0 84 179 196 ] [.T..]
 11409 - [ 46890d4d ][ 17542.650391 ] [ 1183386957 ] [ 3405 18057 ] [ 77 13 137 70 ] [M..F]
 11410 - [ 3f800000 ][ 1.000000 ] [ 1065353216 ] [ 0 16256 ] [ 0 0 128 63 ] [...?]
 11411 - [ 46ab5a1a ][ 21933.050781 ] [ 1185634842 ] [ 23066 18091 ] [ 26 90 171 70 ] [.Z.F]
 11412 - [ c4b35400 ][ -1434.625000 ] [ 3300086784 ] [ 21504 50355 ] [ 0 84 179 196 ] [.T..]
 11413 - [ 468505e6 ][ 17026.949219 ] [ 1183122918 ] [ 1510 18053 ] [ 230 5 133 70 ] [...F]
 11414 - [ 3f800000 ][ 1.000000 ] [ 1065353216 ] [ 0 16256 ] [ 0 0 128 63 ] [...?]
 11415 - [ 46ab5a1a ][ 21933.050781 ] [ 1185634842 ] [ 23066 18091 ] [ 26 90 171 70 ] [.Z.F]
 11416 - [ 440e6052 ][ 569.505005 ] [ 1141792850 ] [ 24658 17422 ] [ 82 96 14 68 ] [R`.D]
 11417 - [ 468505e6 ][ 17026.949219 ] [ 1183122918 ] [ 1510 18053 ] [ 230 5 133 70 ] [...F]
 11418 - [ 3f800000 ][ 1.000000 ] [ 1065353216 ] [ 0 16256 ] [ 0 0 128 63 ] [...?]
 11419 - [ 00000101 ][ 0.000000 ] [ 257 ] [ 257 0 ] [ 1 1 0 0 ] [....]
 11420 - [ 00000004 ][ 0.000000 ] [ 4 ] [ 4 0 ] [ 4 0 0 0 ] [....]
 11421 - [ 00001000 ][ 0.000000 ] [ 4096 ] [ 4096 0 ] [ 0 16 0 0 ] [....]
 11422 - [ 00000000 ][ 0.000000 ] [ 0 ] [ 0 0 ] [ 0 0 0 0 ] [....]
 11423 - [ 46ab5a1a ][ 21933.050781 ] [ 1185634842 ] [ 23066 18091 ] [ 26 90 171 70 ] [.Z.F]
 11424 - [ 440e6052 ][ 569.505005 ] [ 1141792850 ] [ 24658 17422 ] [ 82 96 14 68 ] [R`.D]
 11425 - [ 468505e6 ][ 17026.949219 ] [ 1183122918 ] [ 1510 18053 ] [ 230 5 133 70 ] [...F]
 11426 - [ 3f800000 ][ 1.000000 ] [ 1065353216 ] [ 0 16256 ] [ 0 0 128 63 ] [...?]
 11427 - [ 46ab5a1a ][ 21933.050781 ] [ 1185634842 ] [ 23066 18091 ] [ 26 90 171 70 ] [.Z.F]
 11428 - [ c4b35400 ][ -1434.625000 ] [ 3300086784 ] [ 21504 50355 ] [ 0 84 179 196 ] [.T..]
 11429 - [ 468505e6 ][ 17026.949219 ] [ 1183122918 ] [ 1510 18053 ] [ 230 5 133 70 ] [...F]
 11430 - [ 3f800000 ][ 1.000000 ] [ 1065353216 ] [ 0 16256 ] [ 0 0 128 63 ] [...?]
 11431 - [ 46b63e33 ][ 23327.099609 ] [ 1186348595 ] [ 15923 18102 ] [ 51 62 182 70 ] [3>.F]
 11432 - [ c4b35400 ][ -1434.625000 ] [ 3300086784 ] [ 21504 50355 ] [ 0 84 179 196 ] [.T..]
 11433 - [ 468fd166 ][ 18408.699219 ] [ 1183830374 ] [ 53606 18063 ] [ 102 209 143 70 ] [f..F]
 11434 - [ 3f800000 ][ 1.000000 ] [ 1065353216 ] [ 0 16256 ] [ 0 0 128 63 ] [...?]
 11435 - [ 46b63e33 ][ 23327.099609 ] [ 1186348595 ] [ 15923 18102 ] [ 51 62 182 70 ] [3>.F]
 11436 - [ 440e6052 ][ 569.505005 ] [ 1141792850 ] [ 24658 17422 ] [ 82 96 14 68 ] [R`.D]
 11437 - [ 468fd166 ][ 18408.699219 ] [ 1183830374 ] [ 53606 18063 ] [ 102 209 143 70 ] [f..F]
 11438 - [ 3f800000 ][ 1.000000 ] [ 1065353216 ] [ 0 16256 ] [ 0 0 128 63 ] [...?]
 11439 - [ 00000101 ][ 0.000000 ] [ 257 ] [ 257 0 ] [ 1 1 0 0 ] [....]
 11440 - [ 00000004 ][ 0.000000 ] [ 4 ] [ 4 0 ] [ 4 0 0 0 ] [....]
 11441 - [ 00001000 ][ 0.000000 ] [ 4096 ] [ 4096 0 ] [ 0 16 0 0 ] [....]
 11442 - [ 00000000 ][ 0.000000 ] [ 0 ] [ 0 0 ] [ 0 0 0 0 ] [....]
 11443 - [ 46b63e33 ][ 23327.099609 ] [ 1186348595 ] [ 15923 18102 ] [ 51 62 182 70 ] [3>.F]
 11444 - [ 440e6052 ][ 569.505005 ] [ 1141792850 ] [ 24658 17422 ] [ 82 96 14 68 ] [R`.D]
 11445 - [ 468fd166 ][ 18408.699219 ] [ 1183830374 ] [ 53606 18063 ] [ 102 209 143 70 ] [f..F]
 11446 - [ 3f800000 ][ 1.000000 ] [ 1065353216 ] [ 0 16256 ] [ 0 0 128 63 ] [...?]
 11447 - [ 46b63e33 ][ 23327.099609 ] [ 1186348595 ] [ 15923 18102 ] [ 51 62 182 70 ] [3>.F]
 11448 - [ c4b35400 ][ -1434.625000 ] [ 3300086784 ] [ 21504 50355 ] [ 0 84 179 196 ] [.T..]
 11449 - [ 468fd166 ][ 18408.699219 ] [ 1183830374 ] [ 53606 18063 ] [ 102 209 143 70 ] [f..F]
 11450 - [ 3f800000 ][ 1.000000 ] [ 1065353216 ] [ 0 16256 ] [ 0 0 128 63 ] [...?]
 11451 - [ 46b92de6 ][ 23702.949219 ] [ 1186541030 ] [ 11750 18105 ] [ 230 45 185 70 ] [.-.F]
 11452 - [ c4b35400 ][ -1434.625000 ] [ 3300086784 ] [ 21504 50355 ] [ 0 84 179 196 ] [.T..]
 11453 - [ 469b39b3 ][ 19868.849609 ] [ 1184577971 ] [ 14771 18075 ] [ 179 57 155 70 ] [.9.F]
 11454 - [ 3f800000 ][ 1.000000 ] [ 1065353216 ] [ 0 16256 ] [ 0 0 128 63 ] [...?]
 11455 - [ 46b92de6 ][ 23702.949219 ] [ 1186541030 ] [ 11750 18105 ] [ 230 45 185 70 ] [.-.F]
 11456 - [ 440e6052 ][ 569.505005 ] [ 1141792850 ] [ 24658 17422 ] [ 82 96 14 68 ] [R`.D]
 11457 - [ 469b39b3 ][ 19868.849609 ] [ 1184577971 ] [ 14771 18075 ] [ 179 57 155 70 ] [.9.F]
 11458 - [ 3f800000 ][ 1.000000 ] [ 1065353216 ] [ 0 16256 ] [ 0 0 128 63 ] [...?]
 11459 - [ 00000101 ][ 0.000000 ] [ 257 ] [ 257 0 ] [ 1 1 0 0 ] [....]
 11460 - [ 00000004 ][ 0.000000 ] [ 4 ] [ 4 0 ] [ 4 0 0 0 ] [....]
 11461 - [ 00001000 ][ 0.000000 ] [ 4096 ] [ 4096 0 ] [ 0 16 0 0 ] [....]
 11462 - [ 00000000 ][ 0.000000 ] [ 0 ] [ 0 0 ] [ 0 0 0 0 ] [....]
 11463 - [ 46b92de6 ][ 23702.949219 ] [ 1186541030 ] [ 11750 18105 ] [ 230 45 185 70 ] [.-.F]
 11464 - [ 440e6052 ][ 569.505005 ] [ 1141792850 ] [ 24658 17422 ] [ 82 96 14 68 ] [R`.D]
 11465 - [ 469b39b3 ][ 19868.849609 ] [ 1184577971 ] [ 14771 18075 ] [ 179 57 155 70 ] [.9.F]
 11466 - [ 3f800000 ][ 1.000000 ] [ 1065353216 ] [ 0 16256 ] [ 0 0 128 63 ] [...?]
 11467 - [ 46b92de6 ][ 23702.949219 ] [ 1186541030 ] [ 11750 18105 ] [ 230 45 185 70 ] [.-.F]
 11468 - [ c4b35400 ][ -1434.625000 ] [ 3300086784 ] [ 21504 50355 ] [ 0 84 179 196 ] [.T..]
 11469 - [ 469b39b3 ][ 19868.849609 ] [ 1184577971 ] [ 14771 18075 ] [ 179 57 155 70 ] [.9.F]
 11470 - [ 3f800000 ][ 1.000000 ] [ 1065353216 ] [ 0 16256 ] [ 0 0 128 63 ] [...?]
 11471 - [ 46b8b64d ][ 23643.150391 ] [ 1186510413 ] [ 46669 18104 ] [ 77 182 184 70 ] [M..F]
 11472 - [ c4b35400 ][ -1434.625000 ] [ 3300086784 ] [ 21504 50355 ] [ 0 84 179 196 ] [.T..]
 11473 - [ 46a29ccd ][ 20814.400391 ] [ 1185062093 ] [ 40141 18082 ] [ 205 156 162 70 ] [...F]
 11474 - [ 3f800000 ][ 1.000000 ] [ 1065353216 ] [ 0 16256 ] [ 0 0 128 63 ] [...?]
 11475 - [ 46b8b64d ][ 23643.150391 ] [ 1186510413 ] [ 46669 18104 ] [ 77 182 184 70 ] [M..F]
 11476 - [ 440e6052 ][ 569.505005 ] [ 1141792850 ] [ 24658 17422 ] [ 82 96 14 68 ] [R`.D]
 11477 - [ 46a29ccd ][ 20814.400391 ] [ 1185062093 ] [ 40141 18082 ] [ 205 156 162 70 ] [...F]
 11478 - [ 3f800000 ][ 1.000000 ] [ 1065353216 ] [ 0 16256 ] [ 0 0 128 63 ] [...?]
 11479 - [ 00000101 ][ 0.000000 ] [ 257 ] [ 257 0 ] [ 1 1 0 0 ] [....]
 11480 - [ 00000004 ][ 0.000000 ] [ 4 ] [ 4 0 ] [ 4 0 0 0 ] [....]
 11481 - [ 00001000 ][ 0.000000 ] [ 4096 ] [ 4096 0 ] [ 0 16 0 0 ] [....]
 11482 - [ 00000000 ][ 0.000000 ] [ 0 ] [ 0 0 ] [ 0 0 0 0 ] [....]
 11483 - [ 46b8b64d ][ 23643.150391 ] [ 1186510413 ] [ 46669 18104 ] [ 77 182 184 70 ] [M..F]
 11484 - [ 440e6052 ][ 569.505005 ] [ 1141792850 ] [ 24658 17422 ] [ 82 96 14 68 ] [R`.D]
 11485 - [ 46a29ccd ][ 20814.400391 ] [ 1185062093 ] [ 40141 18082 ] [ 205 156 162 70 ] [...F]
 11486 - [ 3f800000 ][ 1.000000 ] [ 1065353216 ] [ 0 16256 ] [ 0 0 128 63 ] [...?]
 11487 - [ 46b8b64d ][ 23643.150391 ] [ 1186510413 ] [ 46669 18104 ] [ 77 182 184 70 ] [M..F]
 11488 - [ c4b35400 ][ -1434.625000 ] [ 3300086784 ] [ 21504 50355 ] [ 0 84 179 196 ] [.T..]
 11489 - [ 46a29ccd ][ 20814.400391 ] [ 1185062093 ] [ 40141 18082 ] [ 205 156 162 70 ] [...F]
 11490 - [ 3f800000 ][ 1.000000 ] [ 1065353216 ] [ 0 16256 ] [ 0 0 128 63 ] [...?]
 11491 - [ 46b59066 ][ 23240.199219 ] [ 1186304102 ] [ 36966 18101 ] [ 102 144 181 70 ] [f..F]
 11492 - [ c4b35400 ][ -1434.625000 ] [ 3300086784 ] [ 21504 50355 ] [ 0 84 179 196 ] [.T..]
 11493 - [ 46a1f89a ][ 20732.300781 ] [ 1185020058 ] [ 63642 18081 ] [ 154 248 161 70 ] [...F]
 11494 - [ 3f800000 ][ 1.000000 ] [ 1065353216 ] [ 0 16256 ] [ 0 0 128 63 ] [...?]
 11495 - [ 46b59066 ][ 23240.199219 ] [ 1186304102 ] [ 36966 18101 ] [ 102 144 181 70 ] [f..F]
 11496 - [ 440e6052 ][ 569.505005 ] [ 1141792850 ] [ 24658 17422 ] [ 82 96 14 68 ] [R`.D]
 11497 - [ 46a1f89a ][ 20732.300781 ] [ 1185020058 ] [ 63642 18081 ] [ 154 248 161 70 ] [...F]
 11498 - [ 3f800000 ][ 1.000000 ] [ 1065353216 ] [ 0 16256 ] [ 0 0 128 63 ] [...?]
 11499 - [ 00000101 ][ 0.000000 ] [ 257 ] [ 257 0 ] [ 1 1 0 0 ] [....]
 11500 - [ 00000004 ][ 0.000000 ] [ 4 ] [ 4 0 ] [ 4 0 0 0 ] [....]
 11501 - [ 00001000 ][ 0.000000 ] [ 4096 ] [ 4096 0 ] [ 0 16 0 0 ] [....]
 11502 - [ 00000000 ][ 0.000000 ] [ 0 ] [ 0 0 ] [ 0 0 0 0 ] [....]
 11503 - [ 46997033 ][ 19640.099609 ] [ 1184460851 ] [ 28723 18073 ] [ 51 112 153 70 ] [3p.F]
 11504 - [ 440e6052 ][ 569.505005 ] [ 1141792850 ] [ 24658 17422 ] [ 82 96 14 68 ] [R`.D]
 11505 - [ 46884c1a ][ 17446.050781 ] [ 1183337498 ] [ 19482 18056 ] [ 26 76 136 70 ] [.L.F]
 11506 - [ 3f800000 ][ 1.000000 ] [ 1065353216 ] [ 0 16256 ] [ 0 0 128 63 ] [...?]
 11507 - [ 46997033 ][ 19640.099609 ] [ 1184460851 ] [ 28723 18073 ] [ 51 112 153 70 ] [3p.F]
 11508 - [ c4b35400 ][ -1434.625000 ] [ 3300086784 ] [ 21504 50355 ] [ 0 84 179 196 ] [.T..]
 11509 - [ 46884c1a ][ 17446.050781 ] [ 1183337498 ] [ 19482 18056 ] [ 26 76 136 70 ] [.L.F]
 11510 - [ 3f800000 ][ 1.000000 ] [ 1065353216 ] [ 0 16256 ] [ 0 0 128 63 ] [...?]
 11511 - [ 46992980 ][ 19604.750000 ] [ 1184442752 ] [ 10624 18073 ] [ 128 41 153 70 ] [.).F]
 11512 - [ c4b35400 ][ -1434.625000 ] [ 3300086784 ] [ 21504 50355 ] [ 0 84 179 196 ] [.T..]
 11513 - [ 4683b2b3 ][ 16857.349609 ] [ 1183036083 ] [ 45747 18051 ] [ 179 178 131 70 ] [...F]
 11514 - [ 3f800000 ][ 1.000000 ] [ 1065353216 ] [ 0 16256 ] [ 0 0 128 63 ] [...?]
 11515 - [ 46992980 ][ 19604.750000 ] [ 1184442752 ] [ 10624 18073 ] [ 128 41 153 70 ] [.).F]
 11516 - [ 440e6052 ][ 569.505005 ] [ 1141792850 ] [ 24658 17422 ] [ 82 96 14 68 ] [R`.D]
 11517 - [ 4683b2b3 ][ 16857.349609 ] [ 1183036083 ] [ 45747 18051 ] [ 179 178 131 70 ] [...F]
 11518 - [ 3f800000 ][ 1.000000 ] [ 1065353216 ] [ 0 16256 ] [ 0 0 128 63 ] [...?]
 11519 - [ 00000101 ][ 0.000000 ] [ 257 ] [ 257 0 ] [ 1 1 0 0 ] [....]
 11520 - [ 00000004 ][ 0.000000 ] [ 4 ] [ 4 0 ] [ 4 0 0 0 ] [....]
 11521 - [ 00001000 ][ 0.000000 ] [ 4096 ] [ 4096 0 ] [ 0 16 0 0 ] [....]
 11522 - [ 00000000 ][ 0.000000 ] [ 0 ] [ 0 0 ] [ 0 0 0 0 ] [....]
 11523 - [ 469fac00 ][ 20438.000000 ] [ 1184869376 ] [ 44032 18079 ] [ 0 172 159 70 ] [...F]
 11524 - [ 440e6052 ][ 569.505005 ] [ 1141792850 ] [ 24658 17422 ] [ 82 96 14 68 ] [R`.D]
 11525 - [ 468258e6 ][ 16684.449219 ] [ 1182947558 ] [ 22758 18050 ] [ 230 88 130 70 ] [.X.F]
 11526 - [ 3f800000 ][ 1.000000 ] [ 1065353216 ] [ 0 16256 ] [ 0 0 128 63 ] [...?]
 11527 - [ 46992980 ][ 19604.750000 ] [ 1184442752 ] [ 10624 18073 ] [ 128 41 153 70 ] [.).F]
 11528 - [ 440e6052 ][ 569.505005 ] [ 1141792850 ] [ 24658 17422 ] [ 82 96 14 68 ] [R`.D]
 11529 - [ 4683b2b3 ][ 16857.349609 ] [ 1183036083 ] [ 45747 18051 ] [ 179 178 131 70 ] [...F]
 11530 - [ 3f800000 ][ 1.000000 ] [ 1065353216 ] [ 0 16256 ] [ 0 0 128 63 ] [...?]
 11531 - [ 46992980 ][ 19604.750000 ] [ 1184442752 ] [ 10624 18073 ] [ 128 41 153 70 ] [.).F]
 11532 - [ c4b35400 ][ -1434.625000 ] [ 3300086784 ] [ 21504 50355 ] [ 0 84 179 196 ] [.T..]
 11533 - [ 4683b2b3 ][ 16857.349609 ] [ 1183036083 ] [ 45747 18051 ] [ 179 178 131 70 ] [...F]
 11534 - [ 3f800000 ][ 1.000000 ] [ 1065353216 ] [ 0 16256 ] [ 0 0 128 63 ] [...?]
 11535 - [ 469fac00 ][ 20438.000000 ] [ 1184869376 ] [ 44032 18079 ] [ 0 172 159 70 ] [...F]
 11536 - [ c4b35400 ][ -1434.625000 ] [ 3300086784 ] [ 21504 50355 ] [ 0 84 179 196 ] [.T..]
 11537 - [ 468258e6 ][ 16684.449219 ] [ 1182947558 ] [ 22758 18050 ] [ 230 88 130 70 ] [.X.F]
 11538 - [ 3f800000 ][ 1.000000 ] [ 1065353216 ] [ 0 16256 ] [ 0 0 128 63 ] [...?]
 11539 - [ 00000101 ][ 0.000000 ] [ 257 ] [ 257 0 ] [ 1 1 0 0 ] [....]
 11540 - [ 00000004 ][ 0.000000 ] [ 4 ] [ 4 0 ] [ 4 0 0 0 ] [....]
 11541 - [ 00001000 ][ 0.000000 ] [ 4096 ] [ 4096 0 ] [ 0 16 0 0 ] [....]
 11542 - [ 00000000 ][ 0.000000 ] [ 0 ] [ 0 0 ] [ 0 0 0 0 ] [....]
 11543 - [ 469fac00 ][ 20438.000000 ] [ 1184869376 ] [ 44032 18079 ] [ 0 172 159 70 ] [...F]
 11544 - [ 440e6052 ][ 569.505005 ] [ 1141792850 ] [ 24658 17422 ] [ 82 96 14 68 ] [R`.D]
 11545 - [ 468258e6 ][ 16684.449219 ] [ 1182947558 ] [ 22758 18050 ] [ 230 88 130 70 ] [.X.F]
 11546 - [ 3f800000 ][ 1.000000 ] [ 1065353216 ] [ 0 16256 ] [ 0 0 128 63 ] [...?]
 11547 - [ 469fac00 ][ 20438.000000 ] [ 1184869376 ] [ 44032 18079 ] [ 0 172 159 70 ] [...F]
 11548 - [ c4b35400 ][ -1434.625000 ] [ 3300086784 ] [ 21504 50355 ] [ 0 84 179 196 ] [.T..]
 11549 - [ 468258e6 ][ 16684.449219 ] [ 1182947558 ] [ 22758 18050 ] [ 230 88 130 70 ] [.X.F]
 11550 - [ 3f800000 ][ 1.000000 ] [ 1065353216 ] [ 0 16256 ] [ 0 0 128 63 ] [...?]
 11551 - [ 469fdc80 ][ 20462.250000 ] [ 1184881792 ] [ 56448 18079 ] [ 128 220 159 70 ] [...F]
 11552 - [ c4b35400 ][ -1434.625000 ] [ 3300086784 ] [ 21504 50355 ] [ 0 84 179 196 ] [.T..]
 11553 - [ 468708cd ][ 17284.400391 ] [ 1183254733 ] [ 2253 18055 ] [ 205 8 135 70 ] [...F]
 11554 - [ 3f800000 ][ 1.000000 ] [ 1065353216 ] [ 0 16256 ] [ 0 0 128 63 ] [...?]
 11555 - [ 469fdc80 ][ 20462.250000 ] [ 1184881792 ] [ 56448 18079 ] [ 128 220 159 70 ] [...F]
 11556 - [ 440e6052 ][ 569.505005 ] [ 1141792850 ] [ 24658 17422 ] [ 82 96 14 68 ] [R`.D]
 11557 - [ 468708cd ][ 17284.400391 ] [ 1183254733 ] [ 2253 18055 ] [ 205 8 135 70 ] [...F]
 11558 - [ 3f800000 ][ 1.000000 ] [ 1065353216 ] [ 0 16256 ] [ 0 0 128 63 ] [...?]
 11559 - [ 00000000 ][ 0.000000 ] [ 0 ] [ 0 0 ] [ 0 0 0 0 ] [....]
 11560 - [ 00000000 ][ 0.000000 ] [ 0 ] [ 0 0 ] [ 0 0 0 0 ] [....]
 11561 - [ 00000000 ][ 0.000000 ] [ 0 ] [ 0 0 ] [ 0 0 0 0 ] [....]
 11562 - [ 00000000 ][ 0.000000 ] [ 0 ] [ 0 0 ] [ 0 0 0 0 ] [....]
 11563 - [ 00000000 ][ 0.000000 ] [ 0 ] [ 0 0 ] [ 0 0 0 0 ] [....]
 11564 - [ 00000000 ][ 0.000000 ] [ 0 ] [ 0 0 ] [ 0 0 0 0 ] [....]
 11565 - [ 00000000 ][ 0.000000 ] [ 0 ] [ 0 0 ] [ 0 0 0 0 ] [....]
 11566 - [ 00000000 ][ 0.000000 ] [ 0 ] [ 0 0 ] [ 0 0 0 0 ] [....]
 11567 - [ 00000000 ][ 0.000000 ] [ 0 ] [ 0 0 ] [ 0 0 0 0 ] [....]
 11568 - [ 00000000 ][ 0.000000 ] [ 0 ] [ 0 0 ] [ 0 0 0 0 ] [....]
 11569 - [ 00000000 ][ 0.000000 ] [ 0 ] [ 0 0 ] [ 0 0 0 0 ] [....]
 11570 - [ 00000000 ][ 0.000000 ] [ 0 ] [ 0 0 ] [ 0 0 0 0 ] [....]
 11571 - [ 00000000 ][ 0.000000 ] [ 0 ] [ 0 0 ] [ 0 0 0 0 ] [....]
 11572 - [ 00000000 ][ 0.000000 ] [ 0 ] [ 0 0 ] [ 0 0 0 0 ] [....]
 11573 - [ 00000000 ][ 0.000000 ] [ 0 ] [ 0 0 ] [ 0 0 0 0 ] [....]
 11574 - [ 00000000 ][ 0.000000 ] [ 0 ] [ 0 0 ] [ 0 0 0 0 ] [....]
 11575 - [ 00000000 ][ 0.000000 ] [ 0 ] [ 0 0 ] [ 0 0 0 0 ] [....]
 11576 - [ 00000000 ][ 0.000000 ] [ 0 ] [ 0 0 ] [ 0 0 0 0 ] [....]
 11577 - [ 00000000 ][ 0.000000 ] [ 0 ] [ 0 0 ] [ 0 0 0 0 ] [....]
 11578 - [ 00000000 ][ 0.000000 ] [ 0 ] [ 0 0 ] [ 0 0 0 0 ] [....]
 11579 - [ 00000301 ][ 0.000000 ] [ 769 ] [ 769 0 ] [ 1 3 0 0 ] [....]
 11580 - [ 00000004 ][ 0.000000 ] [ 4 ] [ 4 0 ] [ 4 0 0 0 ] [....]
 11581 - [ 00000001 ][ 0.000000 ] [ 1 ] [ 1 0 ] [ 1 0 0 0 ] [....]
 11582 - [ 00000000 ][ 0.000000 ] [ 0 ] [ 0 0 ] [ 0 0 0 0 ] [....]
 11583 - [ 46bf65e6 ][ 24498.949219 ] [ 1186948582 ] [ 26086 18111 ] [ 230 101 191 70 ] [.e.F]
 11584 - [ c1e6fee0 ][ -28.874451 ] [ 3253141216 ] [ 65248 49638 ] [ 224 254 230 193 ] [....]
 11585 - [ 468ab434 ][ 17754.101562 ] [ 1183495220 ] [ 46132 18058 ] [ 52 180 138 70 ] [4..F]
 11586 - [ 3f800000 ][ 1.000000 ] [ 1065353216 ] [ 0 16256 ] [ 0 0 128 63 ] [...?]
 11587 - [ 00000000 ][ 0.000000 ] [ 0 ] [ 0 0 ] [ 0 0 0 0 ] [....]
 11588 - [ c4b24a8f ][ -1426.329956 ] [ 3300018831 ] [ 19087 50354 ] [ 143 74 178 196 ] [.J..]
 11589 - [ 00000000 ][ 0.000000 ] [ 0 ] [ 0 0 ] [ 0 0 0 0 ] [....]
 11590 - [ 42bf9980 ][ 95.799805 ] [ 1119852928 ] [ 39296 17087 ] [ 128 153 191 66 ] [...B]
 11591 - [ 00000301 ][ 0.000000 ] [ 769 ] [ 769 0 ] [ 1 3 0 0 ] [....]
 11592 - [ 00000004 ][ 0.000000 ] [ 4 ] [ 4 0 ] [ 4 0 0 0 ] [....]
 11593 - [ 00000001 ][ 0.000000 ] [ 1 ] [ 1 0 ] [ 1 0 0 0 ] [....]
 11594 - [ 00000000 ][ 0.000000 ] [ 0 ] [ 0 0 ] [ 0 0 0 0 ] [....]
 11595 - [ 46bf65e6 ][ 24498.949219 ] [ 1186948582 ] [ 26086 18111 ] [ 230 101 191 70 ] [.e.F]
 11596 - [ c1e6fee0 ][ -28.874451 ] [ 3253141216 ] [ 65248 49638 ] [ 224 254 230 193 ] [....]
 11597 - [ 4691bacc ][ 18653.398438 ] [ 1183955660 ] [ 47820 18065 ] [ 204 186 145 70 ] [...F]
 11598 - [ 3f800000 ][ 1.000000 ] [ 1065353216 ] [ 0 16256 ] [ 0 0 128 63 ] [...?]
 11599 - [ 00000000 ][ 0.000000 ] [ 0 ] [ 0 0 ] [ 0 0 0 0 ] [....]
 11600 - [ c4b24a8f ][ -1426.329956 ] [ 3300018831 ] [ 19087 50354 ] [ 143 74 178 196 ] [.J..]
 11601 - [ 00000000 ][ 0.000000 ] [ 0 ] [ 0 0 ] [ 0 0 0 0 ] [....]
 11602 - [ 42bf9980 ][ 95.799805 ] [ 1119852928 ] [ 39296 17087 ] [ 128 153 191 66 ] [...B]
 11603 - [ 00000301 ][ 0.000000 ] [ 769 ] [ 769 0 ] [ 1 3 0 0 ] [....]
 11604 - [ 00000004 ][ 0.000000 ] [ 4 ] [ 4 0 ] [ 4 0 0 0 ] [....]
 11605 - [ 00000001 ][ 0.000000 ] [ 1 ] [ 1 0 ] [ 1 0 0 0 ] [....]
 11606 - [ 00000000 ][ 0.000000 ] [ 0 ] [ 0 0 ] [ 0 0 0 0 ] [....]
 11607 - [ 46af059a ][ 22402.800781 ] [ 1185875354 ] [ 1434 18095 ] [ 154 5 175 70 ] [...F]
 11608 - [ c1e6fec5 ][ -28.874399 ] [ 3253141189 ] [ 65221 49638 ] [ 197 254 230 193 ] [....]
 11609 - [ 465c37cd ][ 14093.950195 ] [ 1180448717 ] [ 14285 18012 ] [ 205 55 92 70 ] [.7\F]
 11610 - [ 3f800000 ][ 1.000000 ] [ 1065353216 ] [ 0 16256 ] [ 0 0 128 63 ] [...?]
 11611 - [ 00000000 ][ 0.000000 ] [ 0 ] [ 0 0 ] [ 0 0 0 0 ] [....]
 11612 - [ c4ce8b5c ][ -1652.354980 ] [ 3301870428 ] [ 35676 50382 ] [ 92 139 206 196 ] [\...]
 11613 - [ 00000000 ][ 0.000000 ] [ 0 ] [ 0 0 ] [ 0 0 0 0 ] [....]
 11614 - [ 4320f340 ][ 160.950195 ] [ 1126232896 ] [ 62272 17184 ] [ 64 243 32 67 ] [@..C]
 11615 - [ 00000301 ][ 0.000000 ] [ 769 ] [ 769 0 ] [ 1 3 0 0 ] [....]
 11616 - [ 00000004 ][ 0.000000 ] [ 4 ] [ 4 0 ] [ 4 0 0 0 ] [....]
 11617 - [ 00000001 ][ 0.000000 ] [ 1 ] [ 1 0 ] [ 1 0 0 0 ] [....]
 11618 - [ 00000000 ][ 0.000000 ] [ 0 ] [ 0 0 ] [ 0 0 0 0 ] [....]
 11619 - [ 46a9fd33 ][ 21758.599609 ] [ 1185545523 ] [ 64819 18089 ] [ 51 253 169 70 ] [3..F]
 11620 - [ c1e6fec5 ][ -28.874399 ] [ 3253141189 ] [ 65221 49638 ] [ 197 254 230 193 ] [....]
 11621 - [ 46677b00 ][ 14814.750000 ] [ 1181186816 ] [ 31488 18023 ] [ 0 123 103 70 ] [.{gF]
 11622 - [ 3f800000 ][ 1.000000 ] [ 1065353216 ] [ 0 16256 ] [ 0 0 128 63 ] [...?]
 11623 - [ 00000000 ][ 0.000000 ] [ 0 ] [ 0 0 ] [ 0 0 0 0 ] [....]
 11624 - [ c4ce8b5c ][ -1652.354980 ] [ 3301870428 ] [ 35676 50382 ] [ 92 139 206 196 ] [\...]
 11625 - [ 00000000 ][ 0.000000 ] [ 0 ] [ 0 0 ] [ 0 0 0 0 ] [....]
 11626 - [ 4320f340 ][ 160.950195 ] [ 1126232896 ] [ 62272 17184 ] [ 64 243 32 67 ] [@..C]
 11627 - [ 00000301 ][ 0.000000 ] [ 769 ] [ 769 0 ] [ 1 3 0 0 ] [....]
 11628 - [ 00000004 ][ 0.000000 ] [ 4 ] [ 4 0 ] [ 4 0 0 0 ] [....]
 11629 - [ 00000001 ][ 0.000000 ] [ 1 ] [ 1 0 ] [ 1 0 0 0 ] [....]
 11630 - [ 00000000 ][ 0.000000 ] [ 0 ] [ 0 0 ] [ 0 0 0 0 ] [....]
 11631 - [ 46967833 ][ 19260.099609 ] [ 1184266291 ] [ 30771 18070 ] [ 51 120 150 70 ] [3x.F]
 11632 - [ c1e6fec5 ][ -28.874399 ] [ 3253141189 ] [ 65221 49638 ] [ 197 254 230 193 ] [....]
 11633 - [ 4667e366 ][ 14840.849609 ] [ 1181213542 ] [ 58214 18023 ] [ 102 227 103 70 ] [f.gF]
 11634 - [ 3f800000 ][ 1.000000 ] [ 1065353216 ] [ 0 16256 ] [ 0 0 128 63 ] [...?]
 11635 - [ 00000000 ][ 0.000000 ] [ 0 ] [ 0 0 ] [ 0 0 0 0 ] [....]
 11636 - [ c4ce8b5c ][ -1652.354980 ] [ 3301870428 ] [ 35676 50382 ] [ 92 139 206 196 ] [\...]
 11637 - [ 00000000 ][ 0.000000 ] [ 0 ] [ 0 0 ] [ 0 0 0 0 ] [....]
 11638 - [ 4320f320 ][ 160.949707 ] [ 1126232864 ] [ 62240 17184 ] [ 32 243 32 67 ] [...C]
 11639 - [ 00000301 ][ 0.000000 ] [ 769 ] [ 769 0 ] [ 1 3 0 0 ] [....]
 11640 - [ 00000004 ][ 0.000000 ] [ 4 ] [ 4 0 ] [ 4 0 0 0 ] [....]
 11641 - [ 00000001 ][ 0.000000 ] [ 1 ] [ 1 0 ] [ 1 0 0 0 ] [....]
 11642 - [ 00000000 ][ 0.000000 ] [ 0 ] [ 0 0 ] [ 0 0 0 0 ] [....]
 11643 - [ 469c289a ][ 19988.300781 ] [ 1184639130 ] [ 10394 18076 ] [ 154 40 156 70 ] [.(.F]
 11644 - [ c1e6fec5 ][ -28.874399 ] [ 3253141189 ] [ 65221 49638 ] [ 197 254 230 193 ] [....]
 11645 - [ 466a6734 ][ 15001.800781 ] [ 1181378356 ] [ 26420 18026 ] [ 52 103 106 70 ] [4gjF]
 11646 - [ 3f800000 ][ 1.000000 ] [ 1065353216 ] [ 0 16256 ] [ 0 0 128 63 ] [...?]
 11647 - [ 00000000 ][ 0.000000 ] [ 0 ] [ 0 0 ] [ 0 0 0 0 ] [....]
 11648 - [ c4ce8b5c ][ -1652.354980 ] [ 3301870428 ] [ 35676 50382 ] [ 92 139 206 196 ] [\...]
 11649 - [ 00000000 ][ 0.000000 ] [ 0 ] [ 0 0 ] [ 0 0 0 0 ] [....]
 11650 - [ 42adccc0 ][ 86.899902 ] [ 1118686400 ] [ 52416 17069 ] [ 192 204 173 66 ] [...B]
 11651 - [ 00000301 ][ 0.000000 ] [ 769 ] [ 769 0 ] [ 1 3 0 0 ] [....]
 11652 - [ 00000004 ][ 0.000000 ] [ 4 ] [ 4 0 ] [ 4 0 0 0 ] [....]
 11653 - [ 00000001 ][ 0.000000 ] [ 1 ] [ 1 0 ] [ 1 0 0 0 ] [....]
 11654 - [ 00000000 ][ 0.000000 ] [ 0 ] [ 0 0 ] [ 0 0 0 0 ] [....]
 11655 - [ 46a40933 ][ 20996.599609 ] [ 1185155379 ] [ 2355 18084 ] [ 51 9 164 70 ] [3..F]
 11656 - [ c1e6fec5 ][ -28.874399 ] [ 3253141189 ] [ 65221 49638 ] [ 197 254 230 193 ] [....]
 11657 - [ 466a6734 ][ 15001.800781 ] [ 1181378356 ] [ 26420 18026 ] [ 52 103 106 70 ] [4gjF]
 11658 - [ 3f800000 ][ 1.000000 ] [ 1065353216 ] [ 0 16256 ] [ 0 0 128 63 ] [...?]
 11659 - [ 00000000 ][ 0.000000 ] [ 0 ] [ 0 0 ] [ 0 0 0 0 ] [....]
 11660 - [ c4ce8b5c ][ -1652.354980 ] [ 3301870428 ] [ 35676 50382 ] [ 92 139 206 196 ] [\...]
 11661 - [ 00000000 ][ 0.000000 ] [ 0 ] [ 0 0 ] [ 0 0 0 0 ] [....]
 11662 - [ 42adccc0 ][ 86.899902 ] [ 1118686400 ] [ 52416 17069 ] [ 192 204 173 66 ] [...B]
 11663 - [ 00000301 ][ 0.000000 ] [ 769 ] [ 769 0 ] [ 1 3 0 0 ] [....]
 11664 - [ 00000004 ][ 0.000000 ] [ 4 ] [ 4 0 ] [ 4 0 0 0 ] [....]
 11665 - [ 00000001 ][ 0.000000 ] [ 1 ] [ 1 0 ] [ 1 0 0 0 ] [....]
 11666 - [ 00000000 ][ 0.000000 ] [ 0 ] [ 0 0 ] [ 0 0 0 0 ] [....]
 11667 - [ 46a2df00 ][ 20847.500000 ] [ 1185079040 ] [ 57088 18082 ] [ 0 223 162 70 ] [...F]
 11668 - [ c1e6fec5 ][ -28.874399 ] [ 3253141189 ] [ 65221 49638 ] [ 197 254 230 193 ] [....]
 11669 - [ 4668b11a ][ 14892.275391 ] [ 1181266202 ] [ 45338 18024 ] [ 26 177 104 70 ] [..hF]
 11670 - [ 3f800000 ][ 1.000000 ] [ 1065353216 ] [ 0 16256 ] [ 0 0 128 63 ] [...?]
 11671 - [ 00000000 ][ 0.000000 ] [ 0 ] [ 0 0 ] [ 0 0 0 0 ] [....]
 11672 - [ c483d800 ][ -1054.750000 ] [ 3296974848 ] [ 55296 50307 ] [ 0 216 131 196 ] [....]
 11673 - [ 00000000 ][ 0.000000 ] [ 0 ] [ 0 0 ] [ 0 0 0 0 ] [....]
 11674 - [ 4242b380 ][ 48.675293 ] [ 1111667584 ] [ 45952 16962 ] [ 128 179 66 66 ] [..BB]
 11675 - [ 00000301 ][ 0.000000 ] [ 769 ] [ 769 0 ] [ 1 3 0 0 ] [....]
 11676 - [ 00000004 ][ 0.000000 ] [ 4 ] [ 4 0 ] [ 4 0 0 0 ] [....]
 11677 - [ 00000001 ][ 0.000000 ] [ 1 ] [ 1 0 ] [ 1 0 0 0 ] [....]
 11678 - [ 00000000 ][ 0.000000 ] [ 0 ] [ 0 0 ] [ 0 0 0 0 ] [....]
 11679 - [ 469d56cd ][ 20139.400391 ] [ 1184716493 ] [ 22221 18077 ] [ 205 86 157 70 ] [.V.F]
 11680 - [ c1e6fec5 ][ -28.874399 ] [ 3253141189 ] [ 65221 49638 ] [ 197 254 230 193 ] [....]
 11681 - [ 4668b11a ][ 14892.275391 ] [ 1181266202 ] [ 45338 18024 ] [ 26 177 104 70 ] [..hF]
 11682 - [ 3f800000 ][ 1.000000 ] [ 1065353216 ] [ 0 16256 ] [ 0 0 128 63 ] [...?]
 11683 - [ 00000000 ][ 0.000000 ] [ 0 ] [ 0 0 ] [ 0 0 0 0 ] [....]
 11684 - [ c483d800 ][ -1054.750000 ] [ 3296974848 ] [ 55296 50307 ] [ 0 216 131 196 ] [....]
 11685 - [ 00000000 ][ 0.000000 ] [ 0 ] [ 0 0 ] [ 0 0 0 0 ] [....]
 11686 - [ 4242b380 ][ 48.675293 ] [ 1111667584 ] [ 45952 16962 ] [ 128 179 66 66 ] [..BB]
 11687 - [ 00000301 ][ 0.000000 ] [ 769 ] [ 769 0 ] [ 1 3 0 0 ] [....]
 11688 - [ 00000004 ][ 0.000000 ] [ 4 ] [ 4 0 ] [ 4 0 0 0 ] [....]
 11689 - [ 00000001 ][ 0.000000 ] [ 1 ] [ 1 0 ] [ 1 0 0 0 ] [....]
 11690 - [ 00000000 ][ 0.000000 ] [ 0 ] [ 0 0 ] [ 0 0 0 0 ] [....]
 11691 - [ 469f62cd ][ 20401.400391 ] [ 1184850637 ] [ 25293 18079 ] [ 205 98 159 70 ] [.b.F]
 11692 - [ c1e6fec5 ][ -28.874399 ] [ 3253141189 ] [ 65221 49638 ] [ 197 254 230 193 ] [....]
 11693 - [ 46834426 ][ 16802.074219 ] [ 1183007782 ] [ 17446 18051 ] [ 38 68 131 70 ] [&D.F]
 11694 - [ 3f800000 ][ 1.000000 ] [ 1065353216 ] [ 0 16256 ] [ 0 0 128 63 ] [...?]
 11695 - [ 00000000 ][ 0.000000 ] [ 0 ] [ 0 0 ] [ 0 0 0 0 ] [....]
 11696 - [ c4cc6f0a ][ -1635.469971 ] [ 3301732106 ] [ 28426 50380 ] [ 10 111 204 196 ] [.o..]
 11697 - [ 00000000 ][ 0.000000 ] [ 0 ] [ 0 0 ] [ 0 0 0 0 ] [....]
 11698 - [ 42e88c80 ][ 116.274414 ] [ 1122536576 ] [ 35968 17128 ] [ 128 140 232 66 ] [...B]
 11699 - [ 00000301 ][ 0.000000 ] [ 769 ] [ 769 0 ] [ 1 3 0 0 ] [....]
 11700 - [ 00000004 ][ 0.000000 ] [ 4 ] [ 4 0 ] [ 4 0 0 0 ] [....]
 11701 - [ 00000001 ][ 0.000000 ] [ 1 ] [ 1 0 ] [ 1 0 0 0 ] [....]
 11702 - [ 00000000 ][ 0.000000 ] [ 0 ] [ 0 0 ] [ 0 0 0 0 ] [....]
 11703 - [ 46abdf1a ][ 21999.550781 ] [ 1185668890 ] [ 57114 18091 ] [ 26 223 171 70 ] [...F]
 11704 - [ c1e6fec5 ][ -28.874399 ] [ 3253141189 ] [ 65221 49638 ] [ 197 254 230 193 ] [....]
 11705 - [ 4686bbda ][ 17245.925781 ] [ 1183235034 ] [ 48090 18054 ] [ 218 187 134 70 ] [...F]
 11706 - [ 3f800000 ][ 1.000000 ] [ 1065353216 ] [ 0 16256 ] [ 0 0 128 63 ] [...?]
 11707 - [ 00000000 ][ 0.000000 ] [ 0 ] [ 0 0 ] [ 0 0 0 0 ] [....]
 11708 - [ c4cc6f0a ][ -1635.469971 ] [ 3301732106 ] [ 28426 50380 ] [ 10 111 204 196 ] [.o..]
 11709 - [ 00000000 ][ 0.000000 ] [ 0 ] [ 0 0 ] [ 0 0 0 0 ] [....]
 11710 - [ 42e88c80 ][ 116.274414 ] [ 1122536576 ] [ 35968 17128 ] [ 128 140 232 66 ] [...B]
 11711 - [ 00000301 ][ 0.000000 ] [ 769 ] [ 769 0 ] [ 1 3 0 0 ] [....]
 11712 - [ 00000004 ][ 0.000000 ] [ 4 ] [ 4 0 ] [ 4 0 0 0 ] [....]
 11713 - [ 00000001 ][ 0.000000 ] [ 1 ] [ 1 0 ] [ 1 0 0 0 ] [....]
 11714 - [ 00000000 ][ 0.000000 ] [ 0 ] [ 0 0 ] [ 0 0 0 0 ] [....]
 11715 - [ 46b50066 ][ 23168.199219 ] [ 1186267238 ] [ 102 18101 ] [ 102 0 181 70 ] [f..F]
 11716 - [ c1e6fec5 ][ -28.874399 ] [ 3253141189 ] [ 65221 49638 ] [ 197 254 230 193 ] [....]
 11717 - [ 468fc0da ][ 18400.425781 ] [ 1183826138 ] [ 49370 18063 ] [ 218 192 143 70 ] [...F]
 11718 - [ 3f800000 ][ 1.000000 ] [ 1065353216 ] [ 0 16256 ] [ 0 0 128 63 ] [...?]
 11719 - [ 00000000 ][ 0.000000 ] [ 0 ] [ 0 0 ] [ 0 0 0 0 ] [....]
 11720 - [ c4cc6f0a ][ -1635.469971 ] [ 3301732106 ] [ 28426 50380 ] [ 10 111 204 196 ] [.o..]
 11721 - [ 00000000 ][ 0.000000 ] [ 0 ] [ 0 0 ] [ 0 0 0 0 ] [....]
 11722 - [ 42e88c80 ][ 116.274414 ] [ 1122536576 ] [ 35968 17128 ] [ 128 140 232 66 ] [...B]
 11723 - [ 00000301 ][ 0.000000 ] [ 769 ] [ 769 0 ] [ 1 3 0 0 ] [....]
 11724 - [ 00000004 ][ 0.000000 ] [ 4 ] [ 4 0 ] [ 4 0 0 0 ] [....]
 11725 - [ 00000001 ][ 0.000000 ] [ 1 ] [ 1 0 ] [ 1 0 0 0 ] [....]
 11726 - [ 00000000 ][ 0.000000 ] [ 0 ] [ 0 0 ] [ 0 0 0 0 ] [....]
 11727 - [ 46b84db3 ][ 23590.849609 ] [ 1186483635 ] [ 19891 18104 ] [ 179 77 184 70 ] [.M.F]
 11728 - [ c1e6fec5 ][ -28.874399 ] [ 3253141189 ] [ 65221 49638 ] [ 197 254 230 193 ] [....]
 11729 - [ 469c550d ][ 20010.525391 ] [ 1184650509 ] [ 21773 18076 ] [ 13 85 156 70 ] [.U.F]
 11730 - [ 3f800000 ][ 1.000000 ] [ 1065353216 ] [ 0 16256 ] [ 0 0 128 63 ] [...?]
 11731 - [ 00000000 ][ 0.000000 ] [ 0 ] [ 0 0 ] [ 0 0 0 0 ] [....]
 11732 - [ c4cc6f0a ][ -1635.469971 ] [ 3301732106 ] [ 28426 50380 ] [ 10 111 204 196 ] [.o..]
 11733 - [ 00000000 ][ 0.000000 ] [ 0 ] [ 0 0 ] [ 0 0 0 0 ] [....]
 11734 - [ 42e88d00 ][ 116.275391 ] [ 1122536704 ] [ 36096 17128 ] [ 0 141 232 66 ] [...B]
 11735 - [ 00000301 ][ 0.000000 ] [ 769 ] [ 769 0 ] [ 1 3 0 0 ] [....]
 11736 - [ 00000004 ][ 0.000000 ] [ 4 ] [ 4 0 ] [ 4 0 0 0 ] [....]
 11737 - [ 00000001 ][ 0.000000 ] [ 1 ] [ 1 0 ] [ 1 0 0 0 ] [....]
 11738 - [ 00000000 ][ 0.000000 ] [ 0 ] [ 0 0 ] [ 0 0 0 0 ] [....]
 11739 - [ 46b4ea4d ][ 23157.150391 ] [ 1186261581 ] [ 59981 18100 ] [ 77 234 180 70 ] [M..F]
 11740 - [ c1e6fec5 ][ -28.874399 ] [ 3253141189 ] [ 65221 49638 ] [ 197 254 230 193 ] [....]
 11741 - [ 46a8b45a ][ 21594.175781 ] [ 1185461338 ] [ 46170 18088 ] [ 90 180 168 70 ] [Z..F]
 11742 - [ 3f800000 ][ 1.000000 ] [ 1065353216 ] [ 0 16256 ] [ 0 0 128 63 ] [...?]
 11743 - [ 00000000 ][ 0.000000 ] [ 0 ] [ 0 0 ] [ 0 0 0 0 ] [....]
 11744 - [ c4cc6f0a ][ -1635.469971 ] [ 3301732106 ] [ 28426 50380 ] [ 10 111 204 196 ] [.o..]
 11745 - [ 00000000 ][ 0.000000 ] [ 0 ] [ 0 0 ] [ 0 0 0 0 ] [....]
 11746 - [ 42e88c80 ][ 116.274414 ] [ 1122536576 ] [ 35968 17128 ] [ 128 140 232 66 ] [...B]
 11747 - [ 00000301 ][ 0.000000 ] [ 769 ] [ 769 0 ] [ 1 3 0 0 ] [....]
 11748 - [ 00000004 ][ 0.000000 ] [ 4 ] [ 4 0 ] [ 4 0 0 0 ] [....]
 11749 - [ 00000001 ][ 0.000000 ] [ 1 ] [ 1 0 ] [ 1 0 0 0 ] [....]
 11750 - [ 00000000 ][ 0.000000 ] [ 0 ] [ 0 0 ] [ 0 0 0 0 ] [....]
 11751 - [ 46abd24d ][ 21993.150391 ] [ 1185665613 ] [ 53837 18091 ] [ 77 210 171 70 ] [M..F]
 11752 - [ c1e6fec5 ][ -28.874399 ] [ 3253141189 ] [ 65221 49638 ] [ 197 254 230 193 ] [....]
 11753 - [ 46b1cc40 ][ 22758.125000 ] [ 1186057280 ] [ 52288 18097 ] [ 64 204 177 70 ] [@..F]
 11754 - [ 3f800000 ][ 1.000000 ] [ 1065353216 ] [ 0 16256 ] [ 0 0 128 63 ] [...?]
 11755 - [ 00000000 ][ 0.000000 ] [ 0 ] [ 0 0 ] [ 0 0 0 0 ] [....]
 11756 - [ c4cc6f0a ][ -1635.469971 ] [ 3301732106 ] [ 28426 50380 ] [ 10 111 204 196 ] [.o..]
 11757 - [ 00000000 ][ 0.000000 ] [ 0 ] [ 0 0 ] [ 0 0 0 0 ] [....]
 11758 - [ 42e88d00 ][ 116.275391 ] [ 1122536704 ] [ 36096 17128 ] [ 0 141 232 66 ] [...B]
 11759 - [ 00000301 ][ 0.000000 ] [ 769 ] [ 769 0 ] [ 1 3 0 0 ] [....]
 11760 - [ 00000004 ][ 0.000000 ] [ 4 ] [ 4 0 ] [ 4 0 0 0 ] [....]
 11761 - [ 00000001 ][ 0.000000 ] [ 1 ] [ 1 0 ] [ 1 0 0 0 ] [....]
 11762 - [ 00000000 ][ 0.000000 ] [ 0 ] [ 0 0 ] [ 0 0 0 0 ] [....]
 11763 - [ 4692d91a ][ 18796.550781 ] [ 1184028954 ] [ 55578 18066 ] [ 26 217 146 70 ] [...F]
 11764 - [ c1e6fec5 ][ -28.874399 ] [ 3253141189 ] [ 65221 49638 ] [ 197 254 230 193 ] [....]
 11765 - [ 46b1cc40 ][ 22758.125000 ] [ 1186057280 ] [ 52288 18097 ] [ 64 204 177 70 ] [@..F]
 11766 - [ 3f800000 ][ 1.000000 ] [ 1065353216 ] [ 0 16256 ] [ 0 0 128 63 ] [...?]
 11767 - [ 00000000 ][ 0.000000 ] [ 0 ] [ 0 0 ] [ 0 0 0 0 ] [....]
 11768 - [ c4cc6f0a ][ -1635.469971 ] [ 3301732106 ] [ 28426 50380 ] [ 10 111 204 196 ] [.o..]
 11769 - [ 00000000 ][ 0.000000 ] [ 0 ] [ 0 0 ] [ 0 0 0 0 ] [....]
 11770 - [ 42e88d00 ][ 116.275391 ] [ 1122536704 ] [ 36096 17128 ] [ 0 141 232 66 ] [...B]
 11771 - [ 00000301 ][ 0.000000 ] [ 769 ] [ 769 0 ] [ 1 3 0 0 ] [....]
 11772 - [ 00000004 ][ 0.000000 ] [ 4 ] [ 4 0 ] [ 4 0 0 0 ] [....]
 11773 - [ 00000001 ][ 0.000000 ] [ 1 ] [ 1 0 ] [ 1 0 0 0 ] [....]
 11774 - [ 00000000 ][ 0.000000 ] [ 0 ] [ 0 0 ] [ 0 0 0 0 ] [....]
 11775 - [ 4689bf1a ][ 17631.550781 ] [ 1183432474 ] [ 48922 18057 ] [ 26 191 137 70 ] [...F]
 11776 - [ c1e6fec5 ][ -28.874399 ] [ 3253141189 ] [ 65221 49638 ] [ 197 254 230 193 ] [....]
 11777 - [ 46a88c8d ][ 21574.275391 ] [ 1185451149 ] [ 35981 18088 ] [ 141 140 168 70 ] [...F]
 11778 - [ 3f800000 ][ 1.000000 ] [ 1065353216 ] [ 0 16256 ] [ 0 0 128 63 ] [...?]
 11779 - [ 00000000 ][ 0.000000 ] [ 0 ] [ 0 0 ] [ 0 0 0 0 ] [....]
 11780 - [ c4cc6f0a ][ -1635.469971 ] [ 3301732106 ] [ 28426 50380 ] [ 10 111 204 196 ] [.o..]
 11781 - [ 00000000 ][ 0.000000 ] [ 0 ] [ 0 0 ] [ 0 0 0 0 ] [....]
 11782 - [ 42e88d00 ][ 116.275391 ] [ 1122536704 ] [ 36096 17128 ] [ 0 141 232 66 ] [...B]
 11783 - [ 00000301 ][ 0.000000 ] [ 769 ] [ 769 0 ] [ 1 3 0 0 ] [....]
 11784 - [ 00000004 ][ 0.000000 ] [ 4 ] [ 4 0 ] [ 4 0 0 0 ] [....]
 11785 - [ 00000001 ][ 0.000000 ] [ 1 ] [ 1 0 ] [ 1 0 0 0 ] [....]
 11786 - [ 00000000 ][ 0.000000 ] [ 0 ] [ 0 0 ] [ 0 0 0 0 ] [....]
 11787 - [ 4686becd ][ 17247.400391 ] [ 1183235789 ] [ 48845 18054 ] [ 205 190 134 70 ] [...F]
 11788 - [ c1e6fec5 ][ -28.874399 ] [ 3253141189 ] [ 65221 49638 ] [ 197 254 230 193 ] [....]
 11789 - [ 469c455a ][ 20002.675781 ] [ 1184646490 ] [ 17754 18076 ] [ 90 69 156 70 ] [ZE.F]
 11790 - [ 3f800000 ][ 1.000000 ] [ 1065353216 ] [ 0 16256 ] [ 0 0 128 63 ] [...?]
 11791 - [ 00000000 ][ 0.000000 ] [ 0 ] [ 0 0 ] [ 0 0 0 0 ] [....]
 11792 - [ c4cc6f0a ][ -1635.469971 ] [ 3301732106 ] [ 28426 50380 ] [ 10 111 204 196 ] [.o..]
 11793 - [ 00000000 ][ 0.000000 ] [ 0 ] [ 0 0 ] [ 0 0 0 0 ] [....]
 11794 - [ 42e88c80 ][ 116.274414 ] [ 1122536576 ] [ 35968 17128 ] [ 128 140 232 66 ] [...B]
 11795 - [ 00000301 ][ 0.000000 ] [ 769 ] [ 769 0 ] [ 1 3 0 0 ] [....]
 11796 - [ 00000004 ][ 0.000000 ] [ 4 ] [ 4 0 ] [ 4 0 0 0 ] [....]
 11797 - [ 00000001 ][ 0.000000 ] [ 1 ] [ 1 0 ] [ 1 0 0 0 ] [....]
 11798 - [ 00000000 ][ 0.000000 ] [ 0 ] [ 0 0 ] [ 0 0 0 0 ] [....]
 11799 - [ 4689fee6 ][ 17663.449219 ] [ 1183448806 ] [ 65254 18057 ] [ 230 254 137 70 ] [...F]
 11800 - [ c1e6fec5 ][ -28.874399 ] [ 3253141189 ] [ 65221 49638 ] [ 197 254 230 193 ] [....]
 11801 - [ 468ff326 ][ 18425.574219 ] [ 1183839014 ] [ 62246 18063 ] [ 38 243 143 70 ] [&..F]
 11802 - [ 3f800000 ][ 1.000000 ] [ 1065353216 ] [ 0 16256 ] [ 0 0 128 63 ] [...?]
 11803 - [ 00000000 ][ 0.000000 ] [ 0 ] [ 0 0 ] [ 0 0 0 0 ] [....]
 11804 - [ c4cc6f0a ][ -1635.469971 ] [ 3301732106 ] [ 28426 50380 ] [ 10 111 204 196 ] [.o..]
 11805 - [ 00000000 ][ 0.000000 ] [ 0 ] [ 0 0 ] [ 0 0 0 0 ] [....]
 11806 - [ 42e88c80 ][ 116.274414 ] [ 1122536576 ] [ 35968 17128 ] [ 128 140 232 66 ] [...B]
 11807 - [ 00000301 ][ 0.000000 ] [ 769 ] [ 769 0 ] [ 1 3 0 0 ] [....]
 11808 - [ 00000004 ][ 0.000000 ] [ 4 ] [ 4 0 ] [ 4 0 0 0 ] [....]
 11809 - [ 00000001 ][ 0.000000 ] [ 1 ] [ 1 0 ] [ 1 0 0 0 ] [....]
 11810 - [ 00000000 ][ 0.000000 ] [ 0 ] [ 0 0 ] [ 0 0 0 0 ] [....]
 11811 - [ 4692e700 ][ 18803.500000 ] [ 1184032512 ] [ 59136 18066 ] [ 0 231 146 70 ] [...F]
 11812 - [ c1e6fec5 ][ -28.874399 ] [ 3253141189 ] [ 65221 49638 ] [ 197 254 230 193 ] [....]
 11813 - [ 4686aef3 ][ 17239.474609 ] [ 1183231731 ] [ 44787 18054 ] [ 243 174 134 70 ] [...F]
 11814 - [ 3f800000 ][ 1.000000 ] [ 1065353216 ] [ 0 16256 ] [ 0 0 128 63 ] [...?]
 11815 - [ 00000000 ][ 0.000000 ] [ 0 ] [ 0 0 ] [ 0 0 0 0 ] [....]
 11816 - [ c4cc6f0a ][ -1635.469971 ] [ 3301732106 ] [ 28426 50380 ] [ 10 111 204 196 ] [.o..]
 11817 - [ 00000000 ][ 0.000000 ] [ 0 ] [ 0 0 ] [ 0 0 0 0 ] [....]
 11818 - [ 42e88d00 ][ 116.275391 ] [ 1122536704 ] [ 36096 17128 ] [ 0 141 232 66 ] [...B]
 11819 - [ 00000301 ][ 0.000000 ] [ 769 ] [ 769 0 ] [ 1 3 0 0 ] [....]
 11820 - [ 00000004 ][ 0.000000 ] [ 4 ] [ 4 0 ] [ 4 0 0 0 ] [....]
 11821 - [ 00000020 ][ 0.000000 ] [ 32 ] [ 32 0 ] [ 32 0 0 0 ] [....]
 11822 - [ 00000000 ][ 0.000000 ] [ 0 ] [ 0 0 ] [ 0 0 0 0 ] [....]
 11823 - [ 468a4a66 ][ 17701.199219 ] [ 1183468134 ] [ 19046 18058 ] [ 102 74 138 70 ] [fJ.F]
 11824 - [ c1e6fec5 ][ -28.874399 ] [ 3253141189 ] [ 65221 49638 ] [ 197 254 230 193 ] [....]
 11825 - [ 46b88de6 ][ 23622.949219 ] [ 1186500070 ] [ 36326 18104 ] [ 230 141 184 70 ] [...F]
 11826 - [ 3f800000 ][ 1.000000 ] [ 1065353216 ] [ 0 16256 ] [ 0 0 128 63 ] [...?]
 11827 - [ 00000000 ][ 0.000000 ] [ 0 ] [ 0 0 ] [ 0 0 0 0 ] [....]
 11828 - [ c4d8e571 ][ -1735.170044 ] [ 3302548849 ] [ 58737 50392 ] [ 113 229 216 196 ] [q...]
 11829 - [ 00000000 ][ 0.000000 ] [ 0 ] [ 0 0 ] [ 0 0 0 0 ] [....]
 11830 - [ 4271cd00 ][ 60.450195 ] [ 1114754304 ] [ 52480 17009 ] [ 0 205 113 66 ] [..qB]
 11831 - [ 00000301 ][ 0.000000 ] [ 769 ] [ 769 0 ] [ 1 3 0 0 ] [....]
 11832 - [ 00000004 ][ 0.000000 ] [ 4 ] [ 4 0 ] [ 4 0 0 0 ] [....]
 11833 - [ 00000020 ][ 0.000000 ] [ 32 ] [ 32 0 ] [ 32 0 0 0 ] [....]
 11834 - [ 00000000 ][ 0.000000 ] [ 0 ] [ 0 0 ] [ 0 0 0 0 ] [....]
 11835 - [ 46c067b3 ][ 24627.849609 ] [ 1187014579 ] [ 26547 18112 ] [ 179 103 192 70 ] [.g.F]
 11836 - [ c1e6fec5 ][ -28.874399 ] [ 3253141189 ] [ 65221 49638 ] [ 197 254 230 193 ] [....]
 11837 - [ 46b77966 ][ 23484.699219 ] [ 1186429286 ] [ 31078 18103 ] [ 102 121 183 70 ] [fy.F]
 11838 - [ 3f800000 ][ 1.000000 ] [ 1065353216 ] [ 0 16256 ] [ 0 0 128 63 ] [...?]
 11839 - [ 00000000 ][ 0.000000 ] [ 0 ] [ 0 0 ] [ 0 0 0 0 ] [....]
 11840 - [ c4d8e571 ][ -1735.170044 ] [ 3302548849 ] [ 58737 50392 ] [ 113 229 216 196 ] [q...]
 11841 - [ 00000000 ][ 0.000000 ] [ 0 ] [ 0 0 ] [ 0 0 0 0 ] [....]
 11842 - [ 4271cd00 ][ 60.450195 ] [ 1114754304 ] [ 52480 17009 ] [ 0 205 113 66 ] [..qB]
 11843 - [ 00000301 ][ 0.000000 ] [ 769 ] [ 769 0 ] [ 1 3 0 0 ] [....]
 11844 - [ 00000004 ][ 0.000000 ] [ 4 ] [ 4 0 ] [ 4 0 0 0 ] [....]
 11845 - [ 00000020 ][ 0.000000 ] [ 32 ] [ 32 0 ] [ 32 0 0 0 ] [....]
 11846 - [ 00000000 ][ 0.000000 ] [ 0 ] [ 0 0 ] [ 0 0 0 0 ] [....]
 11847 - [ 46bf7ab3 ][ 24509.349609 ] [ 1186953907 ] [ 31411 18111 ] [ 179 122 191 70 ] [.z.F]
 11848 - [ c1e6fec5 ][ -28.874399 ] [ 3253141189 ] [ 65221 49638 ] [ 197 254 230 193 ] [....]
 11849 - [ 4678a2b4 ][ 15912.675781 ] [ 1182311092 ] [ 41652 18040 ] [ 180 162 120 70 ] [..xF]
 11850 - [ 3f800000 ][ 1.000000 ] [ 1065353216 ] [ 0 16256 ] [ 0 0 128 63 ] [...?]
 11851 - [ 00000000 ][ 0.000000 ] [ 0 ] [ 0 0 ] [ 0 0 0 0 ] [....]
 11852 - [ c4d8e571 ][ -1735.170044 ] [ 3302548849 ] [ 58737 50392 ] [ 113 229 216 196 ] [q...]
 11853 - [ 00000000 ][ 0.000000 ] [ 0 ] [ 0 0 ] [ 0 0 0 0 ] [....]
 11854 - [ 4271e680 ][ 60.475098 ] [ 1114760832 ] [ 59008 17009 ] [ 128 230 113 66 ] [..qB]
 11855 - [ 00000000 ][ 0.000000 ] [ 0 ] [ 0 0 ] [ 0 0 0 0 ] [....]
 11856 - [ 00000000 ][ 0.000000 ] [ 0 ] [ 0 0 ] [ 0 0 0 0 ] [....]
 11857 - [ 00000000 ][ 0.000000 ] [ 0 ] [ 0 0 ] [ 0 0 0 0 ] [....]
 11858 - [ 00000000 ][ 0.000000 ] [ 0 ] [ 0 0 ] [ 0 0 0 0 ] [....]
 11859 - [ 00000000 ][ 0.000000 ] [ 0 ] [ 0 0 ] [ 0 0 0 0 ] [....]
 11860 - [ 00000000 ][ 0.000000 ] [ 0 ] [ 0 0 ] [ 0 0 0 0 ] [....]
 11861 - [ 00000000 ][ 0.000000 ] [ 0 ] [ 0 0 ] [ 0 0 0 0 ] [....]
 11862 - [ 00000000 ][ 0.000000 ] [ 0 ] [ 0 0 ] [ 0 0 0 0 ] [....]
 11863 - [ 00000000 ][ 0.000000 ] [ 0 ] [ 0 0 ] [ 0 0 0 0 ] [....]
 11864 - [ 00000000 ][ 0.000000 ] [ 0 ] [ 0 0 ] [ 0 0 0 0 ] [....]
 11865 - [ 00000000 ][ 0.000000 ] [ 0 ] [ 0 0 ] [ 0 0 0 0 ] [....]
 11866 - [ 00000000 ][ 0.000000 ] [ 0 ] [ 0 0 ] [ 0 0 0 0 ] [....]

CAM File for am11 in tp11.arc
NOTE: Read 768 of 768 bytes from C:\Program Files (x86)\KONAMI\SILENT HILL 3\data\bgtp.arc at offset 2027244
>------===[ D A T A   F R O M   O F F S E T   2027244   O F   F I L E ]===------<
506811 - [ 465ac000 ][ 14000.000000 ] [ 1180352512 ] [ 49152 18010 ] [ 0 192 90 70 ] [..ZF]
506812 - [ 46cb2000 ][ 26000.000000 ] [ 1187717120 ] [ 8192 18123 ] [ 0 32 203 70 ] [...F]
506813 - [ 465ac000 ][ 14000.000000 ] [ 1180352512 ] [ 49152 18010 ] [ 0 192 90 70 ] [..ZF]
506814 - [ 464b3400 ][ 13005.000000 ] [ 1179333632 ] [ 13312 17995 ] [ 0 52 75 70 ] [.4KF]
506815 - [ 46d2f000 ][ 27000.000000 ] [ 1188229120 ] [ 61440 18130 ] [ 0 240 210 70 ] [...F]
506816 - [ 464b3400 ][ 13005.000000 ] [ 1179333632 ] [ 13312 17995 ] [ 0 52 75 70 ] [.4KF]
506817 - [ 43fa0000 ][ 500.000000 ] [ 1140457472 ] [ 0 17402 ] [ 0 0 250 67 ] [...C]
506818 - [ c52f7000 ][ -2807.000000 ] [ 3308220416 ] [ 28672 50479 ] [ 0 112 47 197 ] [.p/.]
506819 - [ 46a02800 ][ 20500.000000 ] [ 1184901120 ] [ 10240 18080 ] [ 0 40 160 70 ] [.(.F]
506820 - [ 469c4000 ][ 20000.000000 ] [ 1184645120 ] [ 16384 18076 ] [ 0 64 156 70 ] [.@.F]
506821 - [ 46bd7400 ][ 24250.000000 ] [ 1186821120 ] [ 29696 18109 ] [ 0 116 189 70 ] [.t.F]
506822 - [ 469c4000 ][ 20000.000000 ] [ 1184645120 ] [ 16384 18076 ] [ 0 64 156 70 ] [.@.F]
506823 - [ 46bd7400 ][ 24250.000000 ] [ 1186821120 ] [ 29696 18109 ] [ 0 116 189 70 ] [.t.F]
506824 - [ 469c4000 ][ 20000.000000 ] [ 1184645120 ] [ 16384 18076 ] [ 0 64 156 70 ] [.@.F]
506825 - [ 00000000 ][ 0.000000 ] [ 0 ] [ 0 0 ] [ 0 0 0 0 ] [....]
506826 - [ c4bb8000 ][ -1500.000000 ] [ 3300622336 ] [ 32768 50363 ] [ 0 128 187 196 ] [....]
506827 - [ 00000000 ][ 0.000000 ] [ 0 ] [ 0 0 ] [ 0 0 0 0 ] [....]
506828 - [ 00000000 ][ 0.000000 ] [ 0 ] [ 0 0 ] [ 0 0 0 0 ] [....]
506829 - [ 00000002 ][ 0.000000 ] [ 2 ] [ 2 0 ] [ 2 0 0 0 ] [....]
506830 - [ 00000001 ][ 0.000000 ] [ 1 ] [ 1 0 ] [ 1 0 0 0 ] [....]
506831 - [ 00000000 ][ 0.000000 ] [ 0 ] [ 0 0 ] [ 0 0 0 0 ] [....]
506832 - [ 461c4400 ][ 10001.000000 ] [ 1176257536 ] [ 17408 17948 ] [ 0 68 28 70 ] [.D.F]
506833 - [ 00000000 ][ 0.000000 ] [ 0 ] [ 0 0 ] [ 0 0 0 0 ] [....]
506834 - [ 00000001 ][ 0.000000 ] [ 1 ] [ 1 0 ] [ 1 0 0 0 ] [....]
506835 - [ 00000000 ][ 0.000000 ] [ 0 ] [ 0 0 ] [ 0 0 0 0 ] [....]
506836 - [ 00000000 ][ 0.000000 ] [ 0 ] [ 0 0 ] [ 0 0 0 0 ] [....]
506837 - [ 00000000 ][ 0.000000 ] [ 0 ] [ 0 0 ] [ 0 0 0 0 ] [....]
506838 - [ 00000008 ][ 0.000000 ] [ 8 ] [ 8 0 ] [ 8 0 0 0 ] [....]
506839 - [ becd879b ][ -0.401425 ] [ 3201140635 ] [ 34715 48845 ] [ 155 135 205 190 ] [....]
506840 - [ 3ebe4cf6 ][ 0.371681 ] [ 1052658934 ] [ 19702 16062 ] [ 246 76 190 62 ] [.L.>]
506841 - [ 3eb2b6ca ][ 0.349051 ] [ 1051899594 ] [ 46794 16050 ] [ 202 182 178 62 ] [...>]
506842 - [ 43480000 ][ 200.000000 ] [ 1128792064 ] [ 0 17224 ] [ 0 0 72 67 ] [..HC]
506843 - [ 46a8c000 ][ 21600.000000 ] [ 1185464320 ] [ 49152 18088 ] [ 0 192 168 70 ] [...F]
506844 - [ 46c32a00 ][ 24981.000000 ] [ 1187195392 ] [ 10752 18115 ] [ 0 42 195 70 ] [.*.F]
506845 - [ 46a8c000 ][ 21600.000000 ] [ 1185464320 ] [ 49152 18088 ] [ 0 192 168 70 ] [...F]
506846 - [ 46b45a00 ][ 23085.000000 ] [ 1186224640 ] [ 23040 18100 ] [ 0 90 180 70 ] [.Z.F]
506847 - [ 46afc800 ][ 22500.000000 ] [ 1185925120 ] [ 51200 18095 ] [ 0 200 175 70 ] [...F]
506848 - [ 46b45a00 ][ 23085.000000 ] [ 1186224640 ] [ 23040 18100 ] [ 0 90 180 70 ] [.Z.F]
506849 - [ 42480000 ][ 50.000000 ] [ 1112014848 ] [ 0 16968 ] [ 0 0 72 66 ] [..HB]
506850 - [ c52f7000 ][ -2807.000000 ] [ 3308220416 ] [ 28672 50479 ] [ 0 112 47 197 ] [.p/.]
506851 - [ 46a2de00 ][ 20847.000000 ] [ 1185078784 ] [ 56832 18082 ] [ 0 222 162 70 ] [...F]
506852 - [ 46af5e00 ][ 22447.000000 ] [ 1185897984 ] [ 24064 18095 ] [ 0 94 175 70 ] [.^.F]
506853 - [ 46a2de00 ][ 20847.000000 ] [ 1185078784 ] [ 56832 18082 ] [ 0 222 162 70 ] [...F]
506854 - [ 46af5e00 ][ 22447.000000 ] [ 1185897984 ] [ 24064 18095 ] [ 0 94 175 70 ] [.^.F]
506855 - [ 46a2de00 ][ 20847.000000 ] [ 1185078784 ] [ 56832 18082 ] [ 0 222 162 70 ] [...F]
506856 - [ 46af5e00 ][ 22447.000000 ] [ 1185897984 ] [ 24064 18095 ] [ 0 94 175 70 ] [.^.F]
506857 - [ c4a90000 ][ -1352.000000 ] [ 3299409920 ] [ 0 50345 ] [ 0 0 169 196 ] [....]
506858 - [ c4a90000 ][ -1352.000000 ] [ 3299409920 ] [ 0 50345 ] [ 0 0 169 196 ] [....]
506859 - [ 00000000 ][ 0.000000 ] [ 0 ] [ 0 0 ] [ 0 0 0 0 ] [....]
506860 - [ 00000006 ][ 0.000000 ] [ 6 ] [ 6 0 ] [ 6 0 0 0 ] [....]
506861 - [ 00000000 ][ 0.000000 ] [ 0 ] [ 0 0 ] [ 0 0 0 0 ] [....]
506862 - [ 00000002 ][ 0.000000 ] [ 2 ] [ 2 0 ] [ 2 0 0 0 ] [....]
506863 - [ 00000003 ][ 0.000000 ] [ 3 ] [ 3 0 ] [ 3 0 0 0 ] [....]
506864 - [ 461c4000 ][ 10000.000000 ] [ 1176256512 ] [ 16384 17948 ] [ 0 64 28 70 ] [.@.F]
506865 - [ 00000000 ][ 0.000000 ] [ 0 ] [ 0 0 ] [ 0 0 0 0 ] [....]
506866 - [ 00000000 ][ 0.000000 ] [ 0 ] [ 0 0 ] [ 0 0 0 0 ] [....]
506867 - [ 00000000 ][ 0.000000 ] [ 0 ] [ 0 0 ] [ 0 0 0 0 ] [....]
506868 - [ 00000000 ][ 0.000000 ] [ 0 ] [ 0 0 ] [ 0 0 0 0 ] [....]
506869 - [ 00000000 ][ 0.000000 ] [ 0 ] [ 0 0 ] [ 0 0 0 0 ] [....]
506870 - [ 00000007 ][ 0.000000 ] [ 7 ] [ 7 0 ] [ 7 0 0 0 ] [....]
506871 - [ be860a8c ][ -0.261799 ] [ 3196455564 ] [ 2700 48774 ] [ 140 10 134 190 ] [....]
506872 - [ 3f373081 ][ 0.715584 ] [ 1060581505 ] [ 12417 16183 ] [ 129 48 55 63 ] [.07?]
506873 - [ 00000000 ][ 0.000000 ] [ 0 ] [ 0 0 ] [ 0 0 0 0 ] [....]
506874 - [ 00000000 ][ 0.000000 ] [ 0 ] [ 0 0 ] [ 0 0 0 0 ] [....]
506875 - [ 31317074 ][ 0.000000 ] [ 825323636 ] [ 28788 12593 ] [ 116 112 49 49 ] [tp11]
506876 - [ 6d61632e ][ 4359626755925168797190717440.000000 ] [ 1835098926 ] [ 25390 28001 ] [ 46 99 97 109 ] [.cam]
506877 - [ 00000000 ][ 0.000000 ] [ 0 ] [ 0 0 ] [ 0 0 0 0 ] [....]
506878 - [ 00000000 ][ 0.000000 ] [ 0 ] [ 0 0 ] [ 0 0 0 0 ] [....]
506879 - [ 00000000 ][ 0.000000 ] [ 0 ] [ 0 0 ] [ 0 0 0 0 ] [....]
506880 - [ 00000000 ][ 0.000000 ] [ 0 ] [ 0 0 ] [ 0 0 0 0 ] [....]
506881 - [ 00000000 ][ 0.000000 ] [ 0 ] [ 0 0 ] [ 0 0 0 0 ] [....]
506882 - [ 00000000 ][ 0.000000 ] [ 0 ] [ 0 0 ] [ 0 0 0 0 ] [....]
506883 - [ 00000000 ][ 0.000000 ] [ 0 ] [ 0 0 ] [ 0 0 0 0 ] [....]
506884 - [ 00000000 ][ 0.000000 ] [ 0 ] [ 0 0 ] [ 0 0 0 0 ] [....]
506885 - [ 00000000 ][ 0.000000 ] [ 0 ] [ 0 0 ] [ 0 0 0 0 ] [....]
506886 - [ 00000000 ][ 0.000000 ] [ 0 ] [ 0 0 ] [ 0 0 0 0 ] [....]
506887 - [ 00000000 ][ 0.000000 ] [ 0 ] [ 0 0 ] [ 0 0 0 0 ] [....]
506888 - [ 00000000 ][ 0.000000 ] [ 0 ] [ 0 0 ] [ 0 0 0 0 ] [....]
506889 - [ 00000000 ][ 0.000000 ] [ 0 ] [ 0 0 ] [ 0 0 0 0 ] [....]
506890 - [ 00000000 ][ 0.000000 ] [ 0 ] [ 0 0 ] [ 0 0 0 0 ] [....]
506891 - [ 00000000 ][ 0.000000 ] [ 0 ] [ 0 0 ] [ 0 0 0 0 ] [....]
506892 - [ 00000001 ][ 0.000000 ] [ 1 ] [ 1 0 ] [ 1 0 0 0 ] [....]
506893 - [ 00000000 ][ 0.000000 ] [ 0 ] [ 0 0 ] [ 0 0 0 0 ] [....]
506894 - [ 00000000 ][ 0.000000 ] [ 0 ] [ 0 0 ] [ 0 0 0 0 ] [....]
506895 - [ 00000000 ][ 0.000000 ] [ 0 ] [ 0 0 ] [ 0 0 0 0 ] [....]
506896 - [ 00000000 ][ 0.000000 ] [ 0 ] [ 0 0 ] [ 0 0 0 0 ] [....]
506897 - [ 00000000 ][ 0.000000 ] [ 0 ] [ 0 0 ] [ 0 0 0 0 ] [....]
506898 - [ 00000000 ][ 0.000000 ] [ 0 ] [ 0 0 ] [ 0 0 0 0 ] [....]
506899 - [ 00000000 ][ 0.000000 ] [ 0 ] [ 0 0 ] [ 0 0 0 0 ] [....]
506900 - [ 00000000 ][ 0.000000 ] [ 0 ] [ 0 0 ] [ 0 0 0 0 ] [....]
506901 - [ 00000000 ][ 0.000000 ] [ 0 ] [ 0 0 ] [ 0 0 0 0 ] [....]
506902 - [ 00000000 ][ 0.000000 ] [ 0 ] [ 0 0 ] [ 0 0 0 0 ] [....]
506903 - [ 00000000 ][ 0.000000 ] [ 0 ] [ 0 0 ] [ 0 0 0 0 ] [....]
506904 - [ 00000000 ][ 0.000000 ] [ 0 ] [ 0 0 ] [ 0 0 0 0 ] [....]
506905 - [ 00000000 ][ 0.000000 ] [ 0 ] [ 0 0 ] [ 0 0 0 0 ] [....]
506906 - [ 00000000 ][ 0.000000 ] [ 0 ] [ 0 0 ] [ 0 0 0 0 ] [....]
506907 - [ 53494854 ][ 864501891072.000000 ] [ 1397311572 ] [ 18516 21321 ] [ 84 72 73 83 ] [THIS]
506908 - [ 20534920 ][ 0.000000 ] [ 542329120 ] [ 18720 8275 ] [ 32 73 83 32 ] [.IS.]
506909 - [ 46465542 ][ 12693.314453 ] [ 1179014466 ] [ 21826 17990 ] [ 66 85 70 70 ] [BUFF]
506910 - [ 46205245 ][ 10260.567383 ] [ 1176523333 ] [ 21061 17952 ] [ 69 82 32 70 ] [ER.F]
506911 - [ 4920524f ][ 656676.937500 ] [ 1226854991 ] [ 21071 18720 ] [ 79 82 32 73 ] [OR.I]
506912 - [ 5245534e ][ 211876544512.000000 ] [ 1380275022 ] [ 21326 21061 ] [ 78 83 69 82 ] [NSER]
506913 - [ 454e2054 ][ 3298.020508 ] [ 1162747988 ] [ 8276 17742 ] [ 84 32 78 69 ] [T.NE]
506914 - [ 41442057 ][ 12.257895 ] [ 1094983767 ] [ 8279 16708 ] [ 87 32 68 65 ] [W.DA]
506915 - [ 00214154 ][ 0.000000 ] [ 2179412 ] [ 16724 33 ] [ 84 65 33 0 ] [TA!.]
506916 - [ 00000000 ][ 0.000000 ] [ 0 ] [ 0 0 ] [ 0 0 0 0 ] [....]
506917 - [ 00000000 ][ 0.000000 ] [ 0 ] [ 0 0 ] [ 0 0 0 0 ] [....]
506918 - [ 00000000 ][ 0.000000 ] [ 0 ] [ 0 0 ] [ 0 0 0 0 ] [....]
506919 - [ 00000000 ][ 0.000000 ] [ 0 ] [ 0 0 ] [ 0 0 0 0 ] [....]
506920 - [ 00000000 ][ 0.000000 ] [ 0 ] [ 0 0 ] [ 0 0 0 0 ] [....]
506921 - [ 00000000 ][ 0.000000 ] [ 0 ] [ 0 0 ] [ 0 0 0 0 ] [....]
506922 - [ 00000000 ][ 0.000000 ] [ 0 ] [ 0 0 ] [ 0 0 0 0 ] [....]
506923 - [ 00000000 ][ 0.000000 ] [ 0 ] [ 0 0 ] [ 0 0 0 0 ] [....]
506924 - [ 00000000 ][ 0.000000 ] [ 0 ] [ 0 0 ] [ 0 0 0 0 ] [....]
506925 - [ 00000000 ][ 0.000000 ] [ 0 ] [ 0 0 ] [ 0 0 0 0 ] [....]
506926 - [ 00000000 ][ 0.000000 ] [ 0 ] [ 0 0 ] [ 0 0 0 0 ] [....]
506927 - [ 00000000 ][ 0.000000 ] [ 0 ] [ 0 0 ] [ 0 0 0 0 ] [....]
506928 - [ 00000000 ][ 0.000000 ] [ 0 ] [ 0 0 ] [ 0 0 0 0 ] [....]
506929 - [ 00000000 ][ 0.000000 ] [ 0 ] [ 0 0 ] [ 0 0 0 0 ] [....]
506930 - [ 00000000 ][ 0.000000 ] [ 0 ] [ 0 0 ] [ 0 0 0 0 ] [....]
506931 - [ 00000000 ][ 0.000000 ] [ 0 ] [ 0 0 ] [ 0 0 0 0 ] [....]
506932 - [ 00000000 ][ 0.000000 ] [ 0 ] [ 0 0 ] [ 0 0 0 0 ] [....]
506933 - [ 00000000 ][ 0.000000 ] [ 0 ] [ 0 0 ] [ 0 0 0 0 ] [....]
506934 - [ 00000000 ][ 0.000000 ] [ 0 ] [ 0 0 ] [ 0 0 0 0 ] [....]
506935 - [ 00000000 ][ 0.000000 ] [ 0 ] [ 0 0 ] [ 0 0 0 0 ] [....]
506936 - [ 00000000 ][ 0.000000 ] [ 0 ] [ 0 0 ] [ 0 0 0 0 ] [....]
506937 - [ 00000000 ][ 0.000000 ] [ 0 ] [ 0 0 ] [ 0 0 0 0 ] [....]
506938 - [ 00000000 ][ 0.000000 ] [ 0 ] [ 0 0 ] [ 0 0 0 0 ] [....]
506939 - [ 53494854 ][ 864501891072.000000 ] [ 1397311572 ] [ 18516 21321 ] [ 84 72 73 83 ] [THIS]
506940 - [ 20534920 ][ 0.000000 ] [ 542329120 ] [ 18720 8275 ] [ 32 73 83 32 ] [.IS.]
506941 - [ 46465542 ][ 12693.314453 ] [ 1179014466 ] [ 21826 17990 ] [ 66 85 70 70 ] [BUFF]
506942 - [ 46205245 ][ 10260.567383 ] [ 1176523333 ] [ 21061 17952 ] [ 69 82 32 70 ] [ER.F]
506943 - [ 4920524f ][ 656676.937500 ] [ 1226854991 ] [ 21071 18720 ] [ 79 82 32 73 ] [OR.I]
506944 - [ 5245534e ][ 211876544512.000000 ] [ 1380275022 ] [ 21326 21061 ] [ 78 83 69 82 ] [NSER]
506945 - [ 454e2054 ][ 3298.020508 ] [ 1162747988 ] [ 8276 17742 ] [ 84 32 78 69 ] [T.NE]
506946 - [ 41442057 ][ 12.257895 ] [ 1094983767 ] [ 8279 16708 ] [ 87 32 68 65 ] [W.DA]
506947 - [ 00214154 ][ 0.000000 ] [ 2179412 ] [ 16724 33 ] [ 84 65 33 0 ] [TA!.]
506948 - [ 00000000 ][ 0.000000 ] [ 0 ] [ 0 0 ] [ 0 0 0 0 ] [....]
506949 - [ 00000000 ][ 0.000000 ] [ 0 ] [ 0 0 ] [ 0 0 0 0 ] [....]
506950 - [ 00000000 ][ 0.000000 ] [ 0 ] [ 0 0 ] [ 0 0 0 0 ] [....]
506951 - [ 00000000 ][ 0.000000 ] [ 0 ] [ 0 0 ] [ 0 0 0 0 ] [....]
506952 - [ 00000000 ][ 0.000000 ] [ 0 ] [ 0 0 ] [ 0 0 0 0 ] [....]
506953 - [ 00000000 ][ 0.000000 ] [ 0 ] [ 0 0 ] [ 0 0 0 0 ] [....]
506954 - [ 00000000 ][ 0.000000 ] [ 0 ] [ 0 0 ] [ 0 0 0 0 ] [....]
506955 - [ 00000000 ][ 0.000000 ] [ 0 ] [ 0 0 ] [ 0 0 0 0 ] [....]
506956 - [ 00000000 ][ 0.000000 ] [ 0 ] [ 0 0 ] [ 0 0 0 0 ] [....]
506957 - [ 00000000 ][ 0.000000 ] [ 0 ] [ 0 0 ] [ 0 0 0 0 ] [....]
506958 - [ 00000000 ][ 0.000000 ] [ 0 ] [ 0 0 ] [ 0 0 0 0 ] [....]
506959 - [ 00000000 ][ 0.000000 ] [ 0 ] [ 0 0 ] [ 0 0 0 0 ] [....]
506960 - [ 00000000 ][ 0.000000 ] [ 0 ] [ 0 0 ] [ 0 0 0 0 ] [....]
506961 - [ 00000000 ][ 0.000000 ] [ 0 ] [ 0 0 ] [ 0 0 0 0 ] [....]
506962 - [ 00000000 ][ 0.000000 ] [ 0 ] [ 0 0 ] [ 0 0 0 0 ] [....]
506963 - [ 00000000 ][ 0.000000 ] [ 0 ] [ 0 0 ] [ 0 0 0 0 ] [....]
506964 - [ 00000000 ][ 0.000000 ] [ 0 ] [ 0 0 ] [ 0 0 0 0 ] [....]
506965 - [ 00000000 ][ 0.000000 ] [ 0 ] [ 0 0 ] [ 0 0 0 0 ] [....]
506966 - [ 00000000 ][ 0.000000 ] [ 0 ] [ 0 0 ] [ 0 0 0 0 ] [....]
506967 - [ 00000000 ][ 0.000000 ] [ 0 ] [ 0 0 ] [ 0 0 0 0 ] [....]
506968 - [ 00000000 ][ 0.000000 ] [ 0 ] [ 0 0 ] [ 0 0 0 0 ] [....]
506969 - [ 00000000 ][ 0.000000 ] [ 0 ] [ 0 0 ] [ 0 0 0 0 ] [....]
506970 - [ 00000000 ][ 0.000000 ] [ 0 ] [ 0 0 ] [ 0 0 0 0 ] [....]
506971 - [ 53494854 ][ 864501891072.000000 ] [ 1397311572 ] [ 18516 21321 ] [ 84 72 73 83 ] [THIS]
506972 - [ 20534920 ][ 0.000000 ] [ 542329120 ] [ 18720 8275 ] [ 32 73 83 32 ] [.IS.]
506973 - [ 46465542 ][ 12693.314453 ] [ 1179014466 ] [ 21826 17990 ] [ 66 85 70 70 ] [BUFF]
506974 - [ 46205245 ][ 10260.567383 ] [ 1176523333 ] [ 21061 17952 ] [ 69 82 32 70 ] [ER.F]
506975 - [ 4920524f ][ 656676.937500 ] [ 1226854991 ] [ 21071 18720 ] [ 79 82 32 73 ] [OR.I]
506976 - [ 5245534e ][ 211876544512.000000 ] [ 1380275022 ] [ 21326 21061 ] [ 78 83 69 82 ] [NSER]
506977 - [ 454e2054 ][ 3298.020508 ] [ 1162747988 ] [ 8276 17742 ] [ 84 32 78 69 ] [T.NE]
506978 - [ 41442057 ][ 12.257895 ] [ 1094983767 ] [ 8279 16708 ] [ 87 32 68 65 ] [W.DA]
506979 - [ 00214154 ][ 0.000000 ] [ 2179412 ] [ 16724 33 ] [ 84 65 33 0 ] [TA!.]
506980 - [ 00000000 ][ 0.000000 ] [ 0 ] [ 0 0 ] [ 0 0 0 0 ] [....]
506981 - [ 00000000 ][ 0.000000 ] [ 0 ] [ 0 0 ] [ 0 0 0 0 ] [....]
506982 - [ 00000000 ][ 0.000000 ] [ 0 ] [ 0 0 ] [ 0 0 0 0 ] [....]
506983 - [ 00000000 ][ 0.000000 ] [ 0 ] [ 0 0 ] [ 0 0 0 0 ] [....]
506984 - [ 00000000 ][ 0.000000 ] [ 0 ] [ 0 0 ] [ 0 0 0 0 ] [....]
506985 - [ 00000000 ][ 0.000000 ] [ 0 ] [ 0 0 ] [ 0 0 0 0 ] [....]
506986 - [ 00000000 ][ 0.000000 ] [ 0 ] [ 0 0 ] [ 0 0 0 0 ] [....]
506987 - [ 00000000 ][ 0.000000 ] [ 0 ] [ 0 0 ] [ 0 0 0 0 ] [....]
506988 - [ 00000000 ][ 0.000000 ] [ 0 ] [ 0 0 ] [ 0 0 0 0 ] [....]
506989 - [ 00000000 ][ 0.000000 ] [ 0 ] [ 0 0 ] [ 0 0 0 0 ] [....]
506990 - [ 00000000 ][ 0.000000 ] [ 0 ] [ 0 0 ] [ 0 0 0 0 ] [....]
506991 - [ 00000000 ][ 0.000000 ] [ 0 ] [ 0 0 ] [ 0 0 0 0 ] [....]
506992 - [ 00000000 ][ 0.000000 ] [ 0 ] [ 0 0 ] [ 0 0 0 0 ] [....]
506993 - [ 00000000 ][ 0.000000 ] [ 0 ] [ 0 0 ] [ 0 0 0 0 ] [....]
506994 - [ 00000000 ][ 0.000000 ] [ 0 ] [ 0 0 ] [ 0 0 0 0 ] [....]
506995 - [ 00000000 ][ 0.000000 ] [ 0 ] [ 0 0 ] [ 0 0 0 0 ] [....]
506996 - [ 00000000 ][ 0.000000 ] [ 0 ] [ 0 0 ] [ 0 0 0 0 ] [....]
506997 - [ 00000000 ][ 0.000000 ] [ 0 ] [ 0 0 ] [ 0 0 0 0 ] [....]
506998 - [ 00000000 ][ 0.000000 ] [ 0 ] [ 0 0 ] [ 0 0 0 0 ] [....]
506999 - [ 00000000 ][ 0.000000 ] [ 0 ] [ 0 0 ] [ 0 0 0 0 ] [....]
507000 - [ 00000000 ][ 0.000000 ] [ 0 ] [ 0 0 ] [ 0 0 0 0 ] [....]
507001 - [ 00000000 ][ 0.000000 ] [ 0 ] [ 0 0 ] [ 0 0 0 0 ] [....]
507002 - [ 00000000 ][ 0.000000 ] [ 0 ] [ 0 0 ] [ 0 0 0 0 ] [....]

DED File for tp11 in bgtp.arc
NOTE: Read 1712 of 1712 bytes from C:\Program Files (x86)\KONAMI\SILENT HILL 3\data\bgtp.arc at offset 2038508
>------===[ D A T A   F R O M   O F F S E T   2038508   O F   F I L E ]===------<
509627 - [ 00110011 ][ 0.000000 ] [ 1114129 ] [ 17 17 ] [ 17 0 17 0 ] [....]
509628 - [ 00000000 ][ 0.000000 ] [ 0 ] [ 0 0 ] [ 0 0 0 0 ] [....]
509629 - [ 00000000 ][ 0.000000 ] [ 0 ] [ 0 0 ] [ 0 0 0 0 ] [....]
509630 - [ 00000000 ][ 0.000000 ] [ 0 ] [ 0 0 ] [ 0 0 0 0 ] [....]
509631 - [ 00000000 ][ 0.000000 ] [ 0 ] [ 0 0 ] [ 0 0 0 0 ] [....]
509632 - [ 00000000 ][ 0.000000 ] [ 0 ] [ 0 0 ] [ 0 0 0 0 ] [....]
509633 - [ 00000000 ][ 0.000000 ] [ 0 ] [ 0 0 ] [ 0 0 0 0 ] [....]
509634 - [ 00000000 ][ 0.000000 ] [ 0 ] [ 0 0 ] [ 0 0 0 0 ] [....]
509635 - [ 00000000 ][ 0.000000 ] [ 0 ] [ 0 0 ] [ 0 0 0 0 ] [....]
509636 - [ 00000003 ][ 0.000000 ] [ 3 ] [ 3 0 ] [ 3 0 0 0 ] [....]
509637 - [ 00000070 ][ 0.000000 ] [ 112 ] [ 112 0 ] [ 112 0 0 0 ] [p...]
509638 - [ 00000000 ][ 0.000000 ] [ 0 ] [ 0 0 ] [ 0 0 0 0 ] [....]
509639 - [ 00000000 ][ 0.000000 ] [ 0 ] [ 0 0 ] [ 0 0 0 0 ] [....]
509640 - [ 00000000 ][ 0.000000 ] [ 0 ] [ 0 0 ] [ 0 0 0 0 ] [....]
509641 - [ 00000000 ][ 0.000000 ] [ 0 ] [ 0 0 ] [ 0 0 0 0 ] [....]
509642 - [ 00000000 ][ 0.000000 ] [ 0 ] [ 0 0 ] [ 0 0 0 0 ] [....]
509643 - [ 00000000 ][ 0.000000 ] [ 0 ] [ 0 0 ] [ 0 0 0 0 ] [....]
509644 - [ 00000000 ][ 0.000000 ] [ 0 ] [ 0 0 ] [ 0 0 0 0 ] [....]
509645 - [ 00000000 ][ 0.000000 ] [ 0 ] [ 0 0 ] [ 0 0 0 0 ] [....]
509646 - [ 00000000 ][ 0.000000 ] [ 0 ] [ 0 0 ] [ 0 0 0 0 ] [....]
509647 - [ 00000000 ][ 0.000000 ] [ 0 ] [ 0 0 ] [ 0 0 0 0 ] [....]
509648 - [ 00000100 ][ 0.000000 ] [ 256 ] [ 256 0 ] [ 0 1 0 0 ] [....]
509649 - [ 00000000 ][ 0.000000 ] [ 0 ] [ 0 0 ] [ 0 0 0 0 ] [....]
509650 - [ 00000000 ][ 0.000000 ] [ 0 ] [ 0 0 ] [ 0 0 0 0 ] [....]
509651 - [ 00000000 ][ 0.000000 ] [ 0 ] [ 0 0 ] [ 0 0 0 0 ] [....]
509652 - [ 00000000 ][ 0.000000 ] [ 0 ] [ 0 0 ] [ 0 0 0 0 ] [....]
509653 - [ 00000000 ][ 0.000000 ] [ 0 ] [ 0 0 ] [ 0 0 0 0 ] [....]
509654 - [ 00000000 ][ 0.000000 ] [ 0 ] [ 0 0 ] [ 0 0 0 0 ] [....]
509655 - [ 3f23d70a ][ 0.640000 ] [ 1059313418 ] [ 55050 16163 ] [ 10 215 35 63 ] [..#?]
509656 - [ 3f147ae1 ][ 0.580000 ] [ 1058306785 ] [ 31457 16148 ] [ 225 122 20 63 ] [.z.?]
509657 - [ 3f0a3d71 ][ 0.540000 ] [ 1057635697 ] [ 15729 16138 ] [ 113 61 10 63 ] [q=.?]
509658 - [ 3f800000 ][ 1.000000 ] [ 1065353216 ] [ 0 16256 ] [ 0 0 128 63 ] [...?]
509659 - [ 44af0000 ][ 1400.000000 ] [ 1152319488 ] [ 0 17583 ] [ 0 0 175 68 ] [...D]
509660 - [ 451c4000 ][ 2500.000000 ] [ 1159479296 ] [ 16384 17692 ] [ 0 64 28 69 ] [.@.E]
509661 - [ 00000000 ][ 0.000000 ] [ 0 ] [ 0 0 ] [ 0 0 0 0 ] [....]
509662 - [ 00000000 ][ 0.000000 ] [ 0 ] [ 0 0 ] [ 0 0 0 0 ] [....]
509663 - [ 46bb96cf ][ 24011.404297 ] [ 1186698959 ] [ 38607 18107 ] [ 207 150 187 70 ] [...F]
509664 - [ c4acc150 ][ -1382.041016 ] [ 3299656016 ] [ 49488 50348 ] [ 80 193 172 196 ] [P...]
509665 - [ 468e1145 ][ 18184.634766 ] [ 1183715653 ] [ 4421 18062 ] [ 69 17 142 70 ] [E..F]
509666 - [ 000a0000 ][ 0.000000 ] [ 655360 ] [ 0 10 ] [ 0 0 10 0 ] [....]
509667 - [ 3f000000 ][ 0.500000 ] [ 1056964608 ] [ 0 16128 ] [ 0 0 0 63 ] [...?]
509668 - [ 3f000000 ][ 0.500000 ] [ 1056964608 ] [ 0 16128 ] [ 0 0 0 63 ] [...?]
509669 - [ 3f19999a ][ 0.600000 ] [ 1058642330 ] [ 39322 16153 ] [ 154 153 25 63 ] [...?]
509670 - [ 3f800000 ][ 1.000000 ] [ 1065353216 ] [ 0 16256 ] [ 0 0 128 63 ] [...?]
509671 - [ 44af0000 ][ 1400.000000 ] [ 1152319488 ] [ 0 17583 ] [ 0 0 175 68 ] [...D]
509672 - [ 451c4000 ][ 2500.000000 ] [ 1159479296 ] [ 16384 17692 ] [ 0 64 28 69 ] [.@.E]
509673 - [ 00000000 ][ 0.000000 ] [ 0 ] [ 0 0 ] [ 0 0 0 0 ] [....]
509674 - [ 00000000 ][ 0.000000 ] [ 0 ] [ 0 0 ] [ 0 0 0 0 ] [....]
509675 - [ 468aecfa ][ 17782.488281 ] [ 1183509754 ] [ 60666 18058 ] [ 250 236 138 70 ] [...F]
509676 - [ c4c80000 ][ -1600.000000 ] [ 3301441536 ] [ 0 50376 ] [ 0 0 200 196 ] [....]
509677 - [ 46b7c85c ][ 23524.179688 ] [ 1186449500 ] [ 51292 18103 ] [ 92 200 183 70 ] [\..F]
509678 - [ 000a0001 ][ 0.000000 ] [ 655361 ] [ 1 10 ] [ 1 0 10 0 ] [....]
509679 - [ 3f333333 ][ 0.700000 ] [ 1060320051 ] [ 13107 16179 ] [ 51 51 51 63 ] [333?]
509680 - [ 3f0f5c29 ][ 0.560000 ] [ 1057971241 ] [ 23593 16143 ] [ 41 92 15 63 ] [)\.?]
509681 - [ 3ee147ae ][ 0.440000 ] [ 1054951342 ] [ 18350 16097 ] [ 174 71 225 62 ] [.G.>]
509682 - [ 3f800000 ][ 1.000000 ] [ 1065353216 ] [ 0 16256 ] [ 0 0 128 63 ] [...?]
509683 - [ 44af0000 ][ 1400.000000 ] [ 1152319488 ] [ 0 17583 ] [ 0 0 175 68 ] [...D]
509684 - [ 451c4000 ][ 2500.000000 ] [ 1159479296 ] [ 16384 17692 ] [ 0 64 28 69 ] [.@.E]
509685 - [ 00000000 ][ 0.000000 ] [ 0 ] [ 0 0 ] [ 0 0 0 0 ] [....]
509686 - [ 00000000 ][ 0.000000 ] [ 0 ] [ 0 0 ] [ 0 0 0 0 ] [....]
509687 - [ 46aae10a ][ 21872.519531 ] [ 1185603850 ] [ 57610 18090 ] [ 10 225 170 70 ] [...F]
509688 - [ c4a8434e ][ -1346.103271 ] [ 3299361614 ] [ 17230 50344 ] [ 78 67 168 196 ] [NC..]
509689 - [ 46b957dd ][ 23723.931641 ] [ 1186551773 ] [ 22493 18105 ] [ 221 87 185 70 ] [.W.F]
509690 - [ 000a0002 ][ 0.000000 ] [ 655362 ] [ 2 10 ] [ 2 0 10 0 ] [....]
509691 - [ 3e19999a ][ 0.150000 ] [ 1041865114 ] [ 39322 15897 ] [ 154 153 25 62 ] [...>]
509692 - [ 3e19999a ][ 0.150000 ] [ 1041865114 ] [ 39322 15897 ] [ 154 153 25 62 ] [...>]
509693 - [ 3e19999a ][ 0.150000 ] [ 1041865114 ] [ 39322 15897 ] [ 154 153 25 62 ] [...>]
509694 - [ 41fc0000 ][ 31.500000 ] [ 1107034112 ] [ 0 16892 ] [ 0 0 252 65 ] [...A]
509695 - [ 3d3851ec ][ 0.045000 ] [ 1027101164 ] [ 20972 15672 ] [ 236 81 56 61 ] [.Q8=]
509696 - [ 3d3851ec ][ 0.045000 ] [ 1027101164 ] [ 20972 15672 ] [ 236 81 56 61 ] [.Q8=]
509697 - [ 3d3851ec ][ 0.045000 ] [ 1027101164 ] [ 20972 15672 ] [ 236 81 56 61 ] [.Q8=]
509698 - [ 00000000 ][ 0.000000 ] [ 0 ] [ 0 0 ] [ 0 0 0 0 ] [....]
509699 - [ 41b33333 ][ 22.400000 ] [ 1102263091 ] [ 13107 16819 ] [ 51 51 179 65 ] [33.A]
509700 - [ 41b33333 ][ 22.400000 ] [ 1102263091 ] [ 13107 16819 ] [ 51 51 179 65 ] [33.A]
509701 - [ 41b33333 ][ 22.400000 ] [ 1102263091 ] [ 13107 16819 ] [ 51 51 179 65 ] [33.A]
509702 - [ 3f800000 ][ 1.000000 ] [ 1065353216 ] [ 0 16256 ] [ 0 0 128 63 ] [...?]
509703 - [ 40800000 ][ 4.000000 ] [ 1082130432 ] [ 0 16512 ] [ 0 0 128 64 ] [...@]
509704 - [ 40800000 ][ 4.000000 ] [ 1082130432 ] [ 0 16512 ] [ 0 0 128 64 ] [...@]
509705 - [ 40800000 ][ 4.000000 ] [ 1082130432 ] [ 0 16512 ] [ 0 0 128 64 ] [...@]
509706 - [ 42eb199a ][ 117.550003 ] [ 1122703770 ] [ 6554 17131 ] [ 154 25 235 66 ] [...B]
509707 - [ 00000000 ][ 0.000000 ] [ 0 ] [ 0 0 ] [ 0 0 0 0 ] [....]
509708 - [ 00000000 ][ 0.000000 ] [ 0 ] [ 0 0 ] [ 0 0 0 0 ] [....]
509709 - [ 00000000 ][ 0.000000 ] [ 0 ] [ 0 0 ] [ 0 0 0 0 ] [....]
509710 - [ 42f80000 ][ 124.000000 ] [ 1123549184 ] [ 0 17144 ] [ 0 0 248 66 ] [...B]
509711 - [ 45ea6000 ][ 7500.000000 ] [ 1172987904 ] [ 24576 17898 ] [ 0 96 234 69 ] [.`.E]
509712 - [ 459f6000 ][ 5100.000000 ] [ 1168072704 ] [ 24576 17823 ] [ 0 96 159 69 ] [.`.E]
509713 - [ 00000000 ][ 0.000000 ] [ 0 ] [ 0 0 ] [ 0 0 0 0 ] [....]
509714 - [ 437f0000 ][ 255.000000 ] [ 1132396544 ] [ 0 17279 ] [ 0 0 127 67 ] [...C]
509715 - [ 00000000 ][ 0.000000 ] [ 0 ] [ 0 0 ] [ 0 0 0 0 ] [....]
509716 - [ 00000000 ][ 0.000000 ] [ 0 ] [ 0 0 ] [ 0 0 0 0 ] [....]
509717 - [ 00000000 ][ 0.000000 ] [ 0 ] [ 0 0 ] [ 0 0 0 0 ] [....]
509718 - [ 3f800000 ][ 1.000000 ] [ 1065353216 ] [ 0 16256 ] [ 0 0 128 63 ] [...?]
509719 - [ 00000000 ][ 0.000000 ] [ 0 ] [ 0 0 ] [ 0 0 0 0 ] [....]
509720 - [ 00000000 ][ 0.000000 ] [ 0 ] [ 0 0 ] [ 0 0 0 0 ] [....]
509721 - [ 00000000 ][ 0.000000 ] [ 0 ] [ 0 0 ] [ 0 0 0 0 ] [....]
509722 - [ 00000000 ][ 0.000000 ] [ 0 ] [ 0 0 ] [ 0 0 0 0 ] [....]
509723 - [ c4077800 ][ -541.875000 ] [ 3288823808 ] [ 30720 50183 ] [ 0 120 7 196 ] [.x..]
509724 - [ 4a780cf9 ][ 4064062.250000 ] [ 1249381625 ] [ 3321 19064 ] [ 249 12 120 74 ] [..xJ]
509725 - [ 00000000 ][ 0.000000 ] [ 0 ] [ 0 0 ] [ 0 0 0 0 ] [....]
509726 - [ 00000000 ][ 0.000000 ] [ 0 ] [ 0 0 ] [ 0 0 0 0 ] [....]
509727 - [ 00000000 ][ 0.000000 ] [ 0 ] [ 0 0 ] [ 0 0 0 0 ] [....]
509728 - [ 00000000 ][ 0.000000 ] [ 0 ] [ 0 0 ] [ 0 0 0 0 ] [....]
509729 - [ 00000000 ][ 0.000000 ] [ 0 ] [ 0 0 ] [ 0 0 0 0 ] [....]
509730 - [ 00000000 ][ 0.000000 ] [ 0 ] [ 0 0 ] [ 0 0 0 0 ] [....]
509731 - [ 00000050 ][ 0.000000 ] [ 80 ] [ 80 0 ] [ 80 0 0 0 ] [P...]
509732 - [ 00000000 ][ 0.000000 ] [ 0 ] [ 0 0 ] [ 0 0 0 0 ] [....]
509733 - [ 00000000 ][ 0.000000 ] [ 0 ] [ 0 0 ] [ 0 0 0 0 ] [....]
509734 - [ 00000000 ][ 0.000000 ] [ 0 ] [ 0 0 ] [ 0 0 0 0 ] [....]
509735 - [ 00000000 ][ 0.000000 ] [ 0 ] [ 0 0 ] [ 0 0 0 0 ] [....]
509736 - [ 00000000 ][ 0.000000 ] [ 0 ] [ 0 0 ] [ 0 0 0 0 ] [....]
509737 - [ 00000000 ][ 0.000000 ] [ 0 ] [ 0 0 ] [ 0 0 0 0 ] [....]
509738 - [ 00000000 ][ 0.000000 ] [ 0 ] [ 0 0 ] [ 0 0 0 0 ] [....]
509739 - [ 00000000 ][ 0.000000 ] [ 0 ] [ 0 0 ] [ 0 0 0 0 ] [....]
509740 - [ 00000000 ][ 0.000000 ] [ 0 ] [ 0 0 ] [ 0 0 0 0 ] [....]
509741 - [ 00000000 ][ 0.000000 ] [ 0 ] [ 0 0 ] [ 0 0 0 0 ] [....]
509742 - [ 00000000 ][ 0.000000 ] [ 0 ] [ 0 0 ] [ 0 0 0 0 ] [....]
509743 - [ 45ec4000 ][ 7560.000000 ] [ 1173110784 ] [ 16384 17900 ] [ 0 64 236 69 ] [.@.E]
509744 - [ 42c80000 ][ 100.000000 ] [ 1120403456 ] [ 0 17096 ] [ 0 0 200 66 ] [...B]
509745 - [ 3f800000 ][ 1.000000 ] [ 1065353216 ] [ 0 16256 ] [ 0 0 128 63 ] [...?]
509746 - [ 48000000 ][ 131072.000000 ] [ 1207959552 ] [ 0 18432 ] [ 0 0 0 72 ] [...H]
509747 - [ 43e00000 ][ 448.000000 ] [ 1138753536 ] [ 0 17376 ] [ 0 0 224 67 ] [...C]
509748 - [ 44ffc000 ][ 2046.000000 ] [ 1157611520 ] [ 49152 17663 ] [ 0 192 255 68 ] [...D]
509749 - [ 44ffc000 ][ 2046.000000 ] [ 1157611520 ] [ 49152 17663 ] [ 0 192 255 68 ] [...D]
509750 - [ 00000000 ][ 0.000000 ] [ 0 ] [ 0 0 ] [ 0 0 0 0 ] [....]
509751 - [ 00000000 ][ 0.000000 ] [ 0 ] [ 0 0 ] [ 0 0 0 0 ] [....]
509752 - [ 00000000 ][ 0.000000 ] [ 0 ] [ 0 0 ] [ 0 0 0 0 ] [....]
509753 - [ 00000000 ][ 0.000000 ] [ 0 ] [ 0 0 ] [ 0 0 0 0 ] [....]
509754 - [ 00000000 ][ 0.000000 ] [ 0 ] [ 0 0 ] [ 0 0 0 0 ] [....]
509755 - [ 00000000 ][ 0.000000 ] [ 0 ] [ 0 0 ] [ 0 0 0 0 ] [....]
509756 - [ 00000000 ][ 0.000000 ] [ 0 ] [ 0 0 ] [ 0 0 0 0 ] [....]
509757 - [ 00000000 ][ 0.000000 ] [ 0 ] [ 0 0 ] [ 0 0 0 0 ] [....]
509758 - [ 00000000 ][ 0.000000 ] [ 0 ] [ 0 0 ] [ 0 0 0 0 ] [....]
509759 - [ 00000000 ][ 0.000000 ] [ 0 ] [ 0 0 ] [ 0 0 0 0 ] [....]
509760 - [ 00000000 ][ 0.000000 ] [ 0 ] [ 0 0 ] [ 0 0 0 0 ] [....]
509761 - [ 00000000 ][ 0.000000 ] [ 0 ] [ 0 0 ] [ 0 0 0 0 ] [....]
509762 - [ 00000000 ][ 0.000000 ] [ 0 ] [ 0 0 ] [ 0 0 0 0 ] [....]
509763 - [ 00000000 ][ 0.000000 ] [ 0 ] [ 0 0 ] [ 0 0 0 0 ] [....]
509764 - [ 00000000 ][ 0.000000 ] [ 0 ] [ 0 0 ] [ 0 0 0 0 ] [....]
509765 - [ 00000000 ][ 0.000000 ] [ 0 ] [ 0 0 ] [ 0 0 0 0 ] [....]
509766 - [ 00000000 ][ 0.000000 ] [ 0 ] [ 0 0 ] [ 0 0 0 0 ] [....]
509767 - [ 00000000 ][ 0.000000 ] [ 0 ] [ 0 0 ] [ 0 0 0 0 ] [....]
509768 - [ 00000000 ][ 0.000000 ] [ 0 ] [ 0 0 ] [ 0 0 0 0 ] [....]
509769 - [ 00000000 ][ 0.000000 ] [ 0 ] [ 0 0 ] [ 0 0 0 0 ] [....]
509770 - [ 00000000 ][ 0.000000 ] [ 0 ] [ 0 0 ] [ 0 0 0 0 ] [....]
509771 - [ 00000000 ][ 0.000000 ] [ 0 ] [ 0 0 ] [ 0 0 0 0 ] [....]
509772 - [ 00000000 ][ 0.000000 ] [ 0 ] [ 0 0 ] [ 0 0 0 0 ] [....]
509773 - [ 00000000 ][ 0.000000 ] [ 0 ] [ 0 0 ] [ 0 0 0 0 ] [....]
509774 - [ 00000000 ][ 0.000000 ] [ 0 ] [ 0 0 ] [ 0 0 0 0 ] [....]
509775 - [ 00000000 ][ 0.000000 ] [ 0 ] [ 0 0 ] [ 0 0 0 0 ] [....]
509776 - [ 00000000 ][ 0.000000 ] [ 0 ] [ 0 0 ] [ 0 0 0 0 ] [....]
509777 - [ 00000000 ][ 0.000000 ] [ 0 ] [ 0 0 ] [ 0 0 0 0 ] [....]
509778 - [ 00000000 ][ 0.000000 ] [ 0 ] [ 0 0 ] [ 0 0 0 0 ] [....]
509779 - [ 00000000 ][ 0.000000 ] [ 0 ] [ 0 0 ] [ 0 0 0 0 ] [....]
509780 - [ 00000000 ][ 0.000000 ] [ 0 ] [ 0 0 ] [ 0 0 0 0 ] [....]
509781 - [ 00000000 ][ 0.000000 ] [ 0 ] [ 0 0 ] [ 0 0 0 0 ] [....]
509782 - [ 00000000 ][ 0.000000 ] [ 0 ] [ 0 0 ] [ 0 0 0 0 ] [....]
509783 - [ 00000000 ][ 0.000000 ] [ 0 ] [ 0 0 ] [ 0 0 0 0 ] [....]
509784 - [ 00000000 ][ 0.000000 ] [ 0 ] [ 0 0 ] [ 0 0 0 0 ] [....]
509785 - [ 00000000 ][ 0.000000 ] [ 0 ] [ 0 0 ] [ 0 0 0 0 ] [....]
509786 - [ 00000000 ][ 0.000000 ] [ 0 ] [ 0 0 ] [ 0 0 0 0 ] [....]
509787 - [ 00000000 ][ 0.000000 ] [ 0 ] [ 0 0 ] [ 0 0 0 0 ] [....]
509788 - [ 00000000 ][ 0.000000 ] [ 0 ] [ 0 0 ] [ 0 0 0 0 ] [....]
509789 - [ 00000000 ][ 0.000000 ] [ 0 ] [ 0 0 ] [ 0 0 0 0 ] [....]
509790 - [ 00000000 ][ 0.000000 ] [ 0 ] [ 0 0 ] [ 0 0 0 0 ] [....]
509791 - [ 00000000 ][ 0.000000 ] [ 0 ] [ 0 0 ] [ 0 0 0 0 ] [....]
509792 - [ 00000000 ][ 0.000000 ] [ 0 ] [ 0 0 ] [ 0 0 0 0 ] [....]
509793 - [ 00000000 ][ 0.000000 ] [ 0 ] [ 0 0 ] [ 0 0 0 0 ] [....]
509794 - [ 00000000 ][ 0.000000 ] [ 0 ] [ 0 0 ] [ 0 0 0 0 ] [....]
509795 - [ 00000000 ][ 0.000000 ] [ 0 ] [ 0 0 ] [ 0 0 0 0 ] [....]
509796 - [ 00000000 ][ 0.000000 ] [ 0 ] [ 0 0 ] [ 0 0 0 0 ] [....]
509797 - [ 00000000 ][ 0.000000 ] [ 0 ] [ 0 0 ] [ 0 0 0 0 ] [....]
509798 - [ 00000000 ][ 0.000000 ] [ 0 ] [ 0 0 ] [ 0 0 0 0 ] [....]
509799 - [ 00000000 ][ 0.000000 ] [ 0 ] [ 0 0 ] [ 0 0 0 0 ] [....]
509800 - [ 00000000 ][ 0.000000 ] [ 0 ] [ 0 0 ] [ 0 0 0 0 ] [....]
509801 - [ 00000000 ][ 0.000000 ] [ 0 ] [ 0 0 ] [ 0 0 0 0 ] [....]
509802 - [ 00000000 ][ 0.000000 ] [ 0 ] [ 0 0 ] [ 0 0 0 0 ] [....]
509803 - [ 00000000 ][ 0.000000 ] [ 0 ] [ 0 0 ] [ 0 0 0 0 ] [....]
509804 - [ 00000000 ][ 0.000000 ] [ 0 ] [ 0 0 ] [ 0 0 0 0 ] [....]
509805 - [ 00000000 ][ 0.000000 ] [ 0 ] [ 0 0 ] [ 0 0 0 0 ] [....]
509806 - [ 00000000 ][ 0.000000 ] [ 0 ] [ 0 0 ] [ 0 0 0 0 ] [....]
509807 - [ 00000000 ][ 0.000000 ] [ 0 ] [ 0 0 ] [ 0 0 0 0 ] [....]
509808 - [ 00000000 ][ 0.000000 ] [ 0 ] [ 0 0 ] [ 0 0 0 0 ] [....]
509809 - [ 00000000 ][ 0.000000 ] [ 0 ] [ 0 0 ] [ 0 0 0 0 ] [....]
509810 - [ 00000000 ][ 0.000000 ] [ 0 ] [ 0 0 ] [ 0 0 0 0 ] [....]
509811 - [ 00000000 ][ 0.000000 ] [ 0 ] [ 0 0 ] [ 0 0 0 0 ] [....]
509812 - [ 00000000 ][ 0.000000 ] [ 0 ] [ 0 0 ] [ 0 0 0 0 ] [....]
509813 - [ 00000000 ][ 0.000000 ] [ 0 ] [ 0 0 ] [ 0 0 0 0 ] [....]
509814 - [ 00000000 ][ 0.000000 ] [ 0 ] [ 0 0 ] [ 0 0 0 0 ] [....]
509815 - [ 00000000 ][ 0.000000 ] [ 0 ] [ 0 0 ] [ 0 0 0 0 ] [....]
509816 - [ 00000000 ][ 0.000000 ] [ 0 ] [ 0 0 ] [ 0 0 0 0 ] [....]
509817 - [ 00000000 ][ 0.000000 ] [ 0 ] [ 0 0 ] [ 0 0 0 0 ] [....]
509818 - [ 00000000 ][ 0.000000 ] [ 0 ] [ 0 0 ] [ 0 0 0 0 ] [....]
509819 - [ 00000000 ][ 0.000000 ] [ 0 ] [ 0 0 ] [ 0 0 0 0 ] [....]
509820 - [ 00000000 ][ 0.000000 ] [ 0 ] [ 0 0 ] [ 0 0 0 0 ] [....]
509821 - [ 00000000 ][ 0.000000 ] [ 0 ] [ 0 0 ] [ 0 0 0 0 ] [....]
509822 - [ 00000000 ][ 0.000000 ] [ 0 ] [ 0 0 ] [ 0 0 0 0 ] [....]
509823 - [ 00000000 ][ 0.000000 ] [ 0 ] [ 0 0 ] [ 0 0 0 0 ] [....]
509824 - [ 00000000 ][ 0.000000 ] [ 0 ] [ 0 0 ] [ 0 0 0 0 ] [....]
509825 - [ 00000000 ][ 0.000000 ] [ 0 ] [ 0 0 ] [ 0 0 0 0 ] [....]
509826 - [ 00000000 ][ 0.000000 ] [ 0 ] [ 0 0 ] [ 0 0 0 0 ] [....]
509827 - [ 00000000 ][ 0.000000 ] [ 0 ] [ 0 0 ] [ 0 0 0 0 ] [....]
509828 - [ 00000000 ][ 0.000000 ] [ 0 ] [ 0 0 ] [ 0 0 0 0 ] [....]
509829 - [ 00000000 ][ 0.000000 ] [ 0 ] [ 0 0 ] [ 0 0 0 0 ] [....]
509830 - [ 00000000 ][ 0.000000 ] [ 0 ] [ 0 0 ] [ 0 0 0 0 ] [....]
509831 - [ 00000000 ][ 0.000000 ] [ 0 ] [ 0 0 ] [ 0 0 0 0 ] [....]
509832 - [ 00000000 ][ 0.000000 ] [ 0 ] [ 0 0 ] [ 0 0 0 0 ] [....]
509833 - [ 00000000 ][ 0.000000 ] [ 0 ] [ 0 0 ] [ 0 0 0 0 ] [....]
509834 - [ 00000000 ][ 0.000000 ] [ 0 ] [ 0 0 ] [ 0 0 0 0 ] [....]
509835 - [ 00000000 ][ 0.000000 ] [ 0 ] [ 0 0 ] [ 0 0 0 0 ] [....]
509836 - [ 00000000 ][ 0.000000 ] [ 0 ] [ 0 0 ] [ 0 0 0 0 ] [....]
509837 - [ 00000000 ][ 0.000000 ] [ 0 ] [ 0 0 ] [ 0 0 0 0 ] [....]
509838 - [ 00000000 ][ 0.000000 ] [ 0 ] [ 0 0 ] [ 0 0 0 0 ] [....]
509839 - [ 00000000 ][ 0.000000 ] [ 0 ] [ 0 0 ] [ 0 0 0 0 ] [....]
509840 - [ 00000000 ][ 0.000000 ] [ 0 ] [ 0 0 ] [ 0 0 0 0 ] [....]
509841 - [ 00000000 ][ 0.000000 ] [ 0 ] [ 0 0 ] [ 0 0 0 0 ] [....]
509842 - [ 00000000 ][ 0.000000 ] [ 0 ] [ 0 0 ] [ 0 0 0 0 ] [....]
509843 - [ 00000000 ][ 0.000000 ] [ 0 ] [ 0 0 ] [ 0 0 0 0 ] [....]
509844 - [ 00000000 ][ 0.000000 ] [ 0 ] [ 0 0 ] [ 0 0 0 0 ] [....]
509845 - [ 00000000 ][ 0.000000 ] [ 0 ] [ 0 0 ] [ 0 0 0 0 ] [....]
509846 - [ 00000000 ][ 0.000000 ] [ 0 ] [ 0 0 ] [ 0 0 0 0 ] [....]
509847 - [ 00000000 ][ 0.000000 ] [ 0 ] [ 0 0 ] [ 0 0 0 0 ] [....]
509848 - [ 00000000 ][ 0.000000 ] [ 0 ] [ 0 0 ] [ 0 0 0 0 ] [....]
509849 - [ 00000000 ][ 0.000000 ] [ 0 ] [ 0 0 ] [ 0 0 0 0 ] [....]
509850 - [ 00000000 ][ 0.000000 ] [ 0 ] [ 0 0 ] [ 0 0 0 0 ] [....]
509851 - [ 00000000 ][ 0.000000 ] [ 0 ] [ 0 0 ] [ 0 0 0 0 ] [....]
509852 - [ 00000000 ][ 0.000000 ] [ 0 ] [ 0 0 ] [ 0 0 0 0 ] [....]
509853 - [ 00000000 ][ 0.000000 ] [ 0 ] [ 0 0 ] [ 0 0 0 0 ] [....]
509854 - [ 00000000 ][ 0.000000 ] [ 0 ] [ 0 0 ] [ 0 0 0 0 ] [....]
509855 - [ 00000000 ][ 0.000000 ] [ 0 ] [ 0 0 ] [ 0 0 0 0 ] [....]
509856 - [ 00000000 ][ 0.000000 ] [ 0 ] [ 0 0 ] [ 0 0 0 0 ] [....]
509857 - [ 00000000 ][ 0.000000 ] [ 0 ] [ 0 0 ] [ 0 0 0 0 ] [....]
509858 - [ 00000000 ][ 0.000000 ] [ 0 ] [ 0 0 ] [ 0 0 0 0 ] [....]
509859 - [ 00000000 ][ 0.000000 ] [ 0 ] [ 0 0 ] [ 0 0 0 0 ] [....]
509860 - [ 00000000 ][ 0.000000 ] [ 0 ] [ 0 0 ] [ 0 0 0 0 ] [....]
509861 - [ 00000000 ][ 0.000000 ] [ 0 ] [ 0 0 ] [ 0 0 0 0 ] [....]
509862 - [ 00000000 ][ 0.000000 ] [ 0 ] [ 0 0 ] [ 0 0 0 0 ] [....]
509863 - [ 00000000 ][ 0.000000 ] [ 0 ] [ 0 0 ] [ 0 0 0 0 ] [....]
509864 - [ 00000000 ][ 0.000000 ] [ 0 ] [ 0 0 ] [ 0 0 0 0 ] [....]
509865 - [ 00000000 ][ 0.000000 ] [ 0 ] [ 0 0 ] [ 0 0 0 0 ] [....]
509866 - [ 00000000 ][ 0.000000 ] [ 0 ] [ 0 0 ] [ 0 0 0 0 ] [....]
509867 - [ 00000000 ][ 0.000000 ] [ 0 ] [ 0 0 ] [ 0 0 0 0 ] [....]
509868 - [ 00000000 ][ 0.000000 ] [ 0 ] [ 0 0 ] [ 0 0 0 0 ] [....]
509869 - [ 00000000 ][ 0.000000 ] [ 0 ] [ 0 0 ] [ 0 0 0 0 ] [....]
509870 - [ 00000000 ][ 0.000000 ] [ 0 ] [ 0 0 ] [ 0 0 0 0 ] [....]
509871 - [ 00000000 ][ 0.000000 ] [ 0 ] [ 0 0 ] [ 0 0 0 0 ] [....]
509872 - [ 00000000 ][ 0.000000 ] [ 0 ] [ 0 0 ] [ 0 0 0 0 ] [....]
509873 - [ 00000000 ][ 0.000000 ] [ 0 ] [ 0 0 ] [ 0 0 0 0 ] [....]
509874 - [ 00000000 ][ 0.000000 ] [ 0 ] [ 0 0 ] [ 0 0 0 0 ] [....]
509875 - [ 00000000 ][ 0.000000 ] [ 0 ] [ 0 0 ] [ 0 0 0 0 ] [....]
509876 - [ 00000000 ][ 0.000000 ] [ 0 ] [ 0 0 ] [ 0 0 0 0 ] [....]
509877 - [ 00000000 ][ 0.000000 ] [ 0 ] [ 0 0 ] [ 0 0 0 0 ] [....]
509878 - [ 00000000 ][ 0.000000 ] [ 0 ] [ 0 0 ] [ 0 0 0 0 ] [....]
509879 - [ 00000000 ][ 0.000000 ] [ 0 ] [ 0 0 ] [ 0 0 0 0 ] [....]
509880 - [ 00000000 ][ 0.000000 ] [ 0 ] [ 0 0 ] [ 0 0 0 0 ] [....]
509881 - [ 00000000 ][ 0.000000 ] [ 0 ] [ 0 0 ] [ 0 0 0 0 ] [....]
509882 - [ 00000000 ][ 0.000000 ] [ 0 ] [ 0 0 ] [ 0 0 0 0 ] [....]
509883 - [ 00000000 ][ 0.000000 ] [ 0 ] [ 0 0 ] [ 0 0 0 0 ] [....]
509884 - [ 00000000 ][ 0.000000 ] [ 0 ] [ 0 0 ] [ 0 0 0 0 ] [....]
509885 - [ 00000000 ][ 0.000000 ] [ 0 ] [ 0 0 ] [ 0 0 0 0 ] [....]
509886 - [ 00000000 ][ 0.000000 ] [ 0 ] [ 0 0 ] [ 0 0 0 0 ] [....]
509887 - [ 00000000 ][ 0.000000 ] [ 0 ] [ 0 0 ] [ 0 0 0 0 ] [....]
509888 - [ 00000000 ][ 0.000000 ] [ 0 ] [ 0 0 ] [ 0 0 0 0 ] [....]
509889 - [ 00000000 ][ 0.000000 ] [ 0 ] [ 0 0 ] [ 0 0 0 0 ] [....]
509890 - [ 00000000 ][ 0.000000 ] [ 0 ] [ 0 0 ] [ 0 0 0 0 ] [....]
509891 - [ 00000000 ][ 0.000000 ] [ 0 ] [ 0 0 ] [ 0 0 0 0 ] [....]
509892 - [ 00000000 ][ 0.000000 ] [ 0 ] [ 0 0 ] [ 0 0 0 0 ] [....]
509893 - [ 00000000 ][ 0.000000 ] [ 0 ] [ 0 0 ] [ 0 0 0 0 ] [....]
509894 - [ 00000000 ][ 0.000000 ] [ 0 ] [ 0 0 ] [ 0 0 0 0 ] [....]
509895 - [ 00000000 ][ 0.000000 ] [ 0 ] [ 0 0 ] [ 0 0 0 0 ] [....]
509896 - [ 00000000 ][ 0.000000 ] [ 0 ] [ 0 0 ] [ 0 0 0 0 ] [....]
509897 - [ 00000000 ][ 0.000000 ] [ 0 ] [ 0 0 ] [ 0 0 0 0 ] [....]
509898 - [ 00000000 ][ 0.000000 ] [ 0 ] [ 0 0 ] [ 0 0 0 0 ] [....]
509899 - [ 00000000 ][ 0.000000 ] [ 0 ] [ 0 0 ] [ 0 0 0 0 ] [....]
509900 - [ 00000000 ][ 0.000000 ] [ 0 ] [ 0 0 ] [ 0 0 0 0 ] [....]
509901 - [ 00000000 ][ 0.000000 ] [ 0 ] [ 0 0 ] [ 0 0 0 0 ] [....]
509902 - [ 00000000 ][ 0.000000 ] [ 0 ] [ 0 0 ] [ 0 0 0 0 ] [....]
509903 - [ 00000000 ][ 0.000000 ] [ 0 ] [ 0 0 ] [ 0 0 0 0 ] [....]
509904 - [ 00000000 ][ 0.000000 ] [ 0 ] [ 0 0 ] [ 0 0 0 0 ] [....]
509905 - [ 00000000 ][ 0.000000 ] [ 0 ] [ 0 0 ] [ 0 0 0 0 ] [....]
509906 - [ 00000000 ][ 0.000000 ] [ 0 ] [ 0 0 ] [ 0 0 0 0 ] [....]
509907 - [ 00000000 ][ 0.000000 ] [ 0 ] [ 0 0 ] [ 0 0 0 0 ] [....]
509908 - [ 00000000 ][ 0.000000 ] [ 0 ] [ 0 0 ] [ 0 0 0 0 ] [....]
509909 - [ 00000000 ][ 0.000000 ] [ 0 ] [ 0 0 ] [ 0 0 0 0 ] [....]
509910 - [ 00000000 ][ 0.000000 ] [ 0 ] [ 0 0 ] [ 0 0 0 0 ] [....]
509911 - [ 00000000 ][ 0.000000 ] [ 0 ] [ 0 0 ] [ 0 0 0 0 ] [....]
509912 - [ 00000000 ][ 0.000000 ] [ 0 ] [ 0 0 ] [ 0 0 0 0 ] [....]
509913 - [ 00000000 ][ 0.000000 ] [ 0 ] [ 0 0 ] [ 0 0 0 0 ] [....]
509914 - [ 00000000 ][ 0.000000 ] [ 0 ] [ 0 0 ] [ 0 0 0 0 ] [....]
509915 - [ 00000000 ][ 0.000000 ] [ 0 ] [ 0 0 ] [ 0 0 0 0 ] [....]
509916 - [ 00000000 ][ 0.000000 ] [ 0 ] [ 0 0 ] [ 0 0 0 0 ] [....]
509917 - [ 00000000 ][ 0.000000 ] [ 0 ] [ 0 0 ] [ 0 0 0 0 ] [....]
509918 - [ 00000000 ][ 0.000000 ] [ 0 ] [ 0 0 ] [ 0 0 0 0 ] [....]
509919 - [ 00000000 ][ 0.000000 ] [ 0 ] [ 0 0 ] [ 0 0 0 0 ] [....]
509920 - [ 00000000 ][ 0.000000 ] [ 0 ] [ 0 0 ] [ 0 0 0 0 ] [....]
509921 - [ 00000000 ][ 0.000000 ] [ 0 ] [ 0 0 ] [ 0 0 0 0 ] [....]
509922 - [ 00000000 ][ 0.000000 ] [ 0 ] [ 0 0 ] [ 0 0 0 0 ] [....]
509923 - [ 00000000 ][ 0.000000 ] [ 0 ] [ 0 0 ] [ 0 0 0 0 ] [....]
509924 - [ 00000000 ][ 0.000000 ] [ 0 ] [ 0 0 ] [ 0 0 0 0 ] [....]
509925 - [ 00000000 ][ 0.000000 ] [ 0 ] [ 0 0 ] [ 0 0 0 0 ] [....]
509926 - [ 00000000 ][ 0.000000 ] [ 0 ] [ 0 0 ] [ 0 0 0 0 ] [....]
509927 - [ 00000000 ][ 0.000000 ] [ 0 ] [ 0 0 ] [ 0 0 0 0 ] [....]
509928 - [ 00000000 ][ 0.000000 ] [ 0 ] [ 0 0 ] [ 0 0 0 0 ] [....]
509929 - [ 00000000 ][ 0.000000 ] [ 0 ] [ 0 0 ] [ 0 0 0 0 ] [....]
509930 - [ 00000000 ][ 0.000000 ] [ 0 ] [ 0 0 ] [ 0 0 0 0 ] [....]
509931 - [ 00000000 ][ 0.000000 ] [ 0 ] [ 0 0 ] [ 0 0 0 0 ] [....]
509932 - [ 00000000 ][ 0.000000 ] [ 0 ] [ 0 0 ] [ 0 0 0 0 ] [....]
509933 - [ 00000000 ][ 0.000000 ] [ 0 ] [ 0 0 ] [ 0 0 0 0 ] [....]
509934 - [ 00000000 ][ 0.000000 ] [ 0 ] [ 0 0 ] [ 0 0 0 0 ] [....]
509935 - [ 00000000 ][ 0.000000 ] [ 0 ] [ 0 0 ] [ 0 0 0 0 ] [....]
509936 - [ 00000000 ][ 0.000000 ] [ 0 ] [ 0 0 ] [ 0 0 0 0 ] [....]
509937 - [ 00000000 ][ 0.000000 ] [ 0 ] [ 0 0 ] [ 0 0 0 0 ] [....]
509938 - [ 00000000 ][ 0.000000 ] [ 0 ] [ 0 0 ] [ 0 0 0 0 ] [....]
509939 - [ 00000000 ][ 0.000000 ] [ 0 ] [ 0 0 ] [ 0 0 0 0 ] [....]
509940 - [ 00000000 ][ 0.000000 ] [ 0 ] [ 0 0 ] [ 0 0 0 0 ] [....]
509941 - [ 00000000 ][ 0.000000 ] [ 0 ] [ 0 0 ] [ 0 0 0 0 ] [....]
509942 - [ 00000000 ][ 0.000000 ] [ 0 ] [ 0 0 ] [ 0 0 0 0 ] [....]
509943 - [ 00000000 ][ 0.000000 ] [ 0 ] [ 0 0 ] [ 0 0 0 0 ] [....]
509944 - [ 00000000 ][ 0.000000 ] [ 0 ] [ 0 0 ] [ 0 0 0 0 ] [....]
509945 - [ 00000000 ][ 0.000000 ] [ 0 ] [ 0 0 ] [ 0 0 0 0 ] [....]
509946 - [ 00000000 ][ 0.000000 ] [ 0 ] [ 0 0 ] [ 0 0 0 0 ] [....]
509947 - [ 00000000 ][ 0.000000 ] [ 0 ] [ 0 0 ] [ 0 0 0 0 ] [....]
509948 - [ 00000000 ][ 0.000000 ] [ 0 ] [ 0 0 ] [ 0 0 0 0 ] [....]
509949 - [ 00000000 ][ 0.000000 ] [ 0 ] [ 0 0 ] [ 0 0 0 0 ] [....]
509950 - [ 00000000 ][ 0.000000 ] [ 0 ] [ 0 0 ] [ 0 0 0 0 ] [....]
509951 - [ 00000000 ][ 0.000000 ] [ 0 ] [ 0 0 ] [ 0 0 0 0 ] [....]
509952 - [ 00000000 ][ 0.000000 ] [ 0 ] [ 0 0 ] [ 0 0 0 0 ] [....]
509953 - [ 00000000 ][ 0.000000 ] [ 0 ] [ 0 0 ] [ 0 0 0 0 ] [....]
509954 - [ 00000000 ][ 0.000000 ] [ 0 ] [ 0 0 ] [ 0 0 0 0 ] [....]
509955 - [ 00000000 ][ 0.000000 ] [ 0 ] [ 0 0 ] [ 0 0 0 0 ] [....]
509956 - [ 00000000 ][ 0.000000 ] [ 0 ] [ 0 0 ] [ 0 0 0 0 ] [....]
509957 - [ 00000000 ][ 0.000000 ] [ 0 ] [ 0 0 ] [ 0 0 0 0 ] [....]
509958 - [ 00000000 ][ 0.000000 ] [ 0 ] [ 0 0 ] [ 0 0 0 0 ] [....]
509959 - [ 00000000 ][ 0.000000 ] [ 0 ] [ 0 0 ] [ 0 0 0 0 ] [....]
509960 - [ 00000000 ][ 0.000000 ] [ 0 ] [ 0 0 ] [ 0 0 0 0 ] [....]
509961 - [ 00000000 ][ 0.000000 ] [ 0 ] [ 0 0 ] [ 0 0 0 0 ] [....]
509962 - [ 00000000 ][ 0.000000 ] [ 0 ] [ 0 0 ] [ 0 0 0 0 ] [....]
509963 - [ 00000000 ][ 0.000000 ] [ 0 ] [ 0 0 ] [ 0 0 0 0 ] [....]
509964 - [ 00000000 ][ 0.000000 ] [ 0 ] [ 0 0 ] [ 0 0 0 0 ] [....]
509965 - [ 00000000 ][ 0.000000 ] [ 0 ] [ 0 0 ] [ 0 0 0 0 ] [....]
509966 - [ 00000000 ][ 0.000000 ] [ 0 ] [ 0 0 ] [ 0 0 0 0 ] [....]
509967 - [ 00000000 ][ 0.000000 ] [ 0 ] [ 0 0 ] [ 0 0 0 0 ] [....]
509968 - [ 00000000 ][ 0.000000 ] [ 0 ] [ 0 0 ] [ 0 0 0 0 ] [....]
509969 - [ 00000000 ][ 0.000000 ] [ 0 ] [ 0 0 ] [ 0 0 0 0 ] [....]
509970 - [ 00000000 ][ 0.000000 ] [ 0 ] [ 0 0 ] [ 0 0 0 0 ] [....]
509971 - [ 00000000 ][ 0.000000 ] [ 0 ] [ 0 0 ] [ 0 0 0 0 ] [....]
509972 - [ 00000000 ][ 0.000000 ] [ 0 ] [ 0 0 ] [ 0 0 0 0 ] [....]
509973 - [ 00000000 ][ 0.000000 ] [ 0 ] [ 0 0 ] [ 0 0 0 0 ] [....]
509974 - [ 00000000 ][ 0.000000 ] [ 0 ] [ 0 0 ] [ 0 0 0 0 ] [....]
509975 - [ 00000000 ][ 0.000000 ] [ 0 ] [ 0 0 ] [ 0 0 0 0 ] [....]
509976 - [ 00000000 ][ 0.000000 ] [ 0 ] [ 0 0 ] [ 0 0 0 0 ] [....]
509977 - [ 00000000 ][ 0.000000 ] [ 0 ] [ 0 0 ] [ 0 0 0 0 ] [....]
509978 - [ 00000000 ][ 0.000000 ] [ 0 ] [ 0 0 ] [ 0 0 0 0 ] [....]
509979 - [ 00000000 ][ 0.000000 ] [ 0 ] [ 0 0 ] [ 0 0 0 0 ] [....]
509980 - [ 00000000 ][ 0.000000 ] [ 0 ] [ 0 0 ] [ 0 0 0 0 ] [....]
509981 - [ 00000000 ][ 0.000000 ] [ 0 ] [ 0 0 ] [ 0 0 0 0 ] [....]
509982 - [ 00000000 ][ 0.000000 ] [ 0 ] [ 0 0 ] [ 0 0 0 0 ] [....]
509983 - [ 00000000 ][ 0.000000 ] [ 0 ] [ 0 0 ] [ 0 0 0 0 ] [....]
509984 - [ 00000000 ][ 0.000000 ] [ 0 ] [ 0 0 ] [ 0 0 0 0 ] [....]
509985 - [ 00000000 ][ 0.000000 ] [ 0 ] [ 0 0 ] [ 0 0 0 0 ] [....]
509986 - [ 00000000 ][ 0.000000 ] [ 0 ] [ 0 0 ] [ 0 0 0 0 ] [....]
509987 - [ 00000000 ][ 0.000000 ] [ 0 ] [ 0 0 ] [ 0 0 0 0 ] [....]
509988 - [ 00000000 ][ 0.000000 ] [ 0 ] [ 0 0 ] [ 0 0 0 0 ] [....]
509989 - [ 00000000 ][ 0.000000 ] [ 0 ] [ 0 0 ] [ 0 0 0 0 ] [....]
509990 - [ 00000000 ][ 0.000000 ] [ 0 ] [ 0 0 ] [ 0 0 0 0 ] [....]
509991 - [ 00000000 ][ 0.000000 ] [ 0 ] [ 0 0 ] [ 0 0 0 0 ] [....]
509992 - [ 00000000 ][ 0.000000 ] [ 0 ] [ 0 0 ] [ 0 0 0 0 ] [....]
509993 - [ 00000000 ][ 0.000000 ] [ 0 ] [ 0 0 ] [ 0 0 0 0 ] [....]
509994 - [ 00000000 ][ 0.000000 ] [ 0 ] [ 0 0 ] [ 0 0 0 0 ] [....]
509995 - [ 00000000 ][ 0.000000 ] [ 0 ] [ 0 0 ] [ 0 0 0 0 ] [....]
509996 - [ 00000000 ][ 0.000000 ] [ 0 ] [ 0 0 ] [ 0 0 0 0 ] [....]
509997 - [ 00000000 ][ 0.000000 ] [ 0 ] [ 0 0 ] [ 0 0 0 0 ] [....]
509998 - [ 00000000 ][ 0.000000 ] [ 0 ] [ 0 0 ] [ 0 0 0 0 ] [....]
509999 - [ 00000000 ][ 0.000000 ] [ 0 ] [ 0 0 ] [ 0 0 0 0 ] [....]
510000 - [ 00000000 ][ 0.000000 ] [ 0 ] [ 0 0 ] [ 0 0 0 0 ] [....]
510001 - [ 00000000 ][ 0.000000 ] [ 0 ] [ 0 0 ] [ 0 0 0 0 ] [....]
510002 - [ 00000000 ][ 0.000000 ] [ 0 ] [ 0 0 ] [ 0 0 0 0 ] [....]
510003 - [ 00000000 ][ 0.000000 ] [ 0 ] [ 0 0 ] [ 0 0 0 0 ] [....]
510004 - [ 00000000 ][ 0.000000 ] [ 0 ] [ 0 0 ] [ 0 0 0 0 ] [....]
510005 - [ 00000000 ][ 0.000000 ] [ 0 ] [ 0 0 ] [ 0 0 0 0 ] [....]
510006 - [ 00000000 ][ 0.000000 ] [ 0 ] [ 0 0 ] [ 0 0 0 0 ] [....]
510007 - [ 00000000 ][ 0.000000 ] [ 0 ] [ 0 0 ] [ 0 0 0 0 ] [....]
510008 - [ 00000000 ][ 0.000000 ] [ 0 ] [ 0 0 ] [ 0 0 0 0 ] [....]
510009 - [ 00000000 ][ 0.000000 ] [ 0 ] [ 0 0 ] [ 0 0 0 0 ] [....]
510010 - [ 00000000 ][ 0.000000 ] [ 0 ] [ 0 0 ] [ 0 0 0 0 ] [....]
510011 - [ 00000000 ][ 0.000000 ] [ 0 ] [ 0 0 ] [ 0 0 0 0 ] [....]
510012 - [ 00000000 ][ 0.000000 ] [ 0 ] [ 0 0 ] [ 0 0 0 0 ] [....]
510013 - [ 00000000 ][ 0.000000 ] [ 0 ] [ 0 0 ] [ 0 0 0 0 ] [....]
510014 - [ 00000000 ][ 0.000000 ] [ 0 ] [ 0 0 ] [ 0 0 0 0 ] [....]
510015 - [ 00000000 ][ 0.000000 ] [ 0 ] [ 0 0 ] [ 0 0 0 0 ] [....]
510016 - [ 00000000 ][ 0.000000 ] [ 0 ] [ 0 0 ] [ 0 0 0 0 ] [....]
510017 - [ 00000000 ][ 0.000000 ] [ 0 ] [ 0 0 ] [ 0 0 0 0 ] [....]
510018 - [ 00000000 ][ 0.000000 ] [ 0 ] [ 0 0 ] [ 0 0 0 0 ] [....]
510019 - [ 00000000 ][ 0.000000 ] [ 0 ] [ 0 0 ] [ 0 0 0 0 ] [....]
510020 - [ 00000000 ][ 0.000000 ] [ 0 ] [ 0 0 ] [ 0 0 0 0 ] [....]
510021 - [ 00000000 ][ 0.000000 ] [ 0 ] [ 0 0 ] [ 0 0 0 0 ] [....]
510022 - [ 00000000 ][ 0.000000 ] [ 0 ] [ 0 0 ] [ 0 0 0 0 ] [....]
510023 - [ 00000000 ][ 0.000000 ] [ 0 ] [ 0 0 ] [ 0 0 0 0 ] [....]
510024 - [ 00000000 ][ 0.000000 ] [ 0 ] [ 0 0 ] [ 0 0 0 0 ] [....]
510025 - [ 00000000 ][ 0.000000 ] [ 0 ] [ 0 0 ] [ 0 0 0 0 ] [....]
510026 - [ 00000000 ][ 0.000000 ] [ 0 ] [ 0 0 ] [ 0 0 0 0 ] [....]
510027 - [ 00000000 ][ 0.000000 ] [ 0 ] [ 0 0 ] [ 0 0 0 0 ] [....]
510028 - [ 00000000 ][ 0.000000 ] [ 0 ] [ 0 0 ] [ 0 0 0 0 ] [....]
510029 - [ 00000000 ][ 0.000000 ] [ 0 ] [ 0 0 ] [ 0 0 0 0 ] [....]
510030 - [ 00000000 ][ 0.000000 ] [ 0 ] [ 0 0 ] [ 0 0 0 0 ] [....]
510031 - [ 00000000 ][ 0.000000 ] [ 0 ] [ 0 0 ] [ 0 0 0 0 ] [....]
510032 - [ 00000000 ][ 0.000000 ] [ 0 ] [ 0 0 ] [ 0 0 0 0 ] [....]
510033 - [ 00000000 ][ 0.000000 ] [ 0 ] [ 0 0 ] [ 0 0 0 0 ] [....]
510034 - [ 00000000 ][ 0.000000 ] [ 0 ] [ 0 0 ] [ 0 0 0 0 ] [....]
510035 - [ 00000000 ][ 0.000000 ] [ 0 ] [ 0 0 ] [ 0 0 0 0 ] [....]
510036 - [ 00000000 ][ 0.000000 ] [ 0 ] [ 0 0 ] [ 0 0 0 0 ] [....]
510037 - [ 00000000 ][ 0.000000 ] [ 0 ] [ 0 0 ] [ 0 0 0 0 ] [....]
510038 - [ 00000000 ][ 0.000000 ] [ 0 ] [ 0 0 ] [ 0 0 0 0 ] [....]
510039 - [ 00000000 ][ 0.000000 ] [ 0 ] [ 0 0 ] [ 0 0 0 0 ] [....]
510040 - [ 00000000 ][ 0.000000 ] [ 0 ] [ 0 0 ] [ 0 0 0 0 ] [....]
510041 - [ 00000000 ][ 0.000000 ] [ 0 ] [ 0 0 ] [ 0 0 0 0 ] [....]
510042 - [ 00000000 ][ 0.000000 ] [ 0 ] [ 0 0 ] [ 0 0 0 0 ] [....]
510043 - [ 00000000 ][ 0.000000 ] [ 0 ] [ 0 0 ] [ 0 0 0 0 ] [....]
510044 - [ 00000000 ][ 0.000000 ] [ 0 ] [ 0 0 ] [ 0 0 0 0 ] [....]
510045 - [ 00000000 ][ 0.000000 ] [ 0 ] [ 0 0 ] [ 0 0 0 0 ] [....]
510046 - [ 00000000 ][ 0.000000 ] [ 0 ] [ 0 0 ] [ 0 0 0 0 ] [....]
510047 - [ 00000000 ][ 0.000000 ] [ 0 ] [ 0 0 ] [ 0 0 0 0 ] [....]
510048 - [ 00000000 ][ 0.000000 ] [ 0 ] [ 0 0 ] [ 0 0 0 0 ] [....]
510049 - [ 00000000 ][ 0.000000 ] [ 0 ] [ 0 0 ] [ 0 0 0 0 ] [....]
510050 - [ 00000000 ][ 0.000000 ] [ 0 ] [ 0 0 ] [ 0 0 0 0 ] [....]
510051 - [ 00000000 ][ 0.000000 ] [ 0 ] [ 0 0 ] [ 0 0 0 0 ] [....]
510052 - [ 00000000 ][ 0.000000 ] [ 0 ] [ 0 0 ] [ 0 0 0 0 ] [....]
510053 - [ 00000000 ][ 0.000000 ] [ 0 ] [ 0 0 ] [ 0 0 0 0 ] [....]
510054 - [ 00000000 ][ 0.000000 ] [ 0 ] [ 0 0 ] [ 0 0 0 0 ] [....]

amusement_west.sdb file for bgtp.arc
NOTE: Read 3648 of 3648 bytes from C:\Program Files (x86)\KONAMI\SILENT HILL 3\data\bgtp.arc at offset 1836300
>------===[ D A T A   F R O M   O F F S E T   1836300   O F   F I L E ]===------<
459075 - [ d0138581 ][ -9900000256.000000 ] [ 3490940289 ] [ 34177 53267 ] [ 129 133 19 208 ] [....]
459076 - [ 50138581 ][ 9900000256.000000 ] [ 1343456641 ] [ 34177 20499 ] [ 129 133 19 80 ] [...P]
459077 - [ 50138581 ][ 9900000256.000000 ] [ 1343456641 ] [ 34177 20499 ] [ 129 133 19 80 ] [...P]
459078 - [ d0138581 ][ -9900000256.000000 ] [ 3490940289 ] [ 34177 53267 ] [ 129 133 19 208 ] [....]
459079 - [ 50138581 ][ 9900000256.000000 ] [ 1343456641 ] [ 34177 20499 ] [ 129 133 19 80 ] [...P]
459080 - [ d0138581 ][ -9900000256.000000 ] [ 3490940289 ] [ 34177 53267 ] [ 129 133 19 208 ] [....]
459081 - [ 00000000 ][ 0.000000 ] [ 0 ] [ 0 0 ] [ 0 0 0 0 ] [....]
459082 - [ 00000000 ][ 0.000000 ] [ 0 ] [ 0 0 ] [ 0 0 0 0 ] [....]
459083 - [ 00000000 ][ 0.000000 ] [ 0 ] [ 0 0 ] [ 0 0 0 0 ] [....]
459084 - [ 00000000 ][ 0.000000 ] [ 0 ] [ 0 0 ] [ 0 0 0 0 ] [....]
459085 - [ 00000000 ][ 0.000000 ] [ 0 ] [ 0 0 ] [ 0 0 0 0 ] [....]
459086 - [ 00000000 ][ 0.000000 ] [ 0 ] [ 0 0 ] [ 0 0 0 0 ] [....]
459087 - [ 00000000 ][ 0.000000 ] [ 0 ] [ 0 0 ] [ 0 0 0 0 ] [....]
459088 - [ 00000000 ][ 0.000000 ] [ 0 ] [ 0 0 ] [ 0 0 0 0 ] [....]
459089 - [ 00000000 ][ 0.000000 ] [ 0 ] [ 0 0 ] [ 0 0 0 0 ] [....]
459090 - [ 00000000 ][ 0.000000 ] [ 0 ] [ 0 0 ] [ 0 0 0 0 ] [....]
459091 - [ 00000000 ][ 0.000000 ] [ 0 ] [ 0 0 ] [ 0 0 0 0 ] [....]
459092 - [ 00000000 ][ 0.000000 ] [ 0 ] [ 0 0 ] [ 0 0 0 0 ] [....]
459093 - [ 00000000 ][ 0.000000 ] [ 0 ] [ 0 0 ] [ 0 0 0 0 ] [....]
459094 - [ 00000000 ][ 0.000000 ] [ 0 ] [ 0 0 ] [ 0 0 0 0 ] [....]
459095 - [ 00000000 ][ 0.000000 ] [ 0 ] [ 0 0 ] [ 0 0 0 0 ] [....]
459096 - [ 00000000 ][ 0.000000 ] [ 0 ] [ 0 0 ] [ 0 0 0 0 ] [....]
459097 - [ 00000000 ][ 0.000000 ] [ 0 ] [ 0 0 ] [ 0 0 0 0 ] [....]
459098 - [ 00000000 ][ 0.000000 ] [ 0 ] [ 0 0 ] [ 0 0 0 0 ] [....]
459099 - [ 466e4800 ][ 15250.000000 ] [ 1181632512 ] [ 18432 18030 ] [ 0 72 110 70 ] [.HnF]
459100 - [ 46a7f800 ][ 21500.000000 ] [ 1185413120 ] [ 63488 18087 ] [ 0 248 167 70 ] [...F]
459101 - [ 4688b800 ][ 17500.000000 ] [ 1183365120 ] [ 47104 18056 ] [ 0 184 136 70 ] [...F]
459102 - [ 46927c00 ][ 18750.000000 ] [ 1184005120 ] [ 31744 18066 ] [ 0 124 146 70 ] [.|.F]
459103 - [ 42480000 ][ 50.000000 ] [ 1112014848 ] [ 0 16968 ] [ 0 0 72 66 ] [..HB]
459104 - [ c52f7000 ][ -2807.000000 ] [ 3308220416 ] [ 28672 50479 ] [ 0 112 47 197 ] [.p/.]
459105 - [ 00000011 ][ 0.000000 ] [ 17 ] [ 17 0 ] [ 17 0 0 0 ] [....]
459106 - [ 00000000 ][ 0.000000 ] [ 0 ] [ 0 0 ] [ 0 0 0 0 ] [....]
459107 - [ 00000000 ][ 0.000000 ] [ 0 ] [ 0 0 ] [ 0 0 0 0 ] [....]
459108 - [ 00800000 ][ 0.000000 ] [ 8388608 ] [ 0 128 ] [ 0 0 128 0 ] [....]
459109 - [ 00000000 ][ 0.000000 ] [ 0 ] [ 0 0 ] [ 0 0 0 0 ] [....]
459110 - [ 00000000 ][ 0.000000 ] [ 0 ] [ 0 0 ] [ 0 0 0 0 ] [....]
459111 - [ 00000000 ][ 0.000000 ] [ 0 ] [ 0 0 ] [ 0 0 0 0 ] [....]
459112 - [ 00800000 ][ 0.000000 ] [ 8388608 ] [ 0 128 ] [ 0 0 128 0 ] [....]
459113 - [ 00000000 ][ 0.000000 ] [ 0 ] [ 0 0 ] [ 0 0 0 0 ] [....]
459114 - [ 00800000 ][ 0.000000 ] [ 8388608 ] [ 0 128 ] [ 0 0 128 0 ] [....]
459115 - [ 00000000 ][ 0.000000 ] [ 0 ] [ 0 0 ] [ 0 0 0 0 ] [....]
459116 - [ 00000000 ][ 0.000000 ] [ 0 ] [ 0 0 ] [ 0 0 0 0 ] [....]
459117 - [ 00000000 ][ 0.000000 ] [ 0 ] [ 0 0 ] [ 0 0 0 0 ] [....]
459118 - [ 00000000 ][ 0.000000 ] [ 0 ] [ 0 0 ] [ 0 0 0 0 ] [....]
459119 - [ 00000000 ][ 0.000000 ] [ 0 ] [ 0 0 ] [ 0 0 0 0 ] [....]
459120 - [ 00000000 ][ 0.000000 ] [ 0 ] [ 0 0 ] [ 0 0 0 0 ] [....]
459121 - [ 00000000 ][ 0.000000 ] [ 0 ] [ 0 0 ] [ 0 0 0 0 ] [....]
459122 - [ 00000000 ][ 0.000000 ] [ 0 ] [ 0 0 ] [ 0 0 0 0 ] [....]
459123 - [ 46b5a400 ][ 23250.000000 ] [ 1186309120 ] [ 41984 18101 ] [ 0 164 181 70 ] [...F]
459124 - [ 46a7f800 ][ 21500.000000 ] [ 1185413120 ] [ 63488 18087 ] [ 0 248 167 70 ] [...F]
459125 - [ 46c92c00 ][ 25750.000000 ] [ 1187589120 ] [ 11264 18121 ] [ 0 44 201 70 ] [.,.F]
459126 - [ 46927c00 ][ 18750.000000 ] [ 1184005120 ] [ 31744 18066 ] [ 0 124 146 70 ] [.|.F]
459127 - [ 42480000 ][ 50.000000 ] [ 1112014848 ] [ 0 16968 ] [ 0 0 72 66 ] [..HB]
459128 - [ c52f7000 ][ -2807.000000 ] [ 3308220416 ] [ 28672 50479 ] [ 0 112 47 197 ] [.p/.]
459129 - [ 00000011 ][ 0.000000 ] [ 17 ] [ 17 0 ] [ 17 0 0 0 ] [....]
459130 - [ 00000000 ][ 0.000000 ] [ 0 ] [ 0 0 ] [ 0 0 0 0 ] [....]
459131 - [ 00000000 ][ 0.000000 ] [ 0 ] [ 0 0 ] [ 0 0 0 0 ] [....]
459132 - [ 00800000 ][ 0.000000 ] [ 8388608 ] [ 0 128 ] [ 0 0 128 0 ] [....]
459133 - [ 00000000 ][ 0.000000 ] [ 0 ] [ 0 0 ] [ 0 0 0 0 ] [....]
459134 - [ 00800000 ][ 0.000000 ] [ 8388608 ] [ 0 128 ] [ 0 0 128 0 ] [....]
459135 - [ 00000000 ][ 0.000000 ] [ 0 ] [ 0 0 ] [ 0 0 0 0 ] [....]
459136 - [ 00800000 ][ 0.000000 ] [ 8388608 ] [ 0 128 ] [ 0 0 128 0 ] [....]
459137 - [ 00000000 ][ 0.000000 ] [ 0 ] [ 0 0 ] [ 0 0 0 0 ] [....]
459138 - [ 00800000 ][ 0.000000 ] [ 8388608 ] [ 0 128 ] [ 0 0 128 0 ] [....]
459139 - [ 00000000 ][ 0.000000 ] [ 0 ] [ 0 0 ] [ 0 0 0 0 ] [....]
459140 - [ 00800000 ][ 0.000000 ] [ 8388608 ] [ 0 128 ] [ 0 0 128 0 ] [....]
459141 - [ 00000000 ][ 0.000000 ] [ 0 ] [ 0 0 ] [ 0 0 0 0 ] [....]
459142 - [ 00800000 ][ 0.000000 ] [ 8388608 ] [ 0 128 ] [ 0 0 128 0 ] [....]
459143 - [ 00000000 ][ 0.000000 ] [ 0 ] [ 0 0 ] [ 0 0 0 0 ] [....]
459144 - [ 00000000 ][ 0.000000 ] [ 0 ] [ 0 0 ] [ 0 0 0 0 ] [....]
459145 - [ 00000000 ][ 0.000000 ] [ 0 ] [ 0 0 ] [ 0 0 0 0 ] [....]
459146 - [ 00000000 ][ 0.000000 ] [ 0 ] [ 0 0 ] [ 0 0 0 0 ] [....]
459147 - [ 46927c00 ][ 18750.000000 ] [ 1184005120 ] [ 31744 18066 ] [ 0 124 146 70 ] [.|.F]
459148 - [ 4686c400 ][ 17250.000000 ] [ 1183237120 ] [ 50176 18054 ] [ 0 196 134 70 ] [...F]
459149 - [ 46add400 ][ 22250.000000 ] [ 1185797120 ] [ 54272 18093 ] [ 0 212 173 70 ] [...F]
459150 - [ 465ac000 ][ 14000.000000 ] [ 1180352512 ] [ 49152 18010 ] [ 0 192 90 70 ] [..ZF]
459151 - [ 42480000 ][ 50.000000 ] [ 1112014848 ] [ 0 16968 ] [ 0 0 72 66 ] [..HB]
459152 - [ c52f7000 ][ -2807.000000 ] [ 3308220416 ] [ 28672 50479 ] [ 0 112 47 197 ] [.p/.]
459153 - [ 00000011 ][ 0.000000 ] [ 17 ] [ 17 0 ] [ 17 0 0 0 ] [....]
459154 - [ 00000000 ][ 0.000000 ] [ 0 ] [ 0 0 ] [ 0 0 0 0 ] [....]
459155 - [ 00000000 ][ 0.000000 ] [ 0 ] [ 0 0 ] [ 0 0 0 0 ] [....]
459156 - [ 00800000 ][ 0.000000 ] [ 8388608 ] [ 0 128 ] [ 0 0 128 0 ] [....]
459157 - [ 00000000 ][ 0.000000 ] [ 0 ] [ 0 0 ] [ 0 0 0 0 ] [....]
459158 - [ 00000000 ][ 0.000000 ] [ 0 ] [ 0 0 ] [ 0 0 0 0 ] [....]
459159 - [ 00000000 ][ 0.000000 ] [ 0 ] [ 0 0 ] [ 0 0 0 0 ] [....]
459160 - [ 00800000 ][ 0.000000 ] [ 8388608 ] [ 0 128 ] [ 0 0 128 0 ] [....]
459161 - [ 00000000 ][ 0.000000 ] [ 0 ] [ 0 0 ] [ 0 0 0 0 ] [....]
459162 - [ 00000000 ][ 0.000000 ] [ 0 ] [ 0 0 ] [ 0 0 0 0 ] [....]
459163 - [ 00000000 ][ 0.000000 ] [ 0 ] [ 0 0 ] [ 0 0 0 0 ] [....]
459164 - [ 00800000 ][ 0.000000 ] [ 8388608 ] [ 0 128 ] [ 0 0 128 0 ] [....]
459165 - [ 00000000 ][ 0.000000 ] [ 0 ] [ 0 0 ] [ 0 0 0 0 ] [....]
459166 - [ 00000000 ][ 0.000000 ] [ 0 ] [ 0 0 ] [ 0 0 0 0 ] [....]
459167 - [ 00000000 ][ 0.000000 ] [ 0 ] [ 0 0 ] [ 0 0 0 0 ] [....]
459168 - [ 00000000 ][ 0.000000 ] [ 0 ] [ 0 0 ] [ 0 0 0 0 ] [....]
459169 - [ 00000000 ][ 0.000000 ] [ 0 ] [ 0 0 ] [ 0 0 0 0 ] [....]
459170 - [ 00000000 ][ 0.000000 ] [ 0 ] [ 0 0 ] [ 0 0 0 0 ] [....]
459171 - [ 466e4800 ][ 15250.000000 ] [ 1181632512 ] [ 18432 18030 ] [ 0 72 110 70 ] [.HnF]
459172 - [ 46927c00 ][ 18750.000000 ] [ 1184005120 ] [ 31744 18066 ] [ 0 124 146 70 ] [.|.F]
459173 - [ 46927c00 ][ 18750.000000 ] [ 1184005120 ] [ 31744 18066 ] [ 0 124 146 70 ] [.|.F]
459174 - [ 465ea800 ][ 14250.000000 ] [ 1180608512 ] [ 43008 18014 ] [ 0 168 94 70 ] [..^F]
459175 - [ 42480000 ][ 50.000000 ] [ 1112014848 ] [ 0 16968 ] [ 0 0 72 66 ] [..HB]
459176 - [ c52f7000 ][ -2807.000000 ] [ 3308220416 ] [ 28672 50479 ] [ 0 112 47 197 ] [.p/.]
459177 - [ 00000011 ][ 0.000000 ] [ 17 ] [ 17 0 ] [ 17 0 0 0 ] [....]
459178 - [ 00000000 ][ 0.000000 ] [ 0 ] [ 0 0 ] [ 0 0 0 0 ] [....]
459179 - [ 00000000 ][ 0.000000 ] [ 0 ] [ 0 0 ] [ 0 0 0 0 ] [....]
459180 - [ 00800000 ][ 0.000000 ] [ 8388608 ] [ 0 128 ] [ 0 0 128 0 ] [....]
459181 - [ 00000000 ][ 0.000000 ] [ 0 ] [ 0 0 ] [ 0 0 0 0 ] [....]
459182 - [ 00000000 ][ 0.000000 ] [ 0 ] [ 0 0 ] [ 0 0 0 0 ] [....]
459183 - [ 00000000 ][ 0.000000 ] [ 0 ] [ 0 0 ] [ 0 0 0 0 ] [....]
459184 - [ 00800000 ][ 0.000000 ] [ 8388608 ] [ 0 128 ] [ 0 0 128 0 ] [....]
459185 - [ 00000000 ][ 0.000000 ] [ 0 ] [ 0 0 ] [ 0 0 0 0 ] [....]
459186 - [ 00800000 ][ 0.000000 ] [ 8388608 ] [ 0 128 ] [ 0 0 128 0 ] [....]
459187 - [ 00000000 ][ 0.000000 ] [ 0 ] [ 0 0 ] [ 0 0 0 0 ] [....]
459188 - [ 00800000 ][ 0.000000 ] [ 8388608 ] [ 0 128 ] [ 0 0 128 0 ] [....]
459189 - [ 00000000 ][ 0.000000 ] [ 0 ] [ 0 0 ] [ 0 0 0 0 ] [....]
459190 - [ 00000000 ][ 0.000000 ] [ 0 ] [ 0 0 ] [ 0 0 0 0 ] [....]
459191 - [ 00000000 ][ 0.000000 ] [ 0 ] [ 0 0 ] [ 0 0 0 0 ] [....]
459192 - [ 00000000 ][ 0.000000 ] [ 0 ] [ 0 0 ] [ 0 0 0 0 ] [....]
459193 - [ 00000000 ][ 0.000000 ] [ 0 ] [ 0 0 ] [ 0 0 0 0 ] [....]
459194 - [ 00000000 ][ 0.000000 ] [ 0 ] [ 0 0 ] [ 0 0 0 0 ] [....]
459195 - [ 46add400 ][ 22250.000000 ] [ 1185797120 ] [ 54272 18093 ] [ 0 212 173 70 ] [...F]
459196 - [ 46927c00 ][ 18750.000000 ] [ 1184005120 ] [ 31744 18066 ] [ 0 124 146 70 ] [.|.F]
459197 - [ 46c92c00 ][ 25750.000000 ] [ 1187589120 ] [ 11264 18121 ] [ 0 44 201 70 ] [.,.F]
459198 - [ 465ea800 ][ 14250.000000 ] [ 1180608512 ] [ 43008 18014 ] [ 0 168 94 70 ] [..^F]
459199 - [ 42480000 ][ 50.000000 ] [ 1112014848 ] [ 0 16968 ] [ 0 0 72 66 ] [..HB]
459200 - [ c52f7000 ][ -2807.000000 ] [ 3308220416 ] [ 28672 50479 ] [ 0 112 47 197 ] [.p/.]
459201 - [ 00000011 ][ 0.000000 ] [ 17 ] [ 17 0 ] [ 17 0 0 0 ] [....]
459202 - [ 00000000 ][ 0.000000 ] [ 0 ] [ 0 0 ] [ 0 0 0 0 ] [....]
459203 - [ 00000000 ][ 0.000000 ] [ 0 ] [ 0 0 ] [ 0 0 0 0 ] [....]
459204 - [ 00800000 ][ 0.000000 ] [ 8388608 ] [ 0 128 ] [ 0 0 128 0 ] [....]
459205 - [ 00000000 ][ 0.000000 ] [ 0 ] [ 0 0 ] [ 0 0 0 0 ] [....]
459206 - [ 00800000 ][ 0.000000 ] [ 8388608 ] [ 0 128 ] [ 0 0 128 0 ] [....]
459207 - [ 00000000 ][ 0.000000 ] [ 0 ] [ 0 0 ] [ 0 0 0 0 ] [....]
459208 - [ 00800000 ][ 0.000000 ] [ 8388608 ] [ 0 128 ] [ 0 0 128 0 ] [....]
459209 - [ 00000000 ][ 0.000000 ] [ 0 ] [ 0 0 ] [ 0 0 0 0 ] [....]
459210 - [ 00000000 ][ 0.000000 ] [ 0 ] [ 0 0 ] [ 0 0 0 0 ] [....]
459211 - [ 00000000 ][ 0.000000 ] [ 0 ] [ 0 0 ] [ 0 0 0 0 ] [....]
459212 - [ 00800000 ][ 0.000000 ] [ 8388608 ] [ 0 128 ] [ 0 0 128 0 ] [....]
459213 - [ 00000000 ][ 0.000000 ] [ 0 ] [ 0 0 ] [ 0 0 0 0 ] [....]
459214 - [ 00000000 ][ 0.000000 ] [ 0 ] [ 0 0 ] [ 0 0 0 0 ] [....]
459215 - [ 00000000 ][ 0.000000 ] [ 0 ] [ 0 0 ] [ 0 0 0 0 ] [....]
459216 - [ 00000000 ][ 0.000000 ] [ 0 ] [ 0 0 ] [ 0 0 0 0 ] [....]
459217 - [ 00000000 ][ 0.000000 ] [ 0 ] [ 0 0 ] [ 0 0 0 0 ] [....]
459218 - [ 00000000 ][ 0.000000 ] [ 0 ] [ 0 0 ] [ 0 0 0 0 ] [....]
459219 - [ 466e4800 ][ 15250.000000 ] [ 1181632512 ] [ 18432 18030 ] [ 0 72 110 70 ] [.HnF]
459220 - [ 46bf6800 ][ 24500.000000 ] [ 1186949120 ] [ 26624 18111 ] [ 0 104 191 70 ] [.h.F]
459221 - [ 469e3400 ][ 20250.000000 ] [ 1184773120 ] [ 13312 18078 ] [ 0 52 158 70 ] [.4.F]
459222 - [ 46a7f800 ][ 21500.000000 ] [ 1185413120 ] [ 63488 18087 ] [ 0 248 167 70 ] [...F]
459223 - [ 42480000 ][ 50.000000 ] [ 1112014848 ] [ 0 16968 ] [ 0 0 72 66 ] [..HB]
459224 - [ c52f7000 ][ -2807.000000 ] [ 3308220416 ] [ 28672 50479 ] [ 0 112 47 197 ] [.p/.]
459225 - [ 00000011 ][ 0.000000 ] [ 17 ] [ 17 0 ] [ 17 0 0 0 ] [....]
459226 - [ 00000000 ][ 0.000000 ] [ 0 ] [ 0 0 ] [ 0 0 0 0 ] [....]
459227 - [ 00000000 ][ 0.000000 ] [ 0 ] [ 0 0 ] [ 0 0 0 0 ] [....]
459228 - [ 00800000 ][ 0.000000 ] [ 8388608 ] [ 0 128 ] [ 0 0 128 0 ] [....]
459229 - [ 00000000 ][ 0.000000 ] [ 0 ] [ 0 0 ] [ 0 0 0 0 ] [....]
459230 - [ 00000000 ][ 0.000000 ] [ 0 ] [ 0 0 ] [ 0 0 0 0 ] [....]
459231 - [ 00000000 ][ 0.000000 ] [ 0 ] [ 0 0 ] [ 0 0 0 0 ] [....]
459232 - [ 00800000 ][ 0.000000 ] [ 8388608 ] [ 0 128 ] [ 0 0 128 0 ] [....]
459233 - [ 00000000 ][ 0.000000 ] [ 0 ] [ 0 0 ] [ 0 0 0 0 ] [....]
459234 - [ 00800000 ][ 0.000000 ] [ 8388608 ] [ 0 128 ] [ 0 0 128 0 ] [....]
459235 - [ 00000000 ][ 0.000000 ] [ 0 ] [ 0 0 ] [ 0 0 0 0 ] [....]
459236 - [ 00000000 ][ 0.000000 ] [ 0 ] [ 0 0 ] [ 0 0 0 0 ] [....]
459237 - [ 00000000 ][ 0.000000 ] [ 0 ] [ 0 0 ] [ 0 0 0 0 ] [....]
459238 - [ 00000000 ][ 0.000000 ] [ 0 ] [ 0 0 ] [ 0 0 0 0 ] [....]
459239 - [ 00000000 ][ 0.000000 ] [ 0 ] [ 0 0 ] [ 0 0 0 0 ] [....]
459240 - [ 00000000 ][ 0.000000 ] [ 0 ] [ 0 0 ] [ 0 0 0 0 ] [....]
459241 - [ 00000000 ][ 0.000000 ] [ 0 ] [ 0 0 ] [ 0 0 0 0 ] [....]
459242 - [ 00000000 ][ 0.000000 ] [ 0 ] [ 0 0 ] [ 0 0 0 0 ] [....]
459243 - [ 469e3400 ][ 20250.000000 ] [ 1184773120 ] [ 13312 18078 ] [ 0 52 158 70 ] [.4.F]
459244 - [ 46bf6800 ][ 24500.000000 ] [ 1186949120 ] [ 26624 18111 ] [ 0 104 191 70 ] [.h.F]
459245 - [ 46c92c00 ][ 25750.000000 ] [ 1187589120 ] [ 11264 18121 ] [ 0 44 201 70 ] [.,.F]
459246 - [ 46a7f800 ][ 21500.000000 ] [ 1185413120 ] [ 63488 18087 ] [ 0 248 167 70 ] [...F]
459247 - [ 42480000 ][ 50.000000 ] [ 1112014848 ] [ 0 16968 ] [ 0 0 72 66 ] [..HB]
459248 - [ c52f7000 ][ -2807.000000 ] [ 3308220416 ] [ 28672 50479 ] [ 0 112 47 197 ] [.p/.]
459249 - [ 00000011 ][ 0.000000 ] [ 17 ] [ 17 0 ] [ 17 0 0 0 ] [....]
459250 - [ 00000000 ][ 0.000000 ] [ 0 ] [ 0 0 ] [ 0 0 0 0 ] [....]
459251 - [ 00000000 ][ 0.000000 ] [ 0 ] [ 0 0 ] [ 0 0 0 0 ] [....]
459252 - [ 00000000 ][ 0.000000 ] [ 0 ] [ 0 0 ] [ 0 0 0 0 ] [....]
459253 - [ 00000000 ][ 0.000000 ] [ 0 ] [ 0 0 ] [ 0 0 0 0 ] [....]
459254 - [ 00800000 ][ 0.000000 ] [ 8388608 ] [ 0 128 ] [ 0 0 128 0 ] [....]
459255 - [ 00000000 ][ 0.000000 ] [ 0 ] [ 0 0 ] [ 0 0 0 0 ] [....]
459256 - [ 00000000 ][ 0.000000 ] [ 0 ] [ 0 0 ] [ 0 0 0 0 ] [....]
459257 - [ 00000000 ][ 0.000000 ] [ 0 ] [ 0 0 ] [ 0 0 0 0 ] [....]
459258 - [ 00800000 ][ 0.000000 ] [ 8388608 ] [ 0 128 ] [ 0 0 128 0 ] [....]
459259 - [ 00000000 ][ 0.000000 ] [ 0 ] [ 0 0 ] [ 0 0 0 0 ] [....]
459260 - [ 00800000 ][ 0.000000 ] [ 8388608 ] [ 0 128 ] [ 0 0 128 0 ] [....]
459261 - [ 00000000 ][ 0.000000 ] [ 0 ] [ 0 0 ] [ 0 0 0 0 ] [....]
459262 - [ 00800000 ][ 0.000000 ] [ 8388608 ] [ 0 128 ] [ 0 0 128 0 ] [....]
459263 - [ 00000000 ][ 0.000000 ] [ 0 ] [ 0 0 ] [ 0 0 0 0 ] [....]
459264 - [ 00000000 ][ 0.000000 ] [ 0 ] [ 0 0 ] [ 0 0 0 0 ] [....]
459265 - [ 00000000 ][ 0.000000 ] [ 0 ] [ 0 0 ] [ 0 0 0 0 ] [....]
459266 - [ 00000000 ][ 0.000000 ] [ 0 ] [ 0 0 ] [ 0 0 0 0 ] [....]
459267 - [ 4680e800 ][ 16500.000000 ] [ 1182853120 ] [ 59392 18048 ] [ 0 232 128 70 ] [...F]
459268 - [ c68aac00 ][ -17750.000000 ] [ 3330976768 ] [ 44032 50826 ] [ 0 172 138 198 ] [....]
459269 - [ 46b79800 ][ 23500.000000 ] [ 1186437120 ] [ 38912 18103 ] [ 0 152 183 70 ] [...F]
459270 - [ c6add400 ][ -22250.000000 ] [ 3333280768 ] [ 54272 50861 ] [ 0 212 173 198 ] [....]
459271 - [ 435a0000 ][ 218.000000 ] [ 1129971712 ] [ 0 17242 ] [ 0 0 90 67 ] [..ZC]
459272 - [ c4e10000 ][ -1800.000000 ] [ 3303079936 ] [ 0 50401 ] [ 0 0 225 196 ] [....]
459273 - [ 0000001f ][ 0.000000 ] [ 31 ] [ 31 0 ] [ 31 0 0 0 ] [....]
459274 - [ 00000000 ][ 0.000000 ] [ 0 ] [ 0 0 ] [ 0 0 0 0 ] [....]
459275 - [ 00000000 ][ 0.000000 ] [ 0 ] [ 0 0 ] [ 0 0 0 0 ] [....]
459276 - [ 00000000 ][ 0.000000 ] [ 0 ] [ 0 0 ] [ 0 0 0 0 ] [....]
459277 - [ 00000000 ][ 0.000000 ] [ 0 ] [ 0 0 ] [ 0 0 0 0 ] [....]
459278 - [ 00000000 ][ 0.000000 ] [ 0 ] [ 0 0 ] [ 0 0 0 0 ] [....]
459279 - [ 00000000 ][ 0.000000 ] [ 0 ] [ 0 0 ] [ 0 0 0 0 ] [....]
459280 - [ 00000000 ][ 0.000000 ] [ 0 ] [ 0 0 ] [ 0 0 0 0 ] [....]
459281 - [ 00000000 ][ 0.000000 ] [ 0 ] [ 0 0 ] [ 0 0 0 0 ] [....]
459282 - [ 00000000 ][ 0.000000 ] [ 0 ] [ 0 0 ] [ 0 0 0 0 ] [....]
459283 - [ 00000000 ][ 0.000000 ] [ 0 ] [ 0 0 ] [ 0 0 0 0 ] [....]
459284 - [ 00000000 ][ 0.000000 ] [ 0 ] [ 0 0 ] [ 0 0 0 0 ] [....]
459285 - [ 00000000 ][ 0.000000 ] [ 0 ] [ 0 0 ] [ 0 0 0 0 ] [....]
459286 - [ 00000000 ][ 0.000000 ] [ 0 ] [ 0 0 ] [ 0 0 0 0 ] [....]
459287 - [ 00000000 ][ 0.000000 ] [ 0 ] [ 0 0 ] [ 0 0 0 0 ] [....]
459288 - [ 00000000 ][ 0.000000 ] [ 0 ] [ 0 0 ] [ 0 0 0 0 ] [....]
459289 - [ 00000000 ][ 0.000000 ] [ 0 ] [ 0 0 ] [ 0 0 0 0 ] [....]
459290 - [ 00000000 ][ 0.000000 ] [ 0 ] [ 0 0 ] [ 0 0 0 0 ] [....]
459291 - [ c7d2f000 ][ -108000.000000 ] [ 3352489984 ] [ 61440 51154 ] [ 0 240 210 199 ] [....]
459292 - [ 46947000 ][ 19000.000000 ] [ 1184133120 ] [ 28672 18068 ] [ 0 112 148 70 ] [.p.F]
459293 - [ c7c44a00 ][ -100500.000000 ] [ 3351529984 ] [ 18944 51140 ] [ 0 74 196 199 ] [.J..]
459294 - [ 467de800 ][ 16250.000000 ] [ 1182656512 ] [ 59392 18045 ] [ 0 232 125 70 ] [..}F]
459295 - [ 42480000 ][ 50.000000 ] [ 1112014848 ] [ 0 16968 ] [ 0 0 72 66 ] [..HB]
459296 - [ c49c4000 ][ -1250.000000 ] [ 3298574336 ] [ 16384 50332 ] [ 0 64 156 196 ] [.@..]
459297 - [ 000000d1 ][ 0.000000 ] [ 209 ] [ 209 0 ] [ 209 0 0 0 ] [....]
459298 - [ 00000000 ][ 0.000000 ] [ 0 ] [ 0 0 ] [ 0 0 0 0 ] [....]
459299 - [ 00000000 ][ 0.000000 ] [ 0 ] [ 0 0 ] [ 0 0 0 0 ] [....]
459300 - [ 00800000 ][ 0.000000 ] [ 8388608 ] [ 0 128 ] [ 0 0 128 0 ] [....]
459301 - [ 00000000 ][ 0.000000 ] [ 0 ] [ 0 0 ] [ 0 0 0 0 ] [....]
459302 - [ 00000000 ][ 0.000000 ] [ 0 ] [ 0 0 ] [ 0 0 0 0 ] [....]
459303 - [ 00000000 ][ 0.000000 ] [ 0 ] [ 0 0 ] [ 0 0 0 0 ] [....]
459304 - [ 00000000 ][ 0.000000 ] [ 0 ] [ 0 0 ] [ 0 0 0 0 ] [....]
459305 - [ 00000000 ][ 0.000000 ] [ 0 ] [ 0 0 ] [ 0 0 0 0 ] [....]
459306 - [ 00800000 ][ 0.000000 ] [ 8388608 ] [ 0 128 ] [ 0 0 128 0 ] [....]
459307 - [ 00000000 ][ 0.000000 ] [ 0 ] [ 0 0 ] [ 0 0 0 0 ] [....]
459308 - [ 00800000 ][ 0.000000 ] [ 8388608 ] [ 0 128 ] [ 0 0 128 0 ] [....]
459309 - [ 00000000 ][ 0.000000 ] [ 0 ] [ 0 0 ] [ 0 0 0 0 ] [....]
459310 - [ 00800000 ][ 0.000000 ] [ 8388608 ] [ 0 128 ] [ 0 0 128 0 ] [....]
459311 - [ 00000000 ][ 0.000000 ] [ 0 ] [ 0 0 ] [ 0 0 0 0 ] [....]
459312 - [ 00800000 ][ 0.000000 ] [ 8388608 ] [ 0 128 ] [ 0 0 128 0 ] [....]
459313 - [ 00000000 ][ 0.000000 ] [ 0 ] [ 0 0 ] [ 0 0 0 0 ] [....]
459314 - [ 00800000 ][ 0.000000 ] [ 8388608 ] [ 0 128 ] [ 0 0 128 0 ] [....]
459315 - [ c7d27300 ][ -107750.000000 ] [ 3352457984 ] [ 29440 51154 ] [ 0 115 210 199 ] [.s..]
459316 - [ 46b5a400 ][ 23250.000000 ] [ 1186309120 ] [ 41984 18101 ] [ 0 164 181 70 ] [...F]
459317 - [ c7c7b500 ][ -102250.000000 ] [ 3351753984 ] [ 46336 51143 ] [ 0 181 199 199 ] [....]
459318 - [ 46947000 ][ 19000.000000 ] [ 1184133120 ] [ 28672 18068 ] [ 0 112 148 70 ] [.p.F]
459319 - [ c49c4000 ][ -1250.000000 ] [ 3298574336 ] [ 16384 50332 ] [ 0 64 156 196 ] [.@..]
459320 - [ c5947000 ][ -4750.000000 ] [ 3314839552 ] [ 28672 50580 ] [ 0 112 148 197 ] [.p..]
459321 - [ 000000d1 ][ 0.000000 ] [ 209 ] [ 209 0 ] [ 209 0 0 0 ] [....]
459322 - [ 00000000 ][ 0.000000 ] [ 0 ] [ 0 0 ] [ 0 0 0 0 ] [....]
459323 - [ 00000000 ][ 0.000000 ] [ 0 ] [ 0 0 ] [ 0 0 0 0 ] [....]
459324 - [ 00800000 ][ 0.000000 ] [ 8388608 ] [ 0 128 ] [ 0 0 128 0 ] [....]
459325 - [ 00000000 ][ 0.000000 ] [ 0 ] [ 0 0 ] [ 0 0 0 0 ] [....]
459326 - [ 00800000 ][ 0.000000 ] [ 8388608 ] [ 0 128 ] [ 0 0 128 0 ] [....]
459327 - [ 00000000 ][ 0.000000 ] [ 0 ] [ 0 0 ] [ 0 0 0 0 ] [....]
459328 - [ 00800000 ][ 0.000000 ] [ 8388608 ] [ 0 128 ] [ 0 0 128 0 ] [....]
459329 - [ 00000000 ][ 0.000000 ] [ 0 ] [ 0 0 ] [ 0 0 0 0 ] [....]
459330 - [ 00800000 ][ 0.000000 ] [ 8388608 ] [ 0 128 ] [ 0 0 128 0 ] [....]
459331 - [ 00000000 ][ 0.000000 ] [ 0 ] [ 0 0 ] [ 0 0 0 0 ] [....]
459332 - [ 00800000 ][ 0.000000 ] [ 8388608 ] [ 0 128 ] [ 0 0 128 0 ] [....]
459333 - [ 00000000 ][ 0.000000 ] [ 0 ] [ 0 0 ] [ 0 0 0 0 ] [....]
459334 - [ 00800000 ][ 0.000000 ] [ 8388608 ] [ 0 128 ] [ 0 0 128 0 ] [....]
459335 - [ 00000000 ][ 0.000000 ] [ 0 ] [ 0 0 ] [ 0 0 0 0 ] [....]
459336 - [ 00000000 ][ 0.000000 ] [ 0 ] [ 0 0 ] [ 0 0 0 0 ] [....]
459337 - [ 00000000 ][ 0.000000 ] [ 0 ] [ 0 0 ] [ 0 0 0 0 ] [....]
459338 - [ 00000000 ][ 0.000000 ] [ 0 ] [ 0 0 ] [ 0 0 0 0 ] [....]
459339 - [ c7c44a00 ][ -100500.000000 ] [ 3351529984 ] [ 18944 51140 ] [ 0 74 196 199 ] [.J..]
459340 - [ 46947000 ][ 19000.000000 ] [ 1184133120 ] [ 28672 18068 ] [ 0 112 148 70 ] [.p.F]
459341 - [ c7bc7a00 ][ -96500.000000 ] [ 3351017984 ] [ 31232 51132 ] [ 0 122 188 199 ] [.z..]
459342 - [ 467de800 ][ 16250.000000 ] [ 1182656512 ] [ 59392 18045 ] [ 0 232 125 70 ] [..}F]
459343 - [ 42480000 ][ 50.000000 ] [ 1112014848 ] [ 0 16968 ] [ 0 0 72 66 ] [..HB]
459344 - [ c49c4000 ][ -1250.000000 ] [ 3298574336 ] [ 16384 50332 ] [ 0 64 156 196 ] [.@..]
459345 - [ 000000d1 ][ 0.000000 ] [ 209 ] [ 209 0 ] [ 209 0 0 0 ] [....]
459346 - [ 00000000 ][ 0.000000 ] [ 0 ] [ 0 0 ] [ 0 0 0 0 ] [....]
459347 - [ 00000000 ][ 0.000000 ] [ 0 ] [ 0 0 ] [ 0 0 0 0 ] [....]
459348 - [ 00000000 ][ 0.000000 ] [ 0 ] [ 0 0 ] [ 0 0 0 0 ] [....]
459349 - [ 00000000 ][ 0.000000 ] [ 0 ] [ 0 0 ] [ 0 0 0 0 ] [....]
459350 - [ 00800000 ][ 0.000000 ] [ 8388608 ] [ 0 128 ] [ 0 0 128 0 ] [....]
459351 - [ 00000000 ][ 0.000000 ] [ 0 ] [ 0 0 ] [ 0 0 0 0 ] [....]
459352 - [ 00800000 ][ 0.000000 ] [ 8388608 ] [ 0 128 ] [ 0 0 128 0 ] [....]
459353 - [ 00000000 ][ 0.000000 ] [ 0 ] [ 0 0 ] [ 0 0 0 0 ] [....]
459354 - [ 00000000 ][ 0.000000 ] [ 0 ] [ 0 0 ] [ 0 0 0 0 ] [....]
459355 - [ 00000000 ][ 0.000000 ] [ 0 ] [ 0 0 ] [ 0 0 0 0 ] [....]
459356 - [ 00800000 ][ 0.000000 ] [ 8388608 ] [ 0 128 ] [ 0 0 128 0 ] [....]
459357 - [ 00000000 ][ 0.000000 ] [ 0 ] [ 0 0 ] [ 0 0 0 0 ] [....]
459358 - [ 00800000 ][ 0.000000 ] [ 8388608 ] [ 0 128 ] [ 0 0 128 0 ] [....]
459359 - [ 00000000 ][ 0.000000 ] [ 0 ] [ 0 0 ] [ 0 0 0 0 ] [....]
459360 - [ 00000000 ][ 0.000000 ] [ 0 ] [ 0 0 ] [ 0 0 0 0 ] [....]
459361 - [ 00000000 ][ 0.000000 ] [ 0 ] [ 0 0 ] [ 0 0 0 0 ] [....]
459362 - [ 00000000 ][ 0.000000 ] [ 0 ] [ 0 0 ] [ 0 0 0 0 ] [....]
459363 - [ c7c44a00 ][ -100500.000000 ] [ 3351529984 ] [ 18944 51140 ] [ 0 74 196 199 ] [.J..]
459364 - [ 46abe000 ][ 22000.000000 ] [ 1185669120 ] [ 57344 18091 ] [ 0 224 171 70 ] [...F]
459365 - [ c7bc7a00 ][ -96500.000000 ] [ 3351017984 ] [ 31232 51132 ] [ 0 122 188 199 ] [.z..]
459366 - [ 46947000 ][ 19000.000000 ] [ 1184133120 ] [ 28672 18068 ] [ 0 112 148 70 ] [.p.F]
459367 - [ 42480000 ][ 50.000000 ] [ 1112014848 ] [ 0 16968 ] [ 0 0 72 66 ] [..HB]
459368 - [ c49c4000 ][ -1250.000000 ] [ 3298574336 ] [ 16384 50332 ] [ 0 64 156 196 ] [.@..]
459369 - [ 000000d1 ][ 0.000000 ] [ 209 ] [ 209 0 ] [ 209 0 0 0 ] [....]
459370 - [ 00000000 ][ 0.000000 ] [ 0 ] [ 0 0 ] [ 0 0 0 0 ] [....]
459371 - [ 00000000 ][ 0.000000 ] [ 0 ] [ 0 0 ] [ 0 0 0 0 ] [....]
459372 - [ 00000000 ][ 0.000000 ] [ 0 ] [ 0 0 ] [ 0 0 0 0 ] [....]
459373 - [ 00000000 ][ 0.000000 ] [ 0 ] [ 0 0 ] [ 0 0 0 0 ] [....]
459374 - [ 00000000 ][ 0.000000 ] [ 0 ] [ 0 0 ] [ 0 0 0 0 ] [....]
459375 - [ 00000000 ][ 0.000000 ] [ 0 ] [ 0 0 ] [ 0 0 0 0 ] [....]
459376 - [ 00000000 ][ 0.000000 ] [ 0 ] [ 0 0 ] [ 0 0 0 0 ] [....]
459377 - [ 00000000 ][ 0.000000 ] [ 0 ] [ 0 0 ] [ 0 0 0 0 ] [....]
459378 - [ 00800000 ][ 0.000000 ] [ 8388608 ] [ 0 128 ] [ 0 0 128 0 ] [....]
459379 - [ 00000000 ][ 0.000000 ] [ 0 ] [ 0 0 ] [ 0 0 0 0 ] [....]
459380 - [ 00800000 ][ 0.000000 ] [ 8388608 ] [ 0 128 ] [ 0 0 128 0 ] [....]
459381 - [ 00000000 ][ 0.000000 ] [ 0 ] [ 0 0 ] [ 0 0 0 0 ] [....]
459382 - [ 00000000 ][ 0.000000 ] [ 0 ] [ 0 0 ] [ 0 0 0 0 ] [....]
459383 - [ 00000000 ][ 0.000000 ] [ 0 ] [ 0 0 ] [ 0 0 0 0 ] [....]
459384 - [ 00000000 ][ 0.000000 ] [ 0 ] [ 0 0 ] [ 0 0 0 0 ] [....]
459385 - [ 00000000 ][ 0.000000 ] [ 0 ] [ 0 0 ] [ 0 0 0 0 ] [....]
459386 - [ 00000000 ][ 0.000000 ] [ 0 ] [ 0 0 ] [ 0 0 0 0 ] [....]
459387 - [ c7d2f000 ][ -108000.000000 ] [ 3352489984 ] [ 61440 51154 ] [ 0 240 210 199 ] [....]
459388 - [ 46a21c00 ][ 20750.000000 ] [ 1185029120 ] [ 7168 18082 ] [ 0 28 162 70 ] [...F]
459389 - [ c7cadf00 ][ -103870.000000 ] [ 3351961344 ] [ 57088 51146 ] [ 0 223 202 199 ] [....]
459390 - [ 46947000 ][ 19000.000000 ] [ 1184133120 ] [ 28672 18068 ] [ 0 112 148 70 ] [.p.F]
459391 - [ 42480000 ][ 50.000000 ] [ 1112014848 ] [ 0 16968 ] [ 0 0 72 66 ] [..HB]
459392 - [ c49c4000 ][ -1250.000000 ] [ 3298574336 ] [ 16384 50332 ] [ 0 64 156 196 ] [.@..]
459393 - [ 000000d1 ][ 0.000000 ] [ 209 ] [ 209 0 ] [ 209 0 0 0 ] [....]
459394 - [ 00000000 ][ 0.000000 ] [ 0 ] [ 0 0 ] [ 0 0 0 0 ] [....]
459395 - [ 00000000 ][ 0.000000 ] [ 0 ] [ 0 0 ] [ 0 0 0 0 ] [....]
459396 - [ 00800000 ][ 0.000000 ] [ 8388608 ] [ 0 128 ] [ 0 0 128 0 ] [....]
459397 - [ 00000000 ][ 0.000000 ] [ 0 ] [ 0 0 ] [ 0 0 0 0 ] [....]
459398 - [ 00800000 ][ 0.000000 ] [ 8388608 ] [ 0 128 ] [ 0 0 128 0 ] [....]
459399 - [ 00000000 ][ 0.000000 ] [ 0 ] [ 0 0 ] [ 0 0 0 0 ] [....]
459400 - [ 00800000 ][ 0.000000 ] [ 8388608 ] [ 0 128 ] [ 0 0 128 0 ] [....]
459401 - [ 00000000 ][ 0.000000 ] [ 0 ] [ 0 0 ] [ 0 0 0 0 ] [....]
459402 - [ 00800000 ][ 0.000000 ] [ 8388608 ] [ 0 128 ] [ 0 0 128 0 ] [....]
459403 - [ 00000000 ][ 0.000000 ] [ 0 ] [ 0 0 ] [ 0 0 0 0 ] [....]
459404 - [ 00800000 ][ 0.000000 ] [ 8388608 ] [ 0 128 ] [ 0 0 128 0 ] [....]
459405 - [ 00000000 ][ 0.000000 ] [ 0 ] [ 0 0 ] [ 0 0 0 0 ] [....]
459406 - [ 00800000 ][ 0.000000 ] [ 8388608 ] [ 0 128 ] [ 0 0 128 0 ] [....]
459407 - [ 00000000 ][ 0.000000 ] [ 0 ] [ 0 0 ] [ 0 0 0 0 ] [....]
459408 - [ 00000000 ][ 0.000000 ] [ 0 ] [ 0 0 ] [ 0 0 0 0 ] [....]
459409 - [ 00000000 ][ 0.000000 ] [ 0 ] [ 0 0 ] [ 0 0 0 0 ] [....]
459410 - [ 00000000 ][ 0.000000 ] [ 0 ] [ 0 0 ] [ 0 0 0 0 ] [....]
459411 - [ c7d27300 ][ -107750.000000 ] [ 3352457984 ] [ 29440 51154 ] [ 0 115 210 199 ] [.s..]
459412 - [ 46b5a400 ][ 23250.000000 ] [ 1186309120 ] [ 41984 18101 ] [ 0 164 181 70 ] [...F]
459413 - [ c7c7b500 ][ -102250.000000 ] [ 3351753984 ] [ 46336 51143 ] [ 0 181 199 199 ] [....]
459414 - [ 469a4c00 ][ 19750.000000 ] [ 1184517120 ] [ 19456 18074 ] [ 0 76 154 70 ] [.L.F]
459415 - [ c5947000 ][ -4750.000000 ] [ 3314839552 ] [ 28672 50580 ] [ 0 112 148 197 ] [.p..]
459416 - [ c5fa0000 ][ -8000.000000 ] [ 3321495552 ] [ 0 50682 ] [ 0 0 250 197 ] [....]
459417 - [ 000000d1 ][ 0.000000 ] [ 209 ] [ 209 0 ] [ 209 0 0 0 ] [....]
459418 - [ 00000000 ][ 0.000000 ] [ 0 ] [ 0 0 ] [ 0 0 0 0 ] [....]
459419 - [ 00000000 ][ 0.000000 ] [ 0 ] [ 0 0 ] [ 0 0 0 0 ] [....]
459420 - [ 00000000 ][ 0.000000 ] [ 0 ] [ 0 0 ] [ 0 0 0 0 ] [....]
459421 - [ 00000000 ][ 0.000000 ] [ 0 ] [ 0 0 ] [ 0 0 0 0 ] [....]
459422 - [ 00000000 ][ 0.000000 ] [ 0 ] [ 0 0 ] [ 0 0 0 0 ] [....]
459423 - [ 00000000 ][ 0.000000 ] [ 0 ] [ 0 0 ] [ 0 0 0 0 ] [....]
459424 - [ 00800000 ][ 0.000000 ] [ 8388608 ] [ 0 128 ] [ 0 0 128 0 ] [....]
459425 - [ 00000000 ][ 0.000000 ] [ 0 ] [ 0 0 ] [ 0 0 0 0 ] [....]
459426 - [ 00000000 ][ 0.000000 ] [ 0 ] [ 0 0 ] [ 0 0 0 0 ] [....]
459427 - [ 00000000 ][ 0.000000 ] [ 0 ] [ 0 0 ] [ 0 0 0 0 ] [....]
459428 - [ 00800000 ][ 0.000000 ] [ 8388608 ] [ 0 128 ] [ 0 0 128 0 ] [....]
459429 - [ 00000000 ][ 0.000000 ] [ 0 ] [ 0 0 ] [ 0 0 0 0 ] [....]
459430 - [ 00800000 ][ 0.000000 ] [ 8388608 ] [ 0 128 ] [ 0 0 128 0 ] [....]
459431 - [ 00000000 ][ 0.000000 ] [ 0 ] [ 0 0 ] [ 0 0 0 0 ] [....]
459432 - [ 00000000 ][ 0.000000 ] [ 0 ] [ 0 0 ] [ 0 0 0 0 ] [....]
459433 - [ 00000000 ][ 0.000000 ] [ 0 ] [ 0 0 ] [ 0 0 0 0 ] [....]
459434 - [ 00000000 ][ 0.000000 ] [ 0 ] [ 0 0 ] [ 0 0 0 0 ] [....]
459435 - [ c7657e00 ][ -58750.000000 ] [ 3345317376 ] [ 32256 51045 ] [ 0 126 101 199 ] [.~e.]
459436 - [ 4686c400 ][ 17250.000000 ] [ 1183237120 ] [ 50176 18054 ] [ 0 196 134 70 ] [...F]
459437 - [ c757d200 ][ -55250.000000 ] [ 3344421376 ] [ 53760 51031 ] [ 0 210 87 199 ] [..W.]
459438 - [ 45ea6000 ][ 7500.000000 ] [ 1172987904 ] [ 24576 17898 ] [ 0 96 234 69 ] [.`.E]
459439 - [ 45598000 ][ 3480.000000 ] [ 1163493376 ] [ 32768 17753 ] [ 0 128 89 69 ] [..YE]
459440 - [ c5ac0000 ][ -5504.000000 ] [ 3316383744 ] [ 0 50604 ] [ 0 0 172 197 ] [....]
459441 - [ 000000e1 ][ 0.000000 ] [ 225 ] [ 225 0 ] [ 225 0 0 0 ] [....]
459442 - [ 00000000 ][ 0.000000 ] [ 0 ] [ 0 0 ] [ 0 0 0 0 ] [....]
459443 - [ 00000000 ][ 0.000000 ] [ 0 ] [ 0 0 ] [ 0 0 0 0 ] [....]
459444 - [ 00000000 ][ 0.000000 ] [ 0 ] [ 0 0 ] [ 0 0 0 0 ] [....]
459445 - [ 00000000 ][ 0.000000 ] [ 0 ] [ 0 0 ] [ 0 0 0 0 ] [....]
459446 - [ 00000000 ][ 0.000000 ] [ 0 ] [ 0 0 ] [ 0 0 0 0 ] [....]
459447 - [ 00000000 ][ 0.000000 ] [ 0 ] [ 0 0 ] [ 0 0 0 0 ] [....]
459448 - [ 00000000 ][ 0.000000 ] [ 0 ] [ 0 0 ] [ 0 0 0 0 ] [....]
459449 - [ 00000000 ][ 0.000000 ] [ 0 ] [ 0 0 ] [ 0 0 0 0 ] [....]
459450 - [ 00000000 ][ 0.000000 ] [ 0 ] [ 0 0 ] [ 0 0 0 0 ] [....]
459451 - [ 00000000 ][ 0.000000 ] [ 0 ] [ 0 0 ] [ 0 0 0 0 ] [....]
459452 - [ 00000000 ][ 0.000000 ] [ 0 ] [ 0 0 ] [ 0 0 0 0 ] [....]
459453 - [ 00000000 ][ 0.000000 ] [ 0 ] [ 0 0 ] [ 0 0 0 0 ] [....]
459454 - [ 00000000 ][ 0.000000 ] [ 0 ] [ 0 0 ] [ 0 0 0 0 ] [....]
459455 - [ 00000000 ][ 0.000000 ] [ 0 ] [ 0 0 ] [ 0 0 0 0 ] [....]
459456 - [ 00000000 ][ 0.000000 ] [ 0 ] [ 0 0 ] [ 0 0 0 0 ] [....]
459457 - [ 00000000 ][ 0.000000 ] [ 0 ] [ 0 0 ] [ 0 0 0 0 ] [....]
459458 - [ 00000000 ][ 0.000000 ] [ 0 ] [ 0 0 ] [ 0 0 0 0 ] [....]
459459 - [ c780e800 ][ -66000.000000 ] [ 3347113984 ] [ 59392 51072 ] [ 0 232 128 199 ] [....]
459460 - [ 47137600 ][ 37750.000000 ] [ 1192457728 ] [ 30208 18195 ] [ 0 118 19 71 ] [.v.G]
459461 - [ c757d200 ][ -55250.000000 ] [ 3344421376 ] [ 53760 51031 ] [ 0 210 87 199 ] [..W.]
459462 - [ 46629000 ][ 14500.000000 ] [ 1180864512 ] [ 36864 18018 ] [ 0 144 98 70 ] [..bF]
459463 - [ 45598000 ][ 3480.000000 ] [ 1163493376 ] [ 32768 17753 ] [ 0 128 89 69 ] [..YE]
459464 - [ c5ac0000 ][ -5504.000000 ] [ 3316383744 ] [ 0 50604 ] [ 0 0 172 197 ] [....]
459465 - [ 000000e1 ][ 0.000000 ] [ 225 ] [ 225 0 ] [ 225 0 0 0 ] [....]
459466 - [ 00000000 ][ 0.000000 ] [ 0 ] [ 0 0 ] [ 0 0 0 0 ] [....]
459467 - [ 00000000 ][ 0.000000 ] [ 0 ] [ 0 0 ] [ 0 0 0 0 ] [....]
459468 - [ 00000000 ][ 0.000000 ] [ 0 ] [ 0 0 ] [ 0 0 0 0 ] [....]
459469 - [ 00000000 ][ 0.000000 ] [ 0 ] [ 0 0 ] [ 0 0 0 0 ] [....]
459470 - [ 00000000 ][ 0.000000 ] [ 0 ] [ 0 0 ] [ 0 0 0 0 ] [....]
459471 - [ 00000000 ][ 0.000000 ] [ 0 ] [ 0 0 ] [ 0 0 0 0 ] [....]
459472 - [ 00000000 ][ 0.000000 ] [ 0 ] [ 0 0 ] [ 0 0 0 0 ] [....]
459473 - [ 00000000 ][ 0.000000 ] [ 0 ] [ 0 0 ] [ 0 0 0 0 ] [....]
459474 - [ 00000000 ][ 0.000000 ] [ 0 ] [ 0 0 ] [ 0 0 0 0 ] [....]
459475 - [ 00000000 ][ 0.000000 ] [ 0 ] [ 0 0 ] [ 0 0 0 0 ] [....]
459476 - [ 00000000 ][ 0.000000 ] [ 0 ] [ 0 0 ] [ 0 0 0 0 ] [....]
459477 - [ 00000000 ][ 0.000000 ] [ 0 ] [ 0 0 ] [ 0 0 0 0 ] [....]
459478 - [ 00000000 ][ 0.000000 ] [ 0 ] [ 0 0 ] [ 0 0 0 0 ] [....]
459479 - [ 00000000 ][ 0.000000 ] [ 0 ] [ 0 0 ] [ 0 0 0 0 ] [....]
459480 - [ 00000000 ][ 0.000000 ] [ 0 ] [ 0 0 ] [ 0 0 0 0 ] [....]
459481 - [ 00000000 ][ 0.000000 ] [ 0 ] [ 0 0 ] [ 0 0 0 0 ] [....]
459482 - [ 00000000 ][ 0.000000 ] [ 0 ] [ 0 0 ] [ 0 0 0 0 ] [....]
459483 - [ c7893500 ][ -70250.000000 ] [ 3347657984 ] [ 13568 51081 ] [ 0 53 137 199 ] [.5..]
459484 - [ 46241000 ][ 10500.000000 ] [ 1176768512 ] [ 4096 17956 ] [ 0 16 36 70 ] [..$F]
459485 - [ c757d200 ][ -55250.000000 ] [ 3344421376 ] [ 53760 51031 ] [ 0 210 87 199 ] [..W.]
459486 - [ 45ea6000 ][ 7500.000000 ] [ 1172987904 ] [ 24576 17898 ] [ 0 96 234 69 ] [.`.E]
459487 - [ 45598000 ][ 3480.000000 ] [ 1163493376 ] [ 32768 17753 ] [ 0 128 89 69 ] [..YE]
459488 - [ c5ac0000 ][ -5504.000000 ] [ 3316383744 ] [ 0 50604 ] [ 0 0 172 197 ] [....]
459489 - [ 000000e1 ][ 0.000000 ] [ 225 ] [ 225 0 ] [ 225 0 0 0 ] [....]
459490 - [ 00000000 ][ 0.000000 ] [ 0 ] [ 0 0 ] [ 0 0 0 0 ] [....]
459491 - [ 00000000 ][ 0.000000 ] [ 0 ] [ 0 0 ] [ 0 0 0 0 ] [....]
459492 - [ 00000000 ][ 0.000000 ] [ 0 ] [ 0 0 ] [ 0 0 0 0 ] [....]
459493 - [ 00000000 ][ 0.000000 ] [ 0 ] [ 0 0 ] [ 0 0 0 0 ] [....]
459494 - [ 00000000 ][ 0.000000 ] [ 0 ] [ 0 0 ] [ 0 0 0 0 ] [....]
459495 - [ 00000000 ][ 0.000000 ] [ 0 ] [ 0 0 ] [ 0 0 0 0 ] [....]
459496 - [ 00000000 ][ 0.000000 ] [ 0 ] [ 0 0 ] [ 0 0 0 0 ] [....]
459497 - [ 00000000 ][ 0.000000 ] [ 0 ] [ 0 0 ] [ 0 0 0 0 ] [....]
459498 - [ 00000000 ][ 0.000000 ] [ 0 ] [ 0 0 ] [ 0 0 0 0 ] [....]
459499 - [ 00000000 ][ 0.000000 ] [ 0 ] [ 0 0 ] [ 0 0 0 0 ] [....]
459500 - [ 00000000 ][ 0.000000 ] [ 0 ] [ 0 0 ] [ 0 0 0 0 ] [....]
459501 - [ 00000000 ][ 0.000000 ] [ 0 ] [ 0 0 ] [ 0 0 0 0 ] [....]
459502 - [ 00000000 ][ 0.000000 ] [ 0 ] [ 0 0 ] [ 0 0 0 0 ] [....]
459503 - [ 00000000 ][ 0.000000 ] [ 0 ] [ 0 0 ] [ 0 0 0 0 ] [....]
459504 - [ 00000000 ][ 0.000000 ] [ 0 ] [ 0 0 ] [ 0 0 0 0 ] [....]
459505 - [ 00000000 ][ 0.000000 ] [ 0 ] [ 0 0 ] [ 0 0 0 0 ] [....]
459506 - [ 00000000 ][ 0.000000 ] [ 0 ] [ 0 0 ] [ 0 0 0 0 ] [....]
459507 - [ c6b1bc00 ][ -22750.000000 ] [ 3333536768 ] [ 48128 50865 ] [ 0 188 177 198 ] [....]
459508 - [ 46cb2000 ][ 26000.000000 ] [ 1187717120 ] [ 8192 18123 ] [ 0 32 203 70 ] [...F]
459509 - [ c686c400 ][ -17250.000000 ] [ 3330720768 ] [ 50176 50822 ] [ 0 196 134 198 ] [....]
459510 - [ 46afc800 ][ 22500.000000 ] [ 1185925120 ] [ 51200 18095 ] [ 0 200 175 70 ] [...F]
459511 - [ 44480000 ][ 800.000000 ] [ 1145569280 ] [ 0 17480 ] [ 0 0 72 68 ] [..HD]
459512 - [ c5af3000 ][ -5606.000000 ] [ 3316592640 ] [ 12288 50607 ] [ 0 48 175 197 ] [.0..]
459513 - [ 000000f1 ][ 0.000000 ] [ 241 ] [ 241 0 ] [ 241 0 0 0 ] [....]
459514 - [ 00000000 ][ 0.000000 ] [ 0 ] [ 0 0 ] [ 0 0 0 0 ] [....]
459515 - [ 00000000 ][ 0.000000 ] [ 0 ] [ 0 0 ] [ 0 0 0 0 ] [....]
459516 - [ 00000000 ][ 0.000000 ] [ 0 ] [ 0 0 ] [ 0 0 0 0 ] [....]
459517 - [ 00000000 ][ 0.000000 ] [ 0 ] [ 0 0 ] [ 0 0 0 0 ] [....]
459518 - [ 00000000 ][ 0.000000 ] [ 0 ] [ 0 0 ] [ 0 0 0 0 ] [....]
459519 - [ 00000000 ][ 0.000000 ] [ 0 ] [ 0 0 ] [ 0 0 0 0 ] [....]
459520 - [ 00000000 ][ 0.000000 ] [ 0 ] [ 0 0 ] [ 0 0 0 0 ] [....]
459521 - [ 00000000 ][ 0.000000 ] [ 0 ] [ 0 0 ] [ 0 0 0 0 ] [....]
459522 - [ 00000000 ][ 0.000000 ] [ 0 ] [ 0 0 ] [ 0 0 0 0 ] [....]
459523 - [ 00000000 ][ 0.000000 ] [ 0 ] [ 0 0 ] [ 0 0 0 0 ] [....]
459524 - [ 00000000 ][ 0.000000 ] [ 0 ] [ 0 0 ] [ 0 0 0 0 ] [....]
459525 - [ 00000000 ][ 0.000000 ] [ 0 ] [ 0 0 ] [ 0 0 0 0 ] [....]
459526 - [ 00000000 ][ 0.000000 ] [ 0 ] [ 0 0 ] [ 0 0 0 0 ] [....]
459527 - [ 00000000 ][ 0.000000 ] [ 0 ] [ 0 0 ] [ 0 0 0 0 ] [....]
459528 - [ 00000000 ][ 0.000000 ] [ 0 ] [ 0 0 ] [ 0 0 0 0 ] [....]
459529 - [ 00000000 ][ 0.000000 ] [ 0 ] [ 0 0 ] [ 0 0 0 0 ] [....]
459530 - [ 00000000 ][ 0.000000 ] [ 0 ] [ 0 0 ] [ 0 0 0 0 ] [....]
459531 - [ c6fa0400 ][ -32002.000000 ] [ 3338273792 ] [ 1024 50938 ] [ 0 4 250 198 ] [....]
459532 - [ 46bb8000 ][ 24000.000000 ] [ 1186693120 ] [ 32768 18107 ] [ 0 128 187 70 ] [...F]
459533 - [ c6b1bc00 ][ -22750.000000 ] [ 3333536768 ] [ 48128 50865 ] [ 0 188 177 198 ] [....]
459534 - [ 4682dc00 ][ 16750.000000 ] [ 1182981120 ] [ 56320 18050 ] [ 0 220 130 70 ] [...F]
459535 - [ 44480000 ][ 800.000000 ] [ 1145569280 ] [ 0 17480 ] [ 0 0 72 68 ] [..HD]
459536 - [ c5af3000 ][ -5606.000000 ] [ 3316592640 ] [ 12288 50607 ] [ 0 48 175 197 ] [.0..]
459537 - [ 000000f1 ][ 0.000000 ] [ 241 ] [ 241 0 ] [ 241 0 0 0 ] [....]
459538 - [ 00000000 ][ 0.000000 ] [ 0 ] [ 0 0 ] [ 0 0 0 0 ] [....]
459539 - [ 00000000 ][ 0.000000 ] [ 0 ] [ 0 0 ] [ 0 0 0 0 ] [....]
459540 - [ 00000000 ][ 0.000000 ] [ 0 ] [ 0 0 ] [ 0 0 0 0 ] [....]
459541 - [ 00000000 ][ 0.000000 ] [ 0 ] [ 0 0 ] [ 0 0 0 0 ] [....]
459542 - [ 00000000 ][ 0.000000 ] [ 0 ] [ 0 0 ] [ 0 0 0 0 ] [....]
459543 - [ 00000000 ][ 0.000000 ] [ 0 ] [ 0 0 ] [ 0 0 0 0 ] [....]
459544 - [ 00000000 ][ 0.000000 ] [ 0 ] [ 0 0 ] [ 0 0 0 0 ] [....]
459545 - [ 00000000 ][ 0.000000 ] [ 0 ] [ 0 0 ] [ 0 0 0 0 ] [....]
459546 - [ 00000000 ][ 0.000000 ] [ 0 ] [ 0 0 ] [ 0 0 0 0 ] [....]
459547 - [ 00000000 ][ 0.000000 ] [ 0 ] [ 0 0 ] [ 0 0 0 0 ] [....]
459548 - [ 00000000 ][ 0.000000 ] [ 0 ] [ 0 0 ] [ 0 0 0 0 ] [....]
459549 - [ 00000000 ][ 0.000000 ] [ 0 ] [ 0 0 ] [ 0 0 0 0 ] [....]
459550 - [ 00000000 ][ 0.000000 ] [ 0 ] [ 0 0 ] [ 0 0 0 0 ] [....]
459551 - [ 00000000 ][ 0.000000 ] [ 0 ] [ 0 0 ] [ 0 0 0 0 ] [....]
459552 - [ 00000000 ][ 0.000000 ] [ 0 ] [ 0 0 ] [ 0 0 0 0 ] [....]
459553 - [ 00000000 ][ 0.000000 ] [ 0 ] [ 0 0 ] [ 0 0 0 0 ] [....]
459554 - [ 00000000 ][ 0.000000 ] [ 0 ] [ 0 0 ] [ 0 0 0 0 ] [....]
459555 - [ c6b1bc00 ][ -22750.000000 ] [ 3333536768 ] [ 48128 50865 ] [ 0 188 177 198 ] [....]
459556 - [ 46afc800 ][ 22500.000000 ] [ 1185925120 ] [ 51200 18095 ] [ 0 200 175 70 ] [...F]
459557 - [ c6723000 ][ -15500.000000 ] [ 3329372160 ] [ 12288 50802 ] [ 0 48 114 198 ] [.0r.]
459558 - [ 46908800 ][ 18500.000000 ] [ 1183877120 ] [ 34816 18064 ] [ 0 136 144 70 ] [...F]
459559 - [ 44480000 ][ 800.000000 ] [ 1145569280 ] [ 0 17480 ] [ 0 0 72 68 ] [..HD]
459560 - [ c5af3000 ][ -5606.000000 ] [ 3316592640 ] [ 12288 50607 ] [ 0 48 175 197 ] [.0..]
459561 - [ 000000f1 ][ 0.000000 ] [ 241 ] [ 241 0 ] [ 241 0 0 0 ] [....]
459562 - [ 00000000 ][ 0.000000 ] [ 0 ] [ 0 0 ] [ 0 0 0 0 ] [....]
459563 - [ 00000000 ][ 0.000000 ] [ 0 ] [ 0 0 ] [ 0 0 0 0 ] [....]
459564 - [ 00000000 ][ 0.000000 ] [ 0 ] [ 0 0 ] [ 0 0 0 0 ] [....]
459565 - [ 00000000 ][ 0.000000 ] [ 0 ] [ 0 0 ] [ 0 0 0 0 ] [....]
459566 - [ 00000000 ][ 0.000000 ] [ 0 ] [ 0 0 ] [ 0 0 0 0 ] [....]
459567 - [ 00000000 ][ 0.000000 ] [ 0 ] [ 0 0 ] [ 0 0 0 0 ] [....]
459568 - [ 00000000 ][ 0.000000 ] [ 0 ] [ 0 0 ] [ 0 0 0 0 ] [....]
459569 - [ 00000000 ][ 0.000000 ] [ 0 ] [ 0 0 ] [ 0 0 0 0 ] [....]
459570 - [ 00000000 ][ 0.000000 ] [ 0 ] [ 0 0 ] [ 0 0 0 0 ] [....]
459571 - [ 00000000 ][ 0.000000 ] [ 0 ] [ 0 0 ] [ 0 0 0 0 ] [....]
459572 - [ 00000000 ][ 0.000000 ] [ 0 ] [ 0 0 ] [ 0 0 0 0 ] [....]
459573 - [ 00000000 ][ 0.000000 ] [ 0 ] [ 0 0 ] [ 0 0 0 0 ] [....]
459574 - [ 00000000 ][ 0.000000 ] [ 0 ] [ 0 0 ] [ 0 0 0 0 ] [....]
459575 - [ 00000000 ][ 0.000000 ] [ 0 ] [ 0 0 ] [ 0 0 0 0 ] [....]
459576 - [ 00000000 ][ 0.000000 ] [ 0 ] [ 0 0 ] [ 0 0 0 0 ] [....]
459577 - [ 00000000 ][ 0.000000 ] [ 0 ] [ 0 0 ] [ 0 0 0 0 ] [....]
459578 - [ 00000000 ][ 0.000000 ] [ 0 ] [ 0 0 ] [ 0 0 0 0 ] [....]
459579 - [ c6b1bc00 ][ -22750.000000 ] [ 3333536768 ] [ 48128 50865 ] [ 0 188 177 198 ] [....]
459580 - [ 46908800 ][ 18500.000000 ] [ 1183877120 ] [ 34816 18064 ] [ 0 136 144 70 ] [...F]
459581 - [ c6a7f800 ][ -21500.000000 ] [ 3332896768 ] [ 63488 50855 ] [ 0 248 167 198 ] [....]
459582 - [ 4682dc00 ][ 16750.000000 ] [ 1182981120 ] [ 56320 18050 ] [ 0 220 130 70 ] [...F]
459583 - [ 44480000 ][ 800.000000 ] [ 1145569280 ] [ 0 17480 ] [ 0 0 72 68 ] [..HD]
459584 - [ c5af3000 ][ -5606.000000 ] [ 3316592640 ] [ 12288 50607 ] [ 0 48 175 197 ] [.0..]
459585 - [ 000000f1 ][ 0.000000 ] [ 241 ] [ 241 0 ] [ 241 0 0 0 ] [....]
459586 - [ 00000000 ][ 0.000000 ] [ 0 ] [ 0 0 ] [ 0 0 0 0 ] [....]
459587 - [ 00000000 ][ 0.000000 ] [ 0 ] [ 0 0 ] [ 0 0 0 0 ] [....]
459588 - [ 00000000 ][ 0.000000 ] [ 0 ] [ 0 0 ] [ 0 0 0 0 ] [....]
459589 - [ 00000000 ][ 0.000000 ] [ 0 ] [ 0 0 ] [ 0 0 0 0 ] [....]
459590 - [ 00000000 ][ 0.000000 ] [ 0 ] [ 0 0 ] [ 0 0 0 0 ] [....]
459591 - [ 00000000 ][ 0.000000 ] [ 0 ] [ 0 0 ] [ 0 0 0 0 ] [....]
459592 - [ 00000000 ][ 0.000000 ] [ 0 ] [ 0 0 ] [ 0 0 0 0 ] [....]
459593 - [ 00000000 ][ 0.000000 ] [ 0 ] [ 0 0 ] [ 0 0 0 0 ] [....]
459594 - [ 00000000 ][ 0.000000 ] [ 0 ] [ 0 0 ] [ 0 0 0 0 ] [....]
459595 - [ 00000000 ][ 0.000000 ] [ 0 ] [ 0 0 ] [ 0 0 0 0 ] [....]
459596 - [ 00000000 ][ 0.000000 ] [ 0 ] [ 0 0 ] [ 0 0 0 0 ] [....]
459597 - [ 00000000 ][ 0.000000 ] [ 0 ] [ 0 0 ] [ 0 0 0 0 ] [....]
459598 - [ 00000000 ][ 0.000000 ] [ 0 ] [ 0 0 ] [ 0 0 0 0 ] [....]
459599 - [ 00000000 ][ 0.000000 ] [ 0 ] [ 0 0 ] [ 0 0 0 0 ] [....]
459600 - [ 00000000 ][ 0.000000 ] [ 0 ] [ 0 0 ] [ 0 0 0 0 ] [....]
459601 - [ 00000000 ][ 0.000000 ] [ 0 ] [ 0 0 ] [ 0 0 0 0 ] [....]
459602 - [ 00000000 ][ 0.000000 ] [ 0 ] [ 0 0 ] [ 0 0 0 0 ] [....]
459603 - [ c6723000 ][ -15500.000000 ] [ 3329372160 ] [ 12288 50802 ] [ 0 48 114 198 ] [.0r.]
459604 - [ 46cb2000 ][ 26000.000000 ] [ 1187717120 ] [ 8192 18123 ] [ 0 32 203 70 ] [...F]
459605 - [ c63b8000 ][ -12000.000000 ] [ 3325788160 ] [ 32768 50747 ] [ 0 128 59 198 ] [..;.]
459606 - [ 4687c800 ][ 17380.000000 ] [ 1183303680 ] [ 51200 18055 ] [ 0 200 135 70 ] [...F]
459607 - [ 44480000 ][ 800.000000 ] [ 1145569280 ] [ 0 17480 ] [ 0 0 72 68 ] [..HD]
459608 - [ c5af3000 ][ -5606.000000 ] [ 3316592640 ] [ 12288 50607 ] [ 0 48 175 197 ] [.0..]
459609 - [ 000000f1 ][ 0.000000 ] [ 241 ] [ 241 0 ] [ 241 0 0 0 ] [....]
459610 - [ 00000000 ][ 0.000000 ] [ 0 ] [ 0 0 ] [ 0 0 0 0 ] [....]
459611 - [ 00000000 ][ 0.000000 ] [ 0 ] [ 0 0 ] [ 0 0 0 0 ] [....]
459612 - [ 00000000 ][ 0.000000 ] [ 0 ] [ 0 0 ] [ 0 0 0 0 ] [....]
459613 - [ 00000000 ][ 0.000000 ] [ 0 ] [ 0 0 ] [ 0 0 0 0 ] [....]
459614 - [ 00000000 ][ 0.000000 ] [ 0 ] [ 0 0 ] [ 0 0 0 0 ] [....]
459615 - [ 00000000 ][ 0.000000 ] [ 0 ] [ 0 0 ] [ 0 0 0 0 ] [....]
459616 - [ 00000000 ][ 0.000000 ] [ 0 ] [ 0 0 ] [ 0 0 0 0 ] [....]
459617 - [ 00000000 ][ 0.000000 ] [ 0 ] [ 0 0 ] [ 0 0 0 0 ] [....]
459618 - [ 00000000 ][ 0.000000 ] [ 0 ] [ 0 0 ] [ 0 0 0 0 ] [....]
459619 - [ 00000000 ][ 0.000000 ] [ 0 ] [ 0 0 ] [ 0 0 0 0 ] [....]
459620 - [ 00000000 ][ 0.000000 ] [ 0 ] [ 0 0 ] [ 0 0 0 0 ] [....]
459621 - [ 00000000 ][ 0.000000 ] [ 0 ] [ 0 0 ] [ 0 0 0 0 ] [....]
459622 - [ 00000000 ][ 0.000000 ] [ 0 ] [ 0 0 ] [ 0 0 0 0 ] [....]
459623 - [ 00000000 ][ 0.000000 ] [ 0 ] [ 0 0 ] [ 0 0 0 0 ] [....]
459624 - [ 00000000 ][ 0.000000 ] [ 0 ] [ 0 0 ] [ 0 0 0 0 ] [....]
459625 - [ 00000000 ][ 0.000000 ] [ 0 ] [ 0 0 ] [ 0 0 0 0 ] [....]
459626 - [ 00000000 ][ 0.000000 ] [ 0 ] [ 0 0 ] [ 0 0 0 0 ] [....]
459627 - [ c686c400 ][ -17250.000000 ] [ 3330720768 ] [ 50176 50822 ] [ 0 196 134 198 ] [....]
459628 - [ 46cb2000 ][ 26000.000000 ] [ 1187717120 ] [ 8192 18123 ] [ 0 32 203 70 ] [...F]
459629 - [ c6723000 ][ -15500.000000 ] [ 3329372160 ] [ 12288 50802 ] [ 0 48 114 198 ] [.0r.]
459630 - [ 46afc800 ][ 22500.000000 ] [ 1185925120 ] [ 51200 18095 ] [ 0 200 175 70 ] [...F]
459631 - [ 44480000 ][ 800.000000 ] [ 1145569280 ] [ 0 17480 ] [ 0 0 72 68 ] [..HD]
459632 - [ c5af3000 ][ -5606.000000 ] [ 3316592640 ] [ 12288 50607 ] [ 0 48 175 197 ] [.0..]
459633 - [ 000000f1 ][ 0.000000 ] [ 241 ] [ 241 0 ] [ 241 0 0 0 ] [....]
459634 - [ 00000000 ][ 0.000000 ] [ 0 ] [ 0 0 ] [ 0 0 0 0 ] [....]
459635 - [ 00000000 ][ 0.000000 ] [ 0 ] [ 0 0 ] [ 0 0 0 0 ] [....]
459636 - [ 00000000 ][ 0.000000 ] [ 0 ] [ 0 0 ] [ 0 0 0 0 ] [....]
459637 - [ 00000000 ][ 0.000000 ] [ 0 ] [ 0 0 ] [ 0 0 0 0 ] [....]
459638 - [ 00000000 ][ 0.000000 ] [ 0 ] [ 0 0 ] [ 0 0 0 0 ] [....]
459639 - [ 00000000 ][ 0.000000 ] [ 0 ] [ 0 0 ] [ 0 0 0 0 ] [....]
459640 - [ 00000000 ][ 0.000000 ] [ 0 ] [ 0 0 ] [ 0 0 0 0 ] [....]
459641 - [ 00000000 ][ 0.000000 ] [ 0 ] [ 0 0 ] [ 0 0 0 0 ] [....]
459642 - [ 00000000 ][ 0.000000 ] [ 0 ] [ 0 0 ] [ 0 0 0 0 ] [....]
459643 - [ 00000000 ][ 0.000000 ] [ 0 ] [ 0 0 ] [ 0 0 0 0 ] [....]
459644 - [ 00000000 ][ 0.000000 ] [ 0 ] [ 0 0 ] [ 0 0 0 0 ] [....]
459645 - [ 00000000 ][ 0.000000 ] [ 0 ] [ 0 0 ] [ 0 0 0 0 ] [....]
459646 - [ 00000000 ][ 0.000000 ] [ 0 ] [ 0 0 ] [ 0 0 0 0 ] [....]
459647 - [ 00000000 ][ 0.000000 ] [ 0 ] [ 0 0 ] [ 0 0 0 0 ] [....]
459648 - [ 00000000 ][ 0.000000 ] [ 0 ] [ 0 0 ] [ 0 0 0 0 ] [....]
459649 - [ 00000000 ][ 0.000000 ] [ 0 ] [ 0 0 ] [ 0 0 0 0 ] [....]
459650 - [ 00000000 ][ 0.000000 ] [ 0 ] [ 0 0 ] [ 0 0 0 0 ] [....]
459651 - [ c6b1bc00 ][ -22750.000000 ] [ 3333536768 ] [ 48128 50865 ] [ 0 188 177 198 ] [....]
459652 - [ 4682dc00 ][ 16750.000000 ] [ 1182981120 ] [ 56320 18050 ] [ 0 220 130 70 ] [...F]
459653 - [ c6723000 ][ -15500.000000 ] [ 3329372160 ] [ 12288 50802 ] [ 0 48 114 198 ] [.0r.]
459654 - [ 4641c000 ][ 12400.000000 ] [ 1178714112 ] [ 49152 17985 ] [ 0 192 65 70 ] [..AF]
459655 - [ 44480000 ][ 800.000000 ] [ 1145569280 ] [ 0 17480 ] [ 0 0 72 68 ] [..HD]
459656 - [ c5af3000 ][ -5606.000000 ] [ 3316592640 ] [ 12288 50607 ] [ 0 48 175 197 ] [.0..]
459657 - [ 000000f1 ][ 0.000000 ] [ 241 ] [ 241 0 ] [ 241 0 0 0 ] [....]
459658 - [ 00000000 ][ 0.000000 ] [ 0 ] [ 0 0 ] [ 0 0 0 0 ] [....]
459659 - [ 00000000 ][ 0.000000 ] [ 0 ] [ 0 0 ] [ 0 0 0 0 ] [....]
459660 - [ 00000000 ][ 0.000000 ] [ 0 ] [ 0 0 ] [ 0 0 0 0 ] [....]
459661 - [ 00000000 ][ 0.000000 ] [ 0 ] [ 0 0 ] [ 0 0 0 0 ] [....]
459662 - [ 00000000 ][ 0.000000 ] [ 0 ] [ 0 0 ] [ 0 0 0 0 ] [....]
459663 - [ 00000000 ][ 0.000000 ] [ 0 ] [ 0 0 ] [ 0 0 0 0 ] [....]
459664 - [ 00000000 ][ 0.000000 ] [ 0 ] [ 0 0 ] [ 0 0 0 0 ] [....]
459665 - [ 00000000 ][ 0.000000 ] [ 0 ] [ 0 0 ] [ 0 0 0 0 ] [....]
459666 - [ 00000000 ][ 0.000000 ] [ 0 ] [ 0 0 ] [ 0 0 0 0 ] [....]
459667 - [ 00000000 ][ 0.000000 ] [ 0 ] [ 0 0 ] [ 0 0 0 0 ] [....]
459668 - [ 00000000 ][ 0.000000 ] [ 0 ] [ 0 0 ] [ 0 0 0 0 ] [....]
459669 - [ 00000000 ][ 0.000000 ] [ 0 ] [ 0 0 ] [ 0 0 0 0 ] [....]
459670 - [ 00000000 ][ 0.000000 ] [ 0 ] [ 0 0 ] [ 0 0 0 0 ] [....]
459671 - [ 00000000 ][ 0.000000 ] [ 0 ] [ 0 0 ] [ 0 0 0 0 ] [....]
459672 - [ 00000000 ][ 0.000000 ] [ 0 ] [ 0 0 ] [ 0 0 0 0 ] [....]
459673 - [ 00000000 ][ 0.000000 ] [ 0 ] [ 0 0 ] [ 0 0 0 0 ] [....]
459674 - [ 00000000 ][ 0.000000 ] [ 0 ] [ 0 0 ] [ 0 0 0 0 ] [....]
459675 - [ c6a7f800 ][ -21500.000000 ] [ 3332896768 ] [ 63488 50855 ] [ 0 248 167 198 ] [....]
459676 - [ 46908800 ][ 18500.000000 ] [ 1183877120 ] [ 34816 18064 ] [ 0 136 144 70 ] [...F]
459677 - [ c6927c00 ][ -18750.000000 ] [ 3331488768 ] [ 31744 50834 ] [ 0 124 146 198 ] [.|..]
459678 - [ 4682dc00 ][ 16750.000000 ] [ 1182981120 ] [ 56320 18050 ] [ 0 220 130 70 ] [...F]
459679 - [ 44480000 ][ 800.000000 ] [ 1145569280 ] [ 0 17480 ] [ 0 0 72 68 ] [..HD]
459680 - [ c5af3000 ][ -5606.000000 ] [ 3316592640 ] [ 12288 50607 ] [ 0 48 175 197 ] [.0..]
459681 - [ 000000f1 ][ 0.000000 ] [ 241 ] [ 241 0 ] [ 241 0 0 0 ] [....]
459682 - [ 00000000 ][ 0.000000 ] [ 0 ] [ 0 0 ] [ 0 0 0 0 ] [....]
459683 - [ 00000000 ][ 0.000000 ] [ 0 ] [ 0 0 ] [ 0 0 0 0 ] [....]
459684 - [ 00000000 ][ 0.000000 ] [ 0 ] [ 0 0 ] [ 0 0 0 0 ] [....]
459685 - [ 00000000 ][ 0.000000 ] [ 0 ] [ 0 0 ] [ 0 0 0 0 ] [....]
459686 - [ 00000000 ][ 0.000000 ] [ 0 ] [ 0 0 ] [ 0 0 0 0 ] [....]
459687 - [ 00000000 ][ 0.000000 ] [ 0 ] [ 0 0 ] [ 0 0 0 0 ] [....]
459688 - [ 00000000 ][ 0.000000 ] [ 0 ] [ 0 0 ] [ 0 0 0 0 ] [....]
459689 - [ 00000000 ][ 0.000000 ] [ 0 ] [ 0 0 ] [ 0 0 0 0 ] [....]
459690 - [ 00000000 ][ 0.000000 ] [ 0 ] [ 0 0 ] [ 0 0 0 0 ] [....]
459691 - [ 00000000 ][ 0.000000 ] [ 0 ] [ 0 0 ] [ 0 0 0 0 ] [....]
459692 - [ 00000000 ][ 0.000000 ] [ 0 ] [ 0 0 ] [ 0 0 0 0 ] [....]
459693 - [ 00000000 ][ 0.000000 ] [ 0 ] [ 0 0 ] [ 0 0 0 0 ] [....]
459694 - [ 00000000 ][ 0.000000 ] [ 0 ] [ 0 0 ] [ 0 0 0 0 ] [....]
459695 - [ 00000000 ][ 0.000000 ] [ 0 ] [ 0 0 ] [ 0 0 0 0 ] [....]
459696 - [ 00000000 ][ 0.000000 ] [ 0 ] [ 0 0 ] [ 0 0 0 0 ] [....]
459697 - [ 00000000 ][ 0.000000 ] [ 0 ] [ 0 0 ] [ 0 0 0 0 ] [....]
459698 - [ 00000000 ][ 0.000000 ] [ 0 ] [ 0 0 ] [ 0 0 0 0 ] [....]
459699 - [ c6723000 ][ -15500.000000 ] [ 3329372160 ] [ 12288 50802 ] [ 0 48 114 198 ] [.0r.]
459700 - [ 4687c800 ][ 17380.000000 ] [ 1183303680 ] [ 51200 18055 ] [ 0 200 135 70 ] [...F]
459701 - [ c63b8000 ][ -12000.000000 ] [ 3325788160 ] [ 32768 50747 ] [ 0 128 59 198 ] [..;.]
459702 - [ 4641c000 ][ 12400.000000 ] [ 1178714112 ] [ 49152 17985 ] [ 0 192 65 70 ] [..AF]
459703 - [ 44480000 ][ 800.000000 ] [ 1145569280 ] [ 0 17480 ] [ 0 0 72 68 ] [..HD]
459704 - [ c5af3000 ][ -5606.000000 ] [ 3316592640 ] [ 12288 50607 ] [ 0 48 175 197 ] [.0..]
459705 - [ 000000f1 ][ 0.000000 ] [ 241 ] [ 241 0 ] [ 241 0 0 0 ] [....]
459706 - [ 00000000 ][ 0.000000 ] [ 0 ] [ 0 0 ] [ 0 0 0 0 ] [....]
459707 - [ 00000000 ][ 0.000000 ] [ 0 ] [ 0 0 ] [ 0 0 0 0 ] [....]
459708 - [ 00000000 ][ 0.000000 ] [ 0 ] [ 0 0 ] [ 0 0 0 0 ] [....]
459709 - [ 00000000 ][ 0.000000 ] [ 0 ] [ 0 0 ] [ 0 0 0 0 ] [....]
459710 - [ 00000000 ][ 0.000000 ] [ 0 ] [ 0 0 ] [ 0 0 0 0 ] [....]
459711 - [ 00000000 ][ 0.000000 ] [ 0 ] [ 0 0 ] [ 0 0 0 0 ] [....]
459712 - [ 00000000 ][ 0.000000 ] [ 0 ] [ 0 0 ] [ 0 0 0 0 ] [....]
459713 - [ 00000000 ][ 0.000000 ] [ 0 ] [ 0 0 ] [ 0 0 0 0 ] [....]
459714 - [ 00000000 ][ 0.000000 ] [ 0 ] [ 0 0 ] [ 0 0 0 0 ] [....]
459715 - [ 00000000 ][ 0.000000 ] [ 0 ] [ 0 0 ] [ 0 0 0 0 ] [....]
459716 - [ 00000000 ][ 0.000000 ] [ 0 ] [ 0 0 ] [ 0 0 0 0 ] [....]
459717 - [ 00000000 ][ 0.000000 ] [ 0 ] [ 0 0 ] [ 0 0 0 0 ] [....]
459718 - [ 00000000 ][ 0.000000 ] [ 0 ] [ 0 0 ] [ 0 0 0 0 ] [....]
459719 - [ 00000000 ][ 0.000000 ] [ 0 ] [ 0 0 ] [ 0 0 0 0 ] [....]
459720 - [ 00000000 ][ 0.000000 ] [ 0 ] [ 0 0 ] [ 0 0 0 0 ] [....]
459721 - [ 00000000 ][ 0.000000 ] [ 0 ] [ 0 0 ] [ 0 0 0 0 ] [....]
459722 - [ 00000000 ][ 0.000000 ] [ 0 ] [ 0 0 ] [ 0 0 0 0 ] [....]
459723 - [ c6927c00 ][ -18750.000000 ] [ 3331488768 ] [ 31744 50834 ] [ 0 124 146 198 ] [.|..]
459724 - [ 46908800 ][ 18500.000000 ] [ 1183877120 ] [ 34816 18064 ] [ 0 136 144 70 ] [...F]
459725 - [ c6723000 ][ -15500.000000 ] [ 3329372160 ] [ 12288 50802 ] [ 0 48 114 198 ] [.0r.]
459726 - [ 4682dc00 ][ 16750.000000 ] [ 1182981120 ] [ 56320 18050 ] [ 0 220 130 70 ] [...F]
459727 - [ 44480000 ][ 800.000000 ] [ 1145569280 ] [ 0 17480 ] [ 0 0 72 68 ] [..HD]
459728 - [ c5af3000 ][ -5606.000000 ] [ 3316592640 ] [ 12288 50607 ] [ 0 48 175 197 ] [.0..]
459729 - [ 000000f1 ][ 0.000000 ] [ 241 ] [ 241 0 ] [ 241 0 0 0 ] [....]
459730 - [ 00000000 ][ 0.000000 ] [ 0 ] [ 0 0 ] [ 0 0 0 0 ] [....]
459731 - [ 00000000 ][ 0.000000 ] [ 0 ] [ 0 0 ] [ 0 0 0 0 ] [....]
459732 - [ 00000000 ][ 0.000000 ] [ 0 ] [ 0 0 ] [ 0 0 0 0 ] [....]
459733 - [ 00000000 ][ 0.000000 ] [ 0 ] [ 0 0 ] [ 0 0 0 0 ] [....]
459734 - [ 00000000 ][ 0.000000 ] [ 0 ] [ 0 0 ] [ 0 0 0 0 ] [....]
459735 - [ 00000000 ][ 0.000000 ] [ 0 ] [ 0 0 ] [ 0 0 0 0 ] [....]
459736 - [ 00000000 ][ 0.000000 ] [ 0 ] [ 0 0 ] [ 0 0 0 0 ] [....]
459737 - [ 00000000 ][ 0.000000 ] [ 0 ] [ 0 0 ] [ 0 0 0 0 ] [....]
459738 - [ 00000000 ][ 0.000000 ] [ 0 ] [ 0 0 ] [ 0 0 0 0 ] [....]
459739 - [ 00000000 ][ 0.000000 ] [ 0 ] [ 0 0 ] [ 0 0 0 0 ] [....]
459740 - [ 00000000 ][ 0.000000 ] [ 0 ] [ 0 0 ] [ 0 0 0 0 ] [....]
459741 - [ 00000000 ][ 0.000000 ] [ 0 ] [ 0 0 ] [ 0 0 0 0 ] [....]
459742 - [ 00000000 ][ 0.000000 ] [ 0 ] [ 0 0 ] [ 0 0 0 0 ] [....]
459743 - [ 00000000 ][ 0.000000 ] [ 0 ] [ 0 0 ] [ 0 0 0 0 ] [....]
459744 - [ 00000000 ][ 0.000000 ] [ 0 ] [ 0 0 ] [ 0 0 0 0 ] [....]
459745 - [ 00000000 ][ 0.000000 ] [ 0 ] [ 0 0 ] [ 0 0 0 0 ] [....]
459746 - [ 00000000 ][ 0.000000 ] [ 0 ] [ 0 0 ] [ 0 0 0 0 ] [....]
459747 - [ c65ae800 ][ -14010.000000 ] [ 3327846400 ] [ 59392 50778 ] [ 0 232 90 198 ] [..Z.]
459748 - [ 46bb8000 ][ 24000.000000 ] [ 1186693120 ] [ 32768 18107 ] [ 0 128 187 70 ] [...F]
459749 - [ c644f400 ][ -12605.000000 ] [ 3326407680 ] [ 62464 50756 ] [ 0 244 68 198 ] [..D.]
459750 - [ 46afbe00 ][ 22495.000000 ] [ 1185922560 ] [ 48640 18095 ] [ 0 190 175 70 ] [...F]
459751 - [ 42480000 ][ 50.000000 ] [ 1112014848 ] [ 0 16968 ] [ 0 0 72 66 ] [..HB]
459752 - [ c4fa0000 ][ -2000.000000 ] [ 3304718336 ] [ 0 50426 ] [ 0 0 250 196 ] [....]
459753 - [ 000000f1 ][ 0.000000 ] [ 241 ] [ 241 0 ] [ 241 0 0 0 ] [....]
459754 - [ 00000000 ][ 0.000000 ] [ 0 ] [ 0 0 ] [ 0 0 0 0 ] [....]
459755 - [ 00000000 ][ 0.000000 ] [ 0 ] [ 0 0 ] [ 0 0 0 0 ] [....]
459756 - [ 00000000 ][ 0.000000 ] [ 0 ] [ 0 0 ] [ 0 0 0 0 ] [....]
459757 - [ 00000000 ][ 0.000000 ] [ 0 ] [ 0 0 ] [ 0 0 0 0 ] [....]
459758 - [ 00000000 ][ 0.000000 ] [ 0 ] [ 0 0 ] [ 0 0 0 0 ] [....]
459759 - [ 00000000 ][ 0.000000 ] [ 0 ] [ 0 0 ] [ 0 0 0 0 ] [....]
459760 - [ 00000000 ][ 0.000000 ] [ 0 ] [ 0 0 ] [ 0 0 0 0 ] [....]
459761 - [ 00000000 ][ 0.000000 ] [ 0 ] [ 0 0 ] [ 0 0 0 0 ] [....]
459762 - [ 00000000 ][ 0.000000 ] [ 0 ] [ 0 0 ] [ 0 0 0 0 ] [....]
459763 - [ 00000000 ][ 0.000000 ] [ 0 ] [ 0 0 ] [ 0 0 0 0 ] [....]
459764 - [ 00000000 ][ 0.000000 ] [ 0 ] [ 0 0 ] [ 0 0 0 0 ] [....]
459765 - [ 00000000 ][ 0.000000 ] [ 0 ] [ 0 0 ] [ 0 0 0 0 ] [....]
459766 - [ 00000000 ][ 0.000000 ] [ 0 ] [ 0 0 ] [ 0 0 0 0 ] [....]
459767 - [ 00000000 ][ 0.000000 ] [ 0 ] [ 0 0 ] [ 0 0 0 0 ] [....]
459768 - [ 00000000 ][ 0.000000 ] [ 0 ] [ 0 0 ] [ 0 0 0 0 ] [....]
459769 - [ 00000000 ][ 0.000000 ] [ 0 ] [ 0 0 ] [ 0 0 0 0 ] [....]
459770 - [ 00000000 ][ 0.000000 ] [ 0 ] [ 0 0 ] [ 0 0 0 0 ] [....]
459771 - [ c6afc800 ][ -22500.000000 ] [ 3333408768 ] [ 51200 50863 ] [ 0 200 175 198 ] [....]
459772 - [ c682dc00 ][ -16750.000000 ] [ 3330464768 ] [ 56320 50818 ] [ 0 220 130 198 ] [....]
459773 - [ c688b800 ][ -17500.000000 ] [ 3330848768 ] [ 47104 50824 ] [ 0 184 136 198 ] [....]
459774 - [ c6bd7400 ][ -24250.000000 ] [ 3334304768 ] [ 29696 50877 ] [ 0 116 189 198 ] [.t..]
459775 - [ 42480000 ][ 50.000000 ] [ 1112014848 ] [ 0 16968 ] [ 0 0 72 66 ] [..HB]
459776 - [ c51d9000 ][ -2521.000000 ] [ 3307048960 ] [ 36864 50461 ] [ 0 144 29 197 ] [....]
459777 - [ 000000ff ][ 0.000000 ] [ 255 ] [ 255 0 ] [ 255 0 0 0 ] [....]
459778 - [ 00000000 ][ 0.000000 ] [ 0 ] [ 0 0 ] [ 0 0 0 0 ] [....]
459779 - [ 00000000 ][ 0.000000 ] [ 0 ] [ 0 0 ] [ 0 0 0 0 ] [....]
459780 - [ 00800000 ][ 0.000000 ] [ 8388608 ] [ 0 128 ] [ 0 0 128 0 ] [....]
459781 - [ 00000000 ][ 0.000000 ] [ 0 ] [ 0 0 ] [ 0 0 0 0 ] [....]
459782 - [ 00800000 ][ 0.000000 ] [ 8388608 ] [ 0 128 ] [ 0 0 128 0 ] [....]
459783 - [ 00000000 ][ 0.000000 ] [ 0 ] [ 0 0 ] [ 0 0 0 0 ] [....]
459784 - [ 00800000 ][ 0.000000 ] [ 8388608 ] [ 0 128 ] [ 0 0 128 0 ] [....]
459785 - [ 00000000 ][ 0.000000 ] [ 0 ] [ 0 0 ] [ 0 0 0 0 ] [....]
459786 - [ 00800000 ][ 0.000000 ] [ 8388608 ] [ 0 128 ] [ 0 0 128 0 ] [....]
459787 - [ 00000000 ][ 0.000000 ] [ 0 ] [ 0 0 ] [ 0 0 0 0 ] [....]
459788 - [ 00800000 ][ 0.000000 ] [ 8388608 ] [ 0 128 ] [ 0 0 128 0 ] [....]
459789 - [ 00000000 ][ 0.000000 ] [ 0 ] [ 0 0 ] [ 0 0 0 0 ] [....]
459790 - [ 00800000 ][ 0.000000 ] [ 8388608 ] [ 0 128 ] [ 0 0 128 0 ] [....]
459791 - [ 00000000 ][ 0.000000 ] [ 0 ] [ 0 0 ] [ 0 0 0 0 ] [....]
459792 - [ 00000000 ][ 0.000000 ] [ 0 ] [ 0 0 ] [ 0 0 0 0 ] [....]
459793 - [ 00000000 ][ 0.000000 ] [ 0 ] [ 0 0 ] [ 0 0 0 0 ] [....]
459794 - [ 00000000 ][ 0.000000 ] [ 0 ] [ 0 0 ] [ 0 0 0 0 ] [....]
459795 - [ c781cf7f ][ -66462.992188 ] [ 3347173247 ] [ 53119 51073 ] [ 127 207 129 199 ] [....]
459796 - [ 463687ff ][ 11681.999023 ] [ 1177978879 ] [ 34815 17974 ] [ 255 135 54 70 ] [..6F]
459797 - [ c7740e00 ][ -62478.000000 ] [ 3346271744 ] [ 3584 51060 ] [ 0 14 116 199 ] [..t.]
459798 - [ 46076c00 ][ 8667.000000 ] [ 1174891520 ] [ 27648 17927 ] [ 0 108 7 70 ] [.l.F]
459799 - [ c5114fff ][ -2324.999756 ] [ 3306246143 ] [ 20479 50449 ] [ 255 79 17 197 ] [.O..]
459800 - [ c5722fff ][ -3874.999756 ] [ 3312594943 ] [ 12287 50546 ] [ 255 47 114 197 ] [./r.]
459801 - [ 000000e1 ][ 0.000000 ] [ 225 ] [ 225 0 ] [ 225 0 0 0 ] [....]
459802 - [ 00000003 ][ 0.000000 ] [ 3 ] [ 3 0 ] [ 3 0 0 0 ] [....]
459803 - [ 00000002 ][ 0.000000 ] [ 2 ] [ 2 0 ] [ 2 0 0 0 ] [....]
459804 - [ 00000000 ][ 0.000000 ] [ 0 ] [ 0 0 ] [ 0 0 0 0 ] [....]
459805 - [ 00000000 ][ 0.000000 ] [ 0 ] [ 0 0 ] [ 0 0 0 0 ] [....]
459806 - [ 00000000 ][ 0.000000 ] [ 0 ] [ 0 0 ] [ 0 0 0 0 ] [....]
459807 - [ 00000003 ][ 0.000000 ] [ 3 ] [ 3 0 ] [ 3 0 0 0 ] [....]
459808 - [ 00000001 ][ 0.000000 ] [ 1 ] [ 1 0 ] [ 1 0 0 0 ] [....]
459809 - [ 3f800000 ][ 1.000000 ] [ 1065353216 ] [ 0 16256 ] [ 0 0 128 63 ] [...?]
459810 - [ 00000002 ][ 0.000000 ] [ 2 ] [ 2 0 ] [ 2 0 0 0 ] [....]
459811 - [ ffffffff ][ -nan ] [ 4294967295 ] [ 65535 65535 ] [ 255 255 255 255 ] [....]
459812 - [ 00000000 ][ 0.000000 ] [ 0 ] [ 0 0 ] [ 0 0 0 0 ] [....]
459813 - [ 00000000 ][ 0.000000 ] [ 0 ] [ 0 0 ] [ 0 0 0 0 ] [....]
459814 - [ 00000000 ][ 0.000000 ] [ 0 ] [ 0 0 ] [ 0 0 0 0 ] [....]
459815 - [ 00000000 ][ 0.000000 ] [ 0 ] [ 0 0 ] [ 0 0 0 0 ] [....]
459816 - [ 00000000 ][ 0.000000 ] [ 0 ] [ 0 0 ] [ 0 0 0 0 ] [....]
459817 - [ 00000000 ][ 0.000000 ] [ 0 ] [ 0 0 ] [ 0 0 0 0 ] [....]
459818 - [ 00000000 ][ 0.000000 ] [ 0 ] [ 0 0 ] [ 0 0 0 0 ] [....]
459819 - [ c76b9f00 ][ -60319.000000 ] [ 3345719040 ] [ 40704 51051 ] [ 0 159 107 199 ] [..k.]
459820 - [ 463d3c00 ][ 12111.000000 ] [ 1178418176 ] [ 15360 17981 ] [ 0 60 61 70 ] [.<=F]
459821 - [ c75bff00 ][ -56319.000000 ] [ 3344695040 ] [ 65280 51035 ] [ 0 255 91 199 ] [..[.]
459822 - [ 45fd7800 ][ 8111.000000 ] [ 1174239232 ] [ 30720 17917 ] [ 0 120 253 69 ] [.x.E]
459823 - [ c4fe2fce ][ -2033.493896 ] [ 3304992718 ] [ 12238 50430 ] [ 206 47 254 196 ] [./..]
459824 - [ c55ff7e7 ][ -3583.493896 ] [ 3311400935 ] [ 63463 50527 ] [ 231 247 95 197 ] [.._.]
459825 - [ 000000e1 ][ 0.000000 ] [ 225 ] [ 225 0 ] [ 225 0 0 0 ] [....]
459826 - [ 00000002 ][ 0.000000 ] [ 2 ] [ 2 0 ] [ 2 0 0 0 ] [....]
459827 - [ 00000003 ][ 0.000000 ] [ 3 ] [ 3 0 ] [ 3 0 0 0 ] [....]
459828 - [ 00004e39 ][ 0.000000 ] [ 20025 ] [ 20025 0 ] [ 57 78 0 0 ] [9N..]
459829 - [ 00000064 ][ 0.000000 ] [ 100 ] [ 100 0 ] [ 100 0 0 0 ] [d...]
459830 - [ 00000000 ][ 0.000000 ] [ 0 ] [ 0 0 ] [ 0 0 0 0 ] [....]
459831 - [ 00000001 ][ 0.000000 ] [ 1 ] [ 1 0 ] [ 1 0 0 0 ] [....]
459832 - [ 00000001 ][ 0.000000 ] [ 1 ] [ 1 0 ] [ 1 0 0 0 ] [....]
459833 - [ 3f0ccccb ][ 0.550000 ] [ 1057803467 ] [ 52427 16140 ] [ 203 204 12 63 ] [...?]
459834 - [ 00000002 ][ 0.000000 ] [ 2 ] [ 2 0 ] [ 2 0 0 0 ] [....]
459835 - [ 00000000 ][ 0.000000 ] [ 0 ] [ 0 0 ] [ 0 0 0 0 ] [....]
459836 - [ 00000000 ][ 0.000000 ] [ 0 ] [ 0 0 ] [ 0 0 0 0 ] [....]
459837 - [ 00000000 ][ 0.000000 ] [ 0 ] [ 0 0 ] [ 0 0 0 0 ] [....]
459838 - [ 00000000 ][ 0.000000 ] [ 0 ] [ 0 0 ] [ 0 0 0 0 ] [....]
459839 - [ 00000000 ][ 0.000000 ] [ 0 ] [ 0 0 ] [ 0 0 0 0 ] [....]
459840 - [ 00000000 ][ 0.000000 ] [ 0 ] [ 0 0 ] [ 0 0 0 0 ] [....]
459841 - [ 00000000 ][ 0.000000 ] [ 0 ] [ 0 0 ] [ 0 0 0 0 ] [....]
459842 - [ 00000000 ][ 0.000000 ] [ 0 ] [ 0 0 ] [ 0 0 0 0 ] [....]
459843 - [ 46537bff ][ 13534.999023 ] [ 1179876351 ] [ 31743 18003 ] [ 255 123 83 70 ] [.{SF]
459844 - [ 46abe000 ][ 22000.000000 ] [ 1185669120 ] [ 57344 18091 ] [ 0 224 171 70 ] [...F]
459845 - [ 46850bff ][ 17029.998047 ] [ 1183124479 ] [ 3071 18053 ] [ 255 11 133 70 ] [...F]
459846 - [ 468ca000 ][ 18000.000000 ] [ 1183621120 ] [ 40960 18060 ] [ 0 160 140 70 ] [...F]
459847 - [ 4225dc24 ][ 41.464981 ] [ 1109777444 ] [ 56356 16933 ] [ 36 220 37 66 ] [$.%B]
459848 - [ c4bc911e ][ -1508.534912 ] [ 3300692254 ] [ 37150 50364 ] [ 30 145 188 196 ] [....]
459849 - [ 00000011 ][ 0.000000 ] [ 17 ] [ 17 0 ] [ 17 0 0 0 ] [....]
459850 - [ 00000002 ][ 0.000000 ] [ 2 ] [ 2 0 ] [ 2 0 0 0 ] [....]
459851 - [ 00000003 ][ 0.000000 ] [ 3 ] [ 3 0 ] [ 3 0 0 0 ] [....]
459852 - [ 00002715 ][ 0.000000 ] [ 10005 ] [ 10005 0 ] [ 21 39 0 0 ] [.'..]
459853 - [ 00000000 ][ 0.000000 ] [ 0 ] [ 0 0 ] [ 0 0 0 0 ] [....]
459854 - [ 00000000 ][ 0.000000 ] [ 0 ] [ 0 0 ] [ 0 0 0 0 ] [....]
459855 - [ 00000001 ][ 0.000000 ] [ 1 ] [ 1 0 ] [ 1 0 0 0 ] [....]
459856 - [ 00000001 ][ 0.000000 ] [ 1 ] [ 1 0 ] [ 1 0 0 0 ] [....]
459857 - [ 3f800000 ][ 1.000000 ] [ 1065353216 ] [ 0 16256 ] [ 0 0 128 63 ] [...?]
459858 - [ 00000000 ][ 0.000000 ] [ 0 ] [ 0 0 ] [ 0 0 0 0 ] [....]
459859 - [ 00000001 ][ 0.000000 ] [ 1 ] [ 1 0 ] [ 1 0 0 0 ] [....]
459860 - [ 00000000 ][ 0.000000 ] [ 0 ] [ 0 0 ] [ 0 0 0 0 ] [....]
459861 - [ 00000000 ][ 0.000000 ] [ 0 ] [ 0 0 ] [ 0 0 0 0 ] [....]
459862 - [ 00000000 ][ 0.000000 ] [ 0 ] [ 0 0 ] [ 0 0 0 0 ] [....]
459863 - [ 00000000 ][ 0.000000 ] [ 0 ] [ 0 0 ] [ 0 0 0 0 ] [....]
459864 - [ 00000000 ][ 0.000000 ] [ 0 ] [ 0 0 ] [ 0 0 0 0 ] [....]
459865 - [ 00000000 ][ 0.000000 ] [ 0 ] [ 0 0 ] [ 0 0 0 0 ] [....]
459866 - [ 00000000 ][ 0.000000 ] [ 0 ] [ 0 0 ] [ 0 0 0 0 ] [....]
459867 - [ 46b00600 ][ 22531.000000 ] [ 1185940992 ] [ 1536 18096 ] [ 0 6 176 70 ] [...F]
459868 - [ 469dd800 ][ 20204.000000 ] [ 1184749568 ] [ 55296 18077 ] [ 0 216 157 70 ] [...F]
459869 - [ 46cf4600 ][ 26531.000000 ] [ 1187988992 ] [ 17920 18127 ] [ 0 70 207 70 ] [.F.F]
459870 - [ 467d2ffe ][ 16203.998047 ] [ 1182609406 ] [ 12286 18045 ] [ 254 47 125 70 ] [./}F]
459871 - [ 4225dc24 ][ 41.464981 ] [ 1109777444 ] [ 56356 16933 ] [ 36 220 37 66 ] [$.%B]
459872 - [ c4bc911e ][ -1508.534912 ] [ 3300692254 ] [ 37150 50364 ] [ 30 145 188 196 ] [....]
459873 - [ 00000011 ][ 0.000000 ] [ 17 ] [ 17 0 ] [ 17 0 0 0 ] [....]
459874 - [ 00000002 ][ 0.000000 ] [ 2 ] [ 2 0 ] [ 2 0 0 0 ] [....]
459875 - [ 00000003 ][ 0.000000 ] [ 3 ] [ 3 0 ] [ 3 0 0 0 ] [....]
459876 - [ 00002715 ][ 0.000000 ] [ 10005 ] [ 10005 0 ] [ 21 39 0 0 ] [.'..]
459877 - [ 00000000 ][ 0.000000 ] [ 0 ] [ 0 0 ] [ 0 0 0 0 ] [....]
459878 - [ 00000000 ][ 0.000000 ] [ 0 ] [ 0 0 ] [ 0 0 0 0 ] [....]
459879 - [ 00000001 ][ 0.000000 ] [ 1 ] [ 1 0 ] [ 1 0 0 0 ] [....]
459880 - [ 00000001 ][ 0.000000 ] [ 1 ] [ 1 0 ] [ 1 0 0 0 ] [....]
459881 - [ 3f800000 ][ 1.000000 ] [ 1065353216 ] [ 0 16256 ] [ 0 0 128 63 ] [...?]
459882 - [ 00000000 ][ 0.000000 ] [ 0 ] [ 0 0 ] [ 0 0 0 0 ] [....]
459883 - [ 00000001 ][ 0.000000 ] [ 1 ] [ 1 0 ] [ 1 0 0 0 ] [....]
459884 - [ 00000000 ][ 0.000000 ] [ 0 ] [ 0 0 ] [ 0 0 0 0 ] [....]
459885 - [ 00000000 ][ 0.000000 ] [ 0 ] [ 0 0 ] [ 0 0 0 0 ] [....]
459886 - [ 00000000 ][ 0.000000 ] [ 0 ] [ 0 0 ] [ 0 0 0 0 ] [....]
459887 - [ 00000000 ][ 0.000000 ] [ 0 ] [ 0 0 ] [ 0 0 0 0 ] [....]
459888 - [ 00000000 ][ 0.000000 ] [ 0 ] [ 0 0 ] [ 0 0 0 0 ] [....]
459889 - [ 00000000 ][ 0.000000 ] [ 0 ] [ 0 0 ] [ 0 0 0 0 ] [....]
459890 - [ 00000000 ][ 0.000000 ] [ 0 ] [ 0 0 ] [ 0 0 0 0 ] [....]
459891 - [ 469ca600 ][ 20051.000000 ] [ 1184671232 ] [ 42496 18076 ] [ 0 166 156 70 ] [...F]
459892 - [ 46c7bbff ][ 25565.998047 ] [ 1187494911 ] [ 48127 18119 ] [ 255 187 199 70 ] [...F]
459893 - [ 46bbe600 ][ 24051.000000 ] [ 1186719232 ] [ 58880 18107 ] [ 0 230 187 70 ] [...F]
459894 - [ 46a87bff ][ 21565.998047 ] [ 1185446911 ] [ 31743 18088 ] [ 255 123 168 70 ] [.{.F]
459895 - [ 4225dc28 ][ 41.464996 ] [ 1109777448 ] [ 56360 16933 ] [ 40 220 37 66 ] [(.%B]
459896 - [ c4bc911e ][ -1508.534912 ] [ 3300692254 ] [ 37150 50364 ] [ 30 145 188 196 ] [....]
459897 - [ 00000011 ][ 0.000000 ] [ 17 ] [ 17 0 ] [ 17 0 0 0 ] [....]
459898 - [ 00000002 ][ 0.000000 ] [ 2 ] [ 2 0 ] [ 2 0 0 0 ] [....]
459899 - [ 00000003 ][ 0.000000 ] [ 3 ] [ 3 0 ] [ 3 0 0 0 ] [....]
459900 - [ 00002715 ][ 0.000000 ] [ 10005 ] [ 10005 0 ] [ 21 39 0 0 ] [.'..]
459901 - [ 00000000 ][ 0.000000 ] [ 0 ] [ 0 0 ] [ 0 0 0 0 ] [....]
459902 - [ 00000000 ][ 0.000000 ] [ 0 ] [ 0 0 ] [ 0 0 0 0 ] [....]
459903 - [ 00000001 ][ 0.000000 ] [ 1 ] [ 1 0 ] [ 1 0 0 0 ] [....]
459904 - [ 00000001 ][ 0.000000 ] [ 1 ] [ 1 0 ] [ 1 0 0 0 ] [....]
459905 - [ 3f800000 ][ 1.000000 ] [ 1065353216 ] [ 0 16256 ] [ 0 0 128 63 ] [...?]
459906 - [ 00000000 ][ 0.000000 ] [ 0 ] [ 0 0 ] [ 0 0 0 0 ] [....]
459907 - [ 00000001 ][ 0.000000 ] [ 1 ] [ 1 0 ] [ 1 0 0 0 ] [....]
459908 - [ 00000000 ][ 0.000000 ] [ 0 ] [ 0 0 ] [ 0 0 0 0 ] [....]
459909 - [ 00000000 ][ 0.000000 ] [ 0 ] [ 0 0 ] [ 0 0 0 0 ] [....]
459910 - [ 00000000 ][ 0.000000 ] [ 0 ] [ 0 0 ] [ 0 0 0 0 ] [....]
459911 - [ 00000000 ][ 0.000000 ] [ 0 ] [ 0 0 ] [ 0 0 0 0 ] [....]
459912 - [ 00000000 ][ 0.000000 ] [ 0 ] [ 0 0 ] [ 0 0 0 0 ] [....]
459913 - [ 00000000 ][ 0.000000 ] [ 0 ] [ 0 0 ] [ 0 0 0 0 ] [....]
459914 - [ 00000000 ][ 0.000000 ] [ 0 ] [ 0 0 ] [ 0 0 0 0 ] [....]
459915 - [ c7cda9ff ][ -105299.992188 ] [ 3352144383 ] [ 43519 51149 ] [ 255 169 205 199 ] [....]
459916 - [ 46aba1ff ][ 21968.998047 ] [ 1185653247 ] [ 41471 18091 ] [ 255 161 171 70 ] [...F]
459917 - [ c7c5d9ff ][ -101299.992188 ] [ 3351632383 ] [ 55807 51141 ] [ 255 217 197 199 ] [....]
459918 - [ 468c61ff ][ 17968.998047 ] [ 1183605247 ] [ 25087 18060 ] [ 255 97 140 70 ] [.a.F]
459919 - [ c49c3fff ][ -1249.999878 ] [ 3298574335 ] [ 16383 50332 ] [ 255 63 156 196 ] [.?..]
459920 - [ c52effff ][ -2799.999756 ] [ 3308191743 ] [ 65535 50478 ] [ 255 255 46 197 ] [....]
459921 - [ 000000d1 ][ 0.000000 ] [ 209 ] [ 209 0 ] [ 209 0 0 0 ] [....]
459922 - [ 00000002 ][ 0.000000 ] [ 2 ] [ 2 0 ] [ 2 0 0 0 ] [....]
459923 - [ 00000003 ][ 0.000000 ] [ 3 ] [ 3 0 ] [ 3 0 0 0 ] [....]
459924 - [ 00004e85 ][ 0.000000 ] [ 20101 ] [ 20101 0 ] [ 133 78 0 0 ] [.N..]
459925 - [ 00000064 ][ 0.000000 ] [ 100 ] [ 100 0 ] [ 100 0 0 0 ] [d...]
459926 - [ 00000000 ][ 0.000000 ] [ 0 ] [ 0 0 ] [ 0 0 0 0 ] [....]
459927 - [ 00000001 ][ 0.000000 ] [ 1 ] [ 1 0 ] [ 1 0 0 0 ] [....]
459928 - [ 00000001 ][ 0.000000 ] [ 1 ] [ 1 0 ] [ 1 0 0 0 ] [....]
459929 - [ 3f800000 ][ 1.000000 ] [ 1065353216 ] [ 0 16256 ] [ 0 0 128 63 ] [...?]
459930 - [ 00000002 ][ 0.000000 ] [ 2 ] [ 2 0 ] [ 2 0 0 0 ] [....]
459931 - [ 00000000 ][ 0.000000 ] [ 0 ] [ 0 0 ] [ 0 0 0 0 ] [....]
459932 - [ 00000000 ][ 0.000000 ] [ 0 ] [ 0 0 ] [ 0 0 0 0 ] [....]
459933 - [ 00000000 ][ 0.000000 ] [ 0 ] [ 0 0 ] [ 0 0 0 0 ] [....]
459934 - [ 00000000 ][ 0.000000 ] [ 0 ] [ 0 0 ] [ 0 0 0 0 ] [....]
459935 - [ 00000000 ][ 0.000000 ] [ 0 ] [ 0 0 ] [ 0 0 0 0 ] [....]
459936 - [ 00000000 ][ 0.000000 ] [ 0 ] [ 0 0 ] [ 0 0 0 0 ] [....]
459937 - [ 00000000 ][ 0.000000 ] [ 0 ] [ 0 0 ] [ 0 0 0 0 ] [....]
459938 - [ 00000000 ][ 0.000000 ] [ 0 ] [ 0 0 ] [ 0 0 0 0 ] [....]
459939 - [ c6ea5fff ][ -29999.998047 ] [ 3337248767 ] [ 24575 50922 ] [ 255 95 234 198 ] [._..]
459940 - [ 46baa9ff ][ 23892.998047 ] [ 1186638335 ] [ 43519 18106 ] [ 255 169 186 70 ] [...F]
459941 - [ c68127ff ][ -16531.998047 ] [ 3330353151 ] [ 10239 50817 ] [ 255 39 129 198 ] [.'..]
459942 - [ 4683f9ff ][ 16892.998047 ] [ 1183054335 ] [ 63999 18051 ] [ 255 249 131 70 ] [...F]
459943 - [ 42487613 ][ 50.115307 ] [ 1112045075 ] [ 30227 16968 ] [ 19 118 72 66 ] [.vHB]
459944 - [ c4bb7c4f ][ -1499.884644 ] [ 3300621391 ] [ 31823 50363 ] [ 79 124 187 196 ] [O|..]
459945 - [ 000000f1 ][ 0.000000 ] [ 241 ] [ 241 0 ] [ 241 0 0 0 ] [....]
459946 - [ 00000002 ][ 0.000000 ] [ 2 ] [ 2 0 ] [ 2 0 0 0 ] [....]
459947 - [ 00000003 ][ 0.000000 ] [ 3 ] [ 3 0 ] [ 3 0 0 0 ] [....]
459948 - [ 00002715 ][ 0.000000 ] [ 10005 ] [ 10005 0 ] [ 21 39 0 0 ] [.'..]
459949 - [ 00000000 ][ 0.000000 ] [ 0 ] [ 0 0 ] [ 0 0 0 0 ] [....]
459950 - [ 00000000 ][ 0.000000 ] [ 0 ] [ 0 0 ] [ 0 0 0 0 ] [....]
459951 - [ 00000001 ][ 0.000000 ] [ 1 ] [ 1 0 ] [ 1 0 0 0 ] [....]
459952 - [ 00000001 ][ 0.000000 ] [ 1 ] [ 1 0 ] [ 1 0 0 0 ] [....]
459953 - [ 3f800000 ][ 1.000000 ] [ 1065353216 ] [ 0 16256 ] [ 0 0 128 63 ] [...?]
459954 - [ 00000000 ][ 0.000000 ] [ 0 ] [ 0 0 ] [ 0 0 0 0 ] [....]
459955 - [ 00000001 ][ 0.000000 ] [ 1 ] [ 1 0 ] [ 1 0 0 0 ] [....]
459956 - [ 00000000 ][ 0.000000 ] [ 0 ] [ 0 0 ] [ 0 0 0 0 ] [....]
459957 - [ 00000000 ][ 0.000000 ] [ 0 ] [ 0 0 ] [ 0 0 0 0 ] [....]
459958 - [ 00000000 ][ 0.000000 ] [ 0 ] [ 0 0 ] [ 0 0 0 0 ] [....]
459959 - [ 00000000 ][ 0.000000 ] [ 0 ] [ 0 0 ] [ 0 0 0 0 ] [....]
459960 - [ 00000000 ][ 0.000000 ] [ 0 ] [ 0 0 ] [ 0 0 0 0 ] [....]
459961 - [ 00000000 ][ 0.000000 ] [ 0 ] [ 0 0 ] [ 0 0 0 0 ] [....]
459962 - [ 00000000 ][ 0.000000 ] [ 0 ] [ 0 0 ] [ 0 0 0 0 ] [....]
459963 - [ 73756d61 ][ 19444750947869791941939215466496.000000 ] [ 1937075553 ] [ 28001 29557 ] [ 97 109 117 115 ] [amus]
459964 - [ 6e656d65 ][ 17751079280610196288046104576.000000 ] [ 1852140901 ] [ 28005 28261 ] [ 101 109 101 110 ] [emen]
459965 - [ 65775f74 ][ 73011582539794573426688.000000 ] [ 1702322036 ] [ 24436 25975 ] [ 116 95 119 101 ] [t_we]
459966 - [ 732e7473 ][ 13821739565090526451603813171200.000000 ] [ 1932424307 ] [ 29811 29486 ] [ 115 116 46 115 ] [st.s]
459967 - [ 00006264 ][ 0.000000 ] [ 25188 ] [ 25188 0 ] [ 100 98 0 0 ] [db..]
459968 - [ 00000000 ][ 0.000000 ] [ 0 ] [ 0 0 ] [ 0 0 0 0 ] [....]
459969 - [ 00000000 ][ 0.000000 ] [ 0 ] [ 0 0 ] [ 0 0 0 0 ] [....]
459970 - [ 80000000 ][ -0.000000 ] [ 2147483648 ] [ 0 32768 ] [ 0 0 0 128 ] [....]
459971 - [ 00000000 ][ 0.000000 ] [ 0 ] [ 0 0 ] [ 0 0 0 0 ] [....]
459972 - [ 00000000 ][ 0.000000 ] [ 0 ] [ 0 0 ] [ 0 0 0 0 ] [....]
459973 - [ 00000000 ][ 0.000000 ] [ 0 ] [ 0 0 ] [ 0 0 0 0 ] [....]
459974 - [ 00000000 ][ 0.000000 ] [ 0 ] [ 0 0 ] [ 0 0 0 0 ] [....]
459975 - [ 00000000 ][ 0.000000 ] [ 0 ] [ 0 0 ] [ 0 0 0 0 ] [....]
459976 - [ 00000000 ][ 0.000000 ] [ 0 ] [ 0 0 ] [ 0 0 0 0 ] [....]
459977 - [ 00000000 ][ 0.000000 ] [ 0 ] [ 0 0 ] [ 0 0 0 0 ] [....]
459978 - [ 00000000 ][ 0.000000 ] [ 0 ] [ 0 0 ] [ 0 0 0 0 ] [....]
459979 - [ 00000000 ][ 0.000000 ] [ 0 ] [ 0 0 ] [ 0 0 0 0 ] [....]
459980 - [ 00000000 ][ 0.000000 ] [ 0 ] [ 0 0 ] [ 0 0 0 0 ] [....]
459981 - [ 00000000 ][ 0.000000 ] [ 0 ] [ 0 0 ] [ 0 0 0 0 ] [....]
459982 - [ 00000000 ][ 0.000000 ] [ 0 ] [ 0 0 ] [ 0 0 0 0 ] [....]
459983 - [ 00000000 ][ 0.000000 ] [ 0 ] [ 0 0 ] [ 0 0 0 0 ] [....]
459984 - [ 00000000 ][ 0.000000 ] [ 0 ] [ 0 0 ] [ 0 0 0 0 ] [....]
459985 - [ 00000000 ][ 0.000000 ] [ 0 ] [ 0 0 ] [ 0 0 0 0 ] [....]
459986 - [ 00000000 ][ 0.000000 ] [ 0 ] [ 0 0 ] [ 0 0 0 0 ] [....]

amusement_east.sdb file for bgtp.arc
NOTE: Read 4800 of 4800 bytes from C:\Program Files (x86)\KONAMI\SILENT HILL 3\data\bgtp.arc at offset 1900652
>------===[ D A T A   F R O M   O F F S E T   1900652   O F   F I L E ]===------<
475163 - [ d0138581 ][ -9900000256.000000 ] [ 3490940289 ] [ 34177 53267 ] [ 129 133 19 208 ] [....]
475164 - [ 50138581 ][ 9900000256.000000 ] [ 1343456641 ] [ 34177 20499 ] [ 129 133 19 80 ] [...P]
475165 - [ 50138581 ][ 9900000256.000000 ] [ 1343456641 ] [ 34177 20499 ] [ 129 133 19 80 ] [...P]
475166 - [ d0138581 ][ -9900000256.000000 ] [ 3490940289 ] [ 34177 53267 ] [ 129 133 19 208 ] [....]
475167 - [ 50138581 ][ 9900000256.000000 ] [ 1343456641 ] [ 34177 20499 ] [ 129 133 19 80 ] [...P]
475168 - [ d0138581 ][ -9900000256.000000 ] [ 3490940289 ] [ 34177 53267 ] [ 129 133 19 208 ] [....]
475169 - [ 00000000 ][ 0.000000 ] [ 0 ] [ 0 0 ] [ 0 0 0 0 ] [....]
475170 - [ 00000000 ][ 0.000000 ] [ 0 ] [ 0 0 ] [ 0 0 0 0 ] [....]
475171 - [ 00000001 ][ 0.000000 ] [ 1 ] [ 1 0 ] [ 1 0 0 0 ] [....]
475172 - [ 00000000 ][ 0.000000 ] [ 0 ] [ 0 0 ] [ 0 0 0 0 ] [....]
475173 - [ 00000000 ][ 0.000000 ] [ 0 ] [ 0 0 ] [ 0 0 0 0 ] [....]
475174 - [ 00000000 ][ 0.000000 ] [ 0 ] [ 0 0 ] [ 0 0 0 0 ] [....]
475175 - [ 00000000 ][ 0.000000 ] [ 0 ] [ 0 0 ] [ 0 0 0 0 ] [....]
475176 - [ 00000000 ][ 0.000000 ] [ 0 ] [ 0 0 ] [ 0 0 0 0 ] [....]
475177 - [ 00000000 ][ 0.000000 ] [ 0 ] [ 0 0 ] [ 0 0 0 0 ] [....]
475178 - [ 00000000 ][ 0.000000 ] [ 0 ] [ 0 0 ] [ 0 0 0 0 ] [....]
475179 - [ 00000000 ][ 0.000000 ] [ 0 ] [ 0 0 ] [ 0 0 0 0 ] [....]
475180 - [ 00000000 ][ 0.000000 ] [ 0 ] [ 0 0 ] [ 0 0 0 0 ] [....]
475181 - [ 00000000 ][ 0.000000 ] [ 0 ] [ 0 0 ] [ 0 0 0 0 ] [....]
475182 - [ 00000000 ][ 0.000000 ] [ 0 ] [ 0 0 ] [ 0 0 0 0 ] [....]
475183 - [ 00000000 ][ 0.000000 ] [ 0 ] [ 0 0 ] [ 0 0 0 0 ] [....]
475184 - [ 00000000 ][ 0.000000 ] [ 0 ] [ 0 0 ] [ 0 0 0 0 ] [....]
475185 - [ 00000000 ][ 0.000000 ] [ 0 ] [ 0 0 ] [ 0 0 0 0 ] [....]
475186 - [ 00000000 ][ 0.000000 ] [ 0 ] [ 0 0 ] [ 0 0 0 0 ] [....]
475187 - [ 469c4000 ][ 20000.000000 ] [ 1184645120 ] [ 16384 18076 ] [ 0 64 156 70 ] [.@.F]
475188 - [ 47790600 ][ 63750.000000 ] [ 1199113728 ] [ 1536 18297 ] [ 0 6 121 71 ] [..yG]
475189 - [ 46bf6800 ][ 24500.000000 ] [ 1186949120 ] [ 26624 18111 ] [ 0 104 191 70 ] [.h.F]
475190 - [ 4759c600 ][ 55750.000000 ] [ 1197065728 ] [ 50688 18265 ] [ 0 198 89 71 ] [..YG]
475191 - [ 43020000 ][ 130.000000 ] [ 1124204544 ] [ 0 17154 ] [ 0 0 2 67 ] [...C]
475192 - [ c5c35000 ][ -6250.000000 ] [ 3317911552 ] [ 20480 50627 ] [ 0 80 195 197 ] [.P..]
475193 - [ 00000012 ][ 0.000000 ] [ 18 ] [ 18 0 ] [ 18 0 0 0 ] [....]
475194 - [ 00000000 ][ 0.000000 ] [ 0 ] [ 0 0 ] [ 0 0 0 0 ] [....]
475195 - [ 00000000 ][ 0.000000 ] [ 0 ] [ 0 0 ] [ 0 0 0 0 ] [....]
475196 - [ 00000000 ][ 0.000000 ] [ 0 ] [ 0 0 ] [ 0 0 0 0 ] [....]
475197 - [ 00000000 ][ 0.000000 ] [ 0 ] [ 0 0 ] [ 0 0 0 0 ] [....]
475198 - [ 00000000 ][ 0.000000 ] [ 0 ] [ 0 0 ] [ 0 0 0 0 ] [....]
475199 - [ 00000000 ][ 0.000000 ] [ 0 ] [ 0 0 ] [ 0 0 0 0 ] [....]
475200 - [ 00000000 ][ 0.000000 ] [ 0 ] [ 0 0 ] [ 0 0 0 0 ] [....]
475201 - [ 00000000 ][ 0.000000 ] [ 0 ] [ 0 0 ] [ 0 0 0 0 ] [....]
475202 - [ 00000000 ][ 0.000000 ] [ 0 ] [ 0 0 ] [ 0 0 0 0 ] [....]
475203 - [ 00000000 ][ 0.000000 ] [ 0 ] [ 0 0 ] [ 0 0 0 0 ] [....]
475204 - [ 00000000 ][ 0.000000 ] [ 0 ] [ 0 0 ] [ 0 0 0 0 ] [....]
475205 - [ 00000000 ][ 0.000000 ] [ 0 ] [ 0 0 ] [ 0 0 0 0 ] [....]
475206 - [ 00000000 ][ 0.000000 ] [ 0 ] [ 0 0 ] [ 0 0 0 0 ] [....]
475207 - [ 00000000 ][ 0.000000 ] [ 0 ] [ 0 0 ] [ 0 0 0 0 ] [....]
475208 - [ 00000000 ][ 0.000000 ] [ 0 ] [ 0 0 ] [ 0 0 0 0 ] [....]
475209 - [ 00000000 ][ 0.000000 ] [ 0 ] [ 0 0 ] [ 0 0 0 0 ] [....]
475210 - [ 00000000 ][ 0.000000 ] [ 0 ] [ 0 0 ] [ 0 0 0 0 ] [....]
475211 - [ 4682dc00 ][ 16750.000000 ] [ 1182981120 ] [ 56320 18050 ] [ 0 220 130 70 ] [...F]
475212 - [ 47790600 ][ 63750.000000 ] [ 1199113728 ] [ 1536 18297 ] [ 0 6 121 71 ] [..yG]
475213 - [ 469c4000 ][ 20000.000000 ] [ 1184645120 ] [ 16384 18076 ] [ 0 64 156 70 ] [.@.F]
475214 - [ 47667800 ][ 59000.000000 ] [ 1197897728 ] [ 30720 18278 ] [ 0 120 102 71 ] [.xfG]
475215 - [ 43020000 ][ 130.000000 ] [ 1124204544 ] [ 0 17154 ] [ 0 0 2 67 ] [...C]
475216 - [ c5c35000 ][ -6250.000000 ] [ 3317911552 ] [ 20480 50627 ] [ 0 80 195 197 ] [.P..]
475217 - [ 00000012 ][ 0.000000 ] [ 18 ] [ 18 0 ] [ 18 0 0 0 ] [....]
475218 - [ 00000000 ][ 0.000000 ] [ 0 ] [ 0 0 ] [ 0 0 0 0 ] [....]
475219 - [ 00000000 ][ 0.000000 ] [ 0 ] [ 0 0 ] [ 0 0 0 0 ] [....]
475220 - [ 00000000 ][ 0.000000 ] [ 0 ] [ 0 0 ] [ 0 0 0 0 ] [....]
475221 - [ 00000000 ][ 0.000000 ] [ 0 ] [ 0 0 ] [ 0 0 0 0 ] [....]
475222 - [ 00000000 ][ 0.000000 ] [ 0 ] [ 0 0 ] [ 0 0 0 0 ] [....]
475223 - [ 00000000 ][ 0.000000 ] [ 0 ] [ 0 0 ] [ 0 0 0 0 ] [....]
475224 - [ 00000000 ][ 0.000000 ] [ 0 ] [ 0 0 ] [ 0 0 0 0 ] [....]
475225 - [ 00000000 ][ 0.000000 ] [ 0 ] [ 0 0 ] [ 0 0 0 0 ] [....]
475226 - [ 00000000 ][ 0.000000 ] [ 0 ] [ 0 0 ] [ 0 0 0 0 ] [....]
475227 - [ 00000000 ][ 0.000000 ] [ 0 ] [ 0 0 ] [ 0 0 0 0 ] [....]
475228 - [ 00000000 ][ 0.000000 ] [ 0 ] [ 0 0 ] [ 0 0 0 0 ] [....]
475229 - [ 00000000 ][ 0.000000 ] [ 0 ] [ 0 0 ] [ 0 0 0 0 ] [....]
475230 - [ 00000000 ][ 0.000000 ] [ 0 ] [ 0 0 ] [ 0 0 0 0 ] [....]
475231 - [ 00000000 ][ 0.000000 ] [ 0 ] [ 0 0 ] [ 0 0 0 0 ] [....]
475232 - [ 00000000 ][ 0.000000 ] [ 0 ] [ 0 0 ] [ 0 0 0 0 ] [....]
475233 - [ 00000000 ][ 0.000000 ] [ 0 ] [ 0 0 ] [ 0 0 0 0 ] [....]
475234 - [ 00000000 ][ 0.000000 ] [ 0 ] [ 0 0 ] [ 0 0 0 0 ] [....]
475235 - [ 4682dc00 ][ 16750.000000 ] [ 1182981120 ] [ 56320 18050 ] [ 0 220 130 70 ] [...F]
475236 - [ 47667800 ][ 59000.000000 ] [ 1197897728 ] [ 30720 18278 ] [ 0 120 102 71 ] [.xfG]
475237 - [ 469c4000 ][ 20000.000000 ] [ 1184645120 ] [ 16384 18076 ] [ 0 64 156 70 ] [.@.F]
475238 - [ 4759c600 ][ 55750.000000 ] [ 1197065728 ] [ 50688 18265 ] [ 0 198 89 71 ] [..YG]
475239 - [ 43020000 ][ 130.000000 ] [ 1124204544 ] [ 0 17154 ] [ 0 0 2 67 ] [...C]
475240 - [ c5c35000 ][ -6250.000000 ] [ 3317911552 ] [ 20480 50627 ] [ 0 80 195 197 ] [.P..]
475241 - [ 00000012 ][ 0.000000 ] [ 18 ] [ 18 0 ] [ 18 0 0 0 ] [....]
475242 - [ 00000000 ][ 0.000000 ] [ 0 ] [ 0 0 ] [ 0 0 0 0 ] [....]
475243 - [ 00000000 ][ 0.000000 ] [ 0 ] [ 0 0 ] [ 0 0 0 0 ] [....]
475244 - [ 00000000 ][ 0.000000 ] [ 0 ] [ 0 0 ] [ 0 0 0 0 ] [....]
475245 - [ 00000000 ][ 0.000000 ] [ 0 ] [ 0 0 ] [ 0 0 0 0 ] [....]
475246 - [ 00000000 ][ 0.000000 ] [ 0 ] [ 0 0 ] [ 0 0 0 0 ] [....]
475247 - [ 00000000 ][ 0.000000 ] [ 0 ] [ 0 0 ] [ 0 0 0 0 ] [....]
475248 - [ 00000000 ][ 0.000000 ] [ 0 ] [ 0 0 ] [ 0 0 0 0 ] [....]
475249 - [ 00000000 ][ 0.000000 ] [ 0 ] [ 0 0 ] [ 0 0 0 0 ] [....]
475250 - [ 00000000 ][ 0.000000 ] [ 0 ] [ 0 0 ] [ 0 0 0 0 ] [....]
475251 - [ 00000000 ][ 0.000000 ] [ 0 ] [ 0 0 ] [ 0 0 0 0 ] [....]
475252 - [ 00000000 ][ 0.000000 ] [ 0 ] [ 0 0 ] [ 0 0 0 0 ] [....]
475253 - [ 00000000 ][ 0.000000 ] [ 0 ] [ 0 0 ] [ 0 0 0 0 ] [....]
475254 - [ 00000000 ][ 0.000000 ] [ 0 ] [ 0 0 ] [ 0 0 0 0 ] [....]
475255 - [ 00000000 ][ 0.000000 ] [ 0 ] [ 0 0 ] [ 0 0 0 0 ] [....]
475256 - [ 00000000 ][ 0.000000 ] [ 0 ] [ 0 0 ] [ 0 0 0 0 ] [....]
475257 - [ 00000000 ][ 0.000000 ] [ 0 ] [ 0 0 ] [ 0 0 0 0 ] [....]
475258 - [ 00000000 ][ 0.000000 ] [ 0 ] [ 0 0 ] [ 0 0 0 0 ] [....]
475259 - [ 468d3600 ][ 18075.000000 ] [ 1183659520 ] [ 13824 18061 ] [ 0 54 141 70 ] [.6.F]
475260 - [ 47c6d400 ][ 101800.000000 ] [ 1204212736 ] [ 54272 18374 ] [ 0 212 198 71 ] [...G]
475261 - [ 46aaf000 ][ 21880.000000 ] [ 1185607680 ] [ 61440 18090 ] [ 0 240 170 70 ] [...F]
475262 - [ 47bfa680 ][ 98125.000000 ] [ 1203742336 ] [ 42624 18367 ] [ 128 166 191 71 ] [...G]
475263 - [ 42480000 ][ 50.000000 ] [ 1112014848 ] [ 0 16968 ] [ 0 0 72 66 ] [..HB]
475264 - [ c5228000 ][ -2600.000000 ] [ 3307372544 ] [ 32768 50466 ] [ 0 128 34 197 ] [..".]
475265 - [ 00000013 ][ 0.000000 ] [ 19 ] [ 19 0 ] [ 19 0 0 0 ] [....]
475266 - [ 00000000 ][ 0.000000 ] [ 0 ] [ 0 0 ] [ 0 0 0 0 ] [....]
475267 - [ 00000000 ][ 0.000000 ] [ 0 ] [ 0 0 ] [ 0 0 0 0 ] [....]
475268 - [ 00000000 ][ 0.000000 ] [ 0 ] [ 0 0 ] [ 0 0 0 0 ] [....]
475269 - [ 00000000 ][ 0.000000 ] [ 0 ] [ 0 0 ] [ 0 0 0 0 ] [....]
475270 - [ 00000000 ][ 0.000000 ] [ 0 ] [ 0 0 ] [ 0 0 0 0 ] [....]
475271 - [ 00000000 ][ 0.000000 ] [ 0 ] [ 0 0 ] [ 0 0 0 0 ] [....]
475272 - [ 00000000 ][ 0.000000 ] [ 0 ] [ 0 0 ] [ 0 0 0 0 ] [....]
475273 - [ 00000000 ][ 0.000000 ] [ 0 ] [ 0 0 ] [ 0 0 0 0 ] [....]
475274 - [ 00000000 ][ 0.000000 ] [ 0 ] [ 0 0 ] [ 0 0 0 0 ] [....]
475275 - [ 00000000 ][ 0.000000 ] [ 0 ] [ 0 0 ] [ 0 0 0 0 ] [....]
475276 - [ 00000000 ][ 0.000000 ] [ 0 ] [ 0 0 ] [ 0 0 0 0 ] [....]
475277 - [ 00000000 ][ 0.000000 ] [ 0 ] [ 0 0 ] [ 0 0 0 0 ] [....]
475278 - [ 00000000 ][ 0.000000 ] [ 0 ] [ 0 0 ] [ 0 0 0 0 ] [....]
475279 - [ 00000000 ][ 0.000000 ] [ 0 ] [ 0 0 ] [ 0 0 0 0 ] [....]
475280 - [ 00000000 ][ 0.000000 ] [ 0 ] [ 0 0 ] [ 0 0 0 0 ] [....]
475281 - [ 00000000 ][ 0.000000 ] [ 0 ] [ 0 0 ] [ 0 0 0 0 ] [....]
475282 - [ 00000000 ][ 0.000000 ] [ 0 ] [ 0 0 ] [ 0 0 0 0 ] [....]
475283 - [ 475a5c00 ][ 55900.000000 ] [ 1197104128 ] [ 23552 18266 ] [ 0 92 90 71 ] [.\ZG]
475284 - [ 46a41c00 ][ 21006.000000 ] [ 1185160192 ] [ 7168 18084 ] [ 0 28 164 70 ] [...F]
475285 - [ 47727b00 ][ 62075.000000 ] [ 1198684928 ] [ 31488 18290 ] [ 0 123 114 71 ] [.{rG]
475286 - [ 4693ce00 ][ 18919.000000 ] [ 1184091648 ] [ 52736 18067 ] [ 0 206 147 70 ] [...F]
475287 - [ 42480000 ][ 50.000000 ] [ 1112014848 ] [ 0 16968 ] [ 0 0 72 66 ] [..HB]
475288 - [ c4f5e000 ][ -1967.000000 ] [ 3304448000 ] [ 57344 50421 ] [ 0 224 245 196 ] [....]
475289 - [ 00000021 ][ 0.000000 ] [ 33 ] [ 33 0 ] [ 33 0 0 0 ] [!...]
475290 - [ 00000000 ][ 0.000000 ] [ 0 ] [ 0 0 ] [ 0 0 0 0 ] [....]
475291 - [ 00000000 ][ 0.000000 ] [ 0 ] [ 0 0 ] [ 0 0 0 0 ] [....]
475292 - [ 00000000 ][ 0.000000 ] [ 0 ] [ 0 0 ] [ 0 0 0 0 ] [....]
475293 - [ 00000000 ][ 0.000000 ] [ 0 ] [ 0 0 ] [ 0 0 0 0 ] [....]
475294 - [ 00000000 ][ 0.000000 ] [ 0 ] [ 0 0 ] [ 0 0 0 0 ] [....]
475295 - [ 00000000 ][ 0.000000 ] [ 0 ] [ 0 0 ] [ 0 0 0 0 ] [....]
475296 - [ 00000000 ][ 0.000000 ] [ 0 ] [ 0 0 ] [ 0 0 0 0 ] [....]
475297 - [ 00000000 ][ 0.000000 ] [ 0 ] [ 0 0 ] [ 0 0 0 0 ] [....]
475298 - [ 00000000 ][ 0.000000 ] [ 0 ] [ 0 0 ] [ 0 0 0 0 ] [....]
475299 - [ 00000000 ][ 0.000000 ] [ 0 ] [ 0 0 ] [ 0 0 0 0 ] [....]
475300 - [ 00000000 ][ 0.000000 ] [ 0 ] [ 0 0 ] [ 0 0 0 0 ] [....]
475301 - [ 00000000 ][ 0.000000 ] [ 0 ] [ 0 0 ] [ 0 0 0 0 ] [....]
475302 - [ 00000000 ][ 0.000000 ] [ 0 ] [ 0 0 ] [ 0 0 0 0 ] [....]
475303 - [ 00000000 ][ 0.000000 ] [ 0 ] [ 0 0 ] [ 0 0 0 0 ] [....]
475304 - [ 00000000 ][ 0.000000 ] [ 0 ] [ 0 0 ] [ 0 0 0 0 ] [....]
475305 - [ 00000000 ][ 0.000000 ] [ 0 ] [ 0 0 ] [ 0 0 0 0 ] [....]
475306 - [ 00000000 ][ 0.000000 ] [ 0 ] [ 0 0 ] [ 0 0 0 0 ] [....]
475307 - [ 4756d800 ][ 55000.000000 ] [ 1196873728 ] [ 55296 18262 ] [ 0 216 86 71 ] [..VG]
475308 - [ 47742400 ][ 62500.000000 ] [ 1198793728 ] [ 9216 18292 ] [ 0 36 116 71 ] [.$tG]
475309 - [ 477a0000 ][ 64000.000000 ] [ 1199177728 ] [ 0 18298 ] [ 0 0 122 71 ] [..zG]
475310 - [ 47609c00 ][ 57500.000000 ] [ 1197513728 ] [ 39936 18272 ] [ 0 156 96 71 ] [..`G]
475311 - [ 42480000 ][ 50.000000 ] [ 1112014848 ] [ 0 16968 ] [ 0 0 72 66 ] [..HB]
475312 - [ c5674000 ][ -3700.000000 ] [ 3311878144 ] [ 16384 50535 ] [ 0 64 103 197 ] [.@g.]
475313 - [ 00000022 ][ 0.000000 ] [ 34 ] [ 34 0 ] [ 34 0 0 0 ] ["...]
475314 - [ 00000000 ][ 0.000000 ] [ 0 ] [ 0 0 ] [ 0 0 0 0 ] [....]
475315 - [ 00000000 ][ 0.000000 ] [ 0 ] [ 0 0 ] [ 0 0 0 0 ] [....]
475316 - [ 00000000 ][ 0.000000 ] [ 0 ] [ 0 0 ] [ 0 0 0 0 ] [....]
475317 - [ 00000000 ][ 0.000000 ] [ 0 ] [ 0 0 ] [ 0 0 0 0 ] [....]
475318 - [ 00000000 ][ 0.000000 ] [ 0 ] [ 0 0 ] [ 0 0 0 0 ] [....]
475319 - [ 00000000 ][ 0.000000 ] [ 0 ] [ 0 0 ] [ 0 0 0 0 ] [....]
475320 - [ 00000000 ][ 0.000000 ] [ 0 ] [ 0 0 ] [ 0 0 0 0 ] [....]
475321 - [ 00000000 ][ 0.000000 ] [ 0 ] [ 0 0 ] [ 0 0 0 0 ] [....]
475322 - [ 00000000 ][ 0.000000 ] [ 0 ] [ 0 0 ] [ 0 0 0 0 ] [....]
475323 - [ 00000000 ][ 0.000000 ] [ 0 ] [ 0 0 ] [ 0 0 0 0 ] [....]
475324 - [ 00000000 ][ 0.000000 ] [ 0 ] [ 0 0 ] [ 0 0 0 0 ] [....]
475325 - [ 00000000 ][ 0.000000 ] [ 0 ] [ 0 0 ] [ 0 0 0 0 ] [....]
475326 - [ 00000000 ][ 0.000000 ] [ 0 ] [ 0 0 ] [ 0 0 0 0 ] [....]
475327 - [ 00000000 ][ 0.000000 ] [ 0 ] [ 0 0 ] [ 0 0 0 0 ] [....]
475328 - [ 00000000 ][ 0.000000 ] [ 0 ] [ 0 0 ] [ 0 0 0 0 ] [....]
475329 - [ 00000000 ][ 0.000000 ] [ 0 ] [ 0 0 ] [ 0 0 0 0 ] [....]
475330 - [ 00000000 ][ 0.000000 ] [ 0 ] [ 0 0 ] [ 0 0 0 0 ] [....]
475331 - [ 4760fb00 ][ 57595.000000 ] [ 1197538048 ] [ 64256 18272 ] [ 0 251 96 71 ] [..`G]
475332 - [ 47d08e00 ][ 106780.000000 ] [ 1204850176 ] [ 36352 18384 ] [ 0 142 208 71 ] [...G]
475333 - [ 47642a00 ][ 58410.000000 ] [ 1197746688 ] [ 10752 18276 ] [ 0 42 100 71 ] [.*dG]
475334 - [ 47c8af00 ][ 102750.000000 ] [ 1204334336 ] [ 44800 18376 ] [ 0 175 200 71 ] [...G]
475335 - [ 42480000 ][ 50.000000 ] [ 1112014848 ] [ 0 16968 ] [ 0 0 72 66 ] [..HB]
475336 - [ c5402000 ][ -3074.000000 ] [ 3309314048 ] [ 8192 50496 ] [ 0 32 64 197 ] [..@.]
475337 - [ 00000023 ][ 0.000000 ] [ 35 ] [ 35 0 ] [ 35 0 0 0 ] [#...]
475338 - [ 00000000 ][ 0.000000 ] [ 0 ] [ 0 0 ] [ 0 0 0 0 ] [....]
475339 - [ 00000000 ][ 0.000000 ] [ 0 ] [ 0 0 ] [ 0 0 0 0 ] [....]
475340 - [ 00000000 ][ 0.000000 ] [ 0 ] [ 0 0 ] [ 0 0 0 0 ] [....]
475341 - [ 00000000 ][ 0.000000 ] [ 0 ] [ 0 0 ] [ 0 0 0 0 ] [....]
475342 - [ 00000000 ][ 0.000000 ] [ 0 ] [ 0 0 ] [ 0 0 0 0 ] [....]
475343 - [ 00000000 ][ 0.000000 ] [ 0 ] [ 0 0 ] [ 0 0 0 0 ] [....]
475344 - [ 00000000 ][ 0.000000 ] [ 0 ] [ 0 0 ] [ 0 0 0 0 ] [....]
475345 - [ 00000000 ][ 0.000000 ] [ 0 ] [ 0 0 ] [ 0 0 0 0 ] [....]
475346 - [ 00000000 ][ 0.000000 ] [ 0 ] [ 0 0 ] [ 0 0 0 0 ] [....]
475347 - [ 00000000 ][ 0.000000 ] [ 0 ] [ 0 0 ] [ 0 0 0 0 ] [....]
475348 - [ 00000000 ][ 0.000000 ] [ 0 ] [ 0 0 ] [ 0 0 0 0 ] [....]
475349 - [ 00000000 ][ 0.000000 ] [ 0 ] [ 0 0 ] [ 0 0 0 0 ] [....]
475350 - [ 00000000 ][ 0.000000 ] [ 0 ] [ 0 0 ] [ 0 0 0 0 ] [....]
475351 - [ 00000000 ][ 0.000000 ] [ 0 ] [ 0 0 ] [ 0 0 0 0 ] [....]
475352 - [ 00000000 ][ 0.000000 ] [ 0 ] [ 0 0 ] [ 0 0 0 0 ] [....]
475353 - [ 00000001 ][ 0.000000 ] [ 1 ] [ 1 0 ] [ 1 0 0 0 ] [....]
475354 - [ 00000000 ][ 0.000000 ] [ 0 ] [ 0 0 ] [ 0 0 0 0 ] [....]
475355 - [ 4760fb00 ][ 57595.000000 ] [ 1197538048 ] [ 64256 18272 ] [ 0 251 96 71 ] [..`G]
475356 - [ 47ca5a80 ][ 103605.000000 ] [ 1204443776 ] [ 23168 18378 ] [ 128 90 202 71 ] [.Z.G]
475357 - [ 476c0900 ][ 60425.000000 ] [ 1198262528 ] [ 2304 18284 ] [ 0 9 108 71 ] [..lG]
475358 - [ 47c8af00 ][ 102750.000000 ] [ 1204334336 ] [ 44800 18376 ] [ 0 175 200 71 ] [...G]
475359 - [ 42480000 ][ 50.000000 ] [ 1112014848 ] [ 0 16968 ] [ 0 0 72 66 ] [..HB]
475360 - [ c5402000 ][ -3074.000000 ] [ 3309314048 ] [ 8192 50496 ] [ 0 32 64 197 ] [..@.]
475361 - [ 00000023 ][ 0.000000 ] [ 35 ] [ 35 0 ] [ 35 0 0 0 ] [#...]
475362 - [ 00000000 ][ 0.000000 ] [ 0 ] [ 0 0 ] [ 0 0 0 0 ] [....]
475363 - [ 00000000 ][ 0.000000 ] [ 0 ] [ 0 0 ] [ 0 0 0 0 ] [....]
475364 - [ 00000000 ][ 0.000000 ] [ 0 ] [ 0 0 ] [ 0 0 0 0 ] [....]
475365 - [ 00000000 ][ 0.000000 ] [ 0 ] [ 0 0 ] [ 0 0 0 0 ] [....]
475366 - [ 00000000 ][ 0.000000 ] [ 0 ] [ 0 0 ] [ 0 0 0 0 ] [....]
475367 - [ 00000000 ][ 0.000000 ] [ 0 ] [ 0 0 ] [ 0 0 0 0 ] [....]
475368 - [ 00000000 ][ 0.000000 ] [ 0 ] [ 0 0 ] [ 0 0 0 0 ] [....]
475369 - [ 00000000 ][ 0.000000 ] [ 0 ] [ 0 0 ] [ 0 0 0 0 ] [....]
475370 - [ 00000000 ][ 0.000000 ] [ 0 ] [ 0 0 ] [ 0 0 0 0 ] [....]
475371 - [ 00000000 ][ 0.000000 ] [ 0 ] [ 0 0 ] [ 0 0 0 0 ] [....]
475372 - [ 00000000 ][ 0.000000 ] [ 0 ] [ 0 0 ] [ 0 0 0 0 ] [....]
475373 - [ 00000000 ][ 0.000000 ] [ 0 ] [ 0 0 ] [ 0 0 0 0 ] [....]
475374 - [ 00000000 ][ 0.000000 ] [ 0 ] [ 0 0 ] [ 0 0 0 0 ] [....]
475375 - [ 00000000 ][ 0.000000 ] [ 0 ] [ 0 0 ] [ 0 0 0 0 ] [....]
475376 - [ 00000000 ][ 0.000000 ] [ 0 ] [ 0 0 ] [ 0 0 0 0 ] [....]
475377 - [ 00000001 ][ 0.000000 ] [ 1 ] [ 1 0 ] [ 1 0 0 0 ] [....]
475378 - [ 00000000 ][ 0.000000 ] [ 0 ] [ 0 0 ] [ 0 0 0 0 ] [....]
475379 - [ 4768d500 ][ 59605.000000 ] [ 1198052608 ] [ 54528 18280 ] [ 0 213 104 71 ] [..hG]
475380 - [ 47ca5a80 ][ 103605.000000 ] [ 1204443776 ] [ 23168 18378 ] [ 128 90 202 71 ] [.Z.G]
475381 - [ 476c0900 ][ 60425.000000 ] [ 1198262528 ] [ 2304 18284 ] [ 0 9 108 71 ] [..lG]
475382 - [ 47ba0900 ][ 95250.000000 ] [ 1203374336 ] [ 2304 18362 ] [ 0 9 186 71 ] [...G]
475383 - [ 42480000 ][ 50.000000 ] [ 1112014848 ] [ 0 16968 ] [ 0 0 72 66 ] [..HB]
475384 - [ c5402000 ][ -3074.000000 ] [ 3309314048 ] [ 8192 50496 ] [ 0 32 64 197 ] [..@.]
475385 - [ 00000023 ][ 0.000000 ] [ 35 ] [ 35 0 ] [ 35 0 0 0 ] [#...]
475386 - [ 00000000 ][ 0.000000 ] [ 0 ] [ 0 0 ] [ 0 0 0 0 ] [....]
475387 - [ 00000000 ][ 0.000000 ] [ 0 ] [ 0 0 ] [ 0 0 0 0 ] [....]
475388 - [ 00000000 ][ 0.000000 ] [ 0 ] [ 0 0 ] [ 0 0 0 0 ] [....]
475389 - [ 00000000 ][ 0.000000 ] [ 0 ] [ 0 0 ] [ 0 0 0 0 ] [....]
475390 - [ 00000000 ][ 0.000000 ] [ 0 ] [ 0 0 ] [ 0 0 0 0 ] [....]
475391 - [ 00000000 ][ 0.000000 ] [ 0 ] [ 0 0 ] [ 0 0 0 0 ] [....]
475392 - [ 00000000 ][ 0.000000 ] [ 0 ] [ 0 0 ] [ 0 0 0 0 ] [....]
475393 - [ 00000000 ][ 0.000000 ] [ 0 ] [ 0 0 ] [ 0 0 0 0 ] [....]
475394 - [ 00000000 ][ 0.000000 ] [ 0 ] [ 0 0 ] [ 0 0 0 0 ] [....]
475395 - [ 00000000 ][ 0.000000 ] [ 0 ] [ 0 0 ] [ 0 0 0 0 ] [....]
475396 - [ 00000000 ][ 0.000000 ] [ 0 ] [ 0 0 ] [ 0 0 0 0 ] [....]
475397 - [ 00000000 ][ 0.000000 ] [ 0 ] [ 0 0 ] [ 0 0 0 0 ] [....]
475398 - [ 00000000 ][ 0.000000 ] [ 0 ] [ 0 0 ] [ 0 0 0 0 ] [....]
475399 - [ 00000000 ][ 0.000000 ] [ 0 ] [ 0 0 ] [ 0 0 0 0 ] [....]
475400 - [ 00000000 ][ 0.000000 ] [ 0 ] [ 0 0 ] [ 0 0 0 0 ] [....]
475401 - [ 00000001 ][ 0.000000 ] [ 1 ] [ 1 0 ] [ 1 0 0 0 ] [....]
475402 - [ 00000000 ][ 0.000000 ] [ 0 ] [ 0 0 ] [ 0 0 0 0 ] [....]
475403 - [ 47642000 ][ 58400.000000 ] [ 1197744128 ] [ 8192 18276 ] [ 0 32 100 71 ] [..dG]
475404 - [ 47bb8000 ][ 96000.000000 ] [ 1203470336 ] [ 32768 18363 ] [ 0 128 187 71 ] [...G]
475405 - [ 476c0900 ][ 60425.000000 ] [ 1198262528 ] [ 2304 18284 ] [ 0 9 108 71 ] [..lG]
475406 - [ 47b89200 ][ 94500.000000 ] [ 1203278336 ] [ 37376 18360 ] [ 0 146 184 71 ] [...G]
475407 - [ 42480000 ][ 50.000000 ] [ 1112014848 ] [ 0 16968 ] [ 0 0 72 66 ] [..HB]
475408 - [ c5402000 ][ -3074.000000 ] [ 3309314048 ] [ 8192 50496 ] [ 0 32 64 197 ] [..@.]
475409 - [ 00000023 ][ 0.000000 ] [ 35 ] [ 35 0 ] [ 35 0 0 0 ] [#...]
475410 - [ 00000000 ][ 0.000000 ] [ 0 ] [ 0 0 ] [ 0 0 0 0 ] [....]
475411 - [ 00000000 ][ 0.000000 ] [ 0 ] [ 0 0 ] [ 0 0 0 0 ] [....]
475412 - [ 00000000 ][ 0.000000 ] [ 0 ] [ 0 0 ] [ 0 0 0 0 ] [....]
475413 - [ 00000000 ][ 0.000000 ] [ 0 ] [ 0 0 ] [ 0 0 0 0 ] [....]
475414 - [ 00000000 ][ 0.000000 ] [ 0 ] [ 0 0 ] [ 0 0 0 0 ] [....]
475415 - [ 00000000 ][ 0.000000 ] [ 0 ] [ 0 0 ] [ 0 0 0 0 ] [....]
475416 - [ 00000000 ][ 0.000000 ] [ 0 ] [ 0 0 ] [ 0 0 0 0 ] [....]
475417 - [ 00000000 ][ 0.000000 ] [ 0 ] [ 0 0 ] [ 0 0 0 0 ] [....]
475418 - [ 00000000 ][ 0.000000 ] [ 0 ] [ 0 0 ] [ 0 0 0 0 ] [....]
475419 - [ 00000000 ][ 0.000000 ] [ 0 ] [ 0 0 ] [ 0 0 0 0 ] [....]
475420 - [ 00000000 ][ 0.000000 ] [ 0 ] [ 0 0 ] [ 0 0 0 0 ] [....]
475421 - [ 00000000 ][ 0.000000 ] [ 0 ] [ 0 0 ] [ 0 0 0 0 ] [....]
475422 - [ 00000000 ][ 0.000000 ] [ 0 ] [ 0 0 ] [ 0 0 0 0 ] [....]
475423 - [ 00000000 ][ 0.000000 ] [ 0 ] [ 0 0 ] [ 0 0 0 0 ] [....]
475424 - [ 00000000 ][ 0.000000 ] [ 0 ] [ 0 0 ] [ 0 0 0 0 ] [....]
475425 - [ 00000001 ][ 0.000000 ] [ 1 ] [ 1 0 ] [ 1 0 0 0 ] [....]
475426 - [ 00000000 ][ 0.000000 ] [ 0 ] [ 0 0 ] [ 0 0 0 0 ] [....]
475427 - [ 476c0900 ][ 60425.000000 ] [ 1198262528 ] [ 2304 18284 ] [ 0 9 108 71 ] [..lG]
475428 - [ 47c4c700 ][ 100750.000000 ] [ 1204078336 ] [ 50944 18372 ] [ 0 199 196 71 ] [...G]
475429 - [ 477a0000 ][ 64000.000000 ] [ 1199177728 ] [ 0 18298 ] [ 0 0 122 71 ] [..zG]
475430 - [ 47c35000 ][ 100000.000000 ] [ 1203982336 ] [ 20480 18371 ] [ 0 80 195 71 ] [.P.G]
475431 - [ 42480000 ][ 50.000000 ] [ 1112014848 ] [ 0 16968 ] [ 0 0 72 66 ] [..HB]
475432 - [ c5402000 ][ -3074.000000 ] [ 3309314048 ] [ 8192 50496 ] [ 0 32 64 197 ] [..@.]
475433 - [ 00000023 ][ 0.000000 ] [ 35 ] [ 35 0 ] [ 35 0 0 0 ] [#...]
475434 - [ 00000000 ][ 0.000000 ] [ 0 ] [ 0 0 ] [ 0 0 0 0 ] [....]
475435 - [ 00000000 ][ 0.000000 ] [ 0 ] [ 0 0 ] [ 0 0 0 0 ] [....]
475436 - [ 00000000 ][ 0.000000 ] [ 0 ] [ 0 0 ] [ 0 0 0 0 ] [....]
475437 - [ 00000000 ][ 0.000000 ] [ 0 ] [ 0 0 ] [ 0 0 0 0 ] [....]
475438 - [ 00000000 ][ 0.000000 ] [ 0 ] [ 0 0 ] [ 0 0 0 0 ] [....]
475439 - [ 00000000 ][ 0.000000 ] [ 0 ] [ 0 0 ] [ 0 0 0 0 ] [....]
475440 - [ 00000000 ][ 0.000000 ] [ 0 ] [ 0 0 ] [ 0 0 0 0 ] [....]
475441 - [ 00000000 ][ 0.000000 ] [ 0 ] [ 0 0 ] [ 0 0 0 0 ] [....]
475442 - [ 00000000 ][ 0.000000 ] [ 0 ] [ 0 0 ] [ 0 0 0 0 ] [....]
475443 - [ 00000000 ][ 0.000000 ] [ 0 ] [ 0 0 ] [ 0 0 0 0 ] [....]
475444 - [ 00000000 ][ 0.000000 ] [ 0 ] [ 0 0 ] [ 0 0 0 0 ] [....]
475445 - [ 00000000 ][ 0.000000 ] [ 0 ] [ 0 0 ] [ 0 0 0 0 ] [....]
475446 - [ 00000000 ][ 0.000000 ] [ 0 ] [ 0 0 ] [ 0 0 0 0 ] [....]
475447 - [ 00000000 ][ 0.000000 ] [ 0 ] [ 0 0 ] [ 0 0 0 0 ] [....]
475448 - [ 00000000 ][ 0.000000 ] [ 0 ] [ 0 0 ] [ 0 0 0 0 ] [....]
475449 - [ 00000001 ][ 0.000000 ] [ 1 ] [ 1 0 ] [ 1 0 0 0 ] [....]
475450 - [ 00000000 ][ 0.000000 ] [ 0 ] [ 0 0 ] [ 0 0 0 0 ] [....]
475451 - [ 47771200 ][ 63250.000000 ] [ 1198985728 ] [ 4608 18295 ] [ 0 18 119 71 ] [..wG]
475452 - [ 47c4c700 ][ 100750.000000 ] [ 1204078336 ] [ 50944 18372 ] [ 0 199 196 71 ] [...G]
475453 - [ 477a0000 ][ 64000.000000 ] [ 1199177728 ] [ 0 18298 ] [ 0 0 122 71 ] [..zG]
475454 - [ 47c02600 ][ 98380.000000 ] [ 1203774976 ] [ 9728 18368 ] [ 0 38 192 71 ] [.&.G]
475455 - [ 42480000 ][ 50.000000 ] [ 1112014848 ] [ 0 16968 ] [ 0 0 72 66 ] [..HB]
475456 - [ c5402000 ][ -3074.000000 ] [ 3309314048 ] [ 8192 50496 ] [ 0 32 64 197 ] [..@.]
475457 - [ 00000023 ][ 0.000000 ] [ 35 ] [ 35 0 ] [ 35 0 0 0 ] [#...]
475458 - [ 00000000 ][ 0.000000 ] [ 0 ] [ 0 0 ] [ 0 0 0 0 ] [....]
475459 - [ 00000000 ][ 0.000000 ] [ 0 ] [ 0 0 ] [ 0 0 0 0 ] [....]
475460 - [ 00000000 ][ 0.000000 ] [ 0 ] [ 0 0 ] [ 0 0 0 0 ] [....]
475461 - [ 00000000 ][ 0.000000 ] [ 0 ] [ 0 0 ] [ 0 0 0 0 ] [....]
475462 - [ 00000000 ][ 0.000000 ] [ 0 ] [ 0 0 ] [ 0 0 0 0 ] [....]
475463 - [ 00000000 ][ 0.000000 ] [ 0 ] [ 0 0 ] [ 0 0 0 0 ] [....]
475464 - [ 00000000 ][ 0.000000 ] [ 0 ] [ 0 0 ] [ 0 0 0 0 ] [....]
475465 - [ 00000000 ][ 0.000000 ] [ 0 ] [ 0 0 ] [ 0 0 0 0 ] [....]
475466 - [ 00000000 ][ 0.000000 ] [ 0 ] [ 0 0 ] [ 0 0 0 0 ] [....]
475467 - [ 00000000 ][ 0.000000 ] [ 0 ] [ 0 0 ] [ 0 0 0 0 ] [....]
475468 - [ 00000000 ][ 0.000000 ] [ 0 ] [ 0 0 ] [ 0 0 0 0 ] [....]
475469 - [ 00000000 ][ 0.000000 ] [ 0 ] [ 0 0 ] [ 0 0 0 0 ] [....]
475470 - [ 00000000 ][ 0.000000 ] [ 0 ] [ 0 0 ] [ 0 0 0 0 ] [....]
475471 - [ 00000000 ][ 0.000000 ] [ 0 ] [ 0 0 ] [ 0 0 0 0 ] [....]
475472 - [ 00000000 ][ 0.000000 ] [ 0 ] [ 0 0 ] [ 0 0 0 0 ] [....]
475473 - [ 00000001 ][ 0.000000 ] [ 1 ] [ 1 0 ] [ 1 0 0 0 ] [....]
475474 - [ 00000000 ][ 0.000000 ] [ 0 ] [ 0 0 ] [ 0 0 0 0 ] [....]
475475 - [ 4768d500 ][ 59605.000000 ] [ 1198052608 ] [ 54528 18280 ] [ 0 213 104 71 ] [..hG]
475476 - [ 47c1bb00 ][ 99190.000000 ] [ 1203878656 ] [ 47872 18369 ] [ 0 187 193 71 ] [...G]
475477 - [ 477a0000 ][ 64000.000000 ] [ 1199177728 ] [ 0 18298 ] [ 0 0 122 71 ] [..zG]
475478 - [ 47c02600 ][ 98380.000000 ] [ 1203774976 ] [ 9728 18368 ] [ 0 38 192 71 ] [.&.G]
475479 - [ 42480000 ][ 50.000000 ] [ 1112014848 ] [ 0 16968 ] [ 0 0 72 66 ] [..HB]
475480 - [ c5402000 ][ -3074.000000 ] [ 3309314048 ] [ 8192 50496 ] [ 0 32 64 197 ] [..@.]
475481 - [ 00000023 ][ 0.000000 ] [ 35 ] [ 35 0 ] [ 35 0 0 0 ] [#...]
475482 - [ 00000000 ][ 0.000000 ] [ 0 ] [ 0 0 ] [ 0 0 0 0 ] [....]
475483 - [ 00000000 ][ 0.000000 ] [ 0 ] [ 0 0 ] [ 0 0 0 0 ] [....]
475484 - [ 00000000 ][ 0.000000 ] [ 0 ] [ 0 0 ] [ 0 0 0 0 ] [....]
475485 - [ 00000000 ][ 0.000000 ] [ 0 ] [ 0 0 ] [ 0 0 0 0 ] [....]
475486 - [ 00000000 ][ 0.000000 ] [ 0 ] [ 0 0 ] [ 0 0 0 0 ] [....]
475487 - [ 00000000 ][ 0.000000 ] [ 0 ] [ 0 0 ] [ 0 0 0 0 ] [....]
475488 - [ 00000000 ][ 0.000000 ] [ 0 ] [ 0 0 ] [ 0 0 0 0 ] [....]
475489 - [ 00000000 ][ 0.000000 ] [ 0 ] [ 0 0 ] [ 0 0 0 0 ] [....]
475490 - [ 00000000 ][ 0.000000 ] [ 0 ] [ 0 0 ] [ 0 0 0 0 ] [....]
475491 - [ 00000000 ][ 0.000000 ] [ 0 ] [ 0 0 ] [ 0 0 0 0 ] [....]
475492 - [ 00000000 ][ 0.000000 ] [ 0 ] [ 0 0 ] [ 0 0 0 0 ] [....]
475493 - [ 00000000 ][ 0.000000 ] [ 0 ] [ 0 0 ] [ 0 0 0 0 ] [....]
475494 - [ 00000000 ][ 0.000000 ] [ 0 ] [ 0 0 ] [ 0 0 0 0 ] [....]
475495 - [ 00000000 ][ 0.000000 ] [ 0 ] [ 0 0 ] [ 0 0 0 0 ] [....]
475496 - [ 00000000 ][ 0.000000 ] [ 0 ] [ 0 0 ] [ 0 0 0 0 ] [....]
475497 - [ 00000001 ][ 0.000000 ] [ 1 ] [ 1 0 ] [ 1 0 0 0 ] [....]
475498 - [ 00000000 ][ 0.000000 ] [ 0 ] [ 0 0 ] [ 0 0 0 0 ] [....]
475499 - [ 475b8400 ][ 56196.000000 ] [ 1197179904 ] [ 33792 18267 ] [ 0 132 91 71 ] [..[G]
475500 - [ c6834a00 ][ -16805.000000 ] [ 3330492928 ] [ 18944 50819 ] [ 0 74 131 198 ] [.J..]
475501 - [ 4772b400 ][ 62132.000000 ] [ 1198699520 ] [ 46080 18290 ] [ 0 180 114 71 ] [..rG]
475502 - [ c6b08a00 ][ -22597.000000 ] [ 3333458432 ] [ 35328 50864 ] [ 0 138 176 198 ] [....]
475503 - [ 42480000 ][ 50.000000 ] [ 1112014848 ] [ 0 16968 ] [ 0 0 72 66 ] [..HB]
475504 - [ c531b000 ][ -2843.000000 ] [ 3308367872 ] [ 45056 50481 ] [ 0 176 49 197 ] [..1.]
475505 - [ 0000002f ][ 0.000000 ] [ 47 ] [ 47 0 ] [ 47 0 0 0 ] [/...]
475506 - [ 00000000 ][ 0.000000 ] [ 0 ] [ 0 0 ] [ 0 0 0 0 ] [....]
475507 - [ 00000000 ][ 0.000000 ] [ 0 ] [ 0 0 ] [ 0 0 0 0 ] [....]
475508 - [ 00000000 ][ 0.000000 ] [ 0 ] [ 0 0 ] [ 0 0 0 0 ] [....]
475509 - [ 00000000 ][ 0.000000 ] [ 0 ] [ 0 0 ] [ 0 0 0 0 ] [....]
475510 - [ 00000000 ][ 0.000000 ] [ 0 ] [ 0 0 ] [ 0 0 0 0 ] [....]
475511 - [ 00000000 ][ 0.000000 ] [ 0 ] [ 0 0 ] [ 0 0 0 0 ] [....]
475512 - [ 00000000 ][ 0.000000 ] [ 0 ] [ 0 0 ] [ 0 0 0 0 ] [....]
475513 - [ 00000000 ][ 0.000000 ] [ 0 ] [ 0 0 ] [ 0 0 0 0 ] [....]
475514 - [ 00000000 ][ 0.000000 ] [ 0 ] [ 0 0 ] [ 0 0 0 0 ] [....]
475515 - [ 00000000 ][ 0.000000 ] [ 0 ] [ 0 0 ] [ 0 0 0 0 ] [....]
475516 - [ 00000000 ][ 0.000000 ] [ 0 ] [ 0 0 ] [ 0 0 0 0 ] [....]
475517 - [ 00000000 ][ 0.000000 ] [ 0 ] [ 0 0 ] [ 0 0 0 0 ] [....]
475518 - [ 00000000 ][ 0.000000 ] [ 0 ] [ 0 0 ] [ 0 0 0 0 ] [....]
475519 - [ 00000000 ][ 0.000000 ] [ 0 ] [ 0 0 ] [ 0 0 0 0 ] [....]
475520 - [ 00000000 ][ 0.000000 ] [ 0 ] [ 0 0 ] [ 0 0 0 0 ] [....]
475521 - [ 00000000 ][ 0.000000 ] [ 0 ] [ 0 0 ] [ 0 0 0 0 ] [....]
475522 - [ 00000000 ][ 0.000000 ] [ 0 ] [ 0 0 ] [ 0 0 0 0 ] [....]
475523 - [ 47ba5280 ][ 95397.000000 ] [ 1203393152 ] [ 21120 18362 ] [ 128 82 186 71 ] [.R.G]
475524 - [ 46c2c400 ][ 24930.000000 ] [ 1187169280 ] [ 50176 18114 ] [ 0 196 194 70 ] [...F]
475525 - [ 47cc4d80 ][ 104603.000000 ] [ 1204571520 ] [ 19840 18380 ] [ 128 77 204 71 ] [.M.G]
475526 - [ 466ba000 ][ 15080.000000 ] [ 1181458432 ] [ 40960 18027 ] [ 0 160 107 70 ] [..kF]
475527 - [ 43330000 ][ 179.000000 ] [ 1127415808 ] [ 0 17203 ] [ 0 0 51 67 ] [..3C]
475528 - [ c5a44000 ][ -5256.000000 ] [ 3315875840 ] [ 16384 50596 ] [ 0 64 164 197 ] [.@..]
475529 - [ 00000031 ][ 0.000000 ] [ 49 ] [ 49 0 ] [ 49 0 0 0 ] [1...]
475530 - [ 00000000 ][ 0.000000 ] [ 0 ] [ 0 0 ] [ 0 0 0 0 ] [....]
475531 - [ 00000000 ][ 0.000000 ] [ 0 ] [ 0 0 ] [ 0 0 0 0 ] [....]
475532 - [ 00000000 ][ 0.000000 ] [ 0 ] [ 0 0 ] [ 0 0 0 0 ] [....]
475533 - [ 00000000 ][ 0.000000 ] [ 0 ] [ 0 0 ] [ 0 0 0 0 ] [....]
475534 - [ 00000000 ][ 0.000000 ] [ 0 ] [ 0 0 ] [ 0 0 0 0 ] [....]
475535 - [ 00000000 ][ 0.000000 ] [ 0 ] [ 0 0 ] [ 0 0 0 0 ] [....]
475536 - [ 00000000 ][ 0.000000 ] [ 0 ] [ 0 0 ] [ 0 0 0 0 ] [....]
475537 - [ 00000000 ][ 0.000000 ] [ 0 ] [ 0 0 ] [ 0 0 0 0 ] [....]
475538 - [ 00000000 ][ 0.000000 ] [ 0 ] [ 0 0 ] [ 0 0 0 0 ] [....]
475539 - [ 00000000 ][ 0.000000 ] [ 0 ] [ 0 0 ] [ 0 0 0 0 ] [....]
475540 - [ 00000000 ][ 0.000000 ] [ 0 ] [ 0 0 ] [ 0 0 0 0 ] [....]
475541 - [ 00000000 ][ 0.000000 ] [ 0 ] [ 0 0 ] [ 0 0 0 0 ] [....]
475542 - [ 00000000 ][ 0.000000 ] [ 0 ] [ 0 0 ] [ 0 0 0 0 ] [....]
475543 - [ 00000000 ][ 0.000000 ] [ 0 ] [ 0 0 ] [ 0 0 0 0 ] [....]
475544 - [ 00000000 ][ 0.000000 ] [ 0 ] [ 0 0 ] [ 0 0 0 0 ] [....]
475545 - [ 00000000 ][ 0.000000 ] [ 0 ] [ 0 0 ] [ 0 0 0 0 ] [....]
475546 - [ 00000000 ][ 0.000000 ] [ 0 ] [ 0 0 ] [ 0 0 0 0 ] [....]
475547 - [ 47c02dff ][ 98395.992188 ] [ 1203777023 ] [ 11775 18368 ] [ 255 45 192 71 ] [.-.G]
475548 - [ 469b3600 ][ 19867.000000 ] [ 1184577024 ] [ 13824 18075 ] [ 0 54 155 70 ] [.6.F]
475549 - [ 47c34880 ][ 99985.000000 ] [ 1203980416 ] [ 18560 18371 ] [ 128 72 195 71 ] [.H.G]
475550 - [ 46938e00 ][ 18887.000000 ] [ 1184075264 ] [ 36352 18067 ] [ 0 142 147 70 ] [...F]
475551 - [ 43330000 ][ 179.000000 ] [ 1127415808 ] [ 0 17203 ] [ 0 0 51 67 ] [..3C]
475552 - [ c4a51fff ][ -1320.999878 ] [ 3299155967 ] [ 8191 50341 ] [ 255 31 165 196 ] [....]
475553 - [ 00000031 ][ 0.000000 ] [ 49 ] [ 49 0 ] [ 49 0 0 0 ] [1...]
475554 - [ 00000000 ][ 0.000000 ] [ 0 ] [ 0 0 ] [ 0 0 0 0 ] [....]
475555 - [ 00000000 ][ 0.000000 ] [ 0 ] [ 0 0 ] [ 0 0 0 0 ] [....]
475556 - [ 00000000 ][ 0.000000 ] [ 0 ] [ 0 0 ] [ 0 0 0 0 ] [....]
475557 - [ 00000000 ][ 0.000000 ] [ 0 ] [ 0 0 ] [ 0 0 0 0 ] [....]
475558 - [ 00000000 ][ 0.000000 ] [ 0 ] [ 0 0 ] [ 0 0 0 0 ] [....]
475559 - [ 00000000 ][ 0.000000 ] [ 0 ] [ 0 0 ] [ 0 0 0 0 ] [....]
475560 - [ 00000000 ][ 0.000000 ] [ 0 ] [ 0 0 ] [ 0 0 0 0 ] [....]
475561 - [ 00000000 ][ 0.000000 ] [ 0 ] [ 0 0 ] [ 0 0 0 0 ] [....]
475562 - [ 00000000 ][ 0.000000 ] [ 0 ] [ 0 0 ] [ 0 0 0 0 ] [....]
475563 - [ 00000000 ][ 0.000000 ] [ 0 ] [ 0 0 ] [ 0 0 0 0 ] [....]
475564 - [ 00000000 ][ 0.000000 ] [ 0 ] [ 0 0 ] [ 0 0 0 0 ] [....]
475565 - [ 00000000 ][ 0.000000 ] [ 0 ] [ 0 0 ] [ 0 0 0 0 ] [....]
475566 - [ 00000000 ][ 0.000000 ] [ 0 ] [ 0 0 ] [ 0 0 0 0 ] [....]
475567 - [ 00000000 ][ 0.000000 ] [ 0 ] [ 0 0 ] [ 0 0 0 0 ] [....]
475568 - [ 00000000 ][ 0.000000 ] [ 0 ] [ 0 0 ] [ 0 0 0 0 ] [....]
475569 - [ 00000000 ][ 0.000000 ] [ 0 ] [ 0 0 ] [ 0 0 0 0 ] [....]
475570 - [ 00000000 ][ 0.000000 ] [ 0 ] [ 0 0 ] [ 0 0 0 0 ] [....]
475571 - [ c7c6d480 ][ -101801.000000 ] [ 3351696512 ] [ 54400 51142 ] [ 128 212 198 199 ] [....]
475572 - [ 47c68400 ][ 101640.000000 ] [ 1204192256 ] [ 33792 18374 ] [ 0 132 198 71 ] [...G]
475573 - [ c7bfcc8d ][ -98201.101562 ] [ 3351235725 ] [ 52365 51135 ] [ 141 204 191 199 ] [....]
475574 - [ 47c02b34 ][ 98390.406250 ] [ 1203776308 ] [ 11060 18368 ] [ 52 43 192 71 ] [4+.G]
475575 - [ 42480000 ][ 50.000000 ] [ 1112014848 ] [ 0 16968 ] [ 0 0 72 66 ] [..HB]
475576 - [ c54b2006 ][ -3250.001465 ] [ 3310034950 ] [ 8198 50507 ] [ 6 32 75 197 ] [..K.]
475577 - [ 000000d3 ][ 0.000000 ] [ 211 ] [ 211 0 ] [ 211 0 0 0 ] [....]
475578 - [ 00000000 ][ 0.000000 ] [ 0 ] [ 0 0 ] [ 0 0 0 0 ] [....]
475579 - [ 00000000 ][ 0.000000 ] [ 0 ] [ 0 0 ] [ 0 0 0 0 ] [....]
475580 - [ 00000000 ][ 0.000000 ] [ 0 ] [ 0 0 ] [ 0 0 0 0 ] [....]
475581 - [ 00000000 ][ 0.000000 ] [ 0 ] [ 0 0 ] [ 0 0 0 0 ] [....]
475582 - [ 00000000 ][ 0.000000 ] [ 0 ] [ 0 0 ] [ 0 0 0 0 ] [....]
475583 - [ 00000000 ][ 0.000000 ] [ 0 ] [ 0 0 ] [ 0 0 0 0 ] [....]
475584 - [ 00000000 ][ 0.000000 ] [ 0 ] [ 0 0 ] [ 0 0 0 0 ] [....]
475585 - [ 00000000 ][ 0.000000 ] [ 0 ] [ 0 0 ] [ 0 0 0 0 ] [....]
475586 - [ 00000000 ][ 0.000000 ] [ 0 ] [ 0 0 ] [ 0 0 0 0 ] [....]
475587 - [ 00000000 ][ 0.000000 ] [ 0 ] [ 0 0 ] [ 0 0 0 0 ] [....]
475588 - [ 00000000 ][ 0.000000 ] [ 0 ] [ 0 0 ] [ 0 0 0 0 ] [....]
475589 - [ 00000000 ][ 0.000000 ] [ 0 ] [ 0 0 ] [ 0 0 0 0 ] [....]
475590 - [ 00000000 ][ 0.000000 ] [ 0 ] [ 0 0 ] [ 0 0 0 0 ] [....]
475591 - [ 00000000 ][ 0.000000 ] [ 0 ] [ 0 0 ] [ 0 0 0 0 ] [....]
475592 - [ 00000000 ][ 0.000000 ] [ 0 ] [ 0 0 ] [ 0 0 0 0 ] [....]
475593 - [ 00000000 ][ 0.000000 ] [ 0 ] [ 0 0 ] [ 0 0 0 0 ] [....]
475594 - [ 00000000 ][ 0.000000 ] [ 0 ] [ 0 0 ] [ 0 0 0 0 ] [....]
475595 - [ c7845300 ][ -67750.000000 ] [ 3347337984 ] [ 21248 51076 ] [ 0 83 132 199 ] [.S..]
475596 - [ 4780e800 ][ 66000.000000 ] [ 1199630336 ] [ 59392 18304 ] [ 0 232 128 71 ] [...G]
475597 - [ c7761800 ][ -63000.000000 ] [ 3346405376 ] [ 6144 51062 ] [ 0 24 118 199 ] [..v.]
475598 - [ 47713600 ][ 61750.000000 ] [ 1198601728 ] [ 13824 18289 ] [ 0 54 113 71 ] [.6qG]
475599 - [ 449e2000 ][ 1265.000000 ] [ 1151213568 ] [ 8192 17566 ] [ 0 32 158 68 ] [...D]
475600 - [ c4dac000 ][ -1750.000000 ] [ 3302670336 ] [ 49152 50394 ] [ 0 192 218 196 ] [....]
475601 - [ 000000e2 ][ 0.000000 ] [ 226 ] [ 226 0 ] [ 226 0 0 0 ] [....]
475602 - [ 00000000 ][ 0.000000 ] [ 0 ] [ 0 0 ] [ 0 0 0 0 ] [....]
475603 - [ 00000000 ][ 0.000000 ] [ 0 ] [ 0 0 ] [ 0 0 0 0 ] [....]
475604 - [ 00000000 ][ 0.000000 ] [ 0 ] [ 0 0 ] [ 0 0 0 0 ] [....]
475605 - [ 00000000 ][ 0.000000 ] [ 0 ] [ 0 0 ] [ 0 0 0 0 ] [....]
475606 - [ 00000000 ][ 0.000000 ] [ 0 ] [ 0 0 ] [ 0 0 0 0 ] [....]
475607 - [ 00000000 ][ 0.000000 ] [ 0 ] [ 0 0 ] [ 0 0 0 0 ] [....]
475608 - [ 00000000 ][ 0.000000 ] [ 0 ] [ 0 0 ] [ 0 0 0 0 ] [....]
475609 - [ 00000000 ][ 0.000000 ] [ 0 ] [ 0 0 ] [ 0 0 0 0 ] [....]
475610 - [ 00000000 ][ 0.000000 ] [ 0 ] [ 0 0 ] [ 0 0 0 0 ] [....]
475611 - [ 00000000 ][ 0.000000 ] [ 0 ] [ 0 0 ] [ 0 0 0 0 ] [....]
475612 - [ 00000000 ][ 0.000000 ] [ 0 ] [ 0 0 ] [ 0 0 0 0 ] [....]
475613 - [ 00000000 ][ 0.000000 ] [ 0 ] [ 0 0 ] [ 0 0 0 0 ] [....]
475614 - [ 00000000 ][ 0.000000 ] [ 0 ] [ 0 0 ] [ 0 0 0 0 ] [....]
475615 - [ 00000000 ][ 0.000000 ] [ 0 ] [ 0 0 ] [ 0 0 0 0 ] [....]
475616 - [ 00000000 ][ 0.000000 ] [ 0 ] [ 0 0 ] [ 0 0 0 0 ] [....]
475617 - [ 00000000 ][ 0.000000 ] [ 0 ] [ 0 0 ] [ 0 0 0 0 ] [....]
475618 - [ 00000000 ][ 0.000000 ] [ 0 ] [ 0 0 ] [ 0 0 0 0 ] [....]
475619 - [ c7732a00 ][ -62250.000000 ] [ 3346213376 ] [ 10752 51059 ] [ 0 42 115 199 ] [.*s.]
475620 - [ 475ea800 ][ 57000.000000 ] [ 1197385728 ] [ 43008 18270 ] [ 0 168 94 71 ] [..^G]
475621 - [ c74e0e00 ][ -52750.000000 ] [ 3343781376 ] [ 3584 51022 ] [ 0 14 78 199 ] [..N.]
475622 - [ 47441800 ][ 50200.000000 ] [ 1195644928 ] [ 6144 18244 ] [ 0 24 68 71 ] [..DG]
475623 - [ 449e2000 ][ 1265.000000 ] [ 1151213568 ] [ 8192 17566 ] [ 0 32 158 68 ] [...D]
475624 - [ c4dac000 ][ -1750.000000 ] [ 3302670336 ] [ 49152 50394 ] [ 0 192 218 196 ] [....]
475625 - [ 000000e2 ][ 0.000000 ] [ 226 ] [ 226 0 ] [ 226 0 0 0 ] [....]
475626 - [ 00000000 ][ 0.000000 ] [ 0 ] [ 0 0 ] [ 0 0 0 0 ] [....]
475627 - [ 00000000 ][ 0.000000 ] [ 0 ] [ 0 0 ] [ 0 0 0 0 ] [....]
475628 - [ 00000000 ][ 0.000000 ] [ 0 ] [ 0 0 ] [ 0 0 0 0 ] [....]
475629 - [ 00000000 ][ 0.000000 ] [ 0 ] [ 0 0 ] [ 0 0 0 0 ] [....]
475630 - [ 00000000 ][ 0.000000 ] [ 0 ] [ 0 0 ] [ 0 0 0 0 ] [....]
475631 - [ 00000000 ][ 0.000000 ] [ 0 ] [ 0 0 ] [ 0 0 0 0 ] [....]
475632 - [ 00000000 ][ 0.000000 ] [ 0 ] [ 0 0 ] [ 0 0 0 0 ] [....]
475633 - [ 00000000 ][ 0.000000 ] [ 0 ] [ 0 0 ] [ 0 0 0 0 ] [....]
475634 - [ 00000000 ][ 0.000000 ] [ 0 ] [ 0 0 ] [ 0 0 0 0 ] [....]
475635 - [ 00000000 ][ 0.000000 ] [ 0 ] [ 0 0 ] [ 0 0 0 0 ] [....]
475636 - [ 00000000 ][ 0.000000 ] [ 0 ] [ 0 0 ] [ 0 0 0 0 ] [....]
475637 - [ 00000000 ][ 0.000000 ] [ 0 ] [ 0 0 ] [ 0 0 0 0 ] [....]
475638 - [ 00000000 ][ 0.000000 ] [ 0 ] [ 0 0 ] [ 0 0 0 0 ] [....]
475639 - [ 00000000 ][ 0.000000 ] [ 0 ] [ 0 0 ] [ 0 0 0 0 ] [....]
475640 - [ 00000000 ][ 0.000000 ] [ 0 ] [ 0 0 ] [ 0 0 0 0 ] [....]
475641 - [ 00000000 ][ 0.000000 ] [ 0 ] [ 0 0 ] [ 0 0 0 0 ] [....]
475642 - [ 00000000 ][ 0.000000 ] [ 0 ] [ 0 0 ] [ 0 0 0 0 ] [....]
475643 - [ c7732a00 ][ -62250.000000 ] [ 3346213376 ] [ 10752 51059 ] [ 0 42 115 199 ] [.*s.]
475644 - [ 476d4e00 ][ 60750.000000 ] [ 1198345728 ] [ 19968 18285 ] [ 0 78 109 71 ] [.NmG]
475645 - [ c7629000 ][ -58000.000000 ] [ 3345125376 ] [ 36864 51042 ] [ 0 144 98 199 ] [..b.]
475646 - [ 475ea800 ][ 57000.000000 ] [ 1197385728 ] [ 43008 18270 ] [ 0 168 94 71 ] [..^G]
475647 - [ 449e2000 ][ 1265.000000 ] [ 1151213568 ] [ 8192 17566 ] [ 0 32 158 68 ] [...D]
475648 - [ c4dac000 ][ -1750.000000 ] [ 3302670336 ] [ 49152 50394 ] [ 0 192 218 196 ] [....]
475649 - [ 000000e2 ][ 0.000000 ] [ 226 ] [ 226 0 ] [ 226 0 0 0 ] [....]
475650 - [ 00000000 ][ 0.000000 ] [ 0 ] [ 0 0 ] [ 0 0 0 0 ] [....]
475651 - [ 00000000 ][ 0.000000 ] [ 0 ] [ 0 0 ] [ 0 0 0 0 ] [....]
475652 - [ 00000000 ][ 0.000000 ] [ 0 ] [ 0 0 ] [ 0 0 0 0 ] [....]
475653 - [ 00000000 ][ 0.000000 ] [ 0 ] [ 0 0 ] [ 0 0 0 0 ] [....]
475654 - [ 00000000 ][ 0.000000 ] [ 0 ] [ 0 0 ] [ 0 0 0 0 ] [....]
475655 - [ 00000000 ][ 0.000000 ] [ 0 ] [ 0 0 ] [ 0 0 0 0 ] [....]
475656 - [ 00000000 ][ 0.000000 ] [ 0 ] [ 0 0 ] [ 0 0 0 0 ] [....]
475657 - [ 00000000 ][ 0.000000 ] [ 0 ] [ 0 0 ] [ 0 0 0 0 ] [....]
475658 - [ 00000000 ][ 0.000000 ] [ 0 ] [ 0 0 ] [ 0 0 0 0 ] [....]
475659 - [ 00000000 ][ 0.000000 ] [ 0 ] [ 0 0 ] [ 0 0 0 0 ] [....]
475660 - [ 00000000 ][ 0.000000 ] [ 0 ] [ 0 0 ] [ 0 0 0 0 ] [....]
475661 - [ 00000000 ][ 0.000000 ] [ 0 ] [ 0 0 ] [ 0 0 0 0 ] [....]
475662 - [ 00000000 ][ 0.000000 ] [ 0 ] [ 0 0 ] [ 0 0 0 0 ] [....]
475663 - [ 00000000 ][ 0.000000 ] [ 0 ] [ 0 0 ] [ 0 0 0 0 ] [....]
475664 - [ 00000000 ][ 0.000000 ] [ 0 ] [ 0 0 ] [ 0 0 0 0 ] [....]
475665 - [ 00000000 ][ 0.000000 ] [ 0 ] [ 0 0 ] [ 0 0 0 0 ] [....]
475666 - [ 00000000 ][ 0.000000 ] [ 0 ] [ 0 0 ] [ 0 0 0 0 ] [....]
475667 - [ c7845300 ][ -67750.000000 ] [ 3347337984 ] [ 21248 51076 ] [ 0 83 132 199 ] [.S..]
475668 - [ 47713600 ][ 61750.000000 ] [ 1198601728 ] [ 13824 18289 ] [ 0 54 113 71 ] [.6qG]
475669 - [ c7732a00 ][ -62250.000000 ] [ 3346213376 ] [ 10752 51059 ] [ 0 42 115 199 ] [.*s.]
475670 - [ 475ea800 ][ 57000.000000 ] [ 1197385728 ] [ 43008 18270 ] [ 0 168 94 71 ] [..^G]
475671 - [ 449e2000 ][ 1265.000000 ] [ 1151213568 ] [ 8192 17566 ] [ 0 32 158 68 ] [...D]
475672 - [ c4dac000 ][ -1750.000000 ] [ 3302670336 ] [ 49152 50394 ] [ 0 192 218 196 ] [....]
475673 - [ 000000e2 ][ 0.000000 ] [ 226 ] [ 226 0 ] [ 226 0 0 0 ] [....]
475674 - [ 00000000 ][ 0.000000 ] [ 0 ] [ 0 0 ] [ 0 0 0 0 ] [....]
475675 - [ 00000000 ][ 0.000000 ] [ 0 ] [ 0 0 ] [ 0 0 0 0 ] [....]
475676 - [ 00000000 ][ 0.000000 ] [ 0 ] [ 0 0 ] [ 0 0 0 0 ] [....]
475677 - [ 00000000 ][ 0.000000 ] [ 0 ] [ 0 0 ] [ 0 0 0 0 ] [....]
475678 - [ 00000000 ][ 0.000000 ] [ 0 ] [ 0 0 ] [ 0 0 0 0 ] [....]
475679 - [ 00000000 ][ 0.000000 ] [ 0 ] [ 0 0 ] [ 0 0 0 0 ] [....]
475680 - [ 00000000 ][ 0.000000 ] [ 0 ] [ 0 0 ] [ 0 0 0 0 ] [....]
475681 - [ 00000000 ][ 0.000000 ] [ 0 ] [ 0 0 ] [ 0 0 0 0 ] [....]
475682 - [ 00000000 ][ 0.000000 ] [ 0 ] [ 0 0 ] [ 0 0 0 0 ] [....]
475683 - [ 00000000 ][ 0.000000 ] [ 0 ] [ 0 0 ] [ 0 0 0 0 ] [....]
475684 - [ 00000000 ][ 0.000000 ] [ 0 ] [ 0 0 ] [ 0 0 0 0 ] [....]
475685 - [ 00000000 ][ 0.000000 ] [ 0 ] [ 0 0 ] [ 0 0 0 0 ] [....]
475686 - [ 00000000 ][ 0.000000 ] [ 0 ] [ 0 0 ] [ 0 0 0 0 ] [....]
475687 - [ 00000000 ][ 0.000000 ] [ 0 ] [ 0 0 ] [ 0 0 0 0 ] [....]
475688 - [ 00000000 ][ 0.000000 ] [ 0 ] [ 0 0 ] [ 0 0 0 0 ] [....]
475689 - [ 00000000 ][ 0.000000 ] [ 0 ] [ 0 0 ] [ 0 0 0 0 ] [....]
475690 - [ 00000000 ][ 0.000000 ] [ 0 ] [ 0 0 ] [ 0 0 0 0 ] [....]
475691 - [ c75ea800 ][ -57000.000000 ] [ 3344869376 ] [ 43008 51038 ] [ 0 168 94 199 ] [..^.]
475692 - [ 4780e800 ][ 66000.000000 ] [ 1199630336 ] [ 59392 18304 ] [ 0 232 128 71 ] [...G]
475693 - [ c74e0a00 ][ -52746.000000 ] [ 3343780352 ] [ 2560 51022 ] [ 0 10 78 199 ] [..N.]
475694 - [ 47713600 ][ 61750.000000 ] [ 1198601728 ] [ 13824 18289 ] [ 0 54 113 71 ] [.6qG]
475695 - [ 449e2000 ][ 1265.000000 ] [ 1151213568 ] [ 8192 17566 ] [ 0 32 158 68 ] [...D]
475696 - [ c4dac000 ][ -1750.000000 ] [ 3302670336 ] [ 49152 50394 ] [ 0 192 218 196 ] [....]
475697 - [ 000000e2 ][ 0.000000 ] [ 226 ] [ 226 0 ] [ 226 0 0 0 ] [....]
475698 - [ 00000000 ][ 0.000000 ] [ 0 ] [ 0 0 ] [ 0 0 0 0 ] [....]
475699 - [ 00000000 ][ 0.000000 ] [ 0 ] [ 0 0 ] [ 0 0 0 0 ] [....]
475700 - [ 00000000 ][ 0.000000 ] [ 0 ] [ 0 0 ] [ 0 0 0 0 ] [....]
475701 - [ 00000000 ][ 0.000000 ] [ 0 ] [ 0 0 ] [ 0 0 0 0 ] [....]
475702 - [ 00000000 ][ 0.000000 ] [ 0 ] [ 0 0 ] [ 0 0 0 0 ] [....]
475703 - [ 00000000 ][ 0.000000 ] [ 0 ] [ 0 0 ] [ 0 0 0 0 ] [....]
475704 - [ 00000000 ][ 0.000000 ] [ 0 ] [ 0 0 ] [ 0 0 0 0 ] [....]
475705 - [ 00000000 ][ 0.000000 ] [ 0 ] [ 0 0 ] [ 0 0 0 0 ] [....]
475706 - [ 00000000 ][ 0.000000 ] [ 0 ] [ 0 0 ] [ 0 0 0 0 ] [....]
475707 - [ 00000000 ][ 0.000000 ] [ 0 ] [ 0 0 ] [ 0 0 0 0 ] [....]
475708 - [ 00000000 ][ 0.000000 ] [ 0 ] [ 0 0 ] [ 0 0 0 0 ] [....]
475709 - [ 00000000 ][ 0.000000 ] [ 0 ] [ 0 0 ] [ 0 0 0 0 ] [....]
475710 - [ 00000000 ][ 0.000000 ] [ 0 ] [ 0 0 ] [ 0 0 0 0 ] [....]
475711 - [ 00000000 ][ 0.000000 ] [ 0 ] [ 0 0 ] [ 0 0 0 0 ] [....]
475712 - [ 00000000 ][ 0.000000 ] [ 0 ] [ 0 0 ] [ 0 0 0 0 ] [....]
475713 - [ 00000000 ][ 0.000000 ] [ 0 ] [ 0 0 ] [ 0 0 0 0 ] [....]
475714 - [ 00000000 ][ 0.000000 ] [ 0 ] [ 0 0 ] [ 0 0 0 0 ] [....]
475715 - [ c7629000 ][ -58000.000000 ] [ 3345125376 ] [ 36864 51042 ] [ 0 144 98 199 ] [..b.]
475716 - [ 47713600 ][ 61750.000000 ] [ 1198601728 ] [ 13824 18289 ] [ 0 54 113 71 ] [.6qG]
475717 - [ c74e0a00 ][ -52746.000000 ] [ 3343780352 ] [ 2560 51022 ] [ 0 10 78 199 ] [..N.]
475718 - [ 475ea800 ][ 57000.000000 ] [ 1197385728 ] [ 43008 18270 ] [ 0 168 94 71 ] [..^G]
475719 - [ 449e2000 ][ 1265.000000 ] [ 1151213568 ] [ 8192 17566 ] [ 0 32 158 68 ] [...D]
475720 - [ c4dac000 ][ -1750.000000 ] [ 3302670336 ] [ 49152 50394 ] [ 0 192 218 196 ] [....]
475721 - [ 000000e2 ][ 0.000000 ] [ 226 ] [ 226 0 ] [ 226 0 0 0 ] [....]
475722 - [ 00000000 ][ 0.000000 ] [ 0 ] [ 0 0 ] [ 0 0 0 0 ] [....]
475723 - [ 00000000 ][ 0.000000 ] [ 0 ] [ 0 0 ] [ 0 0 0 0 ] [....]
475724 - [ 00000000 ][ 0.000000 ] [ 0 ] [ 0 0 ] [ 0 0 0 0 ] [....]
475725 - [ 00000000 ][ 0.000000 ] [ 0 ] [ 0 0 ] [ 0 0 0 0 ] [....]
475726 - [ 00000000 ][ 0.000000 ] [ 0 ] [ 0 0 ] [ 0 0 0 0 ] [....]
475727 - [ 00000000 ][ 0.000000 ] [ 0 ] [ 0 0 ] [ 0 0 0 0 ] [....]
475728 - [ 00000000 ][ 0.000000 ] [ 0 ] [ 0 0 ] [ 0 0 0 0 ] [....]
475729 - [ 00000000 ][ 0.000000 ] [ 0 ] [ 0 0 ] [ 0 0 0 0 ] [....]
475730 - [ 00000000 ][ 0.000000 ] [ 0 ] [ 0 0 ] [ 0 0 0 0 ] [....]
475731 - [ 00000000 ][ 0.000000 ] [ 0 ] [ 0 0 ] [ 0 0 0 0 ] [....]
475732 - [ 00000000 ][ 0.000000 ] [ 0 ] [ 0 0 ] [ 0 0 0 0 ] [....]
475733 - [ 00000000 ][ 0.000000 ] [ 0 ] [ 0 0 ] [ 0 0 0 0 ] [....]
475734 - [ 00000000 ][ 0.000000 ] [ 0 ] [ 0 0 ] [ 0 0 0 0 ] [....]
475735 - [ 00000000 ][ 0.000000 ] [ 0 ] [ 0 0 ] [ 0 0 0 0 ] [....]
475736 - [ 00000000 ][ 0.000000 ] [ 0 ] [ 0 0 ] [ 0 0 0 0 ] [....]
475737 - [ 00000000 ][ 0.000000 ] [ 0 ] [ 0 0 ] [ 0 0 0 0 ] [....]
475738 - [ 00000000 ][ 0.000000 ] [ 0 ] [ 0 0 ] [ 0 0 0 0 ] [....]
475739 - [ c76c9f00 ][ -60575.000000 ] [ 3345784576 ] [ 40704 51052 ] [ 0 159 108 199 ] [..l.]
475740 - [ 476f4200 ][ 61250.000000 ] [ 1198473728 ] [ 16896 18287 ] [ 0 66 111 71 ] [.BoG]
475741 - [ c7600b00 ][ -57355.000000 ] [ 3344960256 ] [ 2816 51040 ] [ 0 11 96 199 ] [..`.]
475742 - [ 47651a00 ][ 58650.000000 ] [ 1197808128 ] [ 6656 18277 ] [ 0 26 101 71 ] [..eG]
475743 - [ 449e2000 ][ 1265.000000 ] [ 1151213568 ] [ 8192 17566 ] [ 0 32 158 68 ] [...D]
475744 - [ c4dac000 ][ -1750.000000 ] [ 3302670336 ] [ 49152 50394 ] [ 0 192 218 196 ] [....]
475745 - [ 000000e2 ][ 0.000000 ] [ 226 ] [ 226 0 ] [ 226 0 0 0 ] [....]
475746 - [ 00000000 ][ 0.000000 ] [ 0 ] [ 0 0 ] [ 0 0 0 0 ] [....]
475747 - [ 00000000 ][ 0.000000 ] [ 0 ] [ 0 0 ] [ 0 0 0 0 ] [....]
475748 - [ 00000000 ][ 0.000000 ] [ 0 ] [ 0 0 ] [ 0 0 0 0 ] [....]
475749 - [ 00000000 ][ 0.000000 ] [ 0 ] [ 0 0 ] [ 0 0 0 0 ] [....]
475750 - [ 00000000 ][ 0.000000 ] [ 0 ] [ 0 0 ] [ 0 0 0 0 ] [....]
475751 - [ 00000000 ][ 0.000000 ] [ 0 ] [ 0 0 ] [ 0 0 0 0 ] [....]
475752 - [ 00000000 ][ 0.000000 ] [ 0 ] [ 0 0 ] [ 0 0 0 0 ] [....]
475753 - [ 00000000 ][ 0.000000 ] [ 0 ] [ 0 0 ] [ 0 0 0 0 ] [....]
475754 - [ 00000000 ][ 0.000000 ] [ 0 ] [ 0 0 ] [ 0 0 0 0 ] [....]
475755 - [ 00000000 ][ 0.000000 ] [ 0 ] [ 0 0 ] [ 0 0 0 0 ] [....]
475756 - [ 00000000 ][ 0.000000 ] [ 0 ] [ 0 0 ] [ 0 0 0 0 ] [....]
475757 - [ 00000000 ][ 0.000000 ] [ 0 ] [ 0 0 ] [ 0 0 0 0 ] [....]
475758 - [ 00000000 ][ 0.000000 ] [ 0 ] [ 0 0 ] [ 0 0 0 0 ] [....]
475759 - [ 00000000 ][ 0.000000 ] [ 0 ] [ 0 0 ] [ 0 0 0 0 ] [....]
475760 - [ 00000000 ][ 0.000000 ] [ 0 ] [ 0 0 ] [ 0 0 0 0 ] [....]
475761 - [ 00000000 ][ 0.000000 ] [ 0 ] [ 0 0 ] [ 0 0 0 0 ] [....]
475762 - [ 00000000 ][ 0.000000 ] [ 0 ] [ 0 0 ] [ 0 0 0 0 ] [....]
475763 - [ c76c5400 ][ -60500.000000 ] [ 3345765376 ] [ 21504 51052 ] [ 0 84 108 199 ] [.Tl.]
475764 - [ 47c7f880 ][ 102385.000000 ] [ 1204287616 ] [ 63616 18375 ] [ 128 248 199 71 ] [...G]
475765 - [ c7686c00 ][ -59500.000000 ] [ 3345509376 ] [ 27648 51048 ] [ 0 108 104 199 ] [.lh.]
475766 - [ 47be9b00 ][ 97590.000000 ] [ 1203673856 ] [ 39680 18366 ] [ 0 155 190 71 ] [...G]
475767 - [ 43c90000 ][ 402.000000 ] [ 1137246208 ] [ 0 17353 ] [ 0 0 201 67 ] [...C]
475768 - [ c5160000 ][ -2400.000000 ] [ 3306553344 ] [ 0 50454 ] [ 0 0 22 197 ] [....]
475769 - [ 000000e3 ][ 0.000000 ] [ 227 ] [ 227 0 ] [ 227 0 0 0 ] [....]
475770 - [ 00000000 ][ 0.000000 ] [ 0 ] [ 0 0 ] [ 0 0 0 0 ] [....]
475771 - [ 00000000 ][ 0.000000 ] [ 0 ] [ 0 0 ] [ 0 0 0 0 ] [....]
475772 - [ 00000000 ][ 0.000000 ] [ 0 ] [ 0 0 ] [ 0 0 0 0 ] [....]
475773 - [ 00000000 ][ 0.000000 ] [ 0 ] [ 0 0 ] [ 0 0 0 0 ] [....]
475774 - [ 00000000 ][ 0.000000 ] [ 0 ] [ 0 0 ] [ 0 0 0 0 ] [....]
475775 - [ 00000000 ][ 0.000000 ] [ 0 ] [ 0 0 ] [ 0 0 0 0 ] [....]
475776 - [ 00000000 ][ 0.000000 ] [ 0 ] [ 0 0 ] [ 0 0 0 0 ] [....]
475777 - [ 00000000 ][ 0.000000 ] [ 0 ] [ 0 0 ] [ 0 0 0 0 ] [....]
475778 - [ 00000000 ][ 0.000000 ] [ 0 ] [ 0 0 ] [ 0 0 0 0 ] [....]
475779 - [ 00000000 ][ 0.000000 ] [ 0 ] [ 0 0 ] [ 0 0 0 0 ] [....]
475780 - [ 00000000 ][ 0.000000 ] [ 0 ] [ 0 0 ] [ 0 0 0 0 ] [....]
475781 - [ 00000000 ][ 0.000000 ] [ 0 ] [ 0 0 ] [ 0 0 0 0 ] [....]
475782 - [ 00000000 ][ 0.000000 ] [ 0 ] [ 0 0 ] [ 0 0 0 0 ] [....]
475783 - [ 00000000 ][ 0.000000 ] [ 0 ] [ 0 0 ] [ 0 0 0 0 ] [....]
475784 - [ 00000000 ][ 0.000000 ] [ 0 ] [ 0 0 ] [ 0 0 0 0 ] [....]
475785 - [ 00000000 ][ 0.000000 ] [ 0 ] [ 0 0 ] [ 0 0 0 0 ] [....]
475786 - [ 00000000 ][ 0.000000 ] [ 0 ] [ 0 0 ] [ 0 0 0 0 ] [....]
475787 - [ c76c5400 ][ -60500.000000 ] [ 3345765376 ] [ 21504 51052 ] [ 0 84 108 199 ] [.Tl.]
475788 - [ 47c03500 ][ 98410.000000 ] [ 1203778816 ] [ 13568 18368 ] [ 0 53 192 71 ] [.5.G]
475789 - [ c7629000 ][ -58000.000000 ] [ 3345125376 ] [ 36864 51042 ] [ 0 144 98 199 ] [..b.]
475790 - [ 47be9b00 ][ 97590.000000 ] [ 1203673856 ] [ 39680 18366 ] [ 0 155 190 71 ] [...G]
475791 - [ 43c90000 ][ 402.000000 ] [ 1137246208 ] [ 0 17353 ] [ 0 0 201 67 ] [...C]
475792 - [ c5160000 ][ -2400.000000 ] [ 3306553344 ] [ 0 50454 ] [ 0 0 22 197 ] [....]
475793 - [ 000000e3 ][ 0.000000 ] [ 227 ] [ 227 0 ] [ 227 0 0 0 ] [....]
475794 - [ 00000000 ][ 0.000000 ] [ 0 ] [ 0 0 ] [ 0 0 0 0 ] [....]
475795 - [ 00000000 ][ 0.000000 ] [ 0 ] [ 0 0 ] [ 0 0 0 0 ] [....]
475796 - [ 00000000 ][ 0.000000 ] [ 0 ] [ 0 0 ] [ 0 0 0 0 ] [....]
475797 - [ 00000000 ][ 0.000000 ] [ 0 ] [ 0 0 ] [ 0 0 0 0 ] [....]
475798 - [ 00000000 ][ 0.000000 ] [ 0 ] [ 0 0 ] [ 0 0 0 0 ] [....]
475799 - [ 00000000 ][ 0.000000 ] [ 0 ] [ 0 0 ] [ 0 0 0 0 ] [....]
475800 - [ 00000000 ][ 0.000000 ] [ 0 ] [ 0 0 ] [ 0 0 0 0 ] [....]
475801 - [ 00000000 ][ 0.000000 ] [ 0 ] [ 0 0 ] [ 0 0 0 0 ] [....]
475802 - [ 00000000 ][ 0.000000 ] [ 0 ] [ 0 0 ] [ 0 0 0 0 ] [....]
475803 - [ 00000000 ][ 0.000000 ] [ 0 ] [ 0 0 ] [ 0 0 0 0 ] [....]
475804 - [ 00000000 ][ 0.000000 ] [ 0 ] [ 0 0 ] [ 0 0 0 0 ] [....]
475805 - [ 00000000 ][ 0.000000 ] [ 0 ] [ 0 0 ] [ 0 0 0 0 ] [....]
475806 - [ 00000000 ][ 0.000000 ] [ 0 ] [ 0 0 ] [ 0 0 0 0 ] [....]
475807 - [ 00000000 ][ 0.000000 ] [ 0 ] [ 0 0 ] [ 0 0 0 0 ] [....]
475808 - [ 00000000 ][ 0.000000 ] [ 0 ] [ 0 0 ] [ 0 0 0 0 ] [....]
475809 - [ 00000000 ][ 0.000000 ] [ 0 ] [ 0 0 ] [ 0 0 0 0 ] [....]
475810 - [ 00000000 ][ 0.000000 ] [ 0 ] [ 0 0 ] [ 0 0 0 0 ] [....]
475811 - [ c771f400 ][ -61940.000000 ] [ 3346134016 ] [ 62464 51057 ] [ 0 244 113 199 ] [..q.]
475812 - [ 47c7f880 ][ 102385.000000 ] [ 1204287616 ] [ 63616 18375 ] [ 128 248 199 71 ] [...G]
475813 - [ c7686c00 ][ -59500.000000 ] [ 3345509376 ] [ 27648 51048 ] [ 0 108 104 199 ] [.lh.]
475814 - [ 47c63e00 ][ 101500.000000 ] [ 1204174336 ] [ 15872 18374 ] [ 0 62 198 71 ] [.>.G]
475815 - [ 43c90000 ][ 402.000000 ] [ 1137246208 ] [ 0 17353 ] [ 0 0 201 67 ] [...C]
475816 - [ c5160000 ][ -2400.000000 ] [ 3306553344 ] [ 0 50454 ] [ 0 0 22 197 ] [....]
475817 - [ 000000e3 ][ 0.000000 ] [ 227 ] [ 227 0 ] [ 227 0 0 0 ] [....]
475818 - [ 00000000 ][ 0.000000 ] [ 0 ] [ 0 0 ] [ 0 0 0 0 ] [....]
475819 - [ 00000000 ][ 0.000000 ] [ 0 ] [ 0 0 ] [ 0 0 0 0 ] [....]
475820 - [ 00000000 ][ 0.000000 ] [ 0 ] [ 0 0 ] [ 0 0 0 0 ] [....]
475821 - [ 00000000 ][ 0.000000 ] [ 0 ] [ 0 0 ] [ 0 0 0 0 ] [....]
475822 - [ 00000000 ][ 0.000000 ] [ 0 ] [ 0 0 ] [ 0 0 0 0 ] [....]
475823 - [ 00000000 ][ 0.000000 ] [ 0 ] [ 0 0 ] [ 0 0 0 0 ] [....]
475824 - [ 00000000 ][ 0.000000 ] [ 0 ] [ 0 0 ] [ 0 0 0 0 ] [....]
475825 - [ 00000000 ][ 0.000000 ] [ 0 ] [ 0 0 ] [ 0 0 0 0 ] [....]
475826 - [ 00000000 ][ 0.000000 ] [ 0 ] [ 0 0 ] [ 0 0 0 0 ] [....]
475827 - [ 00000000 ][ 0.000000 ] [ 0 ] [ 0 0 ] [ 0 0 0 0 ] [....]
475828 - [ 00000000 ][ 0.000000 ] [ 0 ] [ 0 0 ] [ 0 0 0 0 ] [....]
475829 - [ 00000000 ][ 0.000000 ] [ 0 ] [ 0 0 ] [ 0 0 0 0 ] [....]
475830 - [ 00000000 ][ 0.000000 ] [ 0 ] [ 0 0 ] [ 0 0 0 0 ] [....]
475831 - [ 00000000 ][ 0.000000 ] [ 0 ] [ 0 0 ] [ 0 0 0 0 ] [....]
475832 - [ 00000000 ][ 0.000000 ] [ 0 ] [ 0 0 ] [ 0 0 0 0 ] [....]
475833 - [ 00000000 ][ 0.000000 ] [ 0 ] [ 0 0 ] [ 0 0 0 0 ] [....]
475834 - [ 00000000 ][ 0.000000 ] [ 0 ] [ 0 0 ] [ 0 0 0 0 ] [....]
475835 - [ c77de800 ][ -65000.000000 ] [ 3346917376 ] [ 59392 51069 ] [ 0 232 125 199 ] [..}.]
475836 - [ c753ea00 ][ -54250.000000 ] [ 3344165376 ] [ 59904 51027 ] [ 0 234 83 199 ] [..S.]
475837 - [ c756d800 ][ -55000.000000 ] [ 3344357376 ] [ 55296 51030 ] [ 0 216 86 199 ] [..V.]
475838 - [ c7742400 ][ -62500.000000 ] [ 3346277376 ] [ 9216 51060 ] [ 0 36 116 199 ] [.$t.]
475839 - [ 42480000 ][ 50.000000 ] [ 1112014848 ] [ 0 16968 ] [ 0 0 72 66 ] [..HB]
475840 - [ c553a000 ][ -3386.000000 ] [ 3310592000 ] [ 40960 50515 ] [ 0 160 83 197 ] [..S.]
475841 - [ 000000ee ][ 0.000000 ] [ 238 ] [ 238 0 ] [ 238 0 0 0 ] [....]
475842 - [ 00000000 ][ 0.000000 ] [ 0 ] [ 0 0 ] [ 0 0 0 0 ] [....]
475843 - [ 00000000 ][ 0.000000 ] [ 0 ] [ 0 0 ] [ 0 0 0 0 ] [....]
475844 - [ 00000000 ][ 0.000000 ] [ 0 ] [ 0 0 ] [ 0 0 0 0 ] [....]
475845 - [ 00000000 ][ 0.000000 ] [ 0 ] [ 0 0 ] [ 0 0 0 0 ] [....]
475846 - [ 00000000 ][ 0.000000 ] [ 0 ] [ 0 0 ] [ 0 0 0 0 ] [....]
475847 - [ 00000000 ][ 0.000000 ] [ 0 ] [ 0 0 ] [ 0 0 0 0 ] [....]
475848 - [ 00000000 ][ 0.000000 ] [ 0 ] [ 0 0 ] [ 0 0 0 0 ] [....]
475849 - [ 00000000 ][ 0.000000 ] [ 0 ] [ 0 0 ] [ 0 0 0 0 ] [....]
475850 - [ 00000000 ][ 0.000000 ] [ 0 ] [ 0 0 ] [ 0 0 0 0 ] [....]
475851 - [ 00000000 ][ 0.000000 ] [ 0 ] [ 0 0 ] [ 0 0 0 0 ] [....]
475852 - [ 00000000 ][ 0.000000 ] [ 0 ] [ 0 0 ] [ 0 0 0 0 ] [....]
475853 - [ 00000000 ][ 0.000000 ] [ 0 ] [ 0 0 ] [ 0 0 0 0 ] [....]
475854 - [ 00000000 ][ 0.000000 ] [ 0 ] [ 0 0 ] [ 0 0 0 0 ] [....]
475855 - [ 00000001 ][ 0.000000 ] [ 1 ] [ 1 0 ] [ 1 0 0 0 ] [....]
475856 - [ 00000000 ][ 0.000000 ] [ 0 ] [ 0 0 ] [ 0 0 0 0 ] [....]
475857 - [ 00000000 ][ 0.000000 ] [ 0 ] [ 0 0 ] [ 0 0 0 0 ] [....]
475858 - [ 00000000 ][ 0.000000 ] [ 0 ] [ 0 0 ] [ 0 0 0 0 ] [....]
475859 - [ c77de800 ][ -65000.000000 ] [ 3346917376 ] [ 59392 51069 ] [ 0 232 125 199 ] [..}.]
475860 - [ c7745100 ][ -62545.000000 ] [ 3346288896 ] [ 20736 51060 ] [ 0 81 116 199 ] [.Qt.]
475861 - [ c756d800 ][ -55000.000000 ] [ 3344357376 ] [ 55296 51030 ] [ 0 216 86 199 ] [..V.]
475862 - [ c7804080 ][ -65665.000000 ] [ 3347071104 ] [ 16512 51072 ] [ 128 64 128 199 ] [.@..]
475863 - [ 42480000 ][ 50.000000 ] [ 1112014848 ] [ 0 16968 ] [ 0 0 72 66 ] [..HB]
475864 - [ c553a000 ][ -3386.000000 ] [ 3310592000 ] [ 40960 50515 ] [ 0 160 83 197 ] [..S.]
475865 - [ 000000ee ][ 0.000000 ] [ 238 ] [ 238 0 ] [ 238 0 0 0 ] [....]
475866 - [ 00000000 ][ 0.000000 ] [ 0 ] [ 0 0 ] [ 0 0 0 0 ] [....]
475867 - [ 00000000 ][ 0.000000 ] [ 0 ] [ 0 0 ] [ 0 0 0 0 ] [....]
475868 - [ 00000000 ][ 0.000000 ] [ 0 ] [ 0 0 ] [ 0 0 0 0 ] [....]
475869 - [ 00000000 ][ 0.000000 ] [ 0 ] [ 0 0 ] [ 0 0 0 0 ] [....]
475870 - [ 00000000 ][ 0.000000 ] [ 0 ] [ 0 0 ] [ 0 0 0 0 ] [....]
475871 - [ 00000000 ][ 0.000000 ] [ 0 ] [ 0 0 ] [ 0 0 0 0 ] [....]
475872 - [ 00000000 ][ 0.000000 ] [ 0 ] [ 0 0 ] [ 0 0 0 0 ] [....]
475873 - [ 00000000 ][ 0.000000 ] [ 0 ] [ 0 0 ] [ 0 0 0 0 ] [....]
475874 - [ 00000000 ][ 0.000000 ] [ 0 ] [ 0 0 ] [ 0 0 0 0 ] [....]
475875 - [ 00000000 ][ 0.000000 ] [ 0 ] [ 0 0 ] [ 0 0 0 0 ] [....]
475876 - [ 00000000 ][ 0.000000 ] [ 0 ] [ 0 0 ] [ 0 0 0 0 ] [....]
475877 - [ 00000000 ][ 0.000000 ] [ 0 ] [ 0 0 ] [ 0 0 0 0 ] [....]
475878 - [ 00000000 ][ 0.000000 ] [ 0 ] [ 0 0 ] [ 0 0 0 0 ] [....]
475879 - [ 00000001 ][ 0.000000 ] [ 1 ] [ 1 0 ] [ 1 0 0 0 ] [....]
475880 - [ 00000000 ][ 0.000000 ] [ 0 ] [ 0 0 ] [ 0 0 0 0 ] [....]
475881 - [ 00000000 ][ 0.000000 ] [ 0 ] [ 0 0 ] [ 0 0 0 0 ] [....]
475882 - [ 00000000 ][ 0.000000 ] [ 0 ] [ 0 0 ] [ 0 0 0 0 ] [....]
475883 - [ c76e4800 ][ -61000.000000 ] [ 3345893376 ] [ 18432 51054 ] [ 0 72 110 199 ] [.Hn.]
475884 - [ c753ea00 ][ -54250.000000 ] [ 3344165376 ] [ 59904 51027 ] [ 0 234 83 199 ] [..S.]
475885 - [ c756d800 ][ -55000.000000 ] [ 3344357376 ] [ 55296 51030 ] [ 0 216 86 199 ] [..V.]
475886 - [ c76b5a00 ][ -60250.000000 ] [ 3345701376 ] [ 23040 51051 ] [ 0 90 107 199 ] [.Zk.]
475887 - [ c37a0000 ][ -250.000000 ] [ 3279552512 ] [ 0 50042 ] [ 0 0 122 195 ] [..z.]
475888 - [ c553a000 ][ -3386.000000 ] [ 3310592000 ] [ 40960 50515 ] [ 0 160 83 197 ] [..S.]
475889 - [ 000000ee ][ 0.000000 ] [ 238 ] [ 238 0 ] [ 238 0 0 0 ] [....]
475890 - [ 00000000 ][ 0.000000 ] [ 0 ] [ 0 0 ] [ 0 0 0 0 ] [....]
475891 - [ 00000000 ][ 0.000000 ] [ 0 ] [ 0 0 ] [ 0 0 0 0 ] [....]
475892 - [ 00000000 ][ 0.000000 ] [ 0 ] [ 0 0 ] [ 0 0 0 0 ] [....]
475893 - [ 00000000 ][ 0.000000 ] [ 0 ] [ 0 0 ] [ 0 0 0 0 ] [....]
475894 - [ 00000000 ][ 0.000000 ] [ 0 ] [ 0 0 ] [ 0 0 0 0 ] [....]
475895 - [ 00000000 ][ 0.000000 ] [ 0 ] [ 0 0 ] [ 0 0 0 0 ] [....]
475896 - [ 00000000 ][ 0.000000 ] [ 0 ] [ 0 0 ] [ 0 0 0 0 ] [....]
475897 - [ 00000000 ][ 0.000000 ] [ 0 ] [ 0 0 ] [ 0 0 0 0 ] [....]
475898 - [ 00000000 ][ 0.000000 ] [ 0 ] [ 0 0 ] [ 0 0 0 0 ] [....]
475899 - [ 00000000 ][ 0.000000 ] [ 0 ] [ 0 0 ] [ 0 0 0 0 ] [....]
475900 - [ 00000000 ][ 0.000000 ] [ 0 ] [ 0 0 ] [ 0 0 0 0 ] [....]
475901 - [ 00000000 ][ 0.000000 ] [ 0 ] [ 0 0 ] [ 0 0 0 0 ] [....]
475902 - [ 00000000 ][ 0.000000 ] [ 0 ] [ 0 0 ] [ 0 0 0 0 ] [....]
475903 - [ 00000001 ][ 0.000000 ] [ 1 ] [ 1 0 ] [ 1 0 0 0 ] [....]
475904 - [ 00000000 ][ 0.000000 ] [ 0 ] [ 0 0 ] [ 0 0 0 0 ] [....]
475905 - [ 00000000 ][ 0.000000 ] [ 0 ] [ 0 0 ] [ 0 0 0 0 ] [....]
475906 - [ 00000000 ][ 0.000000 ] [ 0 ] [ 0 0 ] [ 0 0 0 0 ] [....]
475907 - [ c786c400 ][ -69000.000000 ] [ 3347497984 ] [ 50176 51078 ] [ 0 196 134 199 ] [....]
475908 - [ c64b2000 ][ -13000.000000 ] [ 3326812160 ] [ 8192 50763 ] [ 0 32 75 198 ] [..K.]
475909 - [ c7703c00 ][ -61500.000000 ] [ 3346021376 ] [ 15360 51056 ] [ 0 60 112 199 ] [.<p.]
475910 - [ c6a60400 ][ -21250.000000 ] [ 3332768768 ] [ 1024 50854 ] [ 0 4 166 198 ] [....]
475911 - [ 42480000 ][ 50.000000 ] [ 1112014848 ] [ 0 16968 ] [ 0 0 72 66 ] [..HB]
475912 - [ c57f3000 ][ -4083.000000 ] [ 3313446912 ] [ 12288 50559 ] [ 0 48 127 197 ] [.0..]
475913 - [ 000000ef ][ 0.000000 ] [ 239 ] [ 239 0 ] [ 239 0 0 0 ] [....]
475914 - [ 00000000 ][ 0.000000 ] [ 0 ] [ 0 0 ] [ 0 0 0 0 ] [....]
475915 - [ 00000000 ][ 0.000000 ] [ 0 ] [ 0 0 ] [ 0 0 0 0 ] [....]
475916 - [ 00800000 ][ 0.000000 ] [ 8388608 ] [ 0 128 ] [ 0 0 128 0 ] [....]
475917 - [ 00000000 ][ 0.000000 ] [ 0 ] [ 0 0 ] [ 0 0 0 0 ] [....]
475918 - [ 00800000 ][ 0.000000 ] [ 8388608 ] [ 0 128 ] [ 0 0 128 0 ] [....]
475919 - [ 00000000 ][ 0.000000 ] [ 0 ] [ 0 0 ] [ 0 0 0 0 ] [....]
475920 - [ 00800000 ][ 0.000000 ] [ 8388608 ] [ 0 128 ] [ 0 0 128 0 ] [....]
475921 - [ 00000000 ][ 0.000000 ] [ 0 ] [ 0 0 ] [ 0 0 0 0 ] [....]
475922 - [ 00800000 ][ 0.000000 ] [ 8388608 ] [ 0 128 ] [ 0 0 128 0 ] [....]
475923 - [ 00000000 ][ 0.000000 ] [ 0 ] [ 0 0 ] [ 0 0 0 0 ] [....]
475924 - [ 00000000 ][ 0.000000 ] [ 0 ] [ 0 0 ] [ 0 0 0 0 ] [....]
475925 - [ 00000000 ][ 0.000000 ] [ 0 ] [ 0 0 ] [ 0 0 0 0 ] [....]
475926 - [ 00000000 ][ 0.000000 ] [ 0 ] [ 0 0 ] [ 0 0 0 0 ] [....]
475927 - [ 00000001 ][ 0.000000 ] [ 1 ] [ 1 0 ] [ 1 0 0 0 ] [....]
475928 - [ 00800000 ][ 0.000000 ] [ 8388608 ] [ 0 128 ] [ 0 0 128 0 ] [....]
475929 - [ 00000000 ][ 0.000000 ] [ 0 ] [ 0 0 ] [ 0 0 0 0 ] [....]
475930 - [ 00000000 ][ 0.000000 ] [ 0 ] [ 0 0 ] [ 0 0 0 0 ] [....]
475931 - [ c7657e00 ][ -58750.000000 ] [ 3345317376 ] [ 32256 51045 ] [ 0 126 101 199 ] [.~e.]
475932 - [ c6908800 ][ -18500.000000 ] [ 3331360768 ] [ 34816 50832 ] [ 0 136 144 198 ] [....]
475933 - [ c752f000 ][ -54000.000000 ] [ 3344101376 ] [ 61440 51026 ] [ 0 240 82 199 ] [..R.]
475934 - [ c6b98c00 ][ -23750.000000 ] [ 3334048768 ] [ 35840 50873 ] [ 0 140 185 198 ] [....]
475935 - [ 42480000 ][ 50.000000 ] [ 1112014848 ] [ 0 16968 ] [ 0 0 72 66 ] [..HB]
475936 - [ c57f3000 ][ -4083.000000 ] [ 3313446912 ] [ 12288 50559 ] [ 0 48 127 197 ] [.0..]
475937 - [ 000000ef ][ 0.000000 ] [ 239 ] [ 239 0 ] [ 239 0 0 0 ] [....]
475938 - [ 00000000 ][ 0.000000 ] [ 0 ] [ 0 0 ] [ 0 0 0 0 ] [....]
475939 - [ 00000000 ][ 0.000000 ] [ 0 ] [ 0 0 ] [ 0 0 0 0 ] [....]
475940 - [ 00800000 ][ 0.000000 ] [ 8388608 ] [ 0 128 ] [ 0 0 128 0 ] [....]
475941 - [ 00000000 ][ 0.000000 ] [ 0 ] [ 0 0 ] [ 0 0 0 0 ] [....]
475942 - [ 00800000 ][ 0.000000 ] [ 8388608 ] [ 0 128 ] [ 0 0 128 0 ] [....]
475943 - [ 00000000 ][ 0.000000 ] [ 0 ] [ 0 0 ] [ 0 0 0 0 ] [....]
475944 - [ 00800000 ][ 0.000000 ] [ 8388608 ] [ 0 128 ] [ 0 0 128 0 ] [....]
475945 - [ 00000000 ][ 0.000000 ] [ 0 ] [ 0 0 ] [ 0 0 0 0 ] [....]
475946 - [ 00800000 ][ 0.000000 ] [ 8388608 ] [ 0 128 ] [ 0 0 128 0 ] [....]
475947 - [ 00000000 ][ 0.000000 ] [ 0 ] [ 0 0 ] [ 0 0 0 0 ] [....]
475948 - [ 00800000 ][ 0.000000 ] [ 8388608 ] [ 0 128 ] [ 0 0 128 0 ] [....]
475949 - [ 00000000 ][ 0.000000 ] [ 0 ] [ 0 0 ] [ 0 0 0 0 ] [....]
475950 - [ 00800000 ][ 0.000000 ] [ 8388608 ] [ 0 128 ] [ 0 0 128 0 ] [....]
475951 - [ 00000001 ][ 0.000000 ] [ 1 ] [ 1 0 ] [ 1 0 0 0 ] [....]
475952 - [ 00000000 ][ 0.000000 ] [ 0 ] [ 0 0 ] [ 0 0 0 0 ] [....]
475953 - [ 00000000 ][ 0.000000 ] [ 0 ] [ 0 0 ] [ 0 0 0 0 ] [....]
475954 - [ 00000000 ][ 0.000000 ] [ 0 ] [ 0 0 ] [ 0 0 0 0 ] [....]
475955 - [ c7657e00 ][ -58750.000000 ] [ 3345317376 ] [ 32256 51045 ] [ 0 126 101 199 ] [.~e.]
475956 - [ c64b2000 ][ -13000.000000 ] [ 3326812160 ] [ 8192 50763 ] [ 0 32 75 198 ] [..K.]
475957 - [ c752f000 ][ -54000.000000 ] [ 3344101376 ] [ 61440 51026 ] [ 0 240 82 199 ] [..R.]
475958 - [ c6908800 ][ -18500.000000 ] [ 3331360768 ] [ 34816 50832 ] [ 0 136 144 198 ] [....]
475959 - [ 42480000 ][ 50.000000 ] [ 1112014848 ] [ 0 16968 ] [ 0 0 72 66 ] [..HB]
475960 - [ c57f3000 ][ -4083.000000 ] [ 3313446912 ] [ 12288 50559 ] [ 0 48 127 197 ] [.0..]
475961 - [ 000000ef ][ 0.000000 ] [ 239 ] [ 239 0 ] [ 239 0 0 0 ] [....]
475962 - [ 00000000 ][ 0.000000 ] [ 0 ] [ 0 0 ] [ 0 0 0 0 ] [....]
475963 - [ 00000000 ][ 0.000000 ] [ 0 ] [ 0 0 ] [ 0 0 0 0 ] [....]
475964 - [ 00800000 ][ 0.000000 ] [ 8388608 ] [ 0 128 ] [ 0 0 128 0 ] [....]
475965 - [ 00000000 ][ 0.000000 ] [ 0 ] [ 0 0 ] [ 0 0 0 0 ] [....]
475966 - [ 00800000 ][ 0.000000 ] [ 8388608 ] [ 0 128 ] [ 0 0 128 0 ] [....]
475967 - [ 00000000 ][ 0.000000 ] [ 0 ] [ 0 0 ] [ 0 0 0 0 ] [....]
475968 - [ 00800000 ][ 0.000000 ] [ 8388608 ] [ 0 128 ] [ 0 0 128 0 ] [....]
475969 - [ 00000000 ][ 0.000000 ] [ 0 ] [ 0 0 ] [ 0 0 0 0 ] [....]
475970 - [ 00800000 ][ 0.000000 ] [ 8388608 ] [ 0 128 ] [ 0 0 128 0 ] [....]
475971 - [ 00000000 ][ 0.000000 ] [ 0 ] [ 0 0 ] [ 0 0 0 0 ] [....]
475972 - [ 00800000 ][ 0.000000 ] [ 8388608 ] [ 0 128 ] [ 0 0 128 0 ] [....]
475973 - [ 00000000 ][ 0.000000 ] [ 0 ] [ 0 0 ] [ 0 0 0 0 ] [....]
475974 - [ 00800000 ][ 0.000000 ] [ 8388608 ] [ 0 128 ] [ 0 0 128 0 ] [....]
475975 - [ 00000001 ][ 0.000000 ] [ 1 ] [ 1 0 ] [ 1 0 0 0 ] [....]
475976 - [ 00000000 ][ 0.000000 ] [ 0 ] [ 0 0 ] [ 0 0 0 0 ] [....]
475977 - [ 00000000 ][ 0.000000 ] [ 0 ] [ 0 0 ] [ 0 0 0 0 ] [....]
475978 - [ 00000000 ][ 0.000000 ] [ 0 ] [ 0 0 ] [ 0 0 0 0 ] [....]
475979 - [ c7703c00 ][ -61500.000000 ] [ 3346021376 ] [ 15360 51056 ] [ 0 60 112 199 ] [.<p.]
475980 - [ c64b2000 ][ -13000.000000 ] [ 3326812160 ] [ 8192 50763 ] [ 0 32 75 198 ] [..K.]
475981 - [ c7657e00 ][ -58750.000000 ] [ 3345317376 ] [ 32256 51045 ] [ 0 126 101 199 ] [.~e.]
475982 - [ c6908800 ][ -18500.000000 ] [ 3331360768 ] [ 34816 50832 ] [ 0 136 144 198 ] [....]
475983 - [ 42480000 ][ 50.000000 ] [ 1112014848 ] [ 0 16968 ] [ 0 0 72 66 ] [..HB]
475984 - [ c57f3000 ][ -4083.000000 ] [ 3313446912 ] [ 12288 50559 ] [ 0 48 127 197 ] [.0..]
475985 - [ 000000ef ][ 0.000000 ] [ 239 ] [ 239 0 ] [ 239 0 0 0 ] [....]
475986 - [ 00000000 ][ 0.000000 ] [ 0 ] [ 0 0 ] [ 0 0 0 0 ] [....]
475987 - [ 00000000 ][ 0.000000 ] [ 0 ] [ 0 0 ] [ 0 0 0 0 ] [....]
475988 - [ 00800000 ][ 0.000000 ] [ 8388608 ] [ 0 128 ] [ 0 0 128 0 ] [....]
475989 - [ 00000000 ][ 0.000000 ] [ 0 ] [ 0 0 ] [ 0 0 0 0 ] [....]
475990 - [ 00800000 ][ 0.000000 ] [ 8388608 ] [ 0 128 ] [ 0 0 128 0 ] [....]
475991 - [ 00000000 ][ 0.000000 ] [ 0 ] [ 0 0 ] [ 0 0 0 0 ] [....]
475992 - [ 00800000 ][ 0.000000 ] [ 8388608 ] [ 0 128 ] [ 0 0 128 0 ] [....]
475993 - [ 00000000 ][ 0.000000 ] [ 0 ] [ 0 0 ] [ 0 0 0 0 ] [....]
475994 - [ 00800000 ][ 0.000000 ] [ 8388608 ] [ 0 128 ] [ 0 0 128 0 ] [....]
475995 - [ 00000000 ][ 0.000000 ] [ 0 ] [ 0 0 ] [ 0 0 0 0 ] [....]
475996 - [ 00000000 ][ 0.000000 ] [ 0 ] [ 0 0 ] [ 0 0 0 0 ] [....]
475997 - [ 00000000 ][ 0.000000 ] [ 0 ] [ 0 0 ] [ 0 0 0 0 ] [....]
475998 - [ 00000000 ][ 0.000000 ] [ 0 ] [ 0 0 ] [ 0 0 0 0 ] [....]
475999 - [ 00000001 ][ 0.000000 ] [ 1 ] [ 1 0 ] [ 1 0 0 0 ] [....]
476000 - [ 00000000 ][ 0.000000 ] [ 0 ] [ 0 0 ] [ 0 0 0 0 ] [....]
476001 - [ 00000000 ][ 0.000000 ] [ 0 ] [ 0 0 ] [ 0 0 0 0 ] [....]
476002 - [ 00000000 ][ 0.000000 ] [ 0 ] [ 0 0 ] [ 0 0 0 0 ] [....]
476003 - [ c7780c00 ][ -63500.000000 ] [ 3346533376 ] [ 3072 51064 ] [ 0 12 120 199 ] [..x.]
476004 - [ c68ca000 ][ -18000.000000 ] [ 3331104768 ] [ 40960 50828 ] [ 0 160 140 198 ] [....]
476005 - [ c75cb400 ][ -56500.000000 ] [ 3344741376 ] [ 46080 51036 ] [ 0 180 92 199 ] [..\.]
476006 - [ c6c54400 ][ -25250.000000 ] [ 3334816768 ] [ 17408 50885 ] [ 0 68 197 198 ] [.D..]
476007 - [ c37a0000 ][ -250.000000 ] [ 3279552512 ] [ 0 50042 ] [ 0 0 122 195 ] [..z.]
476008 - [ c57f3000 ][ -4083.000000 ] [ 3313446912 ] [ 12288 50559 ] [ 0 48 127 197 ] [.0..]
476009 - [ 000000ef ][ 0.000000 ] [ 239 ] [ 239 0 ] [ 239 0 0 0 ] [....]
476010 - [ 00000000 ][ 0.000000 ] [ 0 ] [ 0 0 ] [ 0 0 0 0 ] [....]
476011 - [ 00000000 ][ 0.000000 ] [ 0 ] [ 0 0 ] [ 0 0 0 0 ] [....]
476012 - [ 00800000 ][ 0.000000 ] [ 8388608 ] [ 0 128 ] [ 0 0 128 0 ] [....]
476013 - [ 00000000 ][ 0.000000 ] [ 0 ] [ 0 0 ] [ 0 0 0 0 ] [....]
476014 - [ 00800000 ][ 0.000000 ] [ 8388608 ] [ 0 128 ] [ 0 0 128 0 ] [....]
476015 - [ 00000000 ][ 0.000000 ] [ 0 ] [ 0 0 ] [ 0 0 0 0 ] [....]
476016 - [ 00800000 ][ 0.000000 ] [ 8388608 ] [ 0 128 ] [ 0 0 128 0 ] [....]
476017 - [ 00000000 ][ 0.000000 ] [ 0 ] [ 0 0 ] [ 0 0 0 0 ] [....]
476018 - [ 00800000 ][ 0.000000 ] [ 8388608 ] [ 0 128 ] [ 0 0 128 0 ] [....]
476019 - [ 00000000 ][ 0.000000 ] [ 0 ] [ 0 0 ] [ 0 0 0 0 ] [....]
476020 - [ 00000000 ][ 0.000000 ] [ 0 ] [ 0 0 ] [ 0 0 0 0 ] [....]
476021 - [ 00000000 ][ 0.000000 ] [ 0 ] [ 0 0 ] [ 0 0 0 0 ] [....]
476022 - [ 00000000 ][ 0.000000 ] [ 0 ] [ 0 0 ] [ 0 0 0 0 ] [....]
476023 - [ 00000001 ][ 0.000000 ] [ 1 ] [ 1 0 ] [ 1 0 0 0 ] [....]
476024 - [ 00000000 ][ 0.000000 ] [ 0 ] [ 0 0 ] [ 0 0 0 0 ] [....]
476025 - [ 00000000 ][ 0.000000 ] [ 0 ] [ 0 0 ] [ 0 0 0 0 ] [....]
476026 - [ 00000000 ][ 0.000000 ] [ 0 ] [ 0 0 ] [ 0 0 0 0 ] [....]
476027 - [ c6e86c00 ][ -29750.000000 ] [ 3337120768 ] [ 27648 50920 ] [ 0 108 232 198 ] [.l..]
476028 - [ 477bf400 ][ 64500.000000 ] [ 1199305728 ] [ 62464 18299 ] [ 0 244 123 71 ] [..{G]
476029 - [ c69a4c00 ][ -19750.000000 ] [ 3332000768 ] [ 19456 50842 ] [ 0 76 154 198 ] [.L..]
476030 - [ 475ac000 ][ 56000.000000 ] [ 1197129728 ] [ 49152 18266 ] [ 0 192 90 71 ] [..ZG]
476031 - [ 42480000 ][ 50.000000 ] [ 1112014848 ] [ 0 16968 ] [ 0 0 72 66 ] [..HB]
476032 - [ c5a4a000 ][ -5268.000000 ] [ 3315900416 ] [ 40960 50596 ] [ 0 160 164 197 ] [....]
476033 - [ 000000f2 ][ 0.000000 ] [ 242 ] [ 242 0 ] [ 242 0 0 0 ] [....]
476034 - [ 00000000 ][ 0.000000 ] [ 0 ] [ 0 0 ] [ 0 0 0 0 ] [....]
476035 - [ 00000002 ][ 0.000000 ] [ 2 ] [ 2 0 ] [ 2 0 0 0 ] [....]
476036 - [ 00000000 ][ 0.000000 ] [ 0 ] [ 0 0 ] [ 0 0 0 0 ] [....]
476037 - [ 00000000 ][ 0.000000 ] [ 0 ] [ 0 0 ] [ 0 0 0 0 ] [....]
476038 - [ 00000000 ][ 0.000000 ] [ 0 ] [ 0 0 ] [ 0 0 0 0 ] [....]
476039 - [ 00000000 ][ 0.000000 ] [ 0 ] [ 0 0 ] [ 0 0 0 0 ] [....]
476040 - [ 00000000 ][ 0.000000 ] [ 0 ] [ 0 0 ] [ 0 0 0 0 ] [....]
476041 - [ 00000000 ][ 0.000000 ] [ 0 ] [ 0 0 ] [ 0 0 0 0 ] [....]
476042 - [ 00000000 ][ 0.000000 ] [ 0 ] [ 0 0 ] [ 0 0 0 0 ] [....]
476043 - [ 00000000 ][ 0.000000 ] [ 0 ] [ 0 0 ] [ 0 0 0 0 ] [....]
476044 - [ 00000000 ][ 0.000000 ] [ 0 ] [ 0 0 ] [ 0 0 0 0 ] [....]
476045 - [ 00000000 ][ 0.000000 ] [ 0 ] [ 0 0 ] [ 0 0 0 0 ] [....]
476046 - [ 00000000 ][ 0.000000 ] [ 0 ] [ 0 0 ] [ 0 0 0 0 ] [....]
476047 - [ 00000001 ][ 0.000000 ] [ 1 ] [ 1 0 ] [ 1 0 0 0 ] [....]
476048 - [ 00000000 ][ 0.000000 ] [ 0 ] [ 0 0 ] [ 0 0 0 0 ] [....]
476049 - [ 00000000 ][ 0.000000 ] [ 0 ] [ 0 0 ] [ 0 0 0 0 ] [....]
476050 - [ 00000000 ][ 0.000000 ] [ 0 ] [ 0 0 ] [ 0 0 0 0 ] [....]
476051 - [ c69a4c00 ][ -19750.000000 ] [ 3332000768 ] [ 19456 50842 ] [ 0 76 154 198 ] [.L..]
476052 - [ 477bf400 ][ 64500.000000 ] [ 1199305728 ] [ 62464 18299 ] [ 0 244 123 71 ] [..{G]
476053 - [ c5c35000 ][ -6250.000000 ] [ 3317911552 ] [ 20480 50627 ] [ 0 80 195 197 ] [.P..]
476054 - [ 4752f000 ][ 54000.000000 ] [ 1196617728 ] [ 61440 18258 ] [ 0 240 82 71 ] [..RG]
476055 - [ 42480000 ][ 50.000000 ] [ 1112014848 ] [ 0 16968 ] [ 0 0 72 66 ] [..HB]
476056 - [ c5a4a000 ][ -5268.000000 ] [ 3315900416 ] [ 40960 50596 ] [ 0 160 164 197 ] [....]
476057 - [ 000000f2 ][ 0.000000 ] [ 242 ] [ 242 0 ] [ 242 0 0 0 ] [....]
476058 - [ 00000000 ][ 0.000000 ] [ 0 ] [ 0 0 ] [ 0 0 0 0 ] [....]
476059 - [ 00000000 ][ 0.000000 ] [ 0 ] [ 0 0 ] [ 0 0 0 0 ] [....]
476060 - [ 00800000 ][ 0.000000 ] [ 8388608 ] [ 0 128 ] [ 0 0 128 0 ] [....]
476061 - [ 00000000 ][ 0.000000 ] [ 0 ] [ 0 0 ] [ 0 0 0 0 ] [....]
476062 - [ 00800000 ][ 0.000000 ] [ 8388608 ] [ 0 128 ] [ 0 0 128 0 ] [....]
476063 - [ 00000000 ][ 0.000000 ] [ 0 ] [ 0 0 ] [ 0 0 0 0 ] [....]
476064 - [ 00800000 ][ 0.000000 ] [ 8388608 ] [ 0 128 ] [ 0 0 128 0 ] [....]
476065 - [ 00000000 ][ 0.000000 ] [ 0 ] [ 0 0 ] [ 0 0 0 0 ] [....]
476066 - [ 00800000 ][ 0.000000 ] [ 8388608 ] [ 0 128 ] [ 0 0 128 0 ] [....]
476067 - [ 00000000 ][ 0.000000 ] [ 0 ] [ 0 0 ] [ 0 0 0 0 ] [....]
476068 - [ 00800000 ][ 0.000000 ] [ 8388608 ] [ 0 128 ] [ 0 0 128 0 ] [....]
476069 - [ 00000000 ][ 0.000000 ] [ 0 ] [ 0 0 ] [ 0 0 0 0 ] [....]
476070 - [ 00800000 ][ 0.000000 ] [ 8388608 ] [ 0 128 ] [ 0 0 128 0 ] [....]
476071 - [ 00000001 ][ 0.000000 ] [ 1 ] [ 1 0 ] [ 1 0 0 0 ] [....]
476072 - [ 00000000 ][ 0.000000 ] [ 0 ] [ 0 0 ] [ 0 0 0 0 ] [....]
476073 - [ 00000000 ][ 0.000000 ] [ 0 ] [ 0 0 ] [ 0 0 0 0 ] [....]
476074 - [ 00000000 ][ 0.000000 ] [ 0 ] [ 0 0 ] [ 0 0 0 0 ] [....]
476075 - [ c6ad7a00 ][ -22205.000000 ] [ 3333257728 ] [ 31232 50861 ] [ 0 122 173 198 ] [.z..]
476076 - [ 47c70880 ][ 101905.000000 ] [ 1204226176 ] [ 2176 18375 ] [ 128 8 199 71 ] [...G]
476077 - [ c68e9400 ][ -18250.000000 ] [ 3331232768 ] [ 37888 50830 ] [ 0 148 142 198 ] [....]
476078 - [ 47bf0900 ][ 97810.000000 ] [ 1203702016 ] [ 2304 18367 ] [ 0 9 191 71 ] [...G]
476079 - [ 42480000 ][ 50.000000 ] [ 1112014848 ] [ 0 16968 ] [ 0 0 72 66 ] [..HB]
476080 - [ c4e6a000 ][ -1845.000000 ] [ 3303448576 ] [ 40960 50406 ] [ 0 160 230 196 ] [....]
476081 - [ 000000f3 ][ 0.000000 ] [ 243 ] [ 243 0 ] [ 243 0 0 0 ] [....]
476082 - [ 00000000 ][ 0.000000 ] [ 0 ] [ 0 0 ] [ 0 0 0 0 ] [....]
476083 - [ 00000000 ][ 0.000000 ] [ 0 ] [ 0 0 ] [ 0 0 0 0 ] [....]
476084 - [ 00000000 ][ 0.000000 ] [ 0 ] [ 0 0 ] [ 0 0 0 0 ] [....]
476085 - [ 00000000 ][ 0.000000 ] [ 0 ] [ 0 0 ] [ 0 0 0 0 ] [....]
476086 - [ 00000000 ][ 0.000000 ] [ 0 ] [ 0 0 ] [ 0 0 0 0 ] [....]
476087 - [ 00000000 ][ 0.000000 ] [ 0 ] [ 0 0 ] [ 0 0 0 0 ] [....]
476088 - [ 00000000 ][ 0.000000 ] [ 0 ] [ 0 0 ] [ 0 0 0 0 ] [....]
476089 - [ 00000000 ][ 0.000000 ] [ 0 ] [ 0 0 ] [ 0 0 0 0 ] [....]
476090 - [ 00000000 ][ 0.000000 ] [ 0 ] [ 0 0 ] [ 0 0 0 0 ] [....]
476091 - [ 00000000 ][ 0.000000 ] [ 0 ] [ 0 0 ] [ 0 0 0 0 ] [....]
476092 - [ 00000000 ][ 0.000000 ] [ 0 ] [ 0 0 ] [ 0 0 0 0 ] [....]
476093 - [ 00000000 ][ 0.000000 ] [ 0 ] [ 0 0 ] [ 0 0 0 0 ] [....]
476094 - [ 00000000 ][ 0.000000 ] [ 0 ] [ 0 0 ] [ 0 0 0 0 ] [....]
476095 - [ 00000000 ][ 0.000000 ] [ 0 ] [ 0 0 ] [ 0 0 0 0 ] [....]
476096 - [ 00000000 ][ 0.000000 ] [ 0 ] [ 0 0 ] [ 0 0 0 0 ] [....]
476097 - [ 00000000 ][ 0.000000 ] [ 0 ] [ 0 0 ] [ 0 0 0 0 ] [....]
476098 - [ 00000000 ][ 0.000000 ] [ 0 ] [ 0 0 ] [ 0 0 0 0 ] [....]
476099 - [ c6afc800 ][ -22500.000000 ] [ 3333408768 ] [ 51200 50863 ] [ 0 200 175 198 ] [....]
476100 - [ c75cb400 ][ -56500.000000 ] [ 3344741376 ] [ 46080 51036 ] [ 0 180 92 199 ] [..\.]
476101 - [ c688b800 ][ -17500.000000 ] [ 3330848768 ] [ 47104 50824 ] [ 0 184 136 198 ] [....]
476102 - [ c7790600 ][ -63750.000000 ] [ 3346597376 ] [ 1536 51065 ] [ 0 6 121 199 ] [..y.]
476103 - [ 42480000 ][ 50.000000 ] [ 1112014848 ] [ 0 16968 ] [ 0 0 72 66 ] [..HB]
476104 - [ c515d000 ][ -2397.000000 ] [ 3306541056 ] [ 53248 50453 ] [ 0 208 21 197 ] [....]
476105 - [ 000000fe ][ 0.000000 ] [ 254 ] [ 254 0 ] [ 254 0 0 0 ] [....]
476106 - [ 00000000 ][ 0.000000 ] [ 0 ] [ 0 0 ] [ 0 0 0 0 ] [....]
476107 - [ 00000000 ][ 0.000000 ] [ 0 ] [ 0 0 ] [ 0 0 0 0 ] [....]
476108 - [ 00800000 ][ 0.000000 ] [ 8388608 ] [ 0 128 ] [ 0 0 128 0 ] [....]
476109 - [ 00000000 ][ 0.000000 ] [ 0 ] [ 0 0 ] [ 0 0 0 0 ] [....]
476110 - [ 00800000 ][ 0.000000 ] [ 8388608 ] [ 0 128 ] [ 0 0 128 0 ] [....]
476111 - [ 00000000 ][ 0.000000 ] [ 0 ] [ 0 0 ] [ 0 0 0 0 ] [....]
476112 - [ 00800000 ][ 0.000000 ] [ 8388608 ] [ 0 128 ] [ 0 0 128 0 ] [....]
476113 - [ 00000000 ][ 0.000000 ] [ 0 ] [ 0 0 ] [ 0 0 0 0 ] [....]
476114 - [ 00800000 ][ 0.000000 ] [ 8388608 ] [ 0 128 ] [ 0 0 128 0 ] [....]
476115 - [ 00000000 ][ 0.000000 ] [ 0 ] [ 0 0 ] [ 0 0 0 0 ] [....]
476116 - [ 00800000 ][ 0.000000 ] [ 8388608 ] [ 0 128 ] [ 0 0 128 0 ] [....]
476117 - [ 00000000 ][ 0.000000 ] [ 0 ] [ 0 0 ] [ 0 0 0 0 ] [....]
476118 - [ 00800000 ][ 0.000000 ] [ 8388608 ] [ 0 128 ] [ 0 0 128 0 ] [....]
476119 - [ 00000001 ][ 0.000000 ] [ 1 ] [ 1 0 ] [ 1 0 0 0 ] [....]
476120 - [ 00800000 ][ 0.000000 ] [ 8388608 ] [ 0 128 ] [ 0 0 128 0 ] [....]
476121 - [ 00000000 ][ 0.000000 ] [ 0 ] [ 0 0 ] [ 0 0 0 0 ] [....]
476122 - [ 00000000 ][ 0.000000 ] [ 0 ] [ 0 0 ] [ 0 0 0 0 ] [....]
476123 - [ c786e27f ][ -69060.992188 ] [ 3347505791 ] [ 57983 51078 ] [ 127 226 134 199 ] [....]
476124 - [ c6621bff ][ -14470.999023 ] [ 3328318463 ] [ 7167 50786 ] [ 255 27 98 198 ] [..b.]
476125 - [ c77e24ff ][ -65060.996094 ] [ 3346932991 ] [ 9471 51070 ] [ 255 36 126 199 ] [.$~.]
476126 - [ c6904dff ][ -18470.998047 ] [ 3331345919 ] [ 19967 50832 ] [ 255 77 144 198 ] [.M..]
476127 - [ 424c554c ][ 51.083298 ] [ 1112298828 ] [ 21836 16972 ] [ 76 85 76 66 ] [LULB]
476128 - [ c4bb5d56 ][ -1498.916748 ] [ 3300613462 ] [ 23894 50363 ] [ 86 93 187 196 ] [V]..]
476129 - [ 000000ef ][ 0.000000 ] [ 239 ] [ 239 0 ] [ 239 0 0 0 ] [....]
476130 - [ 00000002 ][ 0.000000 ] [ 2 ] [ 2 0 ] [ 2 0 0 0 ] [....]
476131 - [ 00000003 ][ 0.000000 ] [ 3 ] [ 3 0 ] [ 3 0 0 0 ] [....]
476132 - [ 0000275f ][ 0.000000 ] [ 10079 ] [ 10079 0 ] [ 95 39 0 0 ] [_'..]
476133 - [ 00000000 ][ 0.000000 ] [ 0 ] [ 0 0 ] [ 0 0 0 0 ] [....]
476134 - [ 00000000 ][ 0.000000 ] [ 0 ] [ 0 0 ] [ 0 0 0 0 ] [....]
476135 - [ 00000001 ][ 0.000000 ] [ 1 ] [ 1 0 ] [ 1 0 0 0 ] [....]
476136 - [ 00000000 ][ 0.000000 ] [ 0 ] [ 0 0 ] [ 0 0 0 0 ] [....]
476137 - [ 00000000 ][ 0.000000 ] [ 0 ] [ 0 0 ] [ 0 0 0 0 ] [....]
476138 - [ 00000000 ][ 0.000000 ] [ 0 ] [ 0 0 ] [ 0 0 0 0 ] [....]
476139 - [ ffffffff ][ -nan ] [ 4294967295 ] [ 65535 65535 ] [ 255 255 255 255 ] [....]
476140 - [ 00000000 ][ 0.000000 ] [ 0 ] [ 0 0 ] [ 0 0 0 0 ] [....]
476141 - [ 00000000 ][ 0.000000 ] [ 0 ] [ 0 0 ] [ 0 0 0 0 ] [....]
476142 - [ 00000000 ][ 0.000000 ] [ 0 ] [ 0 0 ] [ 0 0 0 0 ] [....]
476143 - [ 00000000 ][ 0.000000 ] [ 0 ] [ 0 0 ] [ 0 0 0 0 ] [....]
476144 - [ 00000000 ][ 0.000000 ] [ 0 ] [ 0 0 ] [ 0 0 0 0 ] [....]
476145 - [ 00000000 ][ 0.000000 ] [ 0 ] [ 0 0 ] [ 0 0 0 0 ] [....]
476146 - [ 00000000 ][ 0.000000 ] [ 0 ] [ 0 0 ] [ 0 0 0 0 ] [....]
476147 - [ c76498ff ][ -58520.996094 ] [ 3345258751 ] [ 39167 51044 ] [ 255 152 100 199 ] [..d.]
476148 - [ c634bc00 ][ -11567.000000 ] [ 3325344768 ] [ 48128 50740 ] [ 0 188 52 198 ] [..4.]
476149 - [ c754f8ff ][ -54520.996094 ] [ 3344234751 ] [ 63743 51028 ] [ 255 248 84 199 ] [..T.]
476150 - [ c6733c00 ][ -15567.000000 ] [ 3329440768 ] [ 15360 50803 ] [ 0 60 115 198 ] [.<s.]
476151 - [ 424c554c ][ 51.083298 ] [ 1112298828 ] [ 21836 16972 ] [ 76 85 76 66 ] [LULB]
476152 - [ c4bb5d56 ][ -1498.916748 ] [ 3300613462 ] [ 23894 50363 ] [ 86 93 187 196 ] [V]..]
476153 - [ 000000ef ][ 0.000000 ] [ 239 ] [ 239 0 ] [ 239 0 0 0 ] [....]
476154 - [ 00000002 ][ 0.000000 ] [ 2 ] [ 2 0 ] [ 2 0 0 0 ] [....]
476155 - [ 00000003 ][ 0.000000 ] [ 3 ] [ 3 0 ] [ 3 0 0 0 ] [....]
476156 - [ 0000275f ][ 0.000000 ] [ 10079 ] [ 10079 0 ] [ 95 39 0 0 ] [_'..]
476157 - [ 00000000 ][ 0.000000 ] [ 0 ] [ 0 0 ] [ 0 0 0 0 ] [....]
476158 - [ 00000000 ][ 0.000000 ] [ 0 ] [ 0 0 ] [ 0 0 0 0 ] [....]
476159 - [ 00000001 ][ 0.000000 ] [ 1 ] [ 1 0 ] [ 1 0 0 0 ] [....]
476160 - [ 00000000 ][ 0.000000 ] [ 0 ] [ 0 0 ] [ 0 0 0 0 ] [....]
476161 - [ 00000000 ][ 0.000000 ] [ 0 ] [ 0 0 ] [ 0 0 0 0 ] [....]
476162 - [ 00000000 ][ 0.000000 ] [ 0 ] [ 0 0 ] [ 0 0 0 0 ] [....]
476163 - [ ffffffff ][ -nan ] [ 4294967295 ] [ 65535 65535 ] [ 255 255 255 255 ] [....]
476164 - [ 00000000 ][ 0.000000 ] [ 0 ] [ 0 0 ] [ 0 0 0 0 ] [....]
476165 - [ 00000000 ][ 0.000000 ] [ 0 ] [ 0 0 ] [ 0 0 0 0 ] [....]
476166 - [ 00000000 ][ 0.000000 ] [ 0 ] [ 0 0 ] [ 0 0 0 0 ] [....]
476167 - [ 00000000 ][ 0.000000 ] [ 0 ] [ 0 0 ] [ 0 0 0 0 ] [....]
476168 - [ 00000000 ][ 0.000000 ] [ 0 ] [ 0 0 ] [ 0 0 0 0 ] [....]
476169 - [ 00000000 ][ 0.000000 ] [ 0 ] [ 0 0 ] [ 0 0 0 0 ] [....]
476170 - [ 00000000 ][ 0.000000 ] [ 0 ] [ 0 0 ] [ 0 0 0 0 ] [....]
476171 - [ c7861b80 ][ -68663.000000 ] [ 3347454848 ] [ 7040 51078 ] [ 128 27 134 199 ] [....]
476172 - [ 47768a00 ][ 63114.000000 ] [ 1198950912 ] [ 35328 18294 ] [ 0 138 118 71 ] [..vG]
476173 - [ c7502300 ][ -53283.000000 ] [ 3343917824 ] [ 8960 51024 ] [ 0 35 80 199 ] [.#P.]
476174 - [ 47458900 ][ 50569.000000 ] [ 1195739392 ] [ 35072 18245 ] [ 0 137 69 71 ] [..EG]
476175 - [ 420c0000 ][ 35.000000 ] [ 1108082688 ] [ 0 16908 ] [ 0 0 12 66 ] [...B]
476176 - [ c4bd6000 ][ -1515.000000 ] [ 3300745216 ] [ 24576 50365 ] [ 0 96 189 196 ] [.`..]
476177 - [ 000000e2 ][ 0.000000 ] [ 226 ] [ 226 0 ] [ 226 0 0 0 ] [....]
476178 - [ 00000002 ][ 0.000000 ] [ 2 ] [ 2 0 ] [ 2 0 0 0 ] [....]
476179 - [ 00000003 ][ 0.000000 ] [ 3 ] [ 3 0 ] [ 3 0 0 0 ] [....]
476180 - [ 00002767 ][ 0.000000 ] [ 10087 ] [ 10087 0 ] [ 103 39 0 0 ] [g'..]
476181 - [ 00000000 ][ 0.000000 ] [ 0 ] [ 0 0 ] [ 0 0 0 0 ] [....]
476182 - [ 00000000 ][ 0.000000 ] [ 0 ] [ 0 0 ] [ 0 0 0 0 ] [....]
476183 - [ 00000001 ][ 0.000000 ] [ 1 ] [ 1 0 ] [ 1 0 0 0 ] [....]
476184 - [ 00000001 ][ 0.000000 ] [ 1 ] [ 1 0 ] [ 1 0 0 0 ] [....]
476185 - [ 3f800000 ][ 1.000000 ] [ 1065353216 ] [ 0 16256 ] [ 0 0 128 63 ] [...?]
476186 - [ 00000002 ][ 0.000000 ] [ 2 ] [ 2 0 ] [ 2 0 0 0 ] [....]
476187 - [ 0000000a ][ 0.000000 ] [ 10 ] [ 10 0 ] [ 10 0 0 0 ] [....]
476188 - [ 00000000 ][ 0.000000 ] [ 0 ] [ 0 0 ] [ 0 0 0 0 ] [....]
476189 - [ 00000000 ][ 0.000000 ] [ 0 ] [ 0 0 ] [ 0 0 0 0 ] [....]
476190 - [ 00000000 ][ 0.000000 ] [ 0 ] [ 0 0 ] [ 0 0 0 0 ] [....]
476191 - [ 00000000 ][ 0.000000 ] [ 0 ] [ 0 0 ] [ 0 0 0 0 ] [....]
476192 - [ 00000000 ][ 0.000000 ] [ 0 ] [ 0 0 ] [ 0 0 0 0 ] [....]
476193 - [ 00000000 ][ 0.000000 ] [ 0 ] [ 0 0 ] [ 0 0 0 0 ] [....]
476194 - [ 00000000 ][ 0.000000 ] [ 0 ] [ 0 0 ] [ 0 0 0 0 ] [....]
476195 - [ 475e01ff ][ 56833.996094 ] [ 1197343231 ] [ 511 18270 ] [ 255 1 94 71 ] [..^G]
476196 - [ 469aea00 ][ 19829.000000 ] [ 1184557568 ] [ 59904 18074 ] [ 0 234 154 70 ] [...F]
476197 - [ 4767e3ff ][ 59363.996094 ] [ 1197990911 ] [ 58367 18279 ] [ 255 227 103 71 ] [..gG]
476198 - [ 46866800 ][ 17204.000000 ] [ 1183213568 ] [ 26624 18054 ] [ 0 104 134 70 ] [.h.F]
476199 - [ 42480000 ][ 50.000000 ] [ 1112014848 ] [ 0 16968 ] [ 0 0 72 66 ] [..HB]
476200 - [ c4bb8000 ][ -1500.000000 ] [ 3300622336 ] [ 32768 50363 ] [ 0 128 187 196 ] [....]
476201 - [ 00000021 ][ 0.000000 ] [ 33 ] [ 33 0 ] [ 33 0 0 0 ] [!...]
476202 - [ 00000002 ][ 0.000000 ] [ 2 ] [ 2 0 ] [ 2 0 0 0 ] [....]
476203 - [ 00000003 ][ 0.000000 ] [ 3 ] [ 3 0 ] [ 3 0 0 0 ] [....]
476204 - [ 00004e2d ][ 0.000000 ] [ 20013 ] [ 20013 0 ] [ 45 78 0 0 ] [-N..]
476205 - [ 00000064 ][ 0.000000 ] [ 100 ] [ 100 0 ] [ 100 0 0 0 ] [d...]
476206 - [ 00000000 ][ 0.000000 ] [ 0 ] [ 0 0 ] [ 0 0 0 0 ] [....]
476207 - [ 00000001 ][ 0.000000 ] [ 1 ] [ 1 0 ] [ 1 0 0 0 ] [....]
476208 - [ 00000001 ][ 0.000000 ] [ 1 ] [ 1 0 ] [ 1 0 0 0 ] [....]
476209 - [ 3f800000 ][ 1.000000 ] [ 1065353216 ] [ 0 16256 ] [ 0 0 128 63 ] [...?]
476210 - [ 00000002 ][ 0.000000 ] [ 2 ] [ 2 0 ] [ 2 0 0 0 ] [....]
476211 - [ ffffffff ][ -nan ] [ 4294967295 ] [ 65535 65535 ] [ 255 255 255 255 ] [....]
476212 - [ 00000000 ][ 0.000000 ] [ 0 ] [ 0 0 ] [ 0 0 0 0 ] [....]
476213 - [ 00000000 ][ 0.000000 ] [ 0 ] [ 0 0 ] [ 0 0 0 0 ] [....]
476214 - [ 00000000 ][ 0.000000 ] [ 0 ] [ 0 0 ] [ 0 0 0 0 ] [....]
476215 - [ 00000000 ][ 0.000000 ] [ 0 ] [ 0 0 ] [ 0 0 0 0 ] [....]
476216 - [ 00000000 ][ 0.000000 ] [ 0 ] [ 0 0 ] [ 0 0 0 0 ] [....]
476217 - [ 00000000 ][ 0.000000 ] [ 0 ] [ 0 0 ] [ 0 0 0 0 ] [....]
476218 - [ 00000000 ][ 0.000000 ] [ 0 ] [ 0 0 ] [ 0 0 0 0 ] [....]
476219 - [ 467d1ffe ][ 16199.998047 ] [ 1182605310 ] [ 8190 18045 ] [ 254 31 125 70 ] [..}F]
476220 - [ 4763ef00 ][ 58351.000000 ] [ 1197731584 ] [ 61184 18275 ] [ 0 239 99 71 ] [..cG]
476221 - [ 469dcfff ][ 20199.998047 ] [ 1184747519 ] [ 53247 18077 ] [ 255 207 157 70 ] [...F]
476222 - [ 47544f00 ][ 54351.000000 ] [ 1196707584 ] [ 20224 18260 ] [ 0 79 84 71 ] [.OTG]
476223 - [ 42189928 ][ 38.149567 ] [ 1108908328 ] [ 39208 16920 ] [ 40 153 24 66 ] [(..B]
476224 - [ c4bcfb36 ][ -1511.850342 ] [ 3300719414 ] [ 64310 50364 ] [ 54 251 188 196 ] [6...]
476225 - [ 00000012 ][ 0.000000 ] [ 18 ] [ 18 0 ] [ 18 0 0 0 ] [....]
476226 - [ 00000003 ][ 0.000000 ] [ 3 ] [ 3 0 ] [ 3 0 0 0 ] [....]
476227 - [ 00000002 ][ 0.000000 ] [ 2 ] [ 2 0 ] [ 2 0 0 0 ] [....]
476228 - [ 00000000 ][ 0.000000 ] [ 0 ] [ 0 0 ] [ 0 0 0 0 ] [....]
476229 - [ 00000000 ][ 0.000000 ] [ 0 ] [ 0 0 ] [ 0 0 0 0 ] [....]
476230 - [ 00000000 ][ 0.000000 ] [ 0 ] [ 0 0 ] [ 0 0 0 0 ] [....]
476231 - [ 00000003 ][ 0.000000 ] [ 3 ] [ 3 0 ] [ 3 0 0 0 ] [....]
476232 - [ 00000001 ][ 0.000000 ] [ 1 ] [ 1 0 ] [ 1 0 0 0 ] [....]
476233 - [ 3f800000 ][ 1.000000 ] [ 1065353216 ] [ 0 16256 ] [ 0 0 128 63 ] [...?]
476234 - [ 00000002 ][ 0.000000 ] [ 2 ] [ 2 0 ] [ 2 0 0 0 ] [....]
476235 - [ ffffffff ][ -nan ] [ 4294967295 ] [ 65535 65535 ] [ 255 255 255 255 ] [....]
476236 - [ 00000000 ][ 0.000000 ] [ 0 ] [ 0 0 ] [ 0 0 0 0 ] [....]
476237 - [ 00000000 ][ 0.000000 ] [ 0 ] [ 0 0 ] [ 0 0 0 0 ] [....]
476238 - [ 00000000 ][ 0.000000 ] [ 0 ] [ 0 0 ] [ 0 0 0 0 ] [....]
476239 - [ 00000000 ][ 0.000000 ] [ 0 ] [ 0 0 ] [ 0 0 0 0 ] [....]
476240 - [ 00000000 ][ 0.000000 ] [ 0 ] [ 0 0 ] [ 0 0 0 0 ] [....]
476241 - [ 00000000 ][ 0.000000 ] [ 0 ] [ 0 0 ] [ 0 0 0 0 ] [....]
476242 - [ 00000000 ][ 0.000000 ] [ 0 ] [ 0 0 ] [ 0 0 0 0 ] [....]
476243 - [ 475ac8ff ][ 56008.996094 ] [ 1197132031 ] [ 51455 18266 ] [ 255 200 90 71 ] [..ZG]
476244 - [ 47d3c47f ][ 108424.992188 ] [ 1205060735 ] [ 50303 18387 ] [ 127 196 211 71 ] [...G]
476245 - [ 476a68ff ][ 60008.996094 ] [ 1198156031 ] [ 26879 18282 ] [ 255 104 106 71 ] [.hjG]
476246 - [ 47cbf47f ][ 104424.992188 ] [ 1204548735 ] [ 62591 18379 ] [ 127 244 203 71 ] [...G]
476247 - [ c2e37d54 ][ -113.744781 ] [ 3269688660 ] [ 32084 49891 ] [ 84 125 227 194 ] [T}..]
476248 - [ c4e2b7d5 ][ -1813.744751 ] [ 3303192533 ] [ 47061 50402 ] [ 213 183 226 196 ] [....]
476249 - [ 00000023 ][ 0.000000 ] [ 35 ] [ 35 0 ] [ 35 0 0 0 ] [#...]
476250 - [ 00000002 ][ 0.000000 ] [ 2 ] [ 2 0 ] [ 2 0 0 0 ] [....]
476251 - [ 00000003 ][ 0.000000 ] [ 3 ] [ 3 0 ] [ 3 0 0 0 ] [....]
476252 - [ 00004e9c ][ 0.000000 ] [ 20124 ] [ 20124 0 ] [ 156 78 0 0 ] [.N..]
476253 - [ 00000000 ][ 0.000000 ] [ 0 ] [ 0 0 ] [ 0 0 0 0 ] [....]
476254 - [ 00000000 ][ 0.000000 ] [ 0 ] [ 0 0 ] [ 0 0 0 0 ] [....]
476255 - [ 00000001 ][ 0.000000 ] [ 1 ] [ 1 0 ] [ 1 0 0 0 ] [....]
476256 - [ 00000000 ][ 0.000000 ] [ 0 ] [ 0 0 ] [ 0 0 0 0 ] [....]
476257 - [ 00000000 ][ 0.000000 ] [ 0 ] [ 0 0 ] [ 0 0 0 0 ] [....]
476258 - [ 00000002 ][ 0.000000 ] [ 2 ] [ 2 0 ] [ 2 0 0 0 ] [....]
476259 - [ ffffffff ][ -nan ] [ 4294967295 ] [ 65535 65535 ] [ 255 255 255 255 ] [....]
476260 - [ 00000000 ][ 0.000000 ] [ 0 ] [ 0 0 ] [ 0 0 0 0 ] [....]
476261 - [ 00000000 ][ 0.000000 ] [ 0 ] [ 0 0 ] [ 0 0 0 0 ] [....]
476262 - [ 00000000 ][ 0.000000 ] [ 0 ] [ 0 0 ] [ 0 0 0 0 ] [....]
476263 - [ 00000000 ][ 0.000000 ] [ 0 ] [ 0 0 ] [ 0 0 0 0 ] [....]
476264 - [ 00000000 ][ 0.000000 ] [ 0 ] [ 0 0 ] [ 0 0 0 0 ] [....]
476265 - [ 00000000 ][ 0.000000 ] [ 0 ] [ 0 0 ] [ 0 0 0 0 ] [....]
476266 - [ 00000000 ][ 0.000000 ] [ 0 ] [ 0 0 ] [ 0 0 0 0 ] [....]
476267 - [ 47bd29ff ][ 96851.992188 ] [ 1203579391 ] [ 10751 18365 ] [ 255 41 189 71 ] [.).G]
476268 - [ 47cdb680 ][ 105325.000000 ] [ 1204663936 ] [ 46720 18381 ] [ 128 182 205 71 ] [...G]
476269 - [ 47c4f9ff ][ 100851.992188 ] [ 1204091391 ] [ 63999 18372 ] [ 255 249 196 71 ] [...G]
476270 - [ 47c5e680 ][ 101325.000000 ] [ 1204151936 ] [ 59008 18373 ] [ 128 230 197 71 ] [...G]
476271 - [ 4247fffc ][ 49.999985 ] [ 1112014844 ] [ 65532 16967 ] [ 252 255 71 66 ] [..GB]
476272 - [ c4bb8000 ][ -1500.000000 ] [ 3300622336 ] [ 32768 50363 ] [ 0 128 187 196 ] [....]
476273 - [ 00000033 ][ 0.000000 ] [ 51 ] [ 51 0 ] [ 51 0 0 0 ] [3...]
476274 - [ 00000002 ][ 0.000000 ] [ 2 ] [ 2 0 ] [ 2 0 0 0 ] [....]
476275 - [ 00000003 ][ 0.000000 ] [ 3 ] [ 3 0 ] [ 3 0 0 0 ] [....]
476276 - [ 00004e9c ][ 0.000000 ] [ 20124 ] [ 20124 0 ] [ 156 78 0 0 ] [.N..]
476277 - [ 00000000 ][ 0.000000 ] [ 0 ] [ 0 0 ] [ 0 0 0 0 ] [....]
476278 - [ 00000000 ][ 0.000000 ] [ 0 ] [ 0 0 ] [ 0 0 0 0 ] [....]
476279 - [ 00000001 ][ 0.000000 ] [ 1 ] [ 1 0 ] [ 1 0 0 0 ] [....]
476280 - [ 00000001 ][ 0.000000 ] [ 1 ] [ 1 0 ] [ 1 0 0 0 ] [....]
476281 - [ 3f800000 ][ 1.000000 ] [ 1065353216 ] [ 0 16256 ] [ 0 0 128 63 ] [...?]
476282 - [ 00000001 ][ 0.000000 ] [ 1 ] [ 1 0 ] [ 1 0 0 0 ] [....]
476283 - [ ffffffff ][ -nan ] [ 4294967295 ] [ 65535 65535 ] [ 255 255 255 255 ] [....]
476284 - [ 00000000 ][ 0.000000 ] [ 0 ] [ 0 0 ] [ 0 0 0 0 ] [....]
476285 - [ 00000000 ][ 0.000000 ] [ 0 ] [ 0 0 ] [ 0 0 0 0 ] [....]
476286 - [ 00000000 ][ 0.000000 ] [ 0 ] [ 0 0 ] [ 0 0 0 0 ] [....]
476287 - [ 00000000 ][ 0.000000 ] [ 0 ] [ 0 0 ] [ 0 0 0 0 ] [....]
476288 - [ 00000000 ][ 0.000000 ] [ 0 ] [ 0 0 ] [ 0 0 0 0 ] [....]
476289 - [ 00000000 ][ 0.000000 ] [ 0 ] [ 0 0 ] [ 0 0 0 0 ] [....]
476290 - [ 00000000 ][ 0.000000 ] [ 0 ] [ 0 0 ] [ 0 0 0 0 ] [....]
476291 - [ c698b000 ][ -19544.000000 ] [ 3331895296 ] [ 45056 50840 ] [ 0 176 152 198 ] [....]
476292 - [ 477a1dff ][ 64029.996094 ] [ 1199185407 ] [ 7679 18298 ] [ 255 29 122 71 ] [..zG]
476293 - [ c672dfff ][ -15543.999023 ] [ 3329417215 ] [ 57343 50802 ] [ 255 223 114 198 ] [..r.]
476294 - [ 476a7dff ][ 60029.996094 ] [ 1198161407 ] [ 32255 18282 ] [ 255 125 106 71 ] [.}jG]
476295 - [ 4233fffc ][ 44.999985 ] [ 1110704124 ] [ 65532 16947 ] [ 252 255 51 66 ] [..3B]
476296 - [ c4bc2000 ][ -1505.000000 ] [ 3300663296 ] [ 8192 50364 ] [ 0 32 188 196 ] [....]
476297 - [ 000000f2 ][ 0.000000 ] [ 242 ] [ 242 0 ] [ 242 0 0 0 ] [....]
476298 - [ 00000002 ][ 0.000000 ] [ 2 ] [ 2 0 ] [ 2 0 0 0 ] [....]
476299 - [ 00000003 ][ 0.000000 ] [ 3 ] [ 3 0 ] [ 3 0 0 0 ] [....]
476300 - [ 0000275f ][ 0.000000 ] [ 10079 ] [ 10079 0 ] [ 95 39 0 0 ] [_'..]
476301 - [ 00000000 ][ 0.000000 ] [ 0 ] [ 0 0 ] [ 0 0 0 0 ] [....]
476302 - [ 00000000 ][ 0.000000 ] [ 0 ] [ 0 0 ] [ 0 0 0 0 ] [....]
476303 - [ 00000001 ][ 0.000000 ] [ 1 ] [ 1 0 ] [ 1 0 0 0 ] [....]
476304 - [ 00000000 ][ 0.000000 ] [ 0 ] [ 0 0 ] [ 0 0 0 0 ] [....]
476305 - [ 00000000 ][ 0.000000 ] [ 0 ] [ 0 0 ] [ 0 0 0 0 ] [....]
476306 - [ 00000000 ][ 0.000000 ] [ 0 ] [ 0 0 ] [ 0 0 0 0 ] [....]
476307 - [ ffffffff ][ -nan ] [ 4294967295 ] [ 65535 65535 ] [ 255 255 255 255 ] [....]
476308 - [ 00000000 ][ 0.000000 ] [ 0 ] [ 0 0 ] [ 0 0 0 0 ] [....]
476309 - [ 00000000 ][ 0.000000 ] [ 0 ] [ 0 0 ] [ 0 0 0 0 ] [....]
476310 - [ 00000000 ][ 0.000000 ] [ 0 ] [ 0 0 ] [ 0 0 0 0 ] [....]
476311 - [ 00000000 ][ 0.000000 ] [ 0 ] [ 0 0 ] [ 0 0 0 0 ] [....]
476312 - [ 00000000 ][ 0.000000 ] [ 0 ] [ 0 0 ] [ 0 0 0 0 ] [....]
476313 - [ 00000000 ][ 0.000000 ] [ 0 ] [ 0 0 ] [ 0 0 0 0 ] [....]
476314 - [ 00000000 ][ 0.000000 ] [ 0 ] [ 0 0 ] [ 0 0 0 0 ] [....]
476315 - [ c75d3bff ][ -56635.996094 ] [ 3344776191 ] [ 15359 51037 ] [ 255 59 93 199 ] [.;].]
476316 - [ c69779ff ][ -19388.998047 ] [ 3331815935 ] [ 31231 50839 ] [ 255 121 151 198 ] [.y..]
476317 - [ c74d9bff ][ -52635.996094 ] [ 3343752191 ] [ 39935 51021 ] [ 255 155 77 199 ] [..M.]
476318 - [ c6b6b9ff ][ -23388.998047 ] [ 3333863935 ] [ 47615 50870 ] [ 255 185 182 198 ] [....]
476319 - [ 424c554b ][ 51.083294 ] [ 1112298827 ] [ 21835 16972 ] [ 75 85 76 66 ] [KULB]
476320 - [ c4bb5d56 ][ -1498.916748 ] [ 3300613462 ] [ 23894 50363 ] [ 86 93 187 196 ] [V]..]
476321 - [ 000000ef ][ 0.000000 ] [ 239 ] [ 239 0 ] [ 239 0 0 0 ] [....]
476322 - [ 00000002 ][ 0.000000 ] [ 2 ] [ 2 0 ] [ 2 0 0 0 ] [....]
476323 - [ 00000003 ][ 0.000000 ] [ 3 ] [ 3 0 ] [ 3 0 0 0 ] [....]
476324 - [ 0000275f ][ 0.000000 ] [ 10079 ] [ 10079 0 ] [ 95 39 0 0 ] [_'..]
476325 - [ 00000000 ][ 0.000000 ] [ 0 ] [ 0 0 ] [ 0 0 0 0 ] [....]
476326 - [ 00000000 ][ 0.000000 ] [ 0 ] [ 0 0 ] [ 0 0 0 0 ] [....]
476327 - [ 00000001 ][ 0.000000 ] [ 1 ] [ 1 0 ] [ 1 0 0 0 ] [....]
476328 - [ 00000000 ][ 0.000000 ] [ 0 ] [ 0 0 ] [ 0 0 0 0 ] [....]
476329 - [ 00000000 ][ 0.000000 ] [ 0 ] [ 0 0 ] [ 0 0 0 0 ] [....]
476330 - [ 00000000 ][ 0.000000 ] [ 0 ] [ 0 0 ] [ 0 0 0 0 ] [....]
476331 - [ ffffffff ][ -nan ] [ 4294967295 ] [ 65535 65535 ] [ 255 255 255 255 ] [....]
476332 - [ 00000000 ][ 0.000000 ] [ 0 ] [ 0 0 ] [ 0 0 0 0 ] [....]
476333 - [ 00000000 ][ 0.000000 ] [ 0 ] [ 0 0 ] [ 0 0 0 0 ] [....]
476334 - [ 00000000 ][ 0.000000 ] [ 0 ] [ 0 0 ] [ 0 0 0 0 ] [....]
476335 - [ 00000000 ][ 0.000000 ] [ 0 ] [ 0 0 ] [ 0 0 0 0 ] [....]
476336 - [ 00000000 ][ 0.000000 ] [ 0 ] [ 0 0 ] [ 0 0 0 0 ] [....]
476337 - [ 00000000 ][ 0.000000 ] [ 0 ] [ 0 0 ] [ 0 0 0 0 ] [....]
476338 - [ 00000000 ][ 0.000000 ] [ 0 ] [ 0 0 ] [ 0 0 0 0 ] [....]
476339 - [ 73756d61 ][ 19444750947869791941939215466496.000000 ] [ 1937075553 ] [ 28001 29557 ] [ 97 109 117 115 ] [amus]
476340 - [ 6e656d65 ][ 17751079280610196288046104576.000000 ] [ 1852140901 ] [ 28005 28261 ] [ 101 109 101 110 ] [emen]
476341 - [ 61655f74 ][ 264448907213149306880.000000 ] [ 1634033524 ] [ 24436 24933 ] [ 116 95 101 97 ] [t_ea]
476342 - [ 732e7473 ][ 13821739565090526451603813171200.000000 ] [ 1932424307 ] [ 29811 29486 ] [ 115 116 46 115 ] [st.s]
476343 - [ 00006264 ][ 0.000000 ] [ 25188 ] [ 25188 0 ] [ 100 98 0 0 ] [db..]
476344 - [ 00000000 ][ 0.000000 ] [ 0 ] [ 0 0 ] [ 0 0 0 0 ] [....]
476345 - [ 00000000 ][ 0.000000 ] [ 0 ] [ 0 0 ] [ 0 0 0 0 ] [....]
476346 - [ 80000000 ][ -0.000000 ] [ 2147483648 ] [ 0 32768 ] [ 0 0 0 128 ] [....]
476347 - [ 00000000 ][ 0.000000 ] [ 0 ] [ 0 0 ] [ 0 0 0 0 ] [....]
476348 - [ 00000000 ][ 0.000000 ] [ 0 ] [ 0 0 ] [ 0 0 0 0 ] [....]
476349 - [ 00000000 ][ 0.000000 ] [ 0 ] [ 0 0 ] [ 0 0 0 0 ] [....]
476350 - [ 00000000 ][ 0.000000 ] [ 0 ] [ 0 0 ] [ 0 0 0 0 ] [....]
476351 - [ 00000000 ][ 0.000000 ] [ 0 ] [ 0 0 ] [ 0 0 0 0 ] [....]
476352 - [ 00000000 ][ 0.000000 ] [ 0 ] [ 0 0 ] [ 0 0 0 0 ] [....]
476353 - [ 00000000 ][ 0.000000 ] [ 0 ] [ 0 0 ] [ 0 0 0 0 ] [....]
476354 - [ 00000000 ][ 0.000000 ] [ 0 ] [ 0 0 ] [ 0 0 0 0 ] [....]
476355 - [ 00000000 ][ 0.000000 ] [ 0 ] [ 0 0 ] [ 0 0 0 0 ] [....]
476356 - [ 00000000 ][ 0.000000 ] [ 0 ] [ 0 0 ] [ 0 0 0 0 ] [....]
476357 - [ 00000000 ][ 0.000000 ] [ 0 ] [ 0 0 ] [ 0 0 0 0 ] [....]
476358 - [ 00000000 ][ 0.000000 ] [ 0 ] [ 0 0 ] [ 0 0 0 0 ] [....]
476359 - [ 00000000 ][ 0.000000 ] [ 0 ] [ 0 0 ] [ 0 0 0 0 ] [....]
476360 - [ 00000000 ][ 0.000000 ] [ 0 ] [ 0 0 ] [ 0 0 0 0 ] [....]
476361 - [ 00000000 ][ 0.000000 ] [ 0 ] [ 0 0 ] [ 0 0 0 0 ] [....]
476362 - [ 00000000 ][ 0.000000 ] [ 0 ] [ 0 0 ] [ 0 0 0 0 ] [....]

amusement_south.sdb file for bgtp.arc
NOTE: Read 2112 of 2112 bytes from C:\Program Files (x86)\KONAMI\SILENT HILL 3\data\bgtp.arc at offset 1905452
>------===[ D A T A   F R O M   O F F S E T   1905452   O F   F I L E ]===------<
476363 - [ d0138581 ][ -9900000256.000000 ] [ 3490940289 ] [ 34177 53267 ] [ 129 133 19 208 ] [....]
476364 - [ 50138581 ][ 9900000256.000000 ] [ 1343456641 ] [ 34177 20499 ] [ 129 133 19 80 ] [...P]
476365 - [ 50138581 ][ 9900000256.000000 ] [ 1343456641 ] [ 34177 20499 ] [ 129 133 19 80 ] [...P]
476366 - [ d0138581 ][ -9900000256.000000 ] [ 3490940289 ] [ 34177 53267 ] [ 129 133 19 208 ] [....]
476367 - [ 50138581 ][ 9900000256.000000 ] [ 1343456641 ] [ 34177 20499 ] [ 129 133 19 80 ] [...P]
476368 - [ d0138581 ][ -9900000256.000000 ] [ 3490940289 ] [ 34177 53267 ] [ 129 133 19 208 ] [....]
476369 - [ 00000000 ][ 0.000000 ] [ 0 ] [ 0 0 ] [ 0 0 0 0 ] [....]
476370 - [ 00000000 ][ 0.000000 ] [ 0 ] [ 0 0 ] [ 0 0 0 0 ] [....]
476371 - [ 00000000 ][ 0.000000 ] [ 0 ] [ 0 0 ] [ 0 0 0 0 ] [....]
476372 - [ 00000000 ][ 0.000000 ] [ 0 ] [ 0 0 ] [ 0 0 0 0 ] [....]
476373 - [ 00000000 ][ 0.000000 ] [ 0 ] [ 0 0 ] [ 0 0 0 0 ] [....]
476374 - [ 00000000 ][ 0.000000 ] [ 0 ] [ 0 0 ] [ 0 0 0 0 ] [....]
476375 - [ 00000000 ][ 0.000000 ] [ 0 ] [ 0 0 ] [ 0 0 0 0 ] [....]
476376 - [ 00000000 ][ 0.000000 ] [ 0 ] [ 0 0 ] [ 0 0 0 0 ] [....]
476377 - [ 00000000 ][ 0.000000 ] [ 0 ] [ 0 0 ] [ 0 0 0 0 ] [....]
476378 - [ 00000000 ][ 0.000000 ] [ 0 ] [ 0 0 ] [ 0 0 0 0 ] [....]
476379 - [ 00000000 ][ 0.000000 ] [ 0 ] [ 0 0 ] [ 0 0 0 0 ] [....]
476380 - [ 00000000 ][ 0.000000 ] [ 0 ] [ 0 0 ] [ 0 0 0 0 ] [....]
476381 - [ 00000000 ][ 0.000000 ] [ 0 ] [ 0 0 ] [ 0 0 0 0 ] [....]
476382 - [ 00000000 ][ 0.000000 ] [ 0 ] [ 0 0 ] [ 0 0 0 0 ] [....]
476383 - [ 00000000 ][ 0.000000 ] [ 0 ] [ 0 0 ] [ 0 0 0 0 ] [....]
476384 - [ 00000000 ][ 0.000000 ] [ 0 ] [ 0 0 ] [ 0 0 0 0 ] [....]
476385 - [ 00000000 ][ 0.000000 ] [ 0 ] [ 0 0 ] [ 0 0 0 0 ] [....]
476386 - [ 00000000 ][ 0.000000 ] [ 0 ] [ 0 0 ] [ 0 0 0 0 ] [....]
476387 - [ 46723000 ][ 15500.000000 ] [ 1181888512 ] [ 12288 18034 ] [ 0 48 114 70 ] [.0rF]
476388 - [ c7ba8600 ][ -95500.000000 ] [ 3350889984 ] [ 34304 51130 ] [ 0 134 186 199 ] [....]
476389 - [ 46bf6800 ][ 24500.000000 ] [ 1186949120 ] [ 26624 18111 ] [ 0 104 191 70 ] [.h.F]
476390 - [ c7cc1a00 ][ -104500.000000 ] [ 3352041984 ] [ 6656 51148 ] [ 0 26 204 199 ] [....]
476391 - [ 42480000 ][ 50.000000 ] [ 1112014848 ] [ 0 16968 ] [ 0 0 72 66 ] [..HB]
476392 - [ c5da2000 ][ -6980.000000 ] [ 3319406592 ] [ 8192 50650 ] [ 0 32 218 197 ] [....]
476393 - [ 0000001d ][ 0.000000 ] [ 29 ] [ 29 0 ] [ 29 0 0 0 ] [....]
476394 - [ 00000000 ][ 0.000000 ] [ 0 ] [ 0 0 ] [ 0 0 0 0 ] [....]
476395 - [ 00000000 ][ 0.000000 ] [ 0 ] [ 0 0 ] [ 0 0 0 0 ] [....]
476396 - [ 00000000 ][ 0.000000 ] [ 0 ] [ 0 0 ] [ 0 0 0 0 ] [....]
476397 - [ 00000000 ][ 0.000000 ] [ 0 ] [ 0 0 ] [ 0 0 0 0 ] [....]
476398 - [ 00000000 ][ 0.000000 ] [ 0 ] [ 0 0 ] [ 0 0 0 0 ] [....]
476399 - [ 00000000 ][ 0.000000 ] [ 0 ] [ 0 0 ] [ 0 0 0 0 ] [....]
476400 - [ 00000000 ][ 0.000000 ] [ 0 ] [ 0 0 ] [ 0 0 0 0 ] [....]
476401 - [ 00000000 ][ 0.000000 ] [ 0 ] [ 0 0 ] [ 0 0 0 0 ] [....]
476402 - [ 00000000 ][ 0.000000 ] [ 0 ] [ 0 0 ] [ 0 0 0 0 ] [....]
476403 - [ 00000000 ][ 0.000000 ] [ 0 ] [ 0 0 ] [ 0 0 0 0 ] [....]
476404 - [ 00000000 ][ 0.000000 ] [ 0 ] [ 0 0 ] [ 0 0 0 0 ] [....]
476405 - [ 00000000 ][ 0.000000 ] [ 0 ] [ 0 0 ] [ 0 0 0 0 ] [....]
476406 - [ 00000000 ][ 0.000000 ] [ 0 ] [ 0 0 ] [ 0 0 0 0 ] [....]
476407 - [ 00000000 ][ 0.000000 ] [ 0 ] [ 0 0 ] [ 0 0 0 0 ] [....]
476408 - [ 00000000 ][ 0.000000 ] [ 0 ] [ 0 0 ] [ 0 0 0 0 ] [....]
476409 - [ 00000000 ][ 0.000000 ] [ 0 ] [ 0 0 ] [ 0 0 0 0 ] [....]
476410 - [ 00000000 ][ 0.000000 ] [ 0 ] [ 0 0 ] [ 0 0 0 0 ] [....]
476411 - [ 46761800 ][ 15750.000000 ] [ 1182144512 ] [ 6144 18038 ] [ 0 24 118 70 ] [..vF]
476412 - [ c759c600 ][ -55750.000000 ] [ 3344549376 ] [ 50688 51033 ] [ 0 198 89 199 ] [..Y.]
476413 - [ 46bd7400 ][ 24250.000000 ] [ 1186821120 ] [ 29696 18109 ] [ 0 116 189 70 ] [.t.F]
476414 - [ c77cee00 ][ -64750.000000 ] [ 3346853376 ] [ 60928 51068 ] [ 0 238 124 199 ] [..|.]
476415 - [ 42480000 ][ 50.000000 ] [ 1112014848 ] [ 0 16968 ] [ 0 0 72 66 ] [..HB]
476416 - [ c59d3000 ][ -5030.000000 ] [ 3315412992 ] [ 12288 50589 ] [ 0 48 157 197 ] [.0..]
476417 - [ 0000001e ][ 0.000000 ] [ 30 ] [ 30 0 ] [ 30 0 0 0 ] [....]
476418 - [ 00000000 ][ 0.000000 ] [ 0 ] [ 0 0 ] [ 0 0 0 0 ] [....]
476419 - [ 00000000 ][ 0.000000 ] [ 0 ] [ 0 0 ] [ 0 0 0 0 ] [....]
476420 - [ 00000000 ][ 0.000000 ] [ 0 ] [ 0 0 ] [ 0 0 0 0 ] [....]
476421 - [ 00000000 ][ 0.000000 ] [ 0 ] [ 0 0 ] [ 0 0 0 0 ] [....]
476422 - [ 00000000 ][ 0.000000 ] [ 0 ] [ 0 0 ] [ 0 0 0 0 ] [....]
476423 - [ 00000000 ][ 0.000000 ] [ 0 ] [ 0 0 ] [ 0 0 0 0 ] [....]
476424 - [ 00000000 ][ 0.000000 ] [ 0 ] [ 0 0 ] [ 0 0 0 0 ] [....]
476425 - [ 00000000 ][ 0.000000 ] [ 0 ] [ 0 0 ] [ 0 0 0 0 ] [....]
476426 - [ 00000000 ][ 0.000000 ] [ 0 ] [ 0 0 ] [ 0 0 0 0 ] [....]
476427 - [ 00000000 ][ 0.000000 ] [ 0 ] [ 0 0 ] [ 0 0 0 0 ] [....]
476428 - [ 00000000 ][ 0.000000 ] [ 0 ] [ 0 0 ] [ 0 0 0 0 ] [....]
476429 - [ 00000000 ][ 0.000000 ] [ 0 ] [ 0 0 ] [ 0 0 0 0 ] [....]
476430 - [ 00000000 ][ 0.000000 ] [ 0 ] [ 0 0 ] [ 0 0 0 0 ] [....]
476431 - [ 000001ad ][ 0.000000 ] [ 429 ] [ 429 0 ] [ 173 1 0 0 ] [....]
476432 - [ 06800000 ][ 0.000000 ] [ 109051904 ] [ 0 1664 ] [ 0 0 128 6 ] [....]
476433 - [ 000001ad ][ 0.000000 ] [ 429 ] [ 429 0 ] [ 173 1 0 0 ] [....]
476434 - [ 06800000 ][ 0.000000 ] [ 109051904 ] [ 0 1664 ] [ 0 0 128 6 ] [....]
476435 - [ 47454400 ][ 50500.000000 ] [ 1195721728 ] [ 17408 18245 ] [ 0 68 69 71 ] [.DEG]
476436 - [ c7761800 ][ -63000.000000 ] [ 3346405376 ] [ 6144 51062 ] [ 0 24 118 199 ] [..v.]
476437 - [ 477bf400 ][ 64500.000000 ] [ 1199305728 ] [ 62464 18299 ] [ 0 244 123 71 ] [..{G]
476438 - [ c7947000 ][ -76000.000000 ] [ 3348393984 ] [ 28672 51092 ] [ 0 112 148 199 ] [.p..]
476439 - [ 42480000 ][ 50.000000 ] [ 1112014848 ] [ 0 16968 ] [ 0 0 72 66 ] [..HB]
476440 - [ c59d0800 ][ -5025.000000 ] [ 3315402752 ] [ 2048 50589 ] [ 0 8 157 197 ] [....]
476441 - [ 0000002e ][ 0.000000 ] [ 46 ] [ 46 0 ] [ 46 0 0 0 ] [....]
476442 - [ 00000000 ][ 0.000000 ] [ 0 ] [ 0 0 ] [ 0 0 0 0 ] [....]
476443 - [ 00000000 ][ 0.000000 ] [ 0 ] [ 0 0 ] [ 0 0 0 0 ] [....]
476444 - [ 00800000 ][ 0.000000 ] [ 8388608 ] [ 0 128 ] [ 0 0 128 0 ] [....]
476445 - [ 00000000 ][ 0.000000 ] [ 0 ] [ 0 0 ] [ 0 0 0 0 ] [....]
476446 - [ 00000000 ][ 0.000000 ] [ 0 ] [ 0 0 ] [ 0 0 0 0 ] [....]
476447 - [ 00000000 ][ 0.000000 ] [ 0 ] [ 0 0 ] [ 0 0 0 0 ] [....]
476448 - [ 00800000 ][ 0.000000 ] [ 8388608 ] [ 0 128 ] [ 0 0 128 0 ] [....]
476449 - [ 00000000 ][ 0.000000 ] [ 0 ] [ 0 0 ] [ 0 0 0 0 ] [....]
476450 - [ 00800000 ][ 0.000000 ] [ 8388608 ] [ 0 128 ] [ 0 0 128 0 ] [....]
476451 - [ 00000000 ][ 0.000000 ] [ 0 ] [ 0 0 ] [ 0 0 0 0 ] [....]
476452 - [ 00000000 ][ 0.000000 ] [ 0 ] [ 0 0 ] [ 0 0 0 0 ] [....]
476453 - [ 00000000 ][ 0.000000 ] [ 0 ] [ 0 0 ] [ 0 0 0 0 ] [....]
476454 - [ 00800000 ][ 0.000000 ] [ 8388608 ] [ 0 128 ] [ 0 0 128 0 ] [....]
476455 - [ 00000001 ][ 0.000000 ] [ 1 ] [ 1 0 ] [ 1 0 0 0 ] [....]
476456 - [ 00800000 ][ 0.000000 ] [ 8388608 ] [ 0 128 ] [ 0 0 128 0 ] [....]
476457 - [ 00000000 ][ 0.000000 ] [ 0 ] [ 0 0 ] [ 0 0 0 0 ] [....]
476458 - [ 00000000 ][ 0.000000 ] [ 0 ] [ 0 0 ] [ 0 0 0 0 ] [....]
476459 - [ 47638a00 ][ 58250.000000 ] [ 1197705728 ] [ 35328 18275 ] [ 0 138 99 71 ] [..cG]
476460 - [ c7761800 ][ -63000.000000 ] [ 3346405376 ] [ 6144 51062 ] [ 0 24 118 199 ] [..v.]
476461 - [ 477bf400 ][ 64500.000000 ] [ 1199305728 ] [ 62464 18299 ] [ 0 244 123 71 ] [..{G]
476462 - [ c782dc00 ][ -67000.000000 ] [ 3347241984 ] [ 56320 51074 ] [ 0 220 130 199 ] [....]
476463 - [ 42480000 ][ 50.000000 ] [ 1112014848 ] [ 0 16968 ] [ 0 0 72 66 ] [..HB]
476464 - [ c59d0800 ][ -5025.000000 ] [ 3315402752 ] [ 2048 50589 ] [ 0 8 157 197 ] [....]
476465 - [ 0000002e ][ 0.000000 ] [ 46 ] [ 46 0 ] [ 46 0 0 0 ] [....]
476466 - [ 00000000 ][ 0.000000 ] [ 0 ] [ 0 0 ] [ 0 0 0 0 ] [....]
476467 - [ 00000000 ][ 0.000000 ] [ 0 ] [ 0 0 ] [ 0 0 0 0 ] [....]
476468 - [ 00800000 ][ 0.000000 ] [ 8388608 ] [ 0 128 ] [ 0 0 128 0 ] [....]
476469 - [ 00000000 ][ 0.000000 ] [ 0 ] [ 0 0 ] [ 0 0 0 0 ] [....]
476470 - [ 00000000 ][ 0.000000 ] [ 0 ] [ 0 0 ] [ 0 0 0 0 ] [....]
476471 - [ 00000000 ][ 0.000000 ] [ 0 ] [ 0 0 ] [ 0 0 0 0 ] [....]
476472 - [ 00800000 ][ 0.000000 ] [ 8388608 ] [ 0 128 ] [ 0 0 128 0 ] [....]
476473 - [ 00000000 ][ 0.000000 ] [ 0 ] [ 0 0 ] [ 0 0 0 0 ] [....]
476474 - [ 00800000 ][ 0.000000 ] [ 8388608 ] [ 0 128 ] [ 0 0 128 0 ] [....]
476475 - [ 00000000 ][ 0.000000 ] [ 0 ] [ 0 0 ] [ 0 0 0 0 ] [....]
476476 - [ 00000000 ][ 0.000000 ] [ 0 ] [ 0 0 ] [ 0 0 0 0 ] [....]
476477 - [ 00000000 ][ 0.000000 ] [ 0 ] [ 0 0 ] [ 0 0 0 0 ] [....]
476478 - [ 00800000 ][ 0.000000 ] [ 8388608 ] [ 0 128 ] [ 0 0 128 0 ] [....]
476479 - [ 00000000 ][ 0.000000 ] [ 0 ] [ 0 0 ] [ 0 0 0 0 ] [....]
476480 - [ 00800000 ][ 0.000000 ] [ 8388608 ] [ 0 128 ] [ 0 0 128 0 ] [....]
476481 - [ 00000000 ][ 0.000000 ] [ 0 ] [ 0 0 ] [ 0 0 0 0 ] [....]
476482 - [ 00000000 ][ 0.000000 ] [ 0 ] [ 0 0 ] [ 0 0 0 0 ] [....]
476483 - [ 47ba0900 ][ 95250.000000 ] [ 1203374336 ] [ 2304 18362 ] [ 0 9 186 71 ] [...G]
476484 - [ c6abe000 ][ -22000.000000 ] [ 3333152768 ] [ 57344 50859 ] [ 0 224 171 198 ] [....]
476485 - [ 47cc9700 ][ 104750.000000 ] [ 1204590336 ] [ 38656 18380 ] [ 0 151 204 71 ] [...G]
476486 - [ c6d8cc00 ][ -27750.000000 ] [ 3336096768 ] [ 52224 50904 ] [ 0 204 216 198 ] [....]
476487 - [ 42480000 ][ 50.000000 ] [ 1112014848 ] [ 0 16968 ] [ 0 0 72 66 ] [..HB]
476488 - [ c5095000 ][ -2197.000000 ] [ 3305721856 ] [ 20480 50441 ] [ 0 80 9 197 ] [.P..]
476489 - [ 0000003f ][ 0.000000 ] [ 63 ] [ 63 0 ] [ 63 0 0 0 ] [?...]
476490 - [ 00000000 ][ 0.000000 ] [ 0 ] [ 0 0 ] [ 0 0 0 0 ] [....]
476491 - [ 00000000 ][ 0.000000 ] [ 0 ] [ 0 0 ] [ 0 0 0 0 ] [....]
476492 - [ 00800000 ][ 0.000000 ] [ 8388608 ] [ 0 128 ] [ 0 0 128 0 ] [....]
476493 - [ 00000000 ][ 0.000000 ] [ 0 ] [ 0 0 ] [ 0 0 0 0 ] [....]
476494 - [ 00800000 ][ 0.000000 ] [ 8388608 ] [ 0 128 ] [ 0 0 128 0 ] [....]
476495 - [ 00000000 ][ 0.000000 ] [ 0 ] [ 0 0 ] [ 0 0 0 0 ] [....]
476496 - [ 00800000 ][ 0.000000 ] [ 8388608 ] [ 0 128 ] [ 0 0 128 0 ] [....]
476497 - [ 00000000 ][ 0.000000 ] [ 0 ] [ 0 0 ] [ 0 0 0 0 ] [....]
476498 - [ 00800000 ][ 0.000000 ] [ 8388608 ] [ 0 128 ] [ 0 0 128 0 ] [....]
476499 - [ 00000000 ][ 0.000000 ] [ 0 ] [ 0 0 ] [ 0 0 0 0 ] [....]
476500 - [ 00800000 ][ 0.000000 ] [ 8388608 ] [ 0 128 ] [ 0 0 128 0 ] [....]
476501 - [ 00000000 ][ 0.000000 ] [ 0 ] [ 0 0 ] [ 0 0 0 0 ] [....]
476502 - [ 00800000 ][ 0.000000 ] [ 8388608 ] [ 0 128 ] [ 0 0 128 0 ] [....]
476503 - [ 00000001 ][ 0.000000 ] [ 1 ] [ 1 0 ] [ 1 0 0 0 ] [....]
476504 - [ 00800000 ][ 0.000000 ] [ 8388608 ] [ 0 128 ] [ 0 0 128 0 ] [....]
476505 - [ 00000000 ][ 0.000000 ] [ 0 ] [ 0 0 ] [ 0 0 0 0 ] [....]
476506 - [ 00000000 ][ 0.000000 ] [ 0 ] [ 0 0 ] [ 0 0 0 0 ] [....]
476507 - [ 47beeb00 ][ 97750.000000 ] [ 1203694336 ] [ 60160 18366 ] [ 0 235 190 71 ] [...G]
476508 - [ c69c4000 ][ -20000.000000 ] [ 3332128768 ] [ 16384 50844 ] [ 0 64 156 198 ] [.@..]
476509 - [ 47cc9700 ][ 104750.000000 ] [ 1204590336 ] [ 38656 18380 ] [ 0 151 204 71 ] [...G]
476510 - [ c6abe000 ][ -22000.000000 ] [ 3333152768 ] [ 57344 50859 ] [ 0 224 171 198 ] [....]
476511 - [ 42480000 ][ 50.000000 ] [ 1112014848 ] [ 0 16968 ] [ 0 0 72 66 ] [..HB]
476512 - [ c5095000 ][ -2197.000000 ] [ 3305721856 ] [ 20480 50441 ] [ 0 80 9 197 ] [.P..]
476513 - [ 0000003f ][ 0.000000 ] [ 63 ] [ 63 0 ] [ 63 0 0 0 ] [?...]
476514 - [ 00000000 ][ 0.000000 ] [ 0 ] [ 0 0 ] [ 0 0 0 0 ] [....]
476515 - [ 00000000 ][ 0.000000 ] [ 0 ] [ 0 0 ] [ 0 0 0 0 ] [....]
476516 - [ 00800000 ][ 0.000000 ] [ 8388608 ] [ 0 128 ] [ 0 0 128 0 ] [....]
476517 - [ 00000000 ][ 0.000000 ] [ 0 ] [ 0 0 ] [ 0 0 0 0 ] [....]
476518 - [ 00800000 ][ 0.000000 ] [ 8388608 ] [ 0 128 ] [ 0 0 128 0 ] [....]
476519 - [ 00000000 ][ 0.000000 ] [ 0 ] [ 0 0 ] [ 0 0 0 0 ] [....]
476520 - [ 00800000 ][ 0.000000 ] [ 8388608 ] [ 0 128 ] [ 0 0 128 0 ] [....]
476521 - [ 00000000 ][ 0.000000 ] [ 0 ] [ 0 0 ] [ 0 0 0 0 ] [....]
476522 - [ 00800000 ][ 0.000000 ] [ 8388608 ] [ 0 128 ] [ 0 0 128 0 ] [....]
476523 - [ 00000000 ][ 0.000000 ] [ 0 ] [ 0 0 ] [ 0 0 0 0 ] [....]
476524 - [ 00800000 ][ 0.000000 ] [ 8388608 ] [ 0 128 ] [ 0 0 128 0 ] [....]
476525 - [ 00000000 ][ 0.000000 ] [ 0 ] [ 0 0 ] [ 0 0 0 0 ] [....]
476526 - [ 00800000 ][ 0.000000 ] [ 8388608 ] [ 0 128 ] [ 0 0 128 0 ] [....]
476527 - [ 00000001 ][ 0.000000 ] [ 1 ] [ 1 0 ] [ 1 0 0 0 ] [....]
476528 - [ 00800000 ][ 0.000000 ] [ 8388608 ] [ 0 128 ] [ 0 0 128 0 ] [....]
476529 - [ 00000000 ][ 0.000000 ] [ 0 ] [ 0 0 ] [ 0 0 0 0 ] [....]
476530 - [ 00000000 ][ 0.000000 ] [ 0 ] [ 0 0 ] [ 0 0 0 0 ] [....]
476531 - [ 47beeb00 ][ 97750.000000 ] [ 1203694336 ] [ 60160 18366 ] [ 0 235 190 71 ] [...G]
476532 - [ c684d000 ][ -17000.000000 ] [ 3330592768 ] [ 53248 50820 ] [ 0 208 132 198 ] [....]
476533 - [ 47cc9700 ][ 104750.000000 ] [ 1204590336 ] [ 38656 18380 ] [ 0 151 204 71 ] [...G]
476534 - [ c6927c00 ][ -18750.000000 ] [ 3331488768 ] [ 31744 50834 ] [ 0 124 146 198 ] [.|..]
476535 - [ 42480000 ][ 50.000000 ] [ 1112014848 ] [ 0 16968 ] [ 0 0 72 66 ] [..HB]
476536 - [ c5095000 ][ -2197.000000 ] [ 3305721856 ] [ 20480 50441 ] [ 0 80 9 197 ] [.P..]
476537 - [ 0000003f ][ 0.000000 ] [ 63 ] [ 63 0 ] [ 63 0 0 0 ] [?...]
476538 - [ 00000000 ][ 0.000000 ] [ 0 ] [ 0 0 ] [ 0 0 0 0 ] [....]
476539 - [ 00000000 ][ 0.000000 ] [ 0 ] [ 0 0 ] [ 0 0 0 0 ] [....]
476540 - [ 01800000 ][ 0.000000 ] [ 25165824 ] [ 0 384 ] [ 0 0 128 1 ] [....]
476541 - [ 00000000 ][ 0.000000 ] [ 0 ] [ 0 0 ] [ 0 0 0 0 ] [....]
476542 - [ 01800000 ][ 0.000000 ] [ 25165824 ] [ 0 384 ] [ 0 0 128 1 ] [....]
476543 - [ 00000000 ][ 0.000000 ] [ 0 ] [ 0 0 ] [ 0 0 0 0 ] [....]
476544 - [ 01800000 ][ 0.000000 ] [ 25165824 ] [ 0 384 ] [ 0 0 128 1 ] [....]
476545 - [ 00000000 ][ 0.000000 ] [ 0 ] [ 0 0 ] [ 0 0 0 0 ] [....]
476546 - [ 01800000 ][ 0.000000 ] [ 25165824 ] [ 0 384 ] [ 0 0 128 1 ] [....]
476547 - [ 00000000 ][ 0.000000 ] [ 0 ] [ 0 0 ] [ 0 0 0 0 ] [....]
476548 - [ 01800000 ][ 0.000000 ] [ 25165824 ] [ 0 384 ] [ 0 0 128 1 ] [....]
476549 - [ 00000000 ][ 0.000000 ] [ 0 ] [ 0 0 ] [ 0 0 0 0 ] [....]
476550 - [ 01800000 ][ 0.000000 ] [ 25165824 ] [ 0 384 ] [ 0 0 128 1 ] [....]
476551 - [ 00000001 ][ 0.000000 ] [ 1 ] [ 1 0 ] [ 1 0 0 0 ] [....]
476552 - [ 01800000 ][ 0.000000 ] [ 25165824 ] [ 0 384 ] [ 0 0 128 1 ] [....]
476553 - [ 00000000 ][ 0.000000 ] [ 0 ] [ 0 0 ] [ 0 0 0 0 ] [....]
476554 - [ 00000000 ][ 0.000000 ] [ 0 ] [ 0 0 ] [ 0 0 0 0 ] [....]
476555 - [ 47ba0900 ][ 95250.000000 ] [ 1203374336 ] [ 2304 18362 ] [ 0 9 186 71 ] [...G]
476556 - [ c64f0800 ][ -13250.000000 ] [ 3327068160 ] [ 2048 50767 ] [ 0 8 79 198 ] [..O.]
476557 - [ 47beeb00 ][ 97750.000000 ] [ 1203694336 ] [ 60160 18366 ] [ 0 235 190 71 ] [...G]
476558 - [ c6abe000 ][ -22000.000000 ] [ 3333152768 ] [ 57344 50859 ] [ 0 224 171 198 ] [....]
476559 - [ 42480000 ][ 50.000000 ] [ 1112014848 ] [ 0 16968 ] [ 0 0 72 66 ] [..HB]
476560 - [ c5095000 ][ -2197.000000 ] [ 3305721856 ] [ 20480 50441 ] [ 0 80 9 197 ] [.P..]
476561 - [ 0000003f ][ 0.000000 ] [ 63 ] [ 63 0 ] [ 63 0 0 0 ] [?...]
476562 - [ 00000000 ][ 0.000000 ] [ 0 ] [ 0 0 ] [ 0 0 0 0 ] [....]
476563 - [ 00000000 ][ 0.000000 ] [ 0 ] [ 0 0 ] [ 0 0 0 0 ] [....]
476564 - [ 01800000 ][ 0.000000 ] [ 25165824 ] [ 0 384 ] [ 0 0 128 1 ] [....]
476565 - [ 00000000 ][ 0.000000 ] [ 0 ] [ 0 0 ] [ 0 0 0 0 ] [....]
476566 - [ 01800000 ][ 0.000000 ] [ 25165824 ] [ 0 384 ] [ 0 0 128 1 ] [....]
476567 - [ 00000000 ][ 0.000000 ] [ 0 ] [ 0 0 ] [ 0 0 0 0 ] [....]
476568 - [ 01800000 ][ 0.000000 ] [ 25165824 ] [ 0 384 ] [ 0 0 128 1 ] [....]
476569 - [ 00000000 ][ 0.000000 ] [ 0 ] [ 0 0 ] [ 0 0 0 0 ] [....]
476570 - [ 01800000 ][ 0.000000 ] [ 25165824 ] [ 0 384 ] [ 0 0 128 1 ] [....]
476571 - [ 00000000 ][ 0.000000 ] [ 0 ] [ 0 0 ] [ 0 0 0 0 ] [....]
476572 - [ 01800000 ][ 0.000000 ] [ 25165824 ] [ 0 384 ] [ 0 0 128 1 ] [....]
476573 - [ 00000000 ][ 0.000000 ] [ 0 ] [ 0 0 ] [ 0 0 0 0 ] [....]
476574 - [ 01800000 ][ 0.000000 ] [ 25165824 ] [ 0 384 ] [ 0 0 128 1 ] [....]
476575 - [ 00000001 ][ 0.000000 ] [ 1 ] [ 1 0 ] [ 1 0 0 0 ] [....]
476576 - [ 01800000 ][ 0.000000 ] [ 25165824 ] [ 0 384 ] [ 0 0 128 1 ] [....]
476577 - [ 00000000 ][ 0.000000 ] [ 0 ] [ 0 0 ] [ 0 0 0 0 ] [....]
476578 - [ 00000000 ][ 0.000000 ] [ 0 ] [ 0 0 ] [ 0 0 0 0 ] [....]
476579 - [ 47beeb00 ][ 97750.000000 ] [ 1203694336 ] [ 60160 18366 ] [ 0 235 190 71 ] [...G]
476580 - [ c684d000 ][ -17000.000000 ] [ 3330592768 ] [ 53248 50820 ] [ 0 208 132 198 ] [....]
476581 - [ 47c25600 ][ 99500.000000 ] [ 1203918336 ] [ 22016 18370 ] [ 0 86 194 71 ] [.V.G]
476582 - [ c6abe000 ][ -22000.000000 ] [ 3333152768 ] [ 57344 50859 ] [ 0 224 171 198 ] [....]
476583 - [ 42480000 ][ 50.000000 ] [ 1112014848 ] [ 0 16968 ] [ 0 0 72 66 ] [..HB]
476584 - [ c5095000 ][ -2197.000000 ] [ 3305721856 ] [ 20480 50441 ] [ 0 80 9 197 ] [.P..]
476585 - [ 0000003f ][ 0.000000 ] [ 63 ] [ 63 0 ] [ 63 0 0 0 ] [?...]
476586 - [ 00000000 ][ 0.000000 ] [ 0 ] [ 0 0 ] [ 0 0 0 0 ] [....]
476587 - [ 00000000 ][ 0.000000 ] [ 0 ] [ 0 0 ] [ 0 0 0 0 ] [....]
476588 - [ 01800000 ][ 0.000000 ] [ 25165824 ] [ 0 384 ] [ 0 0 128 1 ] [....]
476589 - [ 00000000 ][ 0.000000 ] [ 0 ] [ 0 0 ] [ 0 0 0 0 ] [....]
476590 - [ 01800000 ][ 0.000000 ] [ 25165824 ] [ 0 384 ] [ 0 0 128 1 ] [....]
476591 - [ 00000000 ][ 0.000000 ] [ 0 ] [ 0 0 ] [ 0 0 0 0 ] [....]
476592 - [ 01800000 ][ 0.000000 ] [ 25165824 ] [ 0 384 ] [ 0 0 128 1 ] [....]
476593 - [ 00000000 ][ 0.000000 ] [ 0 ] [ 0 0 ] [ 0 0 0 0 ] [....]
476594 - [ 01800000 ][ 0.000000 ] [ 25165824 ] [ 0 384 ] [ 0 0 128 1 ] [....]
476595 - [ 00000000 ][ 0.000000 ] [ 0 ] [ 0 0 ] [ 0 0 0 0 ] [....]
476596 - [ 01800000 ][ 0.000000 ] [ 25165824 ] [ 0 384 ] [ 0 0 128 1 ] [....]
476597 - [ 00000000 ][ 0.000000 ] [ 0 ] [ 0 0 ] [ 0 0 0 0 ] [....]
476598 - [ 01800000 ][ 0.000000 ] [ 25165824 ] [ 0 384 ] [ 0 0 128 1 ] [....]
476599 - [ 00000001 ][ 0.000000 ] [ 1 ] [ 1 0 ] [ 1 0 0 0 ] [....]
476600 - [ 01800000 ][ 0.000000 ] [ 25165824 ] [ 0 384 ] [ 0 0 128 1 ] [....]
476601 - [ 00000000 ][ 0.000000 ] [ 0 ] [ 0 0 ] [ 0 0 0 0 ] [....]
476602 - [ 00000000 ][ 0.000000 ] [ 0 ] [ 0 0 ] [ 0 0 0 0 ] [....]
476603 - [ 47c92c00 ][ 103000.000000 ] [ 1204366336 ] [ 11264 18377 ] [ 0 44 201 71 ] [.,.G]
476604 - [ c684d000 ][ -17000.000000 ] [ 3330592768 ] [ 53248 50820 ] [ 0 208 132 198 ] [....]
476605 - [ 47cc9700 ][ 104750.000000 ] [ 1204590336 ] [ 38656 18380 ] [ 0 151 204 71 ] [...G]
476606 - [ c6abe000 ][ -22000.000000 ] [ 3333152768 ] [ 57344 50859 ] [ 0 224 171 198 ] [....]
476607 - [ 42480000 ][ 50.000000 ] [ 1112014848 ] [ 0 16968 ] [ 0 0 72 66 ] [..HB]
476608 - [ c5095000 ][ -2197.000000 ] [ 3305721856 ] [ 20480 50441 ] [ 0 80 9 197 ] [.P..]
476609 - [ 0000003f ][ 0.000000 ] [ 63 ] [ 63 0 ] [ 63 0 0 0 ] [?...]
476610 - [ 00000000 ][ 0.000000 ] [ 0 ] [ 0 0 ] [ 0 0 0 0 ] [....]
476611 - [ 00000000 ][ 0.000000 ] [ 0 ] [ 0 0 ] [ 0 0 0 0 ] [....]
476612 - [ 01800000 ][ 0.000000 ] [ 25165824 ] [ 0 384 ] [ 0 0 128 1 ] [....]
476613 - [ 00000000 ][ 0.000000 ] [ 0 ] [ 0 0 ] [ 0 0 0 0 ] [....]
476614 - [ 01800000 ][ 0.000000 ] [ 25165824 ] [ 0 384 ] [ 0 0 128 1 ] [....]
476615 - [ 00000000 ][ 0.000000 ] [ 0 ] [ 0 0 ] [ 0 0 0 0 ] [....]
476616 - [ 01800000 ][ 0.000000 ] [ 25165824 ] [ 0 384 ] [ 0 0 128 1 ] [....]
476617 - [ 00000000 ][ 0.000000 ] [ 0 ] [ 0 0 ] [ 0 0 0 0 ] [....]
476618 - [ 01800000 ][ 0.000000 ] [ 25165824 ] [ 0 384 ] [ 0 0 128 1 ] [....]
476619 - [ 00000000 ][ 0.000000 ] [ 0 ] [ 0 0 ] [ 0 0 0 0 ] [....]
476620 - [ 01800000 ][ 0.000000 ] [ 25165824 ] [ 0 384 ] [ 0 0 128 1 ] [....]
476621 - [ 00000000 ][ 0.000000 ] [ 0 ] [ 0 0 ] [ 0 0 0 0 ] [....]
476622 - [ 01800000 ][ 0.000000 ] [ 25165824 ] [ 0 384 ] [ 0 0 128 1 ] [....]
476623 - [ 00000001 ][ 0.000000 ] [ 1 ] [ 1 0 ] [ 1 0 0 0 ] [....]
476624 - [ 01800000 ][ 0.000000 ] [ 25165824 ] [ 0 384 ] [ 0 0 128 1 ] [....]
476625 - [ 00000000 ][ 0.000000 ] [ 0 ] [ 0 0 ] [ 0 0 0 0 ] [....]
476626 - [ 00000000 ][ 0.000000 ] [ 0 ] [ 0 0 ] [ 0 0 0 0 ] [....]
476627 - [ c7cc9700 ][ -104750.000000 ] [ 3352073984 ] [ 38656 51148 ] [ 0 151 204 199 ] [....]
476628 - [ c6379800 ][ -11750.000000 ] [ 3325532160 ] [ 38912 50743 ] [ 0 152 55 198 ] [..7.]
476629 - [ c7ba0900 ][ -95250.000000 ] [ 3350857984 ] [ 2304 51130 ] [ 0 9 186 199 ] [....]
476630 - [ c6a7f800 ][ -21500.000000 ] [ 3332896768 ] [ 63488 50855 ] [ 0 248 167 198 ] [....]
476631 - [ 42480000 ][ 50.000000 ] [ 1112014848 ] [ 0 16968 ] [ 0 0 72 66 ] [..HB]
476632 - [ c552f000 ][ -3375.000000 ] [ 3310546944 ] [ 61440 50514 ] [ 0 240 82 197 ] [..R.]
476633 - [ 000000df ][ 0.000000 ] [ 223 ] [ 223 0 ] [ 223 0 0 0 ] [....]
476634 - [ 00000000 ][ 0.000000 ] [ 0 ] [ 0 0 ] [ 0 0 0 0 ] [....]
476635 - [ 00000000 ][ 0.000000 ] [ 0 ] [ 0 0 ] [ 0 0 0 0 ] [....]
476636 - [ 00000000 ][ 0.000000 ] [ 0 ] [ 0 0 ] [ 0 0 0 0 ] [....]
476637 - [ 00000000 ][ 0.000000 ] [ 0 ] [ 0 0 ] [ 0 0 0 0 ] [....]
476638 - [ 00000000 ][ 0.000000 ] [ 0 ] [ 0 0 ] [ 0 0 0 0 ] [....]
476639 - [ 00000000 ][ 0.000000 ] [ 0 ] [ 0 0 ] [ 0 0 0 0 ] [....]
476640 - [ 00000000 ][ 0.000000 ] [ 0 ] [ 0 0 ] [ 0 0 0 0 ] [....]
476641 - [ 00000000 ][ 0.000000 ] [ 0 ] [ 0 0 ] [ 0 0 0 0 ] [....]
476642 - [ 00000000 ][ 0.000000 ] [ 0 ] [ 0 0 ] [ 0 0 0 0 ] [....]
476643 - [ 00000000 ][ 0.000000 ] [ 0 ] [ 0 0 ] [ 0 0 0 0 ] [....]
476644 - [ 00000000 ][ 0.000000 ] [ 0 ] [ 0 0 ] [ 0 0 0 0 ] [....]
476645 - [ 00000000 ][ 0.000000 ] [ 0 ] [ 0 0 ] [ 0 0 0 0 ] [....]
476646 - [ 00000000 ][ 0.000000 ] [ 0 ] [ 0 0 ] [ 0 0 0 0 ] [....]
476647 - [ 00000000 ][ 0.000000 ] [ 0 ] [ 0 0 ] [ 0 0 0 0 ] [....]
476648 - [ 00000000 ][ 0.000000 ] [ 0 ] [ 0 0 ] [ 0 0 0 0 ] [....]
476649 - [ 00000000 ][ 0.000000 ] [ 0 ] [ 0 0 ] [ 0 0 0 0 ] [....]
476650 - [ 00000000 ][ 0.000000 ] [ 0 ] [ 0 0 ] [ 0 0 0 0 ] [....]
476651 - [ c6e29000 ][ -29000.000000 ] [ 3336736768 ] [ 36864 50914 ] [ 0 144 226 198 ] [....]
476652 - [ c7bb0300 ][ -95750.000000 ] [ 3350921984 ] [ 768 51131 ] [ 0 3 187 199 ] [....]
476653 - [ c6985800 ][ -19500.000000 ] [ 3331872768 ] [ 22528 50840 ] [ 0 88 152 198 ] [.X..]
476654 - [ c7cb9d00 ][ -104250.000000 ] [ 3352009984 ] [ 40192 51147 ] [ 0 157 203 199 ] [....]
476655 - [ 42480000 ][ 50.000000 ] [ 1112014848 ] [ 0 16968 ] [ 0 0 72 66 ] [..HB]
476656 - [ c5992000 ][ -4900.000000 ] [ 3315146752 ] [ 8192 50585 ] [ 0 32 153 197 ] [....]
476657 - [ 000000fd ][ 0.000000 ] [ 253 ] [ 253 0 ] [ 253 0 0 0 ] [....]
476658 - [ 00000000 ][ 0.000000 ] [ 0 ] [ 0 0 ] [ 0 0 0 0 ] [....]
476659 - [ 00000000 ][ 0.000000 ] [ 0 ] [ 0 0 ] [ 0 0 0 0 ] [....]
476660 - [ 00000000 ][ 0.000000 ] [ 0 ] [ 0 0 ] [ 0 0 0 0 ] [....]
476661 - [ 00000000 ][ 0.000000 ] [ 0 ] [ 0 0 ] [ 0 0 0 0 ] [....]
476662 - [ 00000000 ][ 0.000000 ] [ 0 ] [ 0 0 ] [ 0 0 0 0 ] [....]
476663 - [ 00000000 ][ 0.000000 ] [ 0 ] [ 0 0 ] [ 0 0 0 0 ] [....]
476664 - [ 00000000 ][ 0.000000 ] [ 0 ] [ 0 0 ] [ 0 0 0 0 ] [....]
476665 - [ 00000000 ][ 0.000000 ] [ 0 ] [ 0 0 ] [ 0 0 0 0 ] [....]
476666 - [ 00000000 ][ 0.000000 ] [ 0 ] [ 0 0 ] [ 0 0 0 0 ] [....]
476667 - [ 00000000 ][ 0.000000 ] [ 0 ] [ 0 0 ] [ 0 0 0 0 ] [....]
476668 - [ 00000000 ][ 0.000000 ] [ 0 ] [ 0 0 ] [ 0 0 0 0 ] [....]
476669 - [ 00000000 ][ 0.000000 ] [ 0 ] [ 0 0 ] [ 0 0 0 0 ] [....]
476670 - [ 00000000 ][ 0.000000 ] [ 0 ] [ 0 0 ] [ 0 0 0 0 ] [....]
476671 - [ 00000000 ][ 0.000000 ] [ 0 ] [ 0 0 ] [ 0 0 0 0 ] [....]
476672 - [ 00000000 ][ 0.000000 ] [ 0 ] [ 0 0 ] [ 0 0 0 0 ] [....]
476673 - [ 00000000 ][ 0.000000 ] [ 0 ] [ 0 0 ] [ 0 0 0 0 ] [....]
476674 - [ 00000000 ][ 0.000000 ] [ 0 ] [ 0 0 ] [ 0 0 0 0 ] [....]
476675 - [ c6985800 ][ -19500.000000 ] [ 3331872768 ] [ 22528 50840 ] [ 0 88 152 198 ] [.X..]
476676 - [ c7c1d900 ][ -99250.000000 ] [ 3351369984 ] [ 55552 51137 ] [ 0 217 193 199 ] [....]
476677 - [ c5cb2000 ][ -6500.000000 ] [ 3318423552 ] [ 8192 50635 ] [ 0 32 203 197 ] [....]
476678 - [ c7c4c700 ][ -100750.000000 ] [ 3351561984 ] [ 50944 51140 ] [ 0 199 196 199 ] [....]
476679 - [ 42480000 ][ 50.000000 ] [ 1112014848 ] [ 0 16968 ] [ 0 0 72 66 ] [..HB]
476680 - [ c5992000 ][ -4900.000000 ] [ 3315146752 ] [ 8192 50585 ] [ 0 32 153 197 ] [....]
476681 - [ 000000fd ][ 0.000000 ] [ 253 ] [ 253 0 ] [ 253 0 0 0 ] [....]
476682 - [ 00000000 ][ 0.000000 ] [ 0 ] [ 0 0 ] [ 0 0 0 0 ] [....]
476683 - [ 00000000 ][ 0.000000 ] [ 0 ] [ 0 0 ] [ 0 0 0 0 ] [....]
476684 - [ 00000000 ][ 0.000000 ] [ 0 ] [ 0 0 ] [ 0 0 0 0 ] [....]
476685 - [ 00000000 ][ 0.000000 ] [ 0 ] [ 0 0 ] [ 0 0 0 0 ] [....]
476686 - [ 00000000 ][ 0.000000 ] [ 0 ] [ 0 0 ] [ 0 0 0 0 ] [....]
476687 - [ 00000000 ][ 0.000000 ] [ 0 ] [ 0 0 ] [ 0 0 0 0 ] [....]
476688 - [ 00000000 ][ 0.000000 ] [ 0 ] [ 0 0 ] [ 0 0 0 0 ] [....]
476689 - [ 00000000 ][ 0.000000 ] [ 0 ] [ 0 0 ] [ 0 0 0 0 ] [....]
476690 - [ 00000000 ][ 0.000000 ] [ 0 ] [ 0 0 ] [ 0 0 0 0 ] [....]
476691 - [ 00000000 ][ 0.000000 ] [ 0 ] [ 0 0 ] [ 0 0 0 0 ] [....]
476692 - [ 00000000 ][ 0.000000 ] [ 0 ] [ 0 0 ] [ 0 0 0 0 ] [....]
476693 - [ 00000000 ][ 0.000000 ] [ 0 ] [ 0 0 ] [ 0 0 0 0 ] [....]
476694 - [ 00000000 ][ 0.000000 ] [ 0 ] [ 0 0 ] [ 0 0 0 0 ] [....]
476695 - [ 00000000 ][ 0.000000 ] [ 0 ] [ 0 0 ] [ 0 0 0 0 ] [....]
476696 - [ 00000000 ][ 0.000000 ] [ 0 ] [ 0 0 ] [ 0 0 0 0 ] [....]
476697 - [ 00000000 ][ 0.000000 ] [ 0 ] [ 0 0 ] [ 0 0 0 0 ] [....]
476698 - [ 00000000 ][ 0.000000 ] [ 0 ] [ 0 0 ] [ 0 0 0 0 ] [....]
476699 - [ c5cb2000 ][ -6500.000000 ] [ 3318423552 ] [ 8192 50635 ] [ 0 32 203 197 ] [....]
476700 - [ c7c1d900 ][ -99250.000000 ] [ 3351369984 ] [ 55552 51137 ] [ 0 217 193 199 ] [....]
476701 - [ c3fa0000 ][ -500.000000 ] [ 3287941120 ] [ 0 50170 ] [ 0 0 250 195 ] [....]
476702 - [ c7c4c700 ][ -100750.000000 ] [ 3351561984 ] [ 50944 51140 ] [ 0 199 196 199 ] [....]
476703 - [ 42480000 ][ 50.000000 ] [ 1112014848 ] [ 0 16968 ] [ 0 0 72 66 ] [..HB]
476704 - [ c5992000 ][ -4900.000000 ] [ 3315146752 ] [ 8192 50585 ] [ 0 32 153 197 ] [....]
476705 - [ 000000fd ][ 0.000000 ] [ 253 ] [ 253 0 ] [ 253 0 0 0 ] [....]
476706 - [ 00000000 ][ 0.000000 ] [ 0 ] [ 0 0 ] [ 0 0 0 0 ] [....]
476707 - [ 00000000 ][ 0.000000 ] [ 0 ] [ 0 0 ] [ 0 0 0 0 ] [....]
476708 - [ 00000000 ][ 0.000000 ] [ 0 ] [ 0 0 ] [ 0 0 0 0 ] [....]
476709 - [ 00000000 ][ 0.000000 ] [ 0 ] [ 0 0 ] [ 0 0 0 0 ] [....]
476710 - [ 00000000 ][ 0.000000 ] [ 0 ] [ 0 0 ] [ 0 0 0 0 ] [....]
476711 - [ 00000000 ][ 0.000000 ] [ 0 ] [ 0 0 ] [ 0 0 0 0 ] [....]
476712 - [ 00000000 ][ 0.000000 ] [ 0 ] [ 0 0 ] [ 0 0 0 0 ] [....]
476713 - [ 00000000 ][ 0.000000 ] [ 0 ] [ 0 0 ] [ 0 0 0 0 ] [....]
476714 - [ 00000000 ][ 0.000000 ] [ 0 ] [ 0 0 ] [ 0 0 0 0 ] [....]
476715 - [ 00000000 ][ 0.000000 ] [ 0 ] [ 0 0 ] [ 0 0 0 0 ] [....]
476716 - [ 00000000 ][ 0.000000 ] [ 0 ] [ 0 0 ] [ 0 0 0 0 ] [....]
476717 - [ 00000000 ][ 0.000000 ] [ 0 ] [ 0 0 ] [ 0 0 0 0 ] [....]
476718 - [ 00000000 ][ 0.000000 ] [ 0 ] [ 0 0 ] [ 0 0 0 0 ] [....]
476719 - [ 00000000 ][ 0.000000 ] [ 0 ] [ 0 0 ] [ 0 0 0 0 ] [....]
476720 - [ 00000000 ][ 0.000000 ] [ 0 ] [ 0 0 ] [ 0 0 0 0 ] [....]
476721 - [ 00000000 ][ 0.000000 ] [ 0 ] [ 0 0 ] [ 0 0 0 0 ] [....]
476722 - [ 00000000 ][ 0.000000 ] [ 0 ] [ 0 0 ] [ 0 0 0 0 ] [....]
476723 - [ 47b6e9ff ][ 93651.992188 ] [ 1203169791 ] [ 59903 18358 ] [ 255 233 182 71 ] [...G]
476724 - [ c64013ff ][ -12292.999023 ] [ 3326088191 ] [ 5119 50752 ] [ 255 19 64 198 ] [..@.]
476725 - [ 47bd047f ][ 96776.992188 ] [ 1203569791 ] [ 1151 18365 ] [ 127 4 189 71 ] [...G]
476726 - [ c67e43fe ][ -16272.998047 ] [ 3330163710 ] [ 17406 50814 ] [ 254 67 126 198 ] [.C~.]
476727 - [ 4247fffc ][ 49.999985 ] [ 1112014844 ] [ 65532 16967 ] [ 252 255 71 66 ] [..GB]
476728 - [ c4bb8000 ][ -1500.000000 ] [ 3300622336 ] [ 32768 50363 ] [ 0 128 187 196 ] [....]
476729 - [ 0000003f ][ 0.000000 ] [ 63 ] [ 63 0 ] [ 63 0 0 0 ] [?...]
476730 - [ 00000002 ][ 0.000000 ] [ 2 ] [ 2 0 ] [ 2 0 0 0 ] [....]
476731 - [ 00000003 ][ 0.000000 ] [ 3 ] [ 3 0 ] [ 3 0 0 0 ] [....]
476732 - [ 00002764 ][ 0.000000 ] [ 10084 ] [ 10084 0 ] [ 100 39 0 0 ] [d'..]
476733 - [ 00000000 ][ 0.000000 ] [ 0 ] [ 0 0 ] [ 0 0 0 0 ] [....]
476734 - [ 00000000 ][ 0.000000 ] [ 0 ] [ 0 0 ] [ 0 0 0 0 ] [....]
476735 - [ 00000001 ][ 0.000000 ] [ 1 ] [ 1 0 ] [ 1 0 0 0 ] [....]
476736 - [ 00000000 ][ 0.000000 ] [ 0 ] [ 0 0 ] [ 0 0 0 0 ] [....]
476737 - [ 00000000 ][ 0.000000 ] [ 0 ] [ 0 0 ] [ 0 0 0 0 ] [....]
476738 - [ 00000002 ][ 0.000000 ] [ 2 ] [ 2 0 ] [ 2 0 0 0 ] [....]
476739 - [ 00000000 ][ 0.000000 ] [ 0 ] [ 0 0 ] [ 0 0 0 0 ] [....]
476740 - [ 00000000 ][ 0.000000 ] [ 0 ] [ 0 0 ] [ 0 0 0 0 ] [....]
476741 - [ 00000000 ][ 0.000000 ] [ 0 ] [ 0 0 ] [ 0 0 0 0 ] [....]
476742 - [ 00000000 ][ 0.000000 ] [ 0 ] [ 0 0 ] [ 0 0 0 0 ] [....]
476743 - [ 00000000 ][ 0.000000 ] [ 0 ] [ 0 0 ] [ 0 0 0 0 ] [....]
476744 - [ 00000000 ][ 0.000000 ] [ 0 ] [ 0 0 ] [ 0 0 0 0 ] [....]
476745 - [ 00000000 ][ 0.000000 ] [ 0 ] [ 0 0 ] [ 0 0 0 0 ] [....]
476746 - [ 00000000 ][ 0.000000 ] [ 0 ] [ 0 0 ] [ 0 0 0 0 ] [....]
476747 - [ 47516000 ][ 53600.000000 ] [ 1196515328 ] [ 24576 18257 ] [ 0 96 81 71 ] [.`QG]
476748 - [ c7916e7f ][ -74460.992188 ] [ 3348196991 ] [ 28287 51089 ] [ 127 110 145 199 ] [.n..]
476749 - [ 47610000 ][ 57600.000000 ] [ 1197539328 ] [ 0 18273 ] [ 0 0 97 71 ] [..aG]
476750 - [ c796f07f ][ -77280.992188 ] [ 3348557951 ] [ 61567 51094 ] [ 127 240 150 199 ] [....]
476751 - [ 42417dcc ][ 48.372849 ] [ 1111588300 ] [ 32204 16961 ] [ 204 125 65 66 ] [.}AB]
476752 - [ c4bbb411 ][ -1501.627075 ] [ 3300635665 ] [ 46097 50363 ] [ 17 180 187 196 ] [....]
476753 - [ 0000002e ][ 0.000000 ] [ 46 ] [ 46 0 ] [ 46 0 0 0 ] [....]
476754 - [ 00000002 ][ 0.000000 ] [ 2 ] [ 2 0 ] [ 2 0 0 0 ] [....]
476755 - [ 00000003 ][ 0.000000 ] [ 3 ] [ 3 0 ] [ 3 0 0 0 ] [....]
476756 - [ 00002761 ][ 0.000000 ] [ 10081 ] [ 10081 0 ] [ 97 39 0 0 ] [a'..]
476757 - [ 00000000 ][ 0.000000 ] [ 0 ] [ 0 0 ] [ 0 0 0 0 ] [....]
476758 - [ 00000000 ][ 0.000000 ] [ 0 ] [ 0 0 ] [ 0 0 0 0 ] [....]
476759 - [ 00000001 ][ 0.000000 ] [ 1 ] [ 1 0 ] [ 1 0 0 0 ] [....]
476760 - [ 00000001 ][ 0.000000 ] [ 1 ] [ 1 0 ] [ 1 0 0 0 ] [....]
476761 - [ 3f800000 ][ 1.000000 ] [ 1065353216 ] [ 0 16256 ] [ 0 0 128 63 ] [...?]
476762 - [ 00000000 ][ 0.000000 ] [ 0 ] [ 0 0 ] [ 0 0 0 0 ] [....]
476763 - [ 00000001 ][ 0.000000 ] [ 1 ] [ 1 0 ] [ 1 0 0 0 ] [....]
476764 - [ 00000000 ][ 0.000000 ] [ 0 ] [ 0 0 ] [ 0 0 0 0 ] [....]
476765 - [ 00000000 ][ 0.000000 ] [ 0 ] [ 0 0 ] [ 0 0 0 0 ] [....]
476766 - [ 00000000 ][ 0.000000 ] [ 0 ] [ 0 0 ] [ 0 0 0 0 ] [....]
476767 - [ 00000000 ][ 0.000000 ] [ 0 ] [ 0 0 ] [ 0 0 0 0 ] [....]
476768 - [ 00000000 ][ 0.000000 ] [ 0 ] [ 0 0 ] [ 0 0 0 0 ] [....]
476769 - [ 00000000 ][ 0.000000 ] [ 0 ] [ 0 0 ] [ 0 0 0 0 ] [....]
476770 - [ 00000000 ][ 0.000000 ] [ 0 ] [ 0 0 ] [ 0 0 0 0 ] [....]
476771 - [ 47508aff ][ 53386.996094 ] [ 1196460799 ] [ 35583 18256 ] [ 255 138 80 71 ] [..PG]
476772 - [ c78f1fff ][ -73279.992188 ] [ 3348045823 ] [ 8191 51087 ] [ 255 31 143 199 ] [....]
476773 - [ 47602aff ][ 57386.996094 ] [ 1197484799 ] [ 11007 18272 ] [ 255 42 96 71 ] [.*`G]
476774 - [ c796efff ][ -77279.992188 ] [ 3348557823 ] [ 61439 51094 ] [ 255 239 150 199 ] [....]
476775 - [ 42417dcc ][ 48.372849 ] [ 1111588300 ] [ 32204 16961 ] [ 204 125 65 66 ] [.}AB]
476776 - [ c4bbb411 ][ -1501.627075 ] [ 3300635665 ] [ 46097 50363 ] [ 17 180 187 196 ] [....]
476777 - [ 0000002e ][ 0.000000 ] [ 46 ] [ 46 0 ] [ 46 0 0 0 ] [....]
476778 - [ 00000001 ][ 0.000000 ] [ 1 ] [ 1 0 ] [ 1 0 0 0 ] [....]
476779 - [ 00000000 ][ 0.000000 ] [ 0 ] [ 0 0 ] [ 0 0 0 0 ] [....]
476780 - [ 00000001 ][ 0.000000 ] [ 1 ] [ 1 0 ] [ 1 0 0 0 ] [....]
476781 - [ 00000000 ][ 0.000000 ] [ 0 ] [ 0 0 ] [ 0 0 0 0 ] [....]
476782 - [ 00000001 ][ 0.000000 ] [ 1 ] [ 1 0 ] [ 1 0 0 0 ] [....]
476783 - [ 00000001 ][ 0.000000 ] [ 1 ] [ 1 0 ] [ 1 0 0 0 ] [....]
476784 - [ 00000001 ][ 0.000000 ] [ 1 ] [ 1 0 ] [ 1 0 0 0 ] [....]
476785 - [ 3f800000 ][ 1.000000 ] [ 1065353216 ] [ 0 16256 ] [ 0 0 128 63 ] [...?]
476786 - [ 00000002 ][ 0.000000 ] [ 2 ] [ 2 0 ] [ 2 0 0 0 ] [....]
476787 - [ ffffffff ][ -nan ] [ 4294967295 ] [ 65535 65535 ] [ 255 255 255 255 ] [....]
476788 - [ 00000000 ][ 0.000000 ] [ 0 ] [ 0 0 ] [ 0 0 0 0 ] [....]
476789 - [ 00000000 ][ 0.000000 ] [ 0 ] [ 0 0 ] [ 0 0 0 0 ] [....]
476790 - [ 00000000 ][ 0.000000 ] [ 0 ] [ 0 0 ] [ 0 0 0 0 ] [....]
476791 - [ 00000000 ][ 0.000000 ] [ 0 ] [ 0 0 ] [ 0 0 0 0 ] [....]
476792 - [ 00000000 ][ 0.000000 ] [ 0 ] [ 0 0 ] [ 0 0 0 0 ] [....]
476793 - [ 00000000 ][ 0.000000 ] [ 0 ] [ 0 0 ] [ 0 0 0 0 ] [....]
476794 - [ 00000000 ][ 0.000000 ] [ 0 ] [ 0 0 ] [ 0 0 0 0 ] [....]
476795 - [ 47b70c00 ][ 93720.000000 ] [ 1203178496 ] [ 3072 18359 ] [ 0 12 183 71 ] [...G]
476796 - [ c640f3ff ][ -12348.999023 ] [ 3326145535 ] [ 62463 50752 ] [ 255 243 64 198 ] [..@.]
476797 - [ 47bedc00 ][ 97720.000000 ] [ 1203690496 ] [ 56320 18366 ] [ 0 220 190 71 ] [...G]
476798 - [ c67f73fe ][ -16348.998047 ] [ 3330241534 ] [ 29694 50815 ] [ 254 115 127 198 ] [.s..]
476799 - [ 4247fffc ][ 49.999985 ] [ 1112014844 ] [ 65532 16967 ] [ 252 255 71 66 ] [..GB]
476800 - [ c4bb8000 ][ -1500.000000 ] [ 3300622336 ] [ 32768 50363 ] [ 0 128 187 196 ] [....]
476801 - [ 0000003f ][ 0.000000 ] [ 63 ] [ 63 0 ] [ 63 0 0 0 ] [?...]
476802 - [ 00000002 ][ 0.000000 ] [ 2 ] [ 2 0 ] [ 2 0 0 0 ] [....]
476803 - [ 00000003 ][ 0.000000 ] [ 3 ] [ 3 0 ] [ 3 0 0 0 ] [....]
476804 - [ 00002761 ][ 0.000000 ] [ 10081 ] [ 10081 0 ] [ 97 39 0 0 ] [a'..]
476805 - [ 00000000 ][ 0.000000 ] [ 0 ] [ 0 0 ] [ 0 0 0 0 ] [....]
476806 - [ 00000000 ][ 0.000000 ] [ 0 ] [ 0 0 ] [ 0 0 0 0 ] [....]
476807 - [ 00000001 ][ 0.000000 ] [ 1 ] [ 1 0 ] [ 1 0 0 0 ] [....]
476808 - [ 00000001 ][ 0.000000 ] [ 1 ] [ 1 0 ] [ 1 0 0 0 ] [....]
476809 - [ 3f800000 ][ 1.000000 ] [ 1065353216 ] [ 0 16256 ] [ 0 0 128 63 ] [...?]
476810 - [ 00000002 ][ 0.000000 ] [ 2 ] [ 2 0 ] [ 2 0 0 0 ] [....]
476811 - [ 00000001 ][ 0.000000 ] [ 1 ] [ 1 0 ] [ 1 0 0 0 ] [....]
476812 - [ 00000000 ][ 0.000000 ] [ 0 ] [ 0 0 ] [ 0 0 0 0 ] [....]
476813 - [ 00000000 ][ 0.000000 ] [ 0 ] [ 0 0 ] [ 0 0 0 0 ] [....]
476814 - [ 00000000 ][ 0.000000 ] [ 0 ] [ 0 0 ] [ 0 0 0 0 ] [....]
476815 - [ 00000000 ][ 0.000000 ] [ 0 ] [ 0 0 ] [ 0 0 0 0 ] [....]
476816 - [ 00000000 ][ 0.000000 ] [ 0 ] [ 0 0 ] [ 0 0 0 0 ] [....]
476817 - [ 00000000 ][ 0.000000 ] [ 0 ] [ 0 0 ] [ 0 0 0 0 ] [....]
476818 - [ 00000000 ][ 0.000000 ] [ 0 ] [ 0 0 ] [ 0 0 0 0 ] [....]
476819 - [ 468849ff ][ 17444.998047 ] [ 1183336959 ] [ 18943 18056 ] [ 255 73 136 70 ] [.I.F]
476820 - [ c76a53ff ][ -59987.996094 ] [ 3345634303 ] [ 21503 51050 ] [ 255 83 106 199 ] [.Sj.]
476821 - [ 46a789ff ][ 21444.998047 ] [ 1185384959 ] [ 35327 18087 ] [ 255 137 167 70 ] [...F]
476822 - [ c779f3ff ][ -63987.996094 ] [ 3346658303 ] [ 62463 51065 ] [ 255 243 121 199 ] [..y.]
476823 - [ c3494db3 ][ -201.303513 ] [ 3276361139 ] [ 19891 49993 ] [ 179 77 73 195 ] [.MI.]
476824 - [ c4dae9b6 ][ -1751.303467 ] [ 3302681014 ] [ 59830 50394 ] [ 182 233 218 196 ] [....]
476825 - [ 0000001e ][ 0.000000 ] [ 30 ] [ 30 0 ] [ 30 0 0 0 ] [....]
476826 - [ 00000003 ][ 0.000000 ] [ 3 ] [ 3 0 ] [ 3 0 0 0 ] [....]
476827 - [ 00000002 ][ 0.000000 ] [ 2 ] [ 2 0 ] [ 2 0 0 0 ] [....]
476828 - [ 00002761 ][ 0.000000 ] [ 10081 ] [ 10081 0 ] [ 97 39 0 0 ] [a'..]
476829 - [ 00000000 ][ 0.000000 ] [ 0 ] [ 0 0 ] [ 0 0 0 0 ] [....]
476830 - [ 00000000 ][ 0.000000 ] [ 0 ] [ 0 0 ] [ 0 0 0 0 ] [....]
476831 - [ 00000001 ][ 0.000000 ] [ 1 ] [ 1 0 ] [ 1 0 0 0 ] [....]
476832 - [ 00000001 ][ 0.000000 ] [ 1 ] [ 1 0 ] [ 1 0 0 0 ] [....]
476833 - [ 3f800000 ][ 1.000000 ] [ 1065353216 ] [ 0 16256 ] [ 0 0 128 63 ] [...?]
476834 - [ 00000002 ][ 0.000000 ] [ 2 ] [ 2 0 ] [ 2 0 0 0 ] [....]
476835 - [ ffffffff ][ -nan ] [ 4294967295 ] [ 65535 65535 ] [ 255 255 255 255 ] [....]
476836 - [ 00000000 ][ 0.000000 ] [ 0 ] [ 0 0 ] [ 0 0 0 0 ] [....]
476837 - [ 00000000 ][ 0.000000 ] [ 0 ] [ 0 0 ] [ 0 0 0 0 ] [....]
476838 - [ 00000000 ][ 0.000000 ] [ 0 ] [ 0 0 ] [ 0 0 0 0 ] [....]
476839 - [ 00000000 ][ 0.000000 ] [ 0 ] [ 0 0 ] [ 0 0 0 0 ] [....]
476840 - [ 00000000 ][ 0.000000 ] [ 0 ] [ 0 0 ] [ 0 0 0 0 ] [....]
476841 - [ 00000000 ][ 0.000000 ] [ 0 ] [ 0 0 ] [ 0 0 0 0 ] [....]
476842 - [ 00000000 ][ 0.000000 ] [ 0 ] [ 0 0 ] [ 0 0 0 0 ] [....]
476843 - [ c6e56dff ][ -29366.998047 ] [ 3336924671 ] [ 28159 50917 ] [ 255 109 229 198 ] [.m..]
476844 - [ c7ba5400 ][ -95400.000000 ] [ 3350877184 ] [ 21504 51130 ] [ 0 84 186 199 ] [.T..]
476845 - [ c691b7ff ][ -18651.998047 ] [ 3331438591 ] [ 47103 50833 ] [ 255 183 145 198 ] [....]
476846 - [ c7cd6400 ][ -105160.000000 ] [ 3352126464 ] [ 25600 51149 ] [ 0 100 205 199 ] [.d..]
476847 - [ 41b17155 ][ 22.180338 ] [ 1102147925 ] [ 29013 16817 ] [ 85 113 177 65 ] [Uq.A]
476848 - [ c4befa3a ][ -1527.819580 ] [ 3300850234 ] [ 64058 50366 ] [ 58 250 190 196 ] [:...]
476849 - [ 000000fd ][ 0.000000 ] [ 253 ] [ 253 0 ] [ 253 0 0 0 ] [....]
476850 - [ 00000003 ][ 0.000000 ] [ 3 ] [ 3 0 ] [ 3 0 0 0 ] [....]
476851 - [ 00000002 ][ 0.000000 ] [ 2 ] [ 2 0 ] [ 2 0 0 0 ] [....]
476852 - [ 00000000 ][ 0.000000 ] [ 0 ] [ 0 0 ] [ 0 0 0 0 ] [....]
476853 - [ 00000000 ][ 0.000000 ] [ 0 ] [ 0 0 ] [ 0 0 0 0 ] [....]
476854 - [ 00000000 ][ 0.000000 ] [ 0 ] [ 0 0 ] [ 0 0 0 0 ] [....]
476855 - [ 00000002 ][ 0.000000 ] [ 2 ] [ 2 0 ] [ 2 0 0 0 ] [....]
476856 - [ 00000001 ][ 0.000000 ] [ 1 ] [ 1 0 ] [ 1 0 0 0 ] [....]
476857 - [ 3f800000 ][ 1.000000 ] [ 1065353216 ] [ 0 16256 ] [ 0 0 128 63 ] [...?]
476858 - [ 00000002 ][ 0.000000 ] [ 2 ] [ 2 0 ] [ 2 0 0 0 ] [....]
476859 - [ ffffffff ][ -nan ] [ 4294967295 ] [ 65535 65535 ] [ 255 255 255 255 ] [....]
476860 - [ 00000000 ][ 0.000000 ] [ 0 ] [ 0 0 ] [ 0 0 0 0 ] [....]
476861 - [ 00000000 ][ 0.000000 ] [ 0 ] [ 0 0 ] [ 0 0 0 0 ] [....]
476862 - [ 00000000 ][ 0.000000 ] [ 0 ] [ 0 0 ] [ 0 0 0 0 ] [....]
476863 - [ 00000000 ][ 0.000000 ] [ 0 ] [ 0 0 ] [ 0 0 0 0 ] [....]
476864 - [ 00000000 ][ 0.000000 ] [ 0 ] [ 0 0 ] [ 0 0 0 0 ] [....]
476865 - [ 00000000 ][ 0.000000 ] [ 0 ] [ 0 0 ] [ 0 0 0 0 ] [....]
476866 - [ 00000000 ][ 0.000000 ] [ 0 ] [ 0 0 ] [ 0 0 0 0 ] [....]
476867 - [ 73756d61 ][ 19444750947869791941939215466496.000000 ] [ 1937075553 ] [ 28001 29557 ] [ 97 109 117 115 ] [amus]
476868 - [ 6e656d65 ][ 17751079280610196288046104576.000000 ] [ 1852140901 ] [ 28005 28261 ] [ 101 109 101 110 ] [emen]
476869 - [ 6f735f74 ][ 75320253133962254350563672064.000000 ] [ 1869832052 ] [ 24436 28531 ] [ 116 95 115 111 ] [t_so]
476870 - [ 2e687475 ][ 0.000000 ] [ 778597493 ] [ 29813 11880 ] [ 117 116 104 46 ] [uth.]
476871 - [ 00626473 ][ 0.000000 ] [ 6448243 ] [ 25715 98 ] [ 115 100 98 0 ] [sdb.]
476872 - [ 00000000 ][ 0.000000 ] [ 0 ] [ 0 0 ] [ 0 0 0 0 ] [....]
476873 - [ 00000000 ][ 0.000000 ] [ 0 ] [ 0 0 ] [ 0 0 0 0 ] [....]
476874 - [ 80000000 ][ -0.000000 ] [ 2147483648 ] [ 0 32768 ] [ 0 0 0 128 ] [....]
476875 - [ 00000000 ][ 0.000000 ] [ 0 ] [ 0 0 ] [ 0 0 0 0 ] [....]
476876 - [ 00000000 ][ 0.000000 ] [ 0 ] [ 0 0 ] [ 0 0 0 0 ] [....]
476877 - [ 00000000 ][ 0.000000 ] [ 0 ] [ 0 0 ] [ 0 0 0 0 ] [....]
476878 - [ 00000000 ][ 0.000000 ] [ 0 ] [ 0 0 ] [ 0 0 0 0 ] [....]
476879 - [ 00000000 ][ 0.000000 ] [ 0 ] [ 0 0 ] [ 0 0 0 0 ] [....]
476880 - [ 00000000 ][ 0.000000 ] [ 0 ] [ 0 0 ] [ 0 0 0 0 ] [....]
476881 - [ 00000000 ][ 0.000000 ] [ 0 ] [ 0 0 ] [ 0 0 0 0 ] [....]
476882 - [ 00000000 ][ 0.000000 ] [ 0 ] [ 0 0 ] [ 0 0 0 0 ] [....]
476883 - [ 00000000 ][ 0.000000 ] [ 0 ] [ 0 0 ] [ 0 0 0 0 ] [....]
476884 - [ 00000000 ][ 0.000000 ] [ 0 ] [ 0 0 ] [ 0 0 0 0 ] [....]
476885 - [ 00000000 ][ 0.000000 ] [ 0 ] [ 0 0 ] [ 0 0 0 0 ] [....]
476886 - [ 00000000 ][ 0.000000 ] [ 0 ] [ 0 0 ] [ 0 0 0 0 ] [....]
476887 - [ 00000000 ][ 0.000000 ] [ 0 ] [ 0 0 ] [ 0 0 0 0 ] [....]
476888 - [ 00000000 ][ 0.000000 ] [ 0 ] [ 0 0 ] [ 0 0 0 0 ] [....]
476889 - [ 00000000 ][ 0.000000 ] [ 0 ] [ 0 0 ] [ 0 0 0 0 ] [....]
476890 - [ 00000000 ][ 0.000000 ] [ 0 ] [ 0 0 ] [ 0 0 0 0 ] [....]

